Unnamed: 0,filename,x1,y1,x2,y2,blur,expression,illumination,invalid,occlusion,pose,original_width,original_height,relative_area,Gender,Race,Valid,Gender_Race,area_bin
15,0--Parade/0_Parade_Parade_0_761.jpg,207.0,459.0,537.0,900.0,0.0,1.0,0.0,0.0,0.0,0.0,1024.0,1536.0,0.0925254821777343,Female,White,True,Female_White,3.0
20,0--Parade/0_Parade_Parade_0_595.jpg,93.0,183.0,199.0,316.0,0.0,0.0,0.0,0.0,0.0,0.0,1024.0,1588.0,0.0086697595245591,Female,White,True,Female_White,0.0
21,0--Parade/0_Parade_Parade_0_595.jpg,450.0,161.0,577.0,335.0,0.0,0.0,0.0,0.0,0.0,0.0,1024.0,1588.0,0.0135894698520151,Female,White,True,Female_White,0.0
31,0--Parade/0_Parade_Parade_0_178.jpg,164.0,84.0,226.0,164.0,0.0,0.0,0.0,0.0,0.0,0.0,1024.0,668.0,0.007251122754491,Female,White,True,Female_White,0.0
32,0--Parade/0_Parade_Parade_0_178.jpg,346.0,72.0,404.0,166.0,0.0,0.0,0.0,0.0,0.0,0.0,1024.0,668.0,0.0079703873502994,Female,White,True,Female_White,0.0
33,0--Parade/0_Parade_Parade_0_178.jpg,464.0,94.0,534.0,172.0,0.0,0.0,0.0,0.0,0.0,0.0,1024.0,668.0,0.0079820827095808,Female,White,True,Female_White,0.0
34,0--Parade/0_Parade_Parade_0_178.jpg,634.0,110.0,700.0,174.0,0.0,0.0,0.0,0.0,0.0,0.0,1024.0,668.0,0.0061751497005988,Female,Black,True,Female_Black,0.0
35,0--Parade/0_Parade_Parade_0_178.jpg,780.0,106.0,844.0,190.0,0.0,0.0,0.0,0.0,0.0,0.0,1024.0,668.0,0.0078592814371257,Female,White,True,Female_White,0.0
43,0--Parade/0_Parade_Parade_0_271.jpg,142.0,424.0,214.0,520.0,0.0,0.0,0.0,0.0,0.0,0.0,1024.0,1024.0,0.006591796875,Female,Black,True,Female_Black,0.0
44,0--Parade/0_Parade_Parade_0_271.jpg,346.0,412.0,414.0,504.0,0.0,0.0,0.0,0.0,0.0,0.0,1024.0,1024.0,0.0059661865234375,Female,White,True,Female_White,0.0
45,0--Parade/0_Parade_Parade_0_271.jpg,504.0,400.0,570.0,488.0,0.0,0.0,0.0,0.0,0.0,0.0,1024.0,1024.0,0.0055389404296875,Female,White,True,Female_White,0.0
46,0--Parade/0_Parade_Parade_0_271.jpg,608.0,448.0,688.0,538.0,0.0,0.0,0.0,0.0,0.0,0.0,1024.0,1024.0,0.006866455078125,Female,White,True,Female_White,0.0
47,0--Parade/0_Parade_Parade_0_271.jpg,800.0,414.0,888.0,544.0,0.0,0.0,0.0,0.0,0.0,0.0,1024.0,1024.0,0.0109100341796875,Female,White,True,Female_White,0.0
72,0--Parade/0_Parade_marchingband_1_743.jpg,350.0,256.0,502.0,432.0,0.0,0.0,1.0,0.0,0.0,0.0,1024.0,684.0,0.0381944444444444,Female,White,True,Female_White,1.0
83,0--Parade/0_Parade_marchingband_1_931.jpg,114.0,275.0,153.0,330.0,0.0,0.0,0.0,0.0,0.0,0.0,1024.0,768.0,0.0027275085449218,Female,White,True,Female_White,0.0
84,0--Parade/0_Parade_marchingband_1_931.jpg,187.0,263.0,229.0,316.0,0.0,0.0,0.0,0.0,0.0,0.0,1024.0,768.0,0.0028305053710937,Female,White,True,Female_White,0.0
85,0--Parade/0_Parade_marchingband_1_931.jpg,282.0,251.0,319.0,306.0,0.0,0.0,0.0,0.0,0.0,0.0,1024.0,768.0,0.0025876363118489,Female,White,True,Female_White,0.0
86,0--Parade/0_Parade_marchingband_1_931.jpg,386.0,232.0,426.0,288.0,0.0,0.0,0.0,0.0,0.0,0.0,1024.0,768.0,0.0028483072916666,Female,White,True,Female_White,0.0
87,0--Parade/0_Parade_marchingband_1_931.jpg,473.0,236.0,513.0,287.0,0.0,0.0,0.0,0.0,0.0,0.0,1024.0,768.0,0.002593994140625,Female,White,True,Female_White,0.0
88,0--Parade/0_Parade_marchingband_1_931.jpg,565.0,240.0,603.0,290.0,0.0,0.0,0.0,0.0,0.0,0.0,1024.0,768.0,0.0024159749348958,Female,White,True,Female_White,0.0
89,0--Parade/0_Parade_marchingband_1_931.jpg,644.0,269.0,684.0,320.0,0.0,0.0,0.0,0.0,0.0,0.0,1024.0,768.0,0.002593994140625,Female,White,True,Female_White,0.0
90,0--Parade/0_Parade_marchingband_1_931.jpg,728.0,286.0,772.0,339.0,0.0,0.0,0.0,0.0,0.0,0.0,1024.0,768.0,0.0029652913411458,Female,Black,True,Female_Black,0.0
91,0--Parade/0_Parade_marchingband_1_931.jpg,799.0,283.0,848.0,338.0,0.0,0.0,0.0,0.0,0.0,0.0,1024.0,768.0,0.0034268697102864,Female,White,True,Female_White,0.0
92,0--Parade/0_Parade_marchingband_1_931.jpg,879.0,239.0,933.0,304.0,0.0,0.0,0.0,0.0,0.0,0.0,1024.0,768.0,0.0044631958007812,Female,White,True,Female_White,0.0
93,0--Parade/0_Parade_marchingband_1_419.jpg,772.0,202.0,824.0,268.0,0.0,0.0,0.0,0.0,0.0,0.0,1024.0,768.0,0.004364013671875,Female,White,True,Female_White,0.0
94,0--Parade/0_Parade_marchingband_1_419.jpg,515.0,252.0,571.0,313.0,0.0,0.0,0.0,0.0,0.0,0.0,1024.0,768.0,0.0043436686197916,Female,White,True,Female_White,0.0
95,0--Parade/0_Parade_marchingband_1_419.jpg,319.0,206.0,368.0,275.0,0.0,0.0,0.0,0.0,0.0,0.0,1024.0,768.0,0.0042991638183593,Female,White,True,Female_White,0.0
96,0--Parade/0_Parade_marchingband_1_419.jpg,175.0,203.0,241.0,283.0,0.0,0.0,0.0,0.0,0.0,0.0,1024.0,768.0,0.0067138671875,Female,White,True,Female_White,0.0
106,0--Parade/0_Parade_marchingband_1_842.jpg,350.0,332.0,426.0,426.0,0.0,0.0,0.0,0.0,1.0,0.0,1024.0,768.0,0.0090840657552083,Female,White,True,Female_White,0.0
107,0--Parade/0_Parade_marchingband_1_842.jpg,524.0,284.0,602.0,376.0,0.0,0.0,0.0,0.0,1.0,0.0,1024.0,768.0,0.009124755859375,Female,White,True,Female_White,0.0
109,0--Parade/0_Parade_marchingband_1_251.jpg,9.0,357.0,93.0,504.0,1.0,0.0,1.0,0.0,0.0,0.0,1024.0,1537.0,0.0078455391997397,Female,White,True,Female_White,0.0
110,0--Parade/0_Parade_marchingband_1_251.jpg,523.0,357.0,619.0,495.0,1.0,0.0,1.0,0.0,0.0,0.0,1024.0,1537.0,0.0084173715029277,Female,White,True,Female_White,0.0
111,0--Parade/0_Parade_marchingband_1_251.jpg,685.0,486.0,754.0,594.0,1.0,0.0,1.0,0.0,0.0,0.0,1024.0,1537.0,0.0047347714703968,Female,White,True,Female_White,0.0
112,0--Parade/0_Parade_marchingband_1_895.jpg,168.0,268.0,272.0,408.0,0.0,0.0,0.0,0.0,0.0,0.0,1024.0,681.0,0.0208792217327459,Female,White,True,Female_White,0.0
113,0--Parade/0_Parade_marchingband_1_895.jpg,318.0,200.0,410.0,318.0,0.0,0.0,0.0,0.0,0.0,0.0,1024.0,681.0,0.0155676395007342,Female,White,True,Female_White,0.0
114,0--Parade/0_Parade_marchingband_1_895.jpg,512.0,142.0,622.0,278.0,0.0,0.0,0.0,0.0,0.0,0.0,1024.0,681.0,0.0214528267254038,Female,White,True,Female_White,0.0
115,0--Parade/0_Parade_marchingband_1_895.jpg,650.0,62.0,768.0,222.0,0.0,0.0,0.0,0.0,0.0,0.0,1024.0,681.0,0.0270741556534508,Female,White,True,Female_White,0.0
131,0--Parade/0_Parade_Parade_0_763.jpg,252.0,244.0,793.0,940.0,0.0,0.0,0.0,0.0,0.0,0.0,1024.0,1104.0,0.3330715013586957,Female,White,True,Female_White,12.0
214,0--Parade/0_Parade_Parade_0_592.jpg,40.0,148.0,126.0,256.0,0.0,0.0,0.0,0.0,0.0,0.0,1024.0,768.0,0.011810302734375,Female,Black,True,Female_Black,0.0
215,0--Parade/0_Parade_Parade_0_592.jpg,210.0,172.0,288.0,272.0,0.0,0.0,0.0,0.0,0.0,0.0,1024.0,768.0,0.009918212890625,Female,White,True,Female_White,0.0
216,0--Parade/0_Parade_Parade_0_592.jpg,386.0,132.0,456.0,214.0,0.0,0.0,0.0,0.0,0.0,0.0,1024.0,768.0,0.0072987874348958,Female,White,True,Female_White,0.0
217,0--Parade/0_Parade_Parade_0_592.jpg,536.0,104.0,600.0,206.0,0.0,0.0,0.0,0.0,0.0,0.0,1024.0,768.0,0.00830078125,Female,White,True,Female_White,0.0
218,0--Parade/0_Parade_Parade_0_592.jpg,672.0,132.0,748.0,224.0,0.0,0.0,0.0,0.0,0.0,0.0,1024.0,768.0,0.0088907877604166,Female,White,True,Female_White,0.0
219,0--Parade/0_Parade_Parade_0_592.jpg,812.0,110.0,898.0,222.0,0.0,0.0,0.0,0.0,0.0,0.0,1024.0,768.0,0.0122477213541666,Female,White,True,Female_White,0.0
230,0--Parade/0_Parade_Parade_0_395.jpg,732.0,320.0,892.0,550.0,0.0,0.0,0.0,0.0,0.0,0.0,1024.0,768.0,0.0467936197916666,Female,White,True,Female_White,1.0
231,0--Parade/0_Parade_Parade_0_395.jpg,468.0,530.0,538.0,612.0,0.0,0.0,1.0,0.0,0.0,0.0,1024.0,768.0,0.0072987874348958,Female,Asian,True,Female_Asian,0.0
232,0--Parade/0_Parade_Parade_0_395.jpg,78.0,456.0,186.0,602.0,0.0,1.0,1.0,0.0,0.0,0.0,1024.0,768.0,0.020050048828125,Female,White,True,Female_White,0.0
240,1--Handshaking/1_Handshaking_Handshaking_1_924.jpg,271.0,426.0,508.0,682.0,0.0,0.0,0.0,0.0,0.0,0.0,1024.0,1581.0,0.0374762808349146,Female,White,True,Female_White,1.0
288,1--Handshaking/1_Handshaking_Handshaking_1_707.jpg,266.0,142.0,588.0,626.0,0.0,0.0,0.0,0.0,0.0,0.0,1024.0,858.0,0.1773838141025641,Female,White,True,Female_White,6.0
298,1--Handshaking/1_Handshaking_Handshaking_1_331.jpg,213.0,225.0,468.0,546.0,0.0,0.0,1.0,0.0,0.0,0.0,1024.0,1536.0,0.052042007446289,Female,White,True,Female_White,1.0
331,1--Handshaking/1_Handshaking_Handshaking_1_697.jpg,381.0,520.0,808.0,965.0,0.0,0.0,0.0,0.0,0.0,1.0,1024.0,1366.0,0.1358429893393118,Female,White,True,Female_White,5.0
334,1--Handshaking/1_Handshaking_Handshaking_1_722.jpg,178.0,129.0,841.0,948.0,0.0,0.0,0.0,0.0,0.0,0.0,1024.0,1402.0,0.3782243279689729,Female,Asian,True,Female_Asian,14.0
348,1--Handshaking/1_Handshaking_Handshaking_1_82.jpg,708.0,288.0,866.0,460.0,0.0,0.0,0.0,0.0,0.0,1.0,1024.0,754.0,0.0351976956233421,Female,White,True,Female_White,1.0
350,1--Handshaking/1_Handshaking_Handshaking_1_281.jpg,254.0,110.0,364.0,236.0,0.0,1.0,0.0,0.0,0.0,1.0,1024.0,762.0,0.0177626722440944,Female,White,True,Female_White,0.0
391,10--People_Marching/10_People_Marching_People_Marching_2_854.jpg,518.0,246.0,572.0,322.0,0.0,0.0,1.0,0.0,0.0,0.0,1024.0,684.0,0.005859375,Female,White,True,Female_White,0.0
398,10--People_Marching/10_People_Marching_People_Marching_2_459.jpg,408.0,429.0,486.0,552.0,0.0,0.0,1.0,0.0,0.0,0.0,1024.0,1536.0,0.0060997009277343,Female,White,True,Female_White,0.0
415,10--People_Marching/10_People_Marching_People_Marching_2_701.jpg,302.0,244.0,354.0,322.0,1.0,0.0,0.0,0.0,0.0,0.0,1024.0,768.0,0.005157470703125,Female,White,True,Female_White,0.0
416,10--People_Marching/10_People_Marching_People_Marching_2_701.jpg,516.0,262.0,578.0,336.0,1.0,0.0,0.0,0.0,0.0,0.0,1024.0,768.0,0.0058339436848958,Female,White,True,Female_White,0.0
417,10--People_Marching/10_People_Marching_People_Marching_2_701.jpg,934.0,260.0,988.0,318.0,1.0,0.0,0.0,0.0,0.0,0.0,1024.0,768.0,0.0039825439453125,Female,White,True,Female_White,0.0
418,10--People_Marching/10_People_Marching_People_Marching_2_701.jpg,740.0,410.0,792.0,484.0,1.0,0.0,0.0,0.0,0.0,0.0,1024.0,768.0,0.0048929850260416,Female,White,True,Female_White,0.0
419,10--People_Marching/10_People_Marching_People_Marching_2_701.jpg,250.0,360.0,306.0,442.0,1.0,0.0,0.0,0.0,0.0,0.0,1024.0,768.0,0.0058390299479166,Female,White,True,Female_White,0.0
420,10--People_Marching/10_People_Marching_People_Marching_2_701.jpg,10.0,374.0,66.0,464.0,1.0,0.0,0.0,0.0,0.0,0.0,1024.0,768.0,0.00640869140625,Female,White,True,Female_White,0.0
426,10--People_Marching/10_People_Marching_People_Marching_10_People_Marching_People_Marching_10_947.jpg,420.0,116.0,604.0,394.0,0.0,0.0,0.0,0.0,0.0,0.0,1024.0,684.0,0.0730308845029239,Female,White,True,Female_White,2.0
427,10--People_Marching/10_People_Marching_People_Marching_10_People_Marching_People_Marching_10_947.jpg,836.0,220.0,950.0,386.0,0.0,0.0,1.0,0.0,0.0,0.0,1024.0,684.0,0.0270182291666666,Female,White,True,Female_White,0.0
428,10--People_Marching/10_People_Marching_People_Marching_10_People_Marching_People_Marching_10_947.jpg,846.0,76.0,930.0,190.0,1.0,0.0,0.0,0.0,0.0,0.0,1024.0,684.0,0.013671875,Female,White,True,Female_White,0.0
437,10--People_Marching/10_People_Marching_People_Marching_2_773.jpg,616.0,134.0,682.0,234.0,0.0,0.0,1.0,0.0,0.0,0.0,1024.0,768.0,0.008392333984375,Female,White,True,Female_White,0.0
438,10--People_Marching/10_People_Marching_People_Marching_10_People_Marching_People_Marching_10_People_Marching_People_Marching_10_399.jpg,390.0,188.0,494.0,336.0,0.0,0.0,1.0,0.0,0.0,0.0,1024.0,682.0,0.0220399560117302,Female,White,True,Female_White,0.0
439,10--People_Marching/10_People_Marching_People_Marching_10_People_Marching_People_Marching_10_People_Marching_People_Marching_10_399.jpg,680.0,170.0,780.0,296.0,0.0,0.0,1.0,0.0,0.0,0.0,1024.0,682.0,0.0180420637829912,Female,White,True,Female_White,0.0
440,10--People_Marching/10_People_Marching_People_Marching_10_People_Marching_People_Marching_10_People_Marching_People_Marching_10_399.jpg,872.0,134.0,966.0,252.0,0.0,0.0,1.0,0.0,0.0,0.0,1024.0,682.0,0.0158827437683284,Female,White,True,Female_White,0.0
441,10--People_Marching/10_People_Marching_People_Marching_10_People_Marching_People_Marching_10_People_Marching_People_Marching_10_399.jpg,604.0,166.0,688.0,260.0,1.0,0.0,1.0,0.0,0.0,0.0,1024.0,682.0,0.0113063599706744,Female,White,True,Female_White,0.0
442,10--People_Marching/10_People_Marching_People_Marching_10_People_Marching_People_Marching_10_People_Marching_People_Marching_10_399.jpg,308.0,174.0,384.0,274.0,1.0,0.0,0.0,0.0,0.0,0.0,1024.0,682.0,0.0108825146627565,Female,White,True,Female_White,0.0
443,10--People_Marching/10_People_Marching_People_Marching_10_People_Marching_People_Marching_10_People_Marching_People_Marching_10_399.jpg,116.0,176.0,204.0,298.0,1.0,0.0,1.0,0.0,0.0,0.0,1024.0,682.0,0.0153729838709677,Female,White,True,Female_White,0.0
444,10--People_Marching/10_People_Marching_People_Marching_10_People_Marching_People_Marching_10_People_Marching_People_Marching_10_399.jpg,44.0,162.0,118.0,262.0,1.0,0.0,0.0,0.0,0.0,0.0,1024.0,682.0,0.0105961326979472,Female,White,True,Female_White,0.0
460,10--People_Marching/10_People_Marching_People_Marching_10_People_Marching_People_Marching_10_424.jpg,377.0,145.0,468.0,246.0,1.0,0.0,0.0,0.0,0.0,0.0,1024.0,1200.0,0.0074796549479166,Female,White,True,Female_White,0.0
461,10--People_Marching/10_People_Marching_People_Marching_10_People_Marching_People_Marching_10_424.jpg,588.0,199.0,661.0,297.0,1.0,0.0,0.0,0.0,0.0,0.0,1024.0,1200.0,0.0058219401041666,Female,White,True,Female_White,0.0
772,12--Group/12_Group_Group_12_Group_Group_12_202.jpg,214.0,369.0,283.0,455.0,1.0,0.0,1.0,0.0,0.0,0.0,1024.0,1422.0,0.0040751911919831,Female,White,True,Female_White,0.0
773,12--Group/12_Group_Group_12_Group_Group_12_202.jpg,425.0,341.0,494.0,438.0,1.0,0.0,1.0,0.0,0.0,0.0,1024.0,1422.0,0.0045964365770042,Female,White,True,Female_White,0.0
774,12--Group/12_Group_Group_12_Group_Group_12_202.jpg,622.0,372.0,680.0,458.0,1.0,0.0,0.0,0.0,0.0,0.0,1024.0,1422.0,0.0034255230309423,Female,White,True,Female_White,0.0
775,12--Group/12_Group_Group_12_Group_Group_12_202.jpg,783.0,372.0,855.0,455.0,1.0,0.0,1.0,0.0,0.0,0.0,1024.0,1422.0,0.0041040348101265,Female,White,True,Female_White,0.0
776,12--Group/12_Group_Team_Organized_Group_12_Group_Team_Organized_Group_12_784.jpg,382.0,198.0,710.0,624.0,0.0,0.0,1.0,0.0,0.0,0.0,1024.0,838.0,0.1628318914081145,Female,White,True,Female_White,6.0
778,12--Group/12_Group_Group_12_Group_Group_12_12.jpg,152.0,186.0,212.0,242.0,0.0,0.0,0.0,0.0,0.0,0.0,1024.0,682.0,0.0048112170087976,Female,Asian,True,Female_Asian,0.0
779,12--Group/12_Group_Group_12_Group_Group_12_12.jpg,244.0,204.0,306.0,282.0,0.0,0.0,0.0,0.0,0.0,0.0,1024.0,682.0,0.0069247159090909,Female,Black,True,Female_Black,0.0
780,12--Group/12_Group_Group_12_Group_Group_12_12.jpg,348.0,200.0,412.0,288.0,0.0,0.0,0.0,0.0,0.0,0.0,1024.0,682.0,0.0080645161290322,Female,White,True,Female_White,0.0
781,12--Group/12_Group_Group_12_Group_Group_12_12.jpg,480.0,162.0,546.0,260.0,0.0,0.0,0.0,0.0,0.0,0.0,1024.0,682.0,0.0092615927419354,Female,White,True,Female_White,0.0
782,12--Group/12_Group_Group_12_Group_Group_12_12.jpg,572.0,194.0,642.0,270.0,0.0,0.0,0.0,0.0,0.0,0.0,1024.0,682.0,0.0076177602639296,Female,Black,True,Female_Black,0.0
783,12--Group/12_Group_Group_12_Group_Group_12_12.jpg,688.0,158.0,752.0,234.0,0.0,0.0,1.0,0.0,0.0,0.0,1024.0,682.0,0.0069648093841642,Female,White,True,Female_White,0.0
784,12--Group/12_Group_Group_12_Group_Group_12_12.jpg,800.0,164.0,864.0,240.0,0.0,0.0,0.0,0.0,0.0,0.0,1024.0,682.0,0.0069648093841642,Female,White,True,Female_White,0.0
888,12--Group/12_Group_Group_12_Group_Group_12_74.jpg,138.0,122.0,320.0,334.0,0.0,0.0,0.0,0.0,0.0,0.0,1024.0,768.0,0.0490620930989583,Female,White,True,Female_White,1.0
889,12--Group/12_Group_Group_12_Group_Group_12_74.jpg,448.0,120.0,606.0,352.0,0.0,0.0,0.0,0.0,0.0,0.0,1024.0,768.0,0.0466105143229166,Female,White,True,Female_White,1.0
890,12--Group/12_Group_Group_12_Group_Group_12_74.jpg,722.0,170.0,894.0,408.0,0.0,0.0,0.0,0.0,0.0,0.0,1024.0,768.0,0.0520528157552083,Female,White,True,Female_White,1.0
891,12--Group/12_Group_Group_12_Group_Group_12_711.jpg,672.0,152.0,751.0,226.0,1.0,1.0,0.0,0.0,0.0,0.0,1024.0,769.0,0.0074239068595578,Female,White,True,Female_White,0.0
892,12--Group/12_Group_Group_12_Group_Group_12_711.jpg,342.0,226.0,388.0,285.0,1.0,1.0,0.0,0.0,0.0,0.0,1024.0,769.0,0.0034465417750325,Female,White,True,Female_White,0.0
936,12--Group/12_Group_Group_12_Group_Group_12_370.jpg,787.0,177.0,827.0,225.0,0.0,0.0,0.0,0.0,0.0,0.0,1024.0,757.0,0.0024768824306472,Female,White,True,Female_White,0.0
937,12--Group/12_Group_Group_12_Group_Group_12_370.jpg,493.0,169.0,541.0,208.0,0.0,0.0,0.0,0.0,0.0,0.0,1024.0,757.0,0.0024149603698811,Female,White,True,Female_White,0.0
938,12--Group/12_Group_Group_12_Group_Group_12_370.jpg,240.0,143.0,279.0,192.0,0.0,0.0,0.0,0.0,0.0,0.0,1024.0,757.0,0.0024652720442536,Female,White,True,Female_White,0.0
939,12--Group/12_Group_Group_12_Group_Group_12_384.jpg,150.0,182.0,246.0,292.0,1.0,0.0,0.0,0.0,0.0,0.0,1024.0,1024.0,0.01007080078125,Female,White,True,Female_White,0.0
940,12--Group/12_Group_Group_12_Group_Group_12_384.jpg,358.0,130.0,450.0,252.0,1.0,0.0,0.0,0.0,0.0,0.0,1024.0,1024.0,0.0107040405273437,Female,White,True,Female_White,0.0
941,12--Group/12_Group_Group_12_Group_Group_12_384.jpg,612.0,202.0,726.0,300.0,1.0,0.0,0.0,0.0,0.0,0.0,1024.0,1024.0,0.0106544494628906,Female,Asian,True,Female_Asian,0.0
942,12--Group/12_Group_Group_12_Group_Group_12_384.jpg,772.0,150.0,874.0,286.0,1.0,0.0,0.0,0.0,0.0,0.0,1024.0,1024.0,0.0132293701171875,Female,White,True,Female_White,0.0
943,12--Group/12_Group_Group_12_Group_Group_12_11.jpg,115.0,165.0,162.0,239.0,0.0,0.0,0.0,0.0,0.0,0.0,1024.0,769.0,0.0044167547139141,Female,White,True,Female_White,0.0
944,12--Group/12_Group_Group_12_Group_Group_12_11.jpg,257.0,146.0,309.0,211.0,0.0,0.0,0.0,0.0,0.0,0.0,1024.0,769.0,0.0042923033159947,Female,White,True,Female_White,0.0
945,12--Group/12_Group_Group_12_Group_Group_12_11.jpg,354.0,204.0,413.0,275.0,0.0,0.0,0.0,0.0,0.0,0.0,1024.0,769.0,0.0053196623049414,Female,White,True,Female_White,0.0
946,12--Group/12_Group_Group_12_Group_Group_12_11.jpg,399.0,70.0,439.0,128.0,0.0,0.0,0.0,0.0,0.0,0.0,1024.0,769.0,0.0029461963589076,Female,White,True,Female_White,0.0
947,12--Group/12_Group_Group_12_Group_Group_12_11.jpg,478.0,176.0,527.0,242.0,0.0,0.0,0.0,0.0,0.0,0.0,1024.0,769.0,0.0041068961313394,Female,White,True,Female_White,0.0
948,12--Group/12_Group_Group_12_Group_Group_12_11.jpg,535.0,105.0,577.0,171.0,0.0,0.0,0.0,0.0,0.0,0.0,1024.0,769.0,0.0035201966840052,Female,White,True,Female_White,0.0
949,12--Group/12_Group_Group_12_Group_Group_12_11.jpg,685.0,89.0,732.0,160.0,0.0,0.0,0.0,0.0,0.0,0.0,1024.0,769.0,0.0042376970903771,Female,White,True,Female_White,0.0
950,12--Group/12_Group_Group_12_Group_Group_12_11.jpg,690.0,210.0,743.0,289.0,0.0,0.0,0.0,0.0,0.0,0.0,1024.0,769.0,0.0053171224804941,Female,White,True,Female_White,0.0
951,12--Group/12_Group_Group_12_Group_Group_12_11.jpg,877.0,64.0,935.0,147.0,0.0,0.0,0.0,0.0,0.0,0.0,1024.0,769.0,0.0061133574447334,Female,White,True,Female_White,0.0
1012,12--Group/12_Group_Team_Organized_Group_12_Group_Team_Organized_Group_12_328.jpg,12.0,16.0,324.0,462.0,0.0,0.0,1.0,0.0,0.0,0.0,1024.0,491.0,0.276762983706721,Female,White,True,Female_White,10.0
1013,12--Group/12_Group_Team_Organized_Group_12_Group_Team_Organized_Group_12_328.jpg,326.0,2.0,638.0,442.0,0.0,0.0,0.0,0.0,0.0,0.0,1024.0,491.0,0.2730397148676171,Female,Black,True,Female_Black,10.0
1148,12--Group/12_Group_Group_12_Group_Group_12_890.jpg,332.0,60.0,549.0,283.0,1.0,0.0,0.0,0.0,0.0,0.0,1024.0,353.0,0.1338720564801699,Female,White,True,Female_White,4.0
1149,12--Group/12_Group_Group_12_Group_Group_12_890.jpg,882.0,91.0,904.0,118.0,1.0,0.0,0.0,0.0,0.0,0.0,1024.0,353.0,0.0016432808073654,Female,White,True,Female_White,0.0
1150,12--Group/12_Group_Team_Organized_Group_12_Group_Team_Organized_Group_12_905.jpg,174.0,153.0,608.0,686.0,0.0,0.0,0.0,0.0,0.0,0.0,1024.0,1171.0,0.1929123745730145,Female,White,True,Female_White,7.0
1151,12--Group/12_Group_Team_Organized_Group_12_Group_Team_Organized_Group_12_738.jpg,592.0,110.0,668.0,218.0,0.0,0.0,0.0,0.0,0.0,0.0,1024.0,362.0,0.0221426104972375,Female,White,True,Female_White,0.0
1152,12--Group/12_Group_Team_Organized_Group_12_Group_Team_Organized_Group_12_738.jpg,382.0,46.0,460.0,154.0,0.0,0.0,0.0,0.0,0.0,0.0,1024.0,362.0,0.0227253107734806,Female,White,True,Female_White,0.0
1257,12--Group/12_Group_Group_12_Group_Group_12_649.jpg,789.0,76.0,830.0,120.0,0.0,0.0,0.0,0.0,0.0,0.0,1024.0,640.0,0.002752685546875,Female,Asian,True,Female_Asian,0.0
1258,12--Group/12_Group_Group_12_Group_Group_12_649.jpg,694.0,194.0,738.0,255.0,0.0,0.0,0.0,0.0,0.0,0.0,1024.0,640.0,0.004095458984375,Female,Asian,True,Female_Asian,0.0
1259,12--Group/12_Group_Group_12_Group_Group_12_649.jpg,667.0,78.0,707.0,125.0,0.0,0.0,0.0,0.0,0.0,0.0,1024.0,640.0,0.00286865234375,Female,Asian,True,Female_Asian,0.0
1260,12--Group/12_Group_Group_12_Group_Group_12_649.jpg,548.0,207.0,593.0,259.0,0.0,0.0,0.0,0.0,0.0,0.0,1024.0,640.0,0.003570556640625,Female,Asian,True,Female_Asian,0.0
1261,12--Group/12_Group_Group_12_Group_Group_12_649.jpg,481.0,92.0,522.0,139.0,0.0,0.0,0.0,0.0,0.0,0.0,1024.0,640.0,0.0029403686523437,Female,Asian,True,Female_Asian,0.0
1262,12--Group/12_Group_Group_12_Group_Group_12_649.jpg,346.0,67.0,392.0,116.0,0.0,0.0,0.0,0.0,0.0,0.0,1024.0,640.0,0.0034393310546875,Female,Asian,True,Female_Asian,0.0
1263,12--Group/12_Group_Group_12_Group_Group_12_649.jpg,215.0,67.0,262.0,113.0,0.0,0.0,0.0,0.0,0.0,0.0,1024.0,640.0,0.0032989501953125,Female,Asian,True,Female_Asian,0.0
1264,12--Group/12_Group_Group_12_Group_Group_12_649.jpg,234.0,181.0,293.0,247.0,0.0,0.0,0.0,0.0,0.0,0.0,1024.0,640.0,0.0059417724609375,Female,Asian,True,Female_Asian,0.0
1265,12--Group/12_Group_Group_12_Group_Group_12_649.jpg,435.0,201.0,485.0,265.0,0.0,0.0,0.0,0.0,0.0,0.0,1024.0,640.0,0.0048828125,Female,Asian,True,Female_Asian,0.0
1293,12--Group/12_Group_Group_12_Group_Group_12_348.jpg,98.0,186.0,182.0,280.0,1.0,0.0,0.0,0.0,0.0,0.0,1024.0,823.0,0.0093693043742405,Female,White,True,Female_White,0.0
1294,12--Group/12_Group_Group_12_Group_Group_12_348.jpg,278.0,210.0,350.0,302.0,1.0,0.0,0.0,0.0,0.0,0.0,1024.0,823.0,0.0078599635479951,Female,White,True,Female_White,0.0
1295,12--Group/12_Group_Group_12_Group_Group_12_348.jpg,466.0,114.0,542.0,220.0,1.0,0.0,0.0,0.0,0.0,0.0,1024.0,823.0,0.0095591585662211,Female,Black,True,Female_Black,0.0
1296,12--Group/12_Group_Group_12_Group_Group_12_348.jpg,618.0,174.0,684.0,270.0,1.0,0.0,0.0,0.0,0.0,0.0,1024.0,823.0,0.0075182260024301,Female,White,True,Female_White,0.0
1297,12--Group/12_Group_Group_12_Group_Group_12_348.jpg,760.0,172.0,842.0,276.0,1.0,0.0,0.0,0.0,0.0,0.0,1024.0,823.0,0.0101192284325637,Female,White,True,Female_White,0.0
1298,12--Group/12_Group_Group_12_Group_Group_12_348.jpg,892.0,250.0,974.0,350.0,1.0,0.0,0.0,0.0,0.0,0.0,1024.0,823.0,0.0097300273390036,Female,White,True,Female_White,0.0
1320,12--Group/12_Group_Group_12_Group_Group_12_481.jpg,830.0,179.0,876.0,237.0,0.0,0.0,1.0,0.0,0.0,0.0,1024.0,737.0,0.0035352357530529,Female,White,True,Female_White,0.0
1321,12--Group/12_Group_Group_12_Group_Group_12_481.jpg,861.0,90.0,911.0,144.0,0.0,0.0,1.0,0.0,0.0,0.0,1024.0,737.0,0.0035776373812754,Female,White,True,Female_White,0.0
1322,12--Group/12_Group_Group_12_Group_Group_12_481.jpg,705.0,153.0,755.0,198.0,0.0,0.0,1.0,0.0,0.0,0.0,1024.0,737.0,0.0029813644843962,Female,White,True,Female_White,0.0
1323,12--Group/12_Group_Group_12_Group_Group_12_481.jpg,711.0,249.0,757.0,306.0,0.0,0.0,0.0,0.0,0.0,0.0,1024.0,737.0,0.003474283412483,Female,White,True,Female_White,0.0
1324,12--Group/12_Group_Group_12_Group_Group_12_481.jpg,619.0,119.0,662.0,178.0,0.0,0.0,0.0,0.0,0.0,0.0,1024.0,737.0,0.0033616540875169,Female,White,True,Female_White,0.0
1325,12--Group/12_Group_Group_12_Group_Group_12_481.jpg,493.0,305.0,538.0,349.0,0.0,0.0,1.0,0.0,0.0,0.0,1024.0,737.0,0.0026236007462686,Female,White,True,Female_White,0.0
1326,12--Group/12_Group_Group_12_Group_Group_12_481.jpg,567.0,557.0,625.0,593.0,0.0,0.0,0.0,0.0,0.0,1.0,1024.0,737.0,0.0027667062415196,Female,White,True,Female_White,0.0
1327,12--Group/12_Group_Group_12_Group_Group_12_481.jpg,493.0,572.0,539.0,629.0,0.0,0.0,0.0,0.0,0.0,0.0,1024.0,737.0,0.003474283412483,Female,White,True,Female_White,0.0
1328,12--Group/12_Group_Group_12_Group_Group_12_481.jpg,409.0,509.0,444.0,558.0,0.0,0.0,0.0,0.0,0.0,0.0,1024.0,737.0,0.0022724622625508,Female,White,True,Female_White,0.0
1329,12--Group/12_Group_Group_12_Group_Group_12_481.jpg,294.0,157.0,340.0,205.0,0.0,0.0,1.0,0.0,0.0,0.0,1024.0,737.0,0.0029257123473541,Female,White,True,Female_White,0.0
1330,12--Group/12_Group_Group_12_Group_Group_12_481.jpg,30.0,111.0,84.0,180.0,0.0,0.0,1.0,0.0,0.0,0.0,1024.0,737.0,0.0049371395861601,Female,White,True,Female_White,0.0
1331,12--Group/12_Group_Group_12_Group_Group_12_481.jpg,111.0,560.0,160.0,620.0,0.0,0.0,0.0,0.0,0.0,1.0,1024.0,737.0,0.0038956495929443,Female,White,True,Female_White,0.0
1390,12--Group/12_Group_Group_12_Group_Group_12_504.jpg,915.0,217.0,967.0,288.0,1.0,1.0,0.0,0.0,0.0,0.0,1024.0,768.0,0.0046946207682291,Female,White,True,Female_White,0.0
1391,12--Group/12_Group_Group_12_Group_Group_12_504.jpg,762.0,213.0,815.0,289.0,1.0,1.0,0.0,0.0,0.0,0.0,1024.0,768.0,0.0051218668619791,Female,White,True,Female_White,0.0
1392,12--Group/12_Group_Group_12_Group_Group_12_504.jpg,633.0,207.0,675.0,262.0,1.0,0.0,0.0,0.0,0.0,0.0,1024.0,768.0,0.0029373168945312,Female,White,True,Female_White,0.0
1393,12--Group/12_Group_Group_12_Group_Group_12_504.jpg,524.0,196.0,574.0,263.0,1.0,1.0,0.0,0.0,1.0,0.0,1024.0,768.0,0.0042597452799479,Female,White,True,Female_White,0.0
1394,12--Group/12_Group_Group_12_Group_Group_12_504.jpg,415.0,222.0,469.0,291.0,1.0,0.0,0.0,0.0,0.0,0.0,1024.0,768.0,0.0047378540039062,Female,White,True,Female_White,0.0
1395,12--Group/12_Group_Group_12_Group_Group_12_504.jpg,334.0,298.0,391.0,365.0,1.0,0.0,0.0,0.0,0.0,0.0,1024.0,768.0,0.0048561096191406,Female,White,True,Female_White,0.0
1396,12--Group/12_Group_Group_12_Group_Group_12_504.jpg,402.0,448.0,466.0,529.0,1.0,0.0,0.0,0.0,0.0,0.0,1024.0,768.0,0.006591796875,Female,White,True,Female_White,0.0
1397,12--Group/12_Group_Group_12_Group_Group_12_504.jpg,528.0,400.0,590.0,473.0,1.0,0.0,0.0,0.0,0.0,0.0,1024.0,768.0,0.0057551066080729,Female,White,True,Female_White,0.0
1398,12--Group/12_Group_Group_12_Group_Group_12_504.jpg,622.0,464.0,683.0,541.0,1.0,0.0,0.0,0.0,0.0,0.0,1024.0,768.0,0.0059725443522135,Female,White,True,Female_White,0.0
1399,12--Group/12_Group_Group_12_Group_Group_12_504.jpg,713.0,480.0,769.0,550.0,1.0,1.0,0.0,0.0,0.0,0.0,1024.0,768.0,0.0049845377604166,Female,White,True,Female_White,0.0
1400,12--Group/12_Group_Group_12_Group_Group_12_504.jpg,215.0,203.0,275.0,266.0,1.0,0.0,0.0,0.0,0.0,0.0,1024.0,768.0,0.0048065185546875,Female,White,True,Female_White,0.0
1401,12--Group/12_Group_Group_12_Group_Group_12_504.jpg,77.0,203.0,137.0,268.0,1.0,0.0,0.0,0.0,0.0,0.0,1024.0,768.0,0.0049591064453125,Female,White,True,Female_White,0.0
1493,12--Group/12_Group_Large_Group_12_Group_Large_Group_12_535.jpg,262.0,270.0,410.0,478.0,0.0,0.0,0.0,0.0,0.0,0.0,1024.0,1024.0,0.02935791015625,Female,White,True,Female_White,1.0
1494,12--Group/12_Group_Large_Group_12_Group_Large_Group_12_535.jpg,454.0,280.0,560.0,420.0,0.0,0.0,0.0,0.0,0.0,0.0,1024.0,1024.0,0.0141525268554687,Female,White,True,Female_White,0.0
1495,12--Group/12_Group_Large_Group_12_Group_Large_Group_12_535.jpg,720.0,314.0,850.0,480.0,0.0,0.0,0.0,0.0,0.0,0.0,1024.0,1024.0,0.0205802917480468,Female,White,True,Female_White,0.0
1565,12--Group/12_Group_Large_Group_12_Group_Large_Group_12_450.jpg,201.0,263.0,239.0,312.0,0.0,0.0,0.0,0.0,0.0,0.0,1024.0,709.0,0.0025646817700987,Female,Asian,True,Female_Asian,0.0
1566,12--Group/12_Group_Large_Group_12_Group_Large_Group_12_450.jpg,308.0,306.0,346.0,350.0,0.0,0.0,0.0,0.0,0.0,0.0,1024.0,709.0,0.00230297954866,Female,White,True,Female_White,0.0
1567,12--Group/12_Group_Large_Group_12_Group_Large_Group_12_450.jpg,367.0,304.0,403.0,352.0,0.0,0.0,0.0,0.0,0.0,0.0,1024.0,709.0,0.0023801128349788,Female,White,True,Female_White,0.0
1568,12--Group/12_Group_Large_Group_12_Group_Large_Group_12_450.jpg,482.0,304.0,521.0,351.0,0.0,0.0,0.0,0.0,0.0,1.0,1024.0,709.0,0.0025247377468265,Female,White,True,Female_White,0.0
1569,12--Group/12_Group_Large_Group_12_Group_Large_Group_12_450.jpg,386.0,150.0,416.0,189.0,0.0,0.0,0.0,0.0,0.0,0.0,1024.0,709.0,0.0016115347320169,Female,Asian,True,Female_Asian,0.0
1570,12--Group/12_Group_Large_Group_12_Group_Large_Group_12_450.jpg,498.0,142.0,528.0,180.0,0.0,0.0,0.0,0.0,0.0,0.0,1024.0,709.0,0.0015702133286318,Female,Asian,True,Female_Asian,0.0
1571,12--Group/12_Group_Large_Group_12_Group_Large_Group_12_450.jpg,565.0,148.0,597.0,184.0,0.0,0.0,0.0,0.0,0.0,0.0,1024.0,709.0,0.0015867418899858,Female,Asian,True,Female_Asian,0.0
1572,12--Group/12_Group_Large_Group_12_Group_Large_Group_12_450.jpg,625.0,302.0,663.0,348.0,0.0,0.0,0.0,0.0,0.0,0.0,1024.0,709.0,0.0024076604372355,Female,Indian,True,Female_Indian,0.0
1573,12--Group/12_Group_Large_Group_12_Group_Large_Group_12_450.jpg,729.0,220.0,769.0,275.0,0.0,0.0,0.0,0.0,0.0,0.0,1024.0,709.0,0.0030302362482369,Female,White,True,Female_White,0.0
1578,12--Group/12_Group_Large_Group_12_Group_Large_Group_12_266.jpg,192.0,435.0,272.0,531.0,1.0,0.0,0.0,0.0,0.0,0.0,1024.0,1366.0,0.0054904831625183,Female,White,True,Female_White,0.0
1579,12--Group/12_Group_Large_Group_12_Group_Large_Group_12_266.jpg,312.0,459.0,384.0,547.0,1.0,0.0,0.0,0.0,0.0,0.0,1024.0,1366.0,0.0045296486090775,Female,White,True,Female_White,0.0
1580,12--Group/12_Group_Large_Group_12_Group_Large_Group_12_266.jpg,421.0,421.0,490.0,498.0,1.0,0.0,0.0,0.0,0.0,0.0,1024.0,1366.0,0.0037982990940702,Female,White,True,Female_White,0.0
1581,12--Group/12_Group_Large_Group_12_Group_Large_Group_12_266.jpg,552.0,461.0,619.0,544.0,1.0,0.0,0.0,0.0,0.0,0.0,1024.0,1366.0,0.0039755959461932,Female,White,True,Female_White,0.0
1582,12--Group/12_Group_Large_Group_12_Group_Large_Group_12_266.jpg,691.0,448.0,758.0,533.0,1.0,0.0,0.0,0.0,0.0,0.0,1024.0,1366.0,0.0040713934388726,Female,White,True,Female_White,0.0
1583,12--Group/12_Group_Large_Group_12_Group_Large_Group_12_266.jpg,819.0,464.0,888.0,547.0,1.0,0.0,0.0,0.0,0.0,0.0,1024.0,1366.0,0.0040942704520497,Female,White,True,Female_White,0.0
1616,12--Group/12_Group_Group_12_Group_Group_12_200.jpg,126.0,156.0,200.0,242.0,0.0,0.0,1.0,0.0,0.0,0.0,1024.0,767.0,0.0081027949804432,Female,White,True,Female_White,0.0
1617,12--Group/12_Group_Group_12_Group_Group_12_200.jpg,266.0,200.0,338.0,288.0,0.0,0.0,1.0,0.0,0.0,0.0,1024.0,767.0,0.008067144719687,Female,White,True,Female_White,0.0
1618,12--Group/12_Group_Group_12_Group_Group_12_200.jpg,388.0,202.0,456.0,284.0,0.0,0.0,1.0,0.0,0.0,0.0,1024.0,767.0,0.0070994947848761,Female,White,True,Female_White,0.0
1619,12--Group/12_Group_Group_12_Group_Group_12_200.jpg,512.0,182.0,598.0,288.0,0.0,0.0,1.0,0.0,0.0,0.0,1024.0,767.0,0.0116067063233376,Female,Asian,True,Female_Asian,0.0
1620,12--Group/12_Group_Group_12_Group_Group_12_200.jpg,670.0,174.0,746.0,266.0,0.0,0.0,1.0,0.0,0.0,0.0,1024.0,767.0,0.0089023794002607,Female,Asian,True,Female_Asian,0.0
1621,12--Group/12_Group_Group_12_Group_Group_12_200.jpg,854.0,118.0,922.0,210.0,0.0,0.0,0.0,0.0,0.0,0.0,1024.0,767.0,0.0079652868318122,Female,White,True,Female_White,0.0
1646,12--Group/12_Group_Group_12_Group_Group_12_480.jpg,274.0,212.0,338.0,296.0,0.0,0.0,0.0,0.0,0.0,0.0,1024.0,765.0,0.0068627450980392,Female,White,True,Female_White,0.0
1647,12--Group/12_Group_Group_12_Group_Group_12_480.jpg,372.0,218.0,438.0,272.0,1.0,0.0,0.0,0.0,0.0,1.0,1024.0,765.0,0.0045496323529411,Female,White,True,Female_White,0.0
1648,12--Group/12_Group_Group_12_Group_Group_12_480.jpg,520.0,212.0,574.0,290.0,1.0,0.0,0.0,0.0,0.0,0.0,1024.0,765.0,0.0053768382352941,Female,White,True,Female_White,0.0
1649,12--Group/12_Group_Group_12_Group_Group_12_480.jpg,650.0,190.0,716.0,266.0,1.0,0.0,0.0,0.0,0.0,0.0,1024.0,765.0,0.0064031862745098,Female,White,True,Female_White,0.0
1731,12--Group/12_Group_Group_12_Group_Group_12_141.jpg,178.0,170.0,254.0,246.0,0.0,0.0,0.0,0.0,0.0,0.0,1024.0,1024.0,0.0055084228515625,Female,White,True,Female_White,0.0
1732,12--Group/12_Group_Group_12_Group_Group_12_141.jpg,378.0,160.0,438.0,240.0,0.0,0.0,0.0,0.0,0.0,0.0,1024.0,1024.0,0.00457763671875,Female,White,True,Female_White,0.0
1733,12--Group/12_Group_Group_12_Group_Group_12_141.jpg,582.0,180.0,646.0,264.0,0.0,0.0,0.0,0.0,0.0,0.0,1024.0,1024.0,0.005126953125,Female,Asian,True,Female_Asian,0.0
1734,12--Group/12_Group_Group_12_Group_Group_12_141.jpg,802.0,170.0,868.0,258.0,0.0,0.0,0.0,0.0,0.0,0.0,1024.0,1024.0,0.0055389404296875,Female,White,True,Female_White,0.0
1756,12--Group/12_Group_Large_Group_12_Group_Large_Group_12_244.jpg,217.0,343.0,322.0,491.0,0.0,0.0,0.0,0.0,0.0,0.0,1024.0,1586.0,0.0095685884300126,Female,Asian,True,Female_Asian,0.0
1757,12--Group/12_Group_Large_Group_12_Group_Large_Group_12_244.jpg,362.0,241.0,455.0,393.0,0.0,0.0,0.0,0.0,0.0,0.0,1024.0,1586.0,0.0087040904791929,Female,White,True,Female_White,0.0
1758,12--Group/12_Group_Large_Group_12_Group_Large_Group_12_244.jpg,473.0,415.0,572.0,529.0,0.0,0.0,0.0,0.0,0.0,0.0,1024.0,1586.0,0.0069492335277427,Female,Asian,True,Female_Asian,0.0
1759,12--Group/12_Group_Large_Group_12_Group_Large_Group_12_244.jpg,473.0,603.0,575.0,730.0,0.0,0.0,0.0,0.0,0.0,0.0,1024.0,1586.0,0.007976286648802,Female,Asian,True,Female_Asian,0.0
1760,12--Group/12_Group_Large_Group_12_Group_Large_Group_12_244.jpg,374.0,820.0,485.0,944.0,0.0,0.0,0.0,0.0,0.0,0.0,1024.0,1586.0,0.0084750354665825,Female,Asian,True,Female_Asian,0.0
1793,12--Group/12_Group_Group_12_Group_Group_12_221.jpg,235.0,197.0,702.0,784.0,0.0,0.0,0.0,0.0,0.0,0.0,1024.0,1366.0,0.1959766482887994,Female,Asian,True,Female_Asian,7.0
1795,12--Group/12_Group_Team_Organized_Group_12_Group_Team_Organized_Group_12_502.jpg,432.0,152.0,762.0,594.0,0.0,0.0,1.0,0.0,0.0,0.0,1024.0,1024.0,0.1391029357910156,Female,White,True,Female_White,5.0
1796,12--Group/12_Group_Team_Organized_Group_12_Group_Team_Organized_Group_12_502.jpg,20.0,140.0,100.0,288.0,0.0,0.0,1.0,0.0,0.0,0.0,1024.0,1024.0,0.01129150390625,Female,Asian,True,Female_Asian,0.0
1855,12--Group/12_Group_Group_12_Group_Group_12_238.jpg,266.0,158.0,392.0,362.0,0.0,0.0,1.0,0.0,0.0,0.0,1024.0,768.0,0.032684326171875,Female,White,True,Female_White,1.0
1856,12--Group/12_Group_Group_12_Group_Group_12_238.jpg,424.0,148.0,570.0,338.0,0.0,0.0,1.0,0.0,0.0,0.0,1024.0,768.0,0.0352732340494791,Female,White,True,Female_White,1.0
1857,12--Group/12_Group_Group_12_Group_Group_12_238.jpg,698.0,170.0,874.0,380.0,0.0,0.0,0.0,0.0,0.0,0.0,1024.0,768.0,0.0469970703125,Female,White,True,Female_White,1.0
1858,12--Group/12_Group_Large_Group_12_Group_Large_Group_12_247.jpg,831.0,308.0,885.0,383.0,0.0,0.0,0.0,0.0,0.0,0.0,1024.0,820.0,0.0048232660060975,Female,White,True,Female_White,0.0
1859,12--Group/12_Group_Large_Group_12_Group_Large_Group_12_247.jpg,578.0,134.0,620.0,199.0,0.0,0.0,0.0,0.0,0.0,0.0,1024.0,820.0,0.0032512385670731,Female,White,True,Female_White,0.0
1860,12--Group/12_Group_Large_Group_12_Group_Large_Group_12_247.jpg,330.0,96.0,377.0,160.0,0.0,0.0,0.0,0.0,0.0,0.0,1024.0,820.0,0.0035823170731707,Female,White,True,Female_White,0.0
1861,12--Group/12_Group_Large_Group_12_Group_Large_Group_12_247.jpg,126.0,174.0,177.0,244.0,0.0,0.0,0.0,0.0,0.0,0.0,1024.0,820.0,0.0042516196646341,Female,White,True,Female_White,0.0
1895,12--Group/12_Group_Group_12_Group_Group_12_395.jpg,280.0,102.0,384.0,228.0,1.0,0.0,0.0,0.0,0.0,0.0,1024.0,684.0,0.0187088815789473,Female,White,True,Female_White,0.0
1896,12--Group/12_Group_Group_12_Group_Group_12_395.jpg,690.0,82.0,772.0,210.0,1.0,0.0,0.0,0.0,0.0,0.0,1024.0,684.0,0.014985380116959,Female,White,True,Female_White,0.0
1897,12--Group/12_Group_Large_Group_12_Group_Large_Group_12_262.jpg,116.0,200.0,198.0,298.0,0.0,0.0,0.0,0.0,0.0,0.0,1024.0,683.0,0.0114899798682284,Female,Asian,True,Female_Asian,0.0
1898,12--Group/12_Group_Large_Group_12_Group_Large_Group_12_262.jpg,250.0,148.0,324.0,248.0,0.0,0.0,0.0,0.0,0.0,0.0,1024.0,683.0,0.0105806185944363,Female,White,True,Female_White,0.0
1899,12--Group/12_Group_Large_Group_12_Group_Large_Group_12_262.jpg,340.0,150.0,418.0,246.0,0.0,0.0,1.0,0.0,0.0,0.0,1024.0,683.0,0.0107064421669106,Female,White,True,Female_White,0.0
1900,12--Group/12_Group_Large_Group_12_Group_Large_Group_12_262.jpg,446.0,110.0,520.0,212.0,0.0,0.0,0.0,0.0,0.0,0.0,1024.0,683.0,0.010792230966325,Female,White,True,Female_White,0.0
1901,12--Group/12_Group_Large_Group_12_Group_Large_Group_12_262.jpg,558.0,158.0,632.0,258.0,0.0,0.0,1.0,0.0,0.0,0.0,1024.0,683.0,0.0105806185944363,Female,Asian,True,Female_Asian,0.0
1902,12--Group/12_Group_Large_Group_12_Group_Large_Group_12_262.jpg,714.0,110.0,790.0,210.0,0.0,0.0,1.0,0.0,0.0,0.0,1024.0,683.0,0.0108665812591508,Female,White,True,Female_White,0.0
1903,12--Group/12_Group_Large_Group_12_Group_Large_Group_12_262.jpg,836.0,90.0,910.0,186.0,0.0,0.0,1.0,0.0,0.0,0.0,1024.0,683.0,0.0101573938506588,Female,White,True,Female_White,0.0
1930,12--Group/12_Group_Large_Group_12_Group_Large_Group_12_35.jpg,89.0,110.0,125.0,147.0,0.0,0.0,0.0,0.0,1.0,0.0,1024.0,683.0,0.0019045113469985,Female,White,True,Female_White,0.0
1931,12--Group/12_Group_Large_Group_12_Group_Large_Group_12_35.jpg,191.0,125.0,227.0,172.0,0.0,0.0,0.0,0.0,1.0,0.0,1024.0,683.0,0.0024192441434846,Female,White,True,Female_White,0.0
1932,12--Group/12_Group_Large_Group_12_Group_Large_Group_12_35.jpg,325.0,110.0,366.0,169.0,0.0,0.0,0.0,0.0,0.0,0.0,1024.0,683.0,0.0034587184297218,Female,White,True,Female_White,0.0
1933,12--Group/12_Group_Large_Group_12_Group_Large_Group_12_35.jpg,498.0,97.0,543.0,169.0,0.0,0.0,0.0,0.0,1.0,0.0,1024.0,683.0,0.0046325951683748,Female,White,True,Female_White,0.0
1934,12--Group/12_Group_Large_Group_12_Group_Large_Group_12_35.jpg,596.0,124.0,633.0,163.0,0.0,0.0,0.0,0.0,0.0,0.0,1024.0,683.0,0.002063220625915,Female,White,True,Female_White,0.0
1935,12--Group/12_Group_Large_Group_12_Group_Large_Group_12_35.jpg,720.0,97.0,759.0,150.0,0.0,0.0,0.0,0.0,0.0,0.0,1024.0,683.0,0.0029554241398243,Female,White,True,Female_White,0.0
1936,12--Group/12_Group_Large_Group_12_Group_Large_Group_12_35.jpg,849.0,113.0,886.0,165.0,0.0,0.0,0.0,0.0,0.0,0.0,1024.0,683.0,0.0027509608345534,Female,White,True,Female_White,0.0
1950,12--Group/12_Group_Group_12_Group_Group_12_261.jpg,198.0,46.0,270.0,144.0,0.0,0.0,0.0,0.0,0.0,0.0,1024.0,768.0,0.00897216796875,Female,White,True,Female_White,0.0
1951,12--Group/12_Group_Group_12_Group_Group_12_261.jpg,368.0,44.0,430.0,124.0,0.0,0.0,0.0,0.0,0.0,0.0,1024.0,768.0,0.0063069661458333,Female,White,True,Female_White,0.0
1952,12--Group/12_Group_Group_12_Group_Group_12_261.jpg,520.0,60.0,582.0,144.0,0.0,0.0,0.0,0.0,0.0,0.0,1024.0,768.0,0.006622314453125,Female,White,True,Female_White,0.0
1953,12--Group/12_Group_Group_12_Group_Group_12_261.jpg,696.0,62.0,760.0,136.0,0.0,0.0,0.0,0.0,0.0,0.0,1024.0,768.0,0.0060221354166666,Female,White,True,Female_White,0.0
1954,12--Group/12_Group_Group_12_Group_Group_12_261.jpg,834.0,76.0,902.0,158.0,0.0,0.0,0.0,0.0,0.0,0.0,1024.0,768.0,0.0070902506510416,Female,White,True,Female_White,0.0
1985,12--Group/12_Group_Group_12_Group_Group_12_193.jpg,108.0,106.0,222.0,270.0,0.0,0.0,0.0,0.0,0.0,0.0,1024.0,684.0,0.0266927083333333,Female,White,True,Female_White,0.0
1986,12--Group/12_Group_Group_12_Group_Group_12_193.jpg,340.0,138.0,438.0,286.0,0.0,0.0,1.0,0.0,0.0,0.0,1024.0,684.0,0.0207076937134502,Female,Black,True,Female_Black,0.0
1987,12--Group/12_Group_Group_12_Group_Group_12_193.jpg,560.0,226.0,650.0,358.0,0.0,0.0,1.0,0.0,0.0,0.0,1024.0,684.0,0.0169613486842105,Female,White,True,Female_White,0.0
1988,12--Group/12_Group_Group_12_Group_Group_12_193.jpg,796.0,116.0,884.0,246.0,0.0,0.0,0.0,0.0,0.0,0.0,1024.0,684.0,0.0163331505847953,Female,White,True,Female_White,0.0
1993,12--Group/12_Group_Team_Organized_Group_12_Group_Team_Organized_Group_12_841.jpg,285.0,232.0,594.0,645.0,0.0,0.0,1.0,0.0,0.0,0.0,1024.0,1366.0,0.0912342434571742,Female,White,True,Female_White,3.0
2048,12--Group/12_Group_Team_Organized_Group_12_Group_Team_Organized_Group_12_350.jpg,466.0,366.0,576.0,550.0,0.0,0.0,1.0,0.0,0.0,0.0,1024.0,1016.0,0.0194543553149606,Female,White,True,Female_White,0.0
2049,12--Group/12_Group_Group_12_Group_Group_12_277.jpg,196.0,120.0,272.0,218.0,0.0,0.0,0.0,0.0,0.0,0.0,1024.0,768.0,0.0094706217447916,Female,White,True,Female_White,0.0
2050,12--Group/12_Group_Group_12_Group_Group_12_277.jpg,352.0,218.0,432.0,326.0,0.0,0.0,0.0,0.0,0.0,0.0,1024.0,768.0,0.010986328125,Female,White,True,Female_White,0.0
2051,12--Group/12_Group_Group_12_Group_Group_12_277.jpg,492.0,16.0,564.0,120.0,0.0,0.0,0.0,0.0,0.0,0.0,1024.0,768.0,0.009521484375,Female,White,True,Female_White,0.0
2052,12--Group/12_Group_Group_12_Group_Group_12_277.jpg,562.0,232.0,642.0,344.0,0.0,0.0,0.0,0.0,0.0,0.0,1024.0,768.0,0.0113932291666666,Female,White,True,Female_White,0.0
2053,12--Group/12_Group_Group_12_Group_Group_12_277.jpg,768.0,76.0,842.0,186.0,0.0,0.0,0.0,0.0,0.0,0.0,1024.0,768.0,0.0103505452473958,Female,White,True,Female_White,0.0
2057,12--Group/12_Group_Group_12_Group_Group_12_513.jpg,863.0,83.0,908.0,126.0,1.0,0.0,1.0,0.0,0.0,0.0,1024.0,651.0,0.0029026857718894,Female,Asian,True,Female_Asian,0.0
2058,12--Group/12_Group_Group_12_Group_Group_12_513.jpg,734.0,110.0,775.0,156.0,1.0,0.0,1.0,0.0,0.0,0.0,1024.0,651.0,0.0028291810675883,Female,Asian,True,Female_Asian,0.0
2059,12--Group/12_Group_Group_12_Group_Group_12_513.jpg,577.0,67.0,620.0,121.0,1.0,0.0,1.0,0.0,0.0,0.0,1024.0,651.0,0.0034832229262672,Female,Asian,True,Female_Asian,0.0
2060,12--Group/12_Group_Group_12_Group_Group_12_513.jpg,455.0,73.0,501.0,130.0,1.0,0.0,1.0,0.0,0.0,0.0,1024.0,651.0,0.0039332517281105,Female,Asian,True,Female_Asian,0.0
2061,12--Group/12_Group_Group_12_Group_Group_12_513.jpg,327.0,48.0,371.0,104.0,1.0,0.0,1.0,0.0,0.0,0.0,1024.0,651.0,0.0036962365591397,Female,Asian,True,Female_Asian,0.0
2062,12--Group/12_Group_Group_12_Group_Group_12_513.jpg,193.0,76.0,242.0,132.0,1.0,0.0,1.0,0.0,0.0,0.0,1024.0,651.0,0.0041162634408602,Female,Asian,True,Female_Asian,0.0
2063,12--Group/12_Group_Group_12_Group_Group_12_513.jpg,132.0,62.0,176.0,117.0,1.0,0.0,1.0,0.0,0.0,0.0,1024.0,651.0,0.0036302323348694,Female,Asian,True,Female_Asian,0.0
2094,12--Group/12_Group_Group_12_Group_Group_12_633.jpg,743.0,135.0,787.0,191.0,0.0,0.0,0.0,0.0,0.0,0.0,1024.0,793.0,0.0030343631778058,Female,White,True,Female_White,0.0
2095,12--Group/12_Group_Group_12_Group_Group_12_633.jpg,590.0,204.0,639.0,265.0,0.0,0.0,0.0,0.0,0.0,0.0,1024.0,793.0,0.0036808894230769,Female,Asian,True,Female_Asian,0.0
2096,12--Group/12_Group_Group_12_Group_Group_12_633.jpg,392.0,187.0,437.0,247.0,0.0,0.0,0.0,0.0,0.0,0.0,1024.0,793.0,0.0033249921185372,Female,White,True,Female_White,0.0
2097,12--Group/12_Group_Group_12_Group_Group_12_633.jpg,179.0,223.0,229.0,285.0,0.0,0.0,0.0,0.0,0.0,0.0,1024.0,793.0,0.0038175835435056,Female,White,True,Female_White,0.0
2098,12--Group/12_Group_Large_Group_12_Group_Large_Group_12_391.jpg,167.0,170.0,295.0,346.0,0.0,0.0,0.0,0.0,0.0,0.0,1024.0,1429.0,0.0153953813855843,Female,Asian,True,Female_Asian,0.0
2099,12--Group/12_Group_Large_Group_12_Group_Large_Group_12_391.jpg,441.0,198.0,578.0,365.0,0.0,0.0,1.0,0.0,0.0,0.0,1024.0,1429.0,0.0156352508310007,Female,Asian,True,Female_Asian,0.0
2100,12--Group/12_Group_Large_Group_12_Group_Large_Group_12_391.jpg,725.0,167.0,851.0,334.0,0.0,0.0,1.0,0.0,0.0,0.0,1024.0,1429.0,0.0143798657277816,Female,Asian,True,Female_Asian,0.0
2101,12--Group/12_Group_Large_Group_12_Group_Large_Group_12_391.jpg,243.0,432.0,380.0,613.0,0.0,0.0,0.0,0.0,0.0,0.0,1024.0,1429.0,0.0169459904216235,Female,Asian,True,Female_Asian,0.0
2102,12--Group/12_Group_Large_Group_12_Group_Large_Group_12_391.jpg,458.0,547.0,575.0,720.0,0.0,0.0,1.0,0.0,0.0,0.0,1024.0,1429.0,0.0138324713523442,Female,Asian,True,Female_Asian,0.0
2103,12--Group/12_Group_Large_Group_12_Group_Large_Group_12_391.jpg,686.0,455.0,817.0,608.0,0.0,0.0,0.0,0.0,0.0,0.0,1024.0,1429.0,0.013697160383135,Female,Asian,True,Female_Asian,0.0
2104,12--Group/12_Group_Large_Group_12_Group_Large_Group_12_391.jpg,170.0,686.0,301.0,848.0,0.0,0.0,1.0,0.0,0.0,0.0,1024.0,1429.0,0.01450287569979,Female,Asian,True,Female_Asian,0.0
2105,12--Group/12_Group_Large_Group_12_Group_Large_Group_12_391.jpg,773.0,678.0,890.0,840.0,0.0,0.0,1.0,0.0,0.0,0.0,1024.0,1429.0,0.0129529500524842,Female,Asian,True,Female_Asian,0.0
2106,12--Group/12_Group_Large_Group_12_Group_Large_Group_12_391.jpg,212.0,935.0,332.0,1094.0,0.0,0.0,0.0,0.0,0.0,0.0,1024.0,1429.0,0.0130390570328901,Female,Asian,True,Female_Asian,0.0
2107,12--Group/12_Group_Large_Group_12_Group_Large_Group_12_391.jpg,455.0,907.0,578.0,1063.0,0.0,0.0,0.0,0.0,0.0,0.0,1024.0,1429.0,0.0131128630160951,Female,Asian,True,Female_Asian,0.0
2108,12--Group/12_Group_Large_Group_12_Group_Large_Group_12_391.jpg,720.0,938.0,818.0,1086.0,0.0,0.0,1.0,0.0,0.0,0.0,1024.0,1429.0,0.0099118701889433,Female,Asian,True,Female_Asian,0.0
2187,12--Group/12_Group_Group_12_Group_Group_12_35.jpg,6.0,334.0,68.0,432.0,0.0,0.0,0.0,0.0,0.0,0.0,1024.0,768.0,0.0077260335286458,Female,Black,True,Female_Black,0.0
2188,12--Group/12_Group_Group_12_Group_Group_12_35.jpg,148.0,306.0,222.0,402.0,0.0,0.0,0.0,0.0,0.0,0.0,1024.0,768.0,0.009033203125,Female,White,True,Female_White,0.0
2189,12--Group/12_Group_Group_12_Group_Group_12_35.jpg,268.0,286.0,330.0,368.0,0.0,0.0,0.0,0.0,0.0,0.0,1024.0,768.0,0.0064646402994791,Female,White,True,Female_White,0.0
2190,12--Group/12_Group_Group_12_Group_Group_12_35.jpg,420.0,286.0,482.0,368.0,0.0,0.0,0.0,0.0,0.0,0.0,1024.0,768.0,0.0064646402994791,Female,White,True,Female_White,0.0
2191,12--Group/12_Group_Group_12_Group_Group_12_35.jpg,546.0,358.0,600.0,430.0,0.0,0.0,0.0,0.0,0.0,0.0,1024.0,768.0,0.00494384765625,Female,White,True,Female_White,0.0
2192,12--Group/12_Group_Group_12_Group_Group_12_35.jpg,600.0,342.0,660.0,416.0,0.0,0.0,0.0,0.0,0.0,0.0,1024.0,768.0,0.005645751953125,Female,White,True,Female_White,0.0
2193,12--Group/12_Group_Group_12_Group_Group_12_35.jpg,764.0,296.0,826.0,376.0,0.0,0.0,0.0,0.0,0.0,0.0,1024.0,768.0,0.0063069661458333,Female,Asian,True,Female_Asian,0.0
2194,12--Group/12_Group_Group_12_Group_Group_12_35.jpg,846.0,304.0,906.0,382.0,0.0,0.0,0.0,0.0,0.0,0.0,1024.0,768.0,0.005950927734375,Female,White,True,Female_White,0.0
2198,12--Group/12_Group_Team_Organized_Group_12_Group_Team_Organized_Group_12_538.jpg,302.0,102.0,600.0,566.0,0.0,0.0,0.0,0.0,0.0,0.0,1024.0,704.0,0.1918057528409091,Female,White,True,Female_White,7.0
2224,12--Group/12_Group_Group_12_Group_Group_12_244.jpg,116.0,44.0,218.0,176.0,0.0,0.0,0.0,0.0,0.0,0.0,1024.0,1027.0,0.0128027629016553,Female,Asian,True,Female_Asian,0.0
2225,12--Group/12_Group_Group_12_Group_Group_12_244.jpg,393.0,242.0,545.0,452.0,0.0,0.0,0.0,0.0,0.0,0.0,1024.0,1027.0,0.0303523612463485,Female,Asian,True,Female_Asian,1.0
2226,12--Group/12_Group_Group_12_Group_Group_12_244.jpg,741.0,102.0,1022.0,439.0,0.0,0.0,0.0,0.0,0.0,0.0,1024.0,1027.0,0.0900462892526777,Female,Asian,True,Female_Asian,3.0
2227,12--Group/12_Group_Group_12_Group_Group_12_244.jpg,295.0,655.0,369.0,717.0,1.0,0.0,0.0,0.0,0.0,0.0,1024.0,1027.0,0.0043626764849074,Female,Asian,True,Female_Asian,0.0
2228,12--Group/12_Group_Group_12_Group_Group_12_244.jpg,641.0,649.0,723.0,717.0,1.0,0.0,0.0,0.0,0.0,0.0,1024.0,1027.0,0.0053021543330087,Female,Asian,True,Female_Asian,0.0
2281,13--Interview/13_Interview_Interview_Sequences_13_892.jpg,426.0,102.0,548.0,280.0,0.0,0.0,1.0,0.0,0.0,0.0,1024.0,576.0,0.0368177625868055,Female,Asian,True,Female_Asian,1.0
2282,13--Interview/13_Interview_Interview_Sequences_13_503.jpg,218.0,300.0,298.0,386.0,1.0,0.0,0.0,0.0,0.0,1.0,1024.0,666.0,0.0100882132132132,Female,White,True,Female_White,0.0
2284,13--Interview/13_Interview_Interview_Sequences_13_576.jpg,478.0,120.0,738.0,470.0,0.0,0.0,0.0,0.0,0.0,0.0,1024.0,681.0,0.1304951358296622,Female,White,True,Female_White,4.0
2289,13--Interview/13_Interview_Interview_On_Location_13_289.jpg,294.0,13.0,898.0,846.0,0.0,0.0,0.0,0.0,0.0,0.0,1024.0,1320.0,0.3722271543560606,Female,White,True,Female_White,13.0
2298,13--Interview/13_Interview_Interview_On_Location_13_623.jpg,244.0,90.0,420.0,398.0,0.0,1.0,0.0,0.0,0.0,0.0,1024.0,820.0,0.0645579268292683,Female,White,True,Female_White,2.0
2306,13--Interview/13_Interview_Interview_On_Location_13_997.jpg,284.0,470.0,467.0,674.0,1.0,0.0,0.0,0.0,0.0,1.0,1024.0,1535.0,0.0237505089576547,Female,Asian,True,Female_Asian,0.0
2328,13--Interview/13_Interview_Interview_On_Location_13_477.jpg,493.0,283.0,568.0,398.0,0.0,0.0,1.0,0.0,0.0,0.0,1024.0,1368.0,0.0061570552357456,Female,White,True,Female_White,0.0
2340,13--Interview/13_Interview_Interview_On_Location_13_909.jpg,446.0,34.0,812.0,500.0,0.0,0.0,0.0,0.0,0.0,0.0,1024.0,576.0,0.2891642252604167,Female,White,True,Female_White,10.0
2342,13--Interview/13_Interview_Interview_On_Location_13_906.jpg,304.0,124.0,598.0,506.0,0.0,0.0,0.0,0.0,0.0,0.0,1024.0,724.0,0.1514858857044199,Female,White,True,Female_White,5.0
2345,13--Interview/13_Interview_Interview_Sequences_13_913.jpg,497.0,190.0,690.0,497.0,0.0,0.0,0.0,0.0,0.0,0.0,1024.0,1540.0,0.0375729251217532,Female,White,True,Female_White,1.0
2346,13--Interview/13_Interview_Interview_2_People_Visible_13_93.jpg,608.0,224.0,668.0,302.0,0.0,0.0,0.0,0.0,0.0,0.0,1024.0,845.0,0.0054086538461538,Female,White,True,Female_White,0.0
2347,13--Interview/13_Interview_Interview_2_People_Visible_13_93.jpg,222.0,208.0,282.0,312.0,0.0,0.0,1.0,0.0,0.0,0.0,1024.0,845.0,0.0072115384615384,Female,White,True,Female_White,0.0
2350,13--Interview/13_Interview_Interview_On_Location_13_1013.jpg,289.0,348.0,463.0,602.0,0.0,0.0,0.0,0.0,0.0,0.0,1024.0,1369.0,0.0315267759313367,Female,Asian,True,Female_Asian,1.0
2351,13--Interview/13_Interview_Interview_On_Location_13_1013.jpg,569.0,294.0,783.0,569.0,0.0,0.0,0.0,0.0,0.0,0.0,1024.0,1369.0,0.0419800607195032,Female,Asian,True,Female_Asian,1.0
2358,13--Interview/13_Interview_Interview_Sequences_13_915.jpg,222.0,56.0,380.0,184.0,0.0,0.0,1.0,0.0,0.0,0.0,1024.0,502.0,0.0393426294820717,Female,Indian,True,Female_Indian,1.0
2359,13--Interview/13_Interview_Interview_Sequences_13_915.jpg,622.0,48.0,786.0,184.0,0.0,0.0,1.0,0.0,0.0,0.0,1024.0,502.0,0.0433889442231075,Female,Indian,True,Female_Indian,1.0
2367,13--Interview/13_Interview_Interview_Sequences_13_833.jpg,275.0,208.0,835.0,1032.0,0.0,0.0,1.0,0.0,0.0,0.0,1024.0,1366.0,0.3298865300146413,Female,White,True,Female_White,12.0
2379,13--Interview/13_Interview_Interview_On_Location_13_110.jpg,290.0,116.0,530.0,460.0,0.0,0.0,0.0,0.0,0.0,0.0,1024.0,634.0,0.1271687697160883,Female,White,True,Female_White,4.0
2389,13--Interview/13_Interview_Interview_On_Location_13_516.jpg,330.0,205.0,628.0,591.0,1.0,0.0,0.0,0.0,0.0,0.0,1024.0,1362.0,0.0824757938693098,Female,White,True,Female_White,3.0
2391,13--Interview/13_Interview_Interview_On_Location_13_595.jpg,282.0,110.0,632.0,644.0,0.0,0.0,0.0,0.0,0.0,0.0,1024.0,1280.0,0.1425933837890625,Female,White,True,Female_White,5.0
2398,13--Interview/13_Interview_Interview_On_Location_13_360.jpg,450.0,2.0,666.0,284.0,0.0,0.0,0.0,0.0,0.0,0.0,1024.0,576.0,0.103271484375,Female,Indian,True,Female_Indian,3.0
2400,13--Interview/13_Interview_Interview_2_People_Visible_13_231.jpg,432.0,13.0,925.0,565.0,0.0,0.0,1.0,0.0,0.0,0.0,1024.0,1366.0,0.1945518393118594,Female,Asian,True,Female_Asian,7.0
2410,13--Interview/13_Interview_Interview_Sequences_13_814.jpg,397.0,221.0,602.0,496.0,0.0,0.0,0.0,0.0,0.0,0.0,1024.0,1366.0,0.0403028630581991,Female,White,True,Female_White,1.0
2412,13--Interview/13_Interview_Interview_Sequences_13_1036.jpg,426.0,96.0,648.0,390.0,0.0,0.0,0.0,0.0,0.0,0.0,1024.0,573.0,0.1112360929319371,Female,White,True,Female_White,4.0
2421,13--Interview/13_Interview_Interview_On_Location_13_930.jpg,384.0,351.0,654.0,741.0,0.0,0.0,0.0,0.0,0.0,0.0,1024.0,1539.0,0.0668174342105263,Female,Black,True,Female_Black,2.0
2422,13--Interview/13_Interview_Interview_2_People_Visible_13_393.jpg,102.0,251.0,707.0,1055.0,0.0,0.0,0.0,0.0,0.0,0.0,1024.0,1591.0,0.2985666444060339,Female,Indian,True,Female_Indian,11.0
2426,13--Interview/13_Interview_Interview_On_Location_13_902.jpg,274.0,339.0,822.0,1105.0,0.0,0.0,0.0,0.0,0.0,0.0,1024.0,1594.0,0.2571704438519448,Female,White,True,Female_White,9.0
2432,13--Interview/13_Interview_Interview_2_People_Visible_13_167.jpg,130.0,122.0,204.0,246.0,0.0,0.0,0.0,0.0,0.0,0.0,1024.0,564.0,0.0158881870567375,Female,White,True,Female_White,0.0
2433,13--Interview/13_Interview_Interview_2_People_Visible_13_167.jpg,566.0,74.0,640.0,188.0,0.0,0.0,0.0,0.0,0.0,0.0,1024.0,564.0,0.0146068816489361,Female,White,True,Female_White,0.0
2436,13--Interview/13_Interview_Interview_On_Location_13_382.jpg,442.0,6.0,650.0,310.0,0.0,0.0,0.0,0.0,0.0,0.0,1024.0,579.0,0.1066493955094991,Female,Indian,True,Female_Indian,3.0
2488,13--Interview/13_Interview_Interview_Sequences_13_252.jpg,370.0,14.0,794.0,550.0,0.0,0.0,0.0,0.0,0.0,0.0,1024.0,576.0,0.3853081597222222,Female,White,True,Female_White,14.0
2489,13--Interview/13_Interview_Interview_Sequences_13_63.jpg,196.0,0.0,612.0,532.0,0.0,0.0,0.0,0.0,0.0,0.0,1024.0,768.0,0.2814127604166667,Female,White,True,Female_White,10.0
2510,13--Interview/13_Interview_Interview_On_Location_13_399.jpg,602.0,44.0,826.0,352.0,0.0,0.0,0.0,0.0,0.0,0.0,1024.0,1024.0,0.0657958984375,Female,White,True,Female_White,2.0
2511,13--Interview/13_Interview_Interview_On_Location_13_399.jpg,714.0,520.0,812.0,614.0,0.0,0.0,0.0,0.0,0.0,0.0,1024.0,1024.0,0.0087852478027343,Female,White,True,Female_White,0.0
2519,13--Interview/13_Interview_Interview_2_People_Visible_13_130.jpg,82.0,37.0,243.0,237.0,0.0,0.0,0.0,0.0,0.0,0.0,1024.0,576.0,0.0545925564236111,Female,White,True,Female_White,1.0
2520,13--Interview/13_Interview_Interview_2_People_Visible_13_130.jpg,137.0,319.0,192.0,400.0,0.0,0.0,0.0,0.0,0.0,0.0,1024.0,576.0,0.0075531005859375,Female,White,True,Female_White,0.0
2521,13--Interview/13_Interview_Interview_2_People_Visible_13_130.jpg,428.0,101.0,565.0,262.0,0.0,0.0,0.0,0.0,0.0,0.0,1024.0,576.0,0.0373959011501736,Female,White,True,Female_White,1.0
2522,13--Interview/13_Interview_Interview_2_People_Visible_13_130.jpg,831.0,78.0,871.0,138.0,1.0,0.0,1.0,0.0,0.0,0.0,1024.0,576.0,0.0040690104166666,Female,White,True,Female_White,0.0
2523,13--Interview/13_Interview_Interview_Sequences_13_782.jpg,364.0,192.0,559.0,491.0,0.0,0.0,1.0,0.0,0.0,0.0,1024.0,1518.0,0.037508877840909,Female,White,True,Female_White,1.0
2531,13--Interview/13_Interview_Interview_Sequences_13_617.jpg,420.0,6.0,824.0,438.0,0.0,0.0,0.0,0.0,0.0,0.0,1024.0,634.0,0.2688288643533123,Female,White,True,Female_White,10.0
2536,13--Interview/13_Interview_Interview_On_Location_13_420.jpg,244.0,174.0,348.0,352.0,0.0,0.0,0.0,0.0,0.0,0.0,1024.0,683.0,0.0264687042459736,Female,White,True,Female_White,0.0
2537,13--Interview/13_Interview_Interview_On_Location_13_420.jpg,728.0,162.0,830.0,328.0,0.0,0.0,0.0,0.0,0.0,0.0,1024.0,683.0,0.0242095991947291,Female,White,True,Female_White,0.0
2565,13--Interview/13_Interview_Interview_Sequences_13_747.jpg,532.0,51.0,649.0,234.0,0.0,0.0,1.0,0.0,0.0,0.0,1024.0,1536.0,0.0136127471923828,Female,White,True,Female_White,0.0
2567,13--Interview/13_Interview_Interview_Sequences_13_501.jpg,128.0,52.0,254.0,256.0,0.0,0.0,0.0,0.0,0.0,0.0,1024.0,576.0,0.0435791015625,Female,White,True,Female_White,1.0
2568,13--Interview/13_Interview_Interview_Sequences_13_501.jpg,428.0,134.0,574.0,352.0,0.0,0.0,0.0,0.0,0.0,0.0,1024.0,576.0,0.0539618598090277,Female,White,True,Female_White,1.0
2569,13--Interview/13_Interview_Interview_Sequences_13_501.jpg,748.0,94.0,900.0,288.0,1.0,0.0,0.0,0.0,0.0,0.0,1024.0,576.0,0.0499945746527777,Female,White,True,Female_White,1.0
2574,13--Interview/13_Interview_Interview_2_People_Visible_13_560.jpg,286.0,96.0,486.0,424.0,0.0,1.0,0.0,0.0,0.0,0.0,1024.0,845.0,0.0758136094674556,Female,White,True,Female_White,2.0
2586,13--Interview/13_Interview_Interview_2_People_Visible_13_253.jpg,334.0,208.0,742.0,750.0,0.0,0.0,0.0,0.0,0.0,0.0,1024.0,1022.0,0.2113044275929549,Female,White,True,Female_White,7.0
2596,13--Interview/13_Interview_Interview_On_Location_13_882.jpg,466.0,40.0,602.0,244.0,0.0,1.0,1.0,0.0,0.0,0.0,1024.0,680.0,0.03984375,Female,Black,True,Female_Black,1.0
2623,13--Interview/13_Interview_Interview_On_Location_13_841.jpg,398.0,6.0,636.0,288.0,0.0,0.0,0.0,0.0,0.0,0.0,1024.0,342.0,0.1916461074561403,Female,White,True,Female_White,7.0
2646,13--Interview/13_Interview_Interview_On_Location_13_915.jpg,635.0,489.0,857.0,767.0,0.0,0.0,0.0,0.0,0.0,0.0,1024.0,1499.0,0.0402064918278852,Female,White,True,Female_White,1.0
2647,13--Interview/13_Interview_Interview_On_Location_13_915.jpg,415.0,287.0,634.0,591.0,0.0,0.0,0.0,0.0,0.0,1.0,1024.0,1499.0,0.0433726651100733,Female,White,True,Female_White,1.0
2654,13--Interview/13_Interview_Interview_2_People_Visible_13_450.jpg,186.0,216.0,396.0,384.0,0.0,0.0,0.0,0.0,0.0,1.0,1024.0,683.0,0.0504438140556368,Female,Asian,True,Female_Asian,1.0
2655,13--Interview/13_Interview_Interview_On_Location_13_640.jpg,249.0,319.0,704.0,944.0,0.0,0.0,0.0,0.0,0.0,0.0,1024.0,1704.0,0.1629753291886737,Female,White,True,Female_White,6.0
2666,13--Interview/13_Interview_Interview_On_Location_13_351.jpg,348.0,185.0,709.0,621.0,1.0,0.0,0.0,0.0,0.0,0.0,1024.0,1553.0,0.098974263522215,Female,Asian,True,Female_Asian,3.0
2669,13--Interview/13_Interview_Interview_On_Location_13_868.jpg,781.0,249.0,922.0,444.0,1.0,0.0,0.0,0.0,0.0,0.0,1024.0,1447.0,0.0185560372753973,Female,White,True,Female_White,0.0
2670,13--Interview/13_Interview_Interview_On_Location_13_868.jpg,88.0,144.0,255.0,379.0,0.0,0.0,0.0,0.0,0.0,0.0,1024.0,1447.0,0.0264859677349689,Female,White,True,Female_White,0.0
2671,13--Interview/13_Interview_Interview_On_Location_13_760.jpg,325.0,240.0,769.0,902.0,0.0,0.0,0.0,0.0,0.0,0.0,1024.0,1450.0,0.197957974137931,Female,White,True,Female_White,7.0
2672,13--Interview/13_Interview_Interview_On_Location_13_863.jpg,312.0,220.0,656.0,574.0,0.0,0.0,0.0,0.0,0.0,0.0,1024.0,1024.0,0.1161346435546875,Female,White,True,Female_White,4.0
2697,13--Interview/13_Interview_Interview_Sequences_13_694.jpg,267.0,318.0,699.0,925.0,0.0,0.0,0.0,0.0,0.0,0.0,1024.0,1536.0,0.166717529296875,Female,White,True,Female_White,6.0
2713,13--Interview/13_Interview_Interview_2_People_Visible_13_278.jpg,32.0,108.0,594.0,883.0,0.0,0.0,0.0,0.0,0.0,0.0,1024.0,1500.0,0.2835611979166667,Female,Indian,True,Female_Indian,10.0
2722,13--Interview/13_Interview_Interview_On_Location_13_816.jpg,313.0,475.0,782.0,1054.0,0.0,0.0,0.0,0.0,0.0,0.0,1024.0,1407.0,0.1884765625,Female,White,True,Female_White,7.0
2735,13--Interview/13_Interview_Interview_Sequences_13_786.jpg,266.0,152.0,710.0,774.0,0.0,0.0,1.0,0.0,0.0,0.0,1024.0,934.0,0.28875301124197,Female,White,True,Female_White,10.0
2736,13--Interview/13_Interview_Interview_2_People_Visible_13_185.jpg,203.0,123.0,363.0,376.0,0.0,0.0,0.0,0.0,0.0,0.0,1024.0,1366.0,0.0289394216691068,Female,White,True,Female_White,1.0
2737,13--Interview/13_Interview_Interview_2_People_Visible_13_185.jpg,613.0,187.0,821.0,515.0,0.0,0.0,0.0,0.0,0.0,0.0,1024.0,1366.0,0.0487737920937042,Female,White,True,Female_White,1.0
2766,13--Interview/13_Interview_Interview_Sequences_13_443.jpg,234.0,76.0,728.0,490.0,0.0,0.0,0.0,0.0,1.0,1.0,1024.0,683.0,0.2924197016837481,Female,White,True,Female_White,10.0
2767,13--Interview/13_Interview_Interview_On_Location_13_406.jpg,466.0,51.0,603.0,252.0,0.0,0.0,1.0,0.0,0.0,0.0,1024.0,1372.0,0.0196002926840379,Female,White,True,Female_White,0.0
2768,13--Interview/13_Interview_Interview_On_Location_13_275.jpg,464.0,389.0,533.0,482.0,1.0,0.0,0.0,0.0,0.0,0.0,1024.0,1543.0,0.0040613101506804,Female,White,True,Female_White,0.0
2769,13--Interview/13_Interview_Interview_On_Location_13_275.jpg,626.0,367.0,704.0,460.0,1.0,0.0,0.0,0.0,0.0,0.0,1024.0,1543.0,0.0045910462572909,Female,White,True,Female_White,0.0
2770,13--Interview/13_Interview_Interview_On_Location_13_205.jpg,302.0,86.0,538.0,450.0,0.0,0.0,0.0,0.0,0.0,0.0,1024.0,576.0,0.1456434461805555,Female,White,True,Female_White,5.0
2788,13--Interview/13_Interview_Interview_On_Location_13_421.jpg,436.0,128.0,602.0,382.0,0.0,0.0,0.0,0.0,0.0,0.0,1024.0,576.0,0.0714857313368055,Female,Indian,True,Female_Indian,2.0
2812,13--Interview/13_Interview_Interview_Sequences_13_90.jpg,512.0,94.0,772.0,508.0,0.0,0.0,0.0,0.0,0.0,0.0,1024.0,576.0,0.1824951171875,Female,White,True,Female_White,6.0
2815,13--Interview/13_Interview_Interview_On_Location_13_90.jpg,204.0,145.0,402.0,392.0,0.0,0.0,0.0,0.0,0.0,0.0,1024.0,576.0,0.082916259765625,Female,White,True,Female_White,3.0
2816,13--Interview/13_Interview_Interview_On_Location_13_90.jpg,748.0,52.0,789.0,99.0,1.0,0.0,0.0,0.0,0.0,0.0,1024.0,576.0,0.0032670762803819,Female,White,True,Female_White,0.0
2818,13--Interview/13_Interview_Interview_Sequences_13_157.jpg,378.0,116.0,604.0,406.0,0.0,0.0,0.0,0.0,0.0,0.0,1024.0,890.0,0.0719145014044943,Female,Indian,True,Female_Indian,2.0
2821,13--Interview/13_Interview_Interview_Sequences_13_818.jpg,446.0,64.0,502.0,148.0,0.0,0.0,0.0,0.0,0.0,0.0,1024.0,452.0,0.0101631637168141,Female,White,True,Female_White,0.0
2822,13--Interview/13_Interview_Interview_Sequences_13_818.jpg,190.0,54.0,262.0,152.0,0.0,0.0,0.0,0.0,0.0,0.0,1024.0,452.0,0.0152447455752212,Female,Asian,True,Female_Asian,0.0
2832,13--Interview/13_Interview_Interview_On_Location_13_646.jpg,434.0,132.0,718.0,564.0,0.0,0.0,0.0,0.0,0.0,0.0,1024.0,885.0,0.1353813559322033,Female,White,True,Female_White,5.0
2840,13--Interview/13_Interview_Interview_On_Location_13_719.jpg,450.0,18.0,582.0,184.0,0.0,0.0,0.0,0.0,0.0,0.0,1024.0,400.0,0.05349609375,Female,Asian,True,Female_Asian,1.0
2841,13--Interview/13_Interview_Interview_On_Location_13_719.jpg,708.0,136.0,840.0,320.0,0.0,0.0,0.0,0.0,0.0,0.0,1024.0,400.0,0.059296875,Female,Asian,True,Female_Asian,2.0
2842,13--Interview/13_Interview_Interview_On_Location_13_719.jpg,244.0,196.0,380.0,386.0,0.0,0.0,0.0,0.0,0.0,0.0,1024.0,400.0,0.0630859375,Female,Asian,True,Female_Asian,2.0
2850,13--Interview/13_Interview_Interview_2_People_Visible_13_493.jpg,692.0,16.0,834.0,292.0,0.0,1.0,0.0,0.0,0.0,0.0,1024.0,352.0,0.1087313565340909,Female,White,True,Female_White,4.0
2868,13--Interview/13_Interview_Interview_On_Location_13_944.jpg,189.0,405.0,778.0,1222.0,0.0,0.0,0.0,0.0,0.0,0.0,1024.0,1538.0,0.3055491354437581,Female,Indian,True,Female_Indian,11.0
2870,13--Interview/13_Interview_Interview_2_People_Visible_13_108.jpg,90.0,131.0,150.0,199.0,0.0,0.0,0.0,0.0,0.0,0.0,1024.0,768.0,0.00518798828125,Female,Asian,True,Female_Asian,0.0
2871,13--Interview/13_Interview_Interview_2_People_Visible_13_108.jpg,320.0,139.0,475.0,389.0,0.0,0.0,0.0,0.0,1.0,0.0,1024.0,768.0,0.0492731730143229,Female,Asian,True,Female_Asian,1.0
2872,13--Interview/13_Interview_Interview_2_People_Visible_13_108.jpg,729.0,0.0,866.0,116.0,0.0,0.0,0.0,0.0,0.0,0.0,1024.0,768.0,0.0202077229817708,Female,Asian,True,Female_Asian,0.0
2873,13--Interview/13_Interview_Interview_2_People_Visible_13_108.jpg,971.0,21.0,1023.0,91.0,0.0,0.0,0.0,0.0,0.0,0.0,1024.0,768.0,0.0046284993489583,Female,Asian,True,Female_Asian,0.0
2881,13--Interview/13_Interview_Interview_2_People_Visible_13_492.jpg,386.0,28.0,804.0,668.0,0.0,0.0,1.0,0.0,0.0,0.0,1024.0,908.0,0.2877202643171806,Female,White,True,Female_White,10.0
2896,13--Interview/13_Interview_Interview_Sequences_13_166.jpg,292.0,32.0,598.0,428.0,0.0,0.0,0.0,0.0,0.0,0.0,1024.0,576.0,0.2054443359375,Female,White,True,Female_White,7.0
2897,13--Interview/13_Interview_Interview_Sequences_13_776.jpg,310.0,78.0,592.0,456.0,0.0,0.0,0.0,0.0,0.0,0.0,1024.0,634.0,0.164191886829653,Female,White,True,Female_White,6.0
2914,13--Interview/13_Interview_Interview_2_People_Visible_13_305.jpg,368.0,83.0,651.0,558.0,0.0,1.0,0.0,0.0,0.0,0.0,1024.0,1366.0,0.0961013280106149,Female,White,True,Female_White,3.0
2945,13--Interview/13_Interview_Interview_Sequences_13_72.jpg,176.0,10.0,566.0,442.0,0.0,0.0,0.0,0.0,0.0,1.0,1024.0,572.0,0.2876420454545454,Female,White,True,Female_White,10.0
2946,14--Traffic/14_Traffic_Traffic_14_650.jpg,556.0,64.0,742.0,320.0,0.0,0.0,1.0,0.0,0.0,0.0,1024.0,500.0,0.093,Female,White,True,Female_White,3.0
2959,14--Traffic/14_Traffic_Traffic_14_1004.jpg,318.0,168.0,753.0,793.0,0.0,0.0,0.0,0.0,0.0,0.0,1024.0,1537.0,0.1727410082547169,Female,White,True,Female_White,6.0
2962,14--Traffic/14_Traffic_Traffic_14_531.jpg,165.0,300.0,748.0,1021.0,0.0,0.0,0.0,0.0,0.0,1.0,1024.0,1536.0,0.2672468821207682,Female,Indian,True,Female_Indian,10.0
2966,14--Traffic/14_Traffic_Traffic_14_704.jpg,598.0,70.0,718.0,262.0,0.0,0.0,1.0,0.0,0.0,0.0,1024.0,679.0,0.0331369661266568,Female,White,True,Female_White,1.0
2967,14--Traffic/14_Traffic_Traffic_14_939.jpg,350.0,325.0,725.0,797.0,0.0,0.0,0.0,0.0,0.0,0.0,1024.0,1280.0,0.135040283203125,Female,White,True,Female_White,5.0
2968,14--Traffic/14_Traffic_Traffic_14_325.jpg,320.0,275.0,672.0,779.0,0.0,0.0,0.0,0.0,0.0,0.0,1024.0,1365.0,0.1269230769230769,Female,Black,True,Female_Black,4.0
2972,14--Traffic/14_Traffic_Traffic_14_727.jpg,242.0,104.0,390.0,264.0,0.0,0.0,0.0,0.0,0.0,1.0,1024.0,683.0,0.0338579795021961,Female,Indian,True,Female_Indian,1.0
2973,14--Traffic/14_Traffic_Traffic_14_727.jpg,596.0,104.0,730.0,278.0,0.0,0.0,0.0,0.0,0.0,0.0,1024.0,683.0,0.0333375274524158,Female,Indian,True,Female_Indian,1.0
2975,14--Traffic/14_Traffic_Traffic_14_820.jpg,304.0,290.0,476.0,530.0,0.0,0.0,0.0,0.0,0.0,0.0,1024.0,966.0,0.0417313664596273,Female,White,True,Female_White,1.0
2976,14--Traffic/14_Traffic_Traffic_14_820.jpg,596.0,246.0,778.0,488.0,0.0,0.0,0.0,0.0,0.0,0.0,1024.0,966.0,0.0445255887681159,Female,White,True,Female_White,1.0
2987,14--Traffic/14_Traffic_Traffic_14_775.jpg,446.0,96.0,622.0,326.0,0.0,0.0,0.0,0.0,0.0,0.0,1024.0,679.0,0.0582198085419734,Female,White,True,Female_White,2.0
2996,15--Stock_Market/15_Stock_Market_Stock_Market_15_679.jpg,454.0,220.0,818.0,684.0,0.0,0.0,0.0,0.0,0.0,0.0,1024.0,895.0,0.1842877094972067,Female,White,True,Female_White,6.0
3030,15--Stock_Market/15_Stock_Market_Stock_Market_15_410.jpg,293.0,383.0,706.0,967.0,0.0,0.0,0.0,0.0,0.0,0.0,1024.0,1532.0,0.1537461243472584,Female,White,True,Female_White,5.0
3054,15--Stock_Market/15_Stock_Market_Stock_Market_15_377.jpg,126.0,32.0,180.0,106.0,1.0,0.0,0.0,0.0,0.0,0.0,1024.0,737.0,0.0052949033242876,Female,Asian,True,Female_Asian,0.0
3055,15--Stock_Market/15_Stock_Market_Stock_Market_15_377.jpg,386.0,126.0,444.0,190.0,1.0,0.0,0.0,0.0,0.0,0.0,1024.0,737.0,0.0049185888738127,Female,White,True,Female_White,0.0
3056,15--Stock_Market/15_Stock_Market_Stock_Market_15_377.jpg,508.0,230.0,596.0,348.0,0.0,0.0,0.0,0.0,0.0,0.0,1024.0,737.0,0.0137593283582089,Female,Asian,True,Female_Asian,0.0
3057,15--Stock_Market/15_Stock_Market_Stock_Market_15_377.jpg,884.0,214.0,988.0,364.0,0.0,0.0,0.0,0.0,0.0,0.0,1024.0,737.0,0.0206707937584803,Female,White,True,Female_White,0.0
3062,16--Award_Ceremony/16_Award_Ceremony_Awards_Ceremony_16_199.jpg,354.0,78.0,660.0,490.0,0.0,0.0,0.0,0.0,0.0,0.0,1024.0,683.0,0.1802594253294289,Female,White,True,Female_White,6.0
3063,16--Award_Ceremony/16_Award_Ceremony_Awards_Ceremony_16_552.jpg,207.0,219.0,727.0,856.0,0.0,0.0,0.0,0.0,0.0,0.0,1024.0,1536.0,0.2105967203776041,Female,Indian,True,Female_Indian,7.0
3070,16--Award_Ceremony/16_Award_Ceremony_Awards_Ceremony_16_478.jpg,258.0,336.0,690.0,928.0,0.0,0.0,0.0,0.0,0.0,0.0,1024.0,1536.0,0.16259765625,Female,White,True,Female_White,6.0
3073,16--Award_Ceremony/16_Award_Ceremony_Awards_Ceremony_16_709.jpg,235.0,109.0,525.0,507.0,0.0,0.0,0.0,0.0,0.0,0.0,1024.0,1326.0,0.085003652903469,Female,Black,True,Female_Black,3.0
3083,16--Award_Ceremony/16_Award_Ceremony_Awards_Ceremony_16_484.jpg,390.0,183.0,658.0,541.0,0.0,0.0,0.0,0.0,0.0,0.0,1024.0,1492.0,0.0627984668230563,Female,White,True,Female_White,2.0
3099,16--Award_Ceremony/16_Award_Ceremony_Awards_Ceremony_16_494.jpg,422.0,144.0,602.0,376.0,0.0,0.0,0.0,0.0,0.0,0.0,1024.0,640.0,0.063720703125,Female,Indian,True,Female_Indian,2.0
3104,16--Award_Ceremony/16_Award_Ceremony_Awards_Ceremony_16_642.jpg,351.0,204.0,702.0,693.0,0.0,0.0,0.0,0.0,0.0,0.0,1024.0,1536.0,0.1091251373291015,Female,Black,True,Female_Black,4.0
3108,16--Award_Ceremony/16_Award_Ceremony_Awards_Ceremony_16_587.jpg,516.0,86.0,716.0,374.0,0.0,0.0,0.0,0.0,0.0,0.0,1024.0,1024.0,0.054931640625,Female,White,True,Female_White,2.0
3113,16--Award_Ceremony/16_Award_Ceremony_Awards_Ceremony_16_374.jpg,430.0,163.0,662.0,522.0,0.0,0.0,0.0,0.0,0.0,0.0,1024.0,1668.0,0.0487625524580335,Female,White,True,Female_White,1.0
3114,16--Award_Ceremony/16_Award_Ceremony_Awards_Ceremony_16_510.jpg,57.0,144.0,93.0,186.0,0.0,0.0,0.0,0.0,0.0,0.0,1024.0,579.0,0.0025501943005181,Female,Asian,True,Female_Asian,0.0
3115,16--Award_Ceremony/16_Award_Ceremony_Awards_Ceremony_16_510.jpg,189.0,112.0,225.0,153.0,0.0,0.0,0.0,0.0,0.0,0.0,1024.0,579.0,0.002489475388601,Female,Asian,True,Female_Asian,0.0
3116,16--Award_Ceremony/16_Award_Ceremony_Awards_Ceremony_16_510.jpg,280.0,117.0,317.0,161.0,0.0,0.0,0.0,0.0,0.0,0.0,1024.0,579.0,0.0027458441278065,Female,Asian,True,Female_Asian,0.0
3117,16--Award_Ceremony/16_Award_Ceremony_Awards_Ceremony_16_510.jpg,401.0,144.0,432.0,188.0,0.0,0.0,0.0,0.0,0.0,0.0,1024.0,579.0,0.0023005721070811,Female,Asian,True,Female_Asian,0.0
3118,16--Award_Ceremony/16_Award_Ceremony_Awards_Ceremony_16_510.jpg,495.0,112.0,528.0,158.0,0.0,0.0,0.0,0.0,0.0,0.0,1024.0,579.0,0.0025603141191709,Female,Asian,True,Female_Asian,0.0
3119,16--Award_Ceremony/16_Award_Ceremony_Awards_Ceremony_16_510.jpg,593.0,140.0,629.0,185.0,0.0,0.0,0.0,0.0,0.0,0.0,1024.0,579.0,0.0027323510362694,Female,Asian,True,Female_Asian,0.0
3120,16--Award_Ceremony/16_Award_Ceremony_Awards_Ceremony_16_510.jpg,712.0,138.0,747.0,179.0,0.0,0.0,0.0,0.0,0.0,0.0,1024.0,579.0,0.0024203232944732,Female,Asian,True,Female_Asian,0.0
3121,16--Award_Ceremony/16_Award_Ceremony_Awards_Ceremony_16_510.jpg,794.0,147.0,832.0,186.0,0.0,0.0,0.0,0.0,0.0,0.0,1024.0,579.0,0.0024995952072538,Female,Asian,True,Female_Asian,0.0
3122,16--Award_Ceremony/16_Award_Ceremony_Awards_Ceremony_16_510.jpg,883.0,126.0,921.0,174.0,0.0,0.0,0.0,0.0,0.0,0.0,1024.0,579.0,0.0030764248704663,Female,Asian,True,Female_Asian,0.0
3127,16--Award_Ceremony/16_Award_Ceremony_Awards_Ceremony_16_339.jpg,295.0,149.0,609.0,600.0,0.0,0.0,0.0,0.0,0.0,0.0,1024.0,1408.0,0.0982208251953125,Female,White,True,Female_White,3.0
3137,16--Award_Ceremony/16_Award_Ceremony_Awards_Ceremony_16_520.jpg,230.0,230.0,640.0,796.0,0.0,0.0,0.0,0.0,0.0,0.0,1024.0,1294.0,0.1751322208268933,Female,Indian,True,Female_Indian,6.0
3148,16--Award_Ceremony/16_Award_Ceremony_Awards_Ceremony_16_385.jpg,432.0,150.0,694.0,538.0,0.0,0.0,0.0,0.0,0.0,0.0,1024.0,1741.0,0.0570209290637564,Female,White,True,Female_White,2.0
3152,16--Award_Ceremony/16_Award_Ceremony_Awards_Ceremony_16_314.jpg,295.0,177.0,711.0,835.0,0.0,0.0,0.0,0.0,0.0,0.0,1024.0,1514.0,0.1765604359313078,Female,White,True,Female_White,6.0
3154,16--Award_Ceremony/16_Award_Ceremony_Awards_Ceremony_16_279.jpg,392.0,229.0,688.0,650.0,0.0,0.0,0.0,0.0,0.0,0.0,1024.0,1140.0,0.106750274122807,Female,White,True,Female_White,3.0
3155,16--Award_Ceremony/16_Award_Ceremony_Awards_Ceremony_16_486.jpg,326.0,215.0,678.0,680.0,0.0,0.0,0.0,0.0,0.0,0.0,1024.0,1492.0,0.1071338806970509,Female,White,True,Female_White,3.0
3160,16--Award_Ceremony/16_Award_Ceremony_Awards_Ceremony_16_545.jpg,438.0,113.0,634.0,393.0,0.0,0.0,0.0,0.0,0.0,0.0,1024.0,1525.0,0.0351434426229508,Female,White,True,Female_White,1.0
3161,16--Award_Ceremony/16_Award_Ceremony_Awards_Ceremony_16_153.jpg,366.0,211.0,644.0,575.0,0.0,0.0,0.0,0.0,0.0,0.0,1024.0,1218.0,0.0811332614942528,Female,White,True,Female_White,2.0
3162,16--Award_Ceremony/16_Award_Ceremony_Awards_Ceremony_16_471.jpg,351.0,130.0,590.0,489.0,0.0,0.0,0.0,0.0,0.0,0.0,1024.0,1330.0,0.0630000293703007,Female,White,True,Female_White,2.0
3170,16--Award_Ceremony/16_Award_Ceremony_Awards_Ceremony_16_237.jpg,356.0,88.0,584.0,390.0,0.0,0.0,0.0,0.0,0.0,0.0,1024.0,683.0,0.0984512262079062,Female,White,True,Female_White,3.0
3171,16--Award_Ceremony/16_Award_Ceremony_Awards_Ceremony_16_209.jpg,396.0,225.0,702.0,639.0,0.0,0.0,0.0,0.0,0.0,0.0,1024.0,1539.0,0.0803865131578947,Female,White,True,Female_White,2.0
3175,16--Award_Ceremony/16_Award_Ceremony_Awards_Ceremony_16_508.jpg,327.0,171.0,777.0,817.0,0.0,0.0,0.0,0.0,0.0,0.0,1024.0,1434.0,0.1979684231171548,Female,White,True,Female_White,7.0
3182,16--Award_Ceremony/16_Award_Ceremony_Awards_Ceremony_16_533.jpg,301.0,281.0,729.0,848.0,0.0,0.0,0.0,0.0,0.0,0.0,1024.0,1452.0,0.1632150697314049,Female,White,True,Female_White,6.0
3184,16--Award_Ceremony/16_Award_Ceremony_Awards_Ceremony_16_206.jpg,210.0,273.0,606.0,895.0,0.0,0.0,0.0,0.0,0.0,0.0,1024.0,1536.0,0.1566009521484375,Female,White,True,Female_White,5.0
3199,16--Award_Ceremony/16_Award_Ceremony_Awards_Ceremony_16_373.jpg,277.0,173.0,510.0,491.0,0.0,0.0,0.0,0.0,0.0,0.0,1024.0,1407.0,0.0514267390724946,Female,White,True,Female_White,1.0
3200,16--Award_Ceremony/16_Award_Ceremony_Awards_Ceremony_16_530.jpg,414.0,245.0,781.0,761.0,0.0,0.0,0.0,0.0,0.0,0.0,1024.0,1335.0,0.1385270365168539,Female,White,True,Female_White,5.0
3203,16--Award_Ceremony/16_Award_Ceremony_Awards_Ceremony_16_501.jpg,361.0,122.0,608.0,486.0,0.0,0.0,0.0,0.0,0.0,0.0,1024.0,1391.0,0.0631206191588785,Female,White,True,Female_White,2.0
3208,16--Award_Ceremony/16_Award_Ceremony_Awards_Ceremony_16_577.jpg,468.0,105.0,864.0,649.0,0.0,0.0,0.0,0.0,0.0,0.0,1024.0,1536.0,0.136962890625,Female,Black,True,Female_Black,5.0
3209,16--Award_Ceremony/16_Award_Ceremony_Awards_Ceremony_16_594.jpg,302.0,220.0,690.0,719.0,0.0,0.0,0.0,0.0,0.0,0.0,1024.0,1460.0,0.1295028895547945,Female,White,True,Female_White,4.0
3211,16--Award_Ceremony/16_Award_Ceremony_Awards_Ceremony_16_439.jpg,230.0,115.0,578.0,627.0,0.0,0.0,0.0,0.0,0.0,0.0,1024.0,1551.0,0.1121856866537717,Female,White,True,Female_White,4.0
3212,16--Award_Ceremony/16_Award_Ceremony_Awards_Ceremony_16_496.jpg,355.0,223.0,662.0,657.0,0.0,0.0,0.0,0.0,0.0,0.0,1024.0,1545.0,0.0842169801779935,Female,White,True,Female_White,3.0
3214,16--Award_Ceremony/16_Award_Ceremony_Awards_Ceremony_16_531.jpg,280.0,228.0,672.0,759.0,0.0,0.0,0.0,0.0,0.0,0.0,1024.0,1476.0,0.1377191310975609,Female,White,True,Female_White,5.0
3233,16--Award_Ceremony/16_Award_Ceremony_Awards_Ceremony_16_582.jpg,379.0,274.0,701.0,684.0,0.0,0.0,0.0,0.0,0.0,0.0,1024.0,1543.0,0.0835552697666882,Female,Indian,True,Female_Indian,3.0
3236,16--Award_Ceremony/16_Award_Ceremony_Awards_Ceremony_16_384.jpg,365.0,203.0,624.0,562.0,0.0,0.0,0.0,0.0,0.0,0.0,1024.0,1763.0,0.0515041167399319,Female,White,True,Female_White,1.0
3261,16--Award_Ceremony/16_Award_Ceremony_Awards_Ceremony_16_8.jpg,184.0,36.0,250.0,134.0,0.0,0.0,0.0,0.0,0.0,0.0,1024.0,790.0,0.007995450949367,Female,White,True,Female_White,0.0
3262,16--Award_Ceremony/16_Award_Ceremony_Awards_Ceremony_16_8.jpg,626.0,72.0,806.0,338.0,0.0,0.0,0.0,0.0,0.0,0.0,1024.0,790.0,0.0591871044303797,Female,White,True,Female_White,2.0
3271,16--Award_Ceremony/16_Award_Ceremony_Awards_Ceremony_16_342.jpg,386.0,80.0,740.0,608.0,0.0,0.0,0.0,0.0,0.0,0.0,1024.0,693.0,0.2633928571428571,Female,White,True,Female_White,9.0
3275,16--Award_Ceremony/16_Award_Ceremony_Awards_Ceremony_16_513.jpg,406.0,157.0,644.0,462.0,0.0,0.0,0.0,0.0,0.0,0.0,1024.0,1432.0,0.0495032624825419,Female,White,True,Female_White,1.0
3279,16--Award_Ceremony/16_Award_Ceremony_Awards_Ceremony_16_330.jpg,476.0,188.0,626.0,402.0,0.0,0.0,0.0,0.0,0.0,0.0,1024.0,1024.0,0.0306129455566406,Female,White,True,Female_White,1.0
3282,16--Award_Ceremony/16_Award_Ceremony_Awards_Ceremony_16_541.jpg,347.0,266.0,726.0,771.0,0.0,0.0,0.0,0.0,0.0,0.0,1024.0,1376.0,0.1358351596566133,Female,White,True,Female_White,5.0
3283,16--Award_Ceremony/16_Award_Ceremony_Awards_Ceremony_16_560.jpg,343.0,268.0,825.0,955.0,0.0,0.0,0.0,0.0,0.0,0.0,1024.0,1544.0,0.2094385018620466,Female,White,True,Female_White,7.0
3284,16--Award_Ceremony/16_Award_Ceremony_Awards_Ceremony_16_238.jpg,323.0,231.0,724.0,793.0,0.0,0.0,0.0,0.0,1.0,0.0,1024.0,1477.0,0.1490047922308734,Female,White,True,Female_White,5.0
3285,16--Award_Ceremony/16_Award_Ceremony_Awards_Ceremony_16_401.jpg,272.0,330.0,738.0,969.0,0.0,0.0,0.0,0.0,0.0,0.0,1024.0,1480.0,0.1964830553209459,Female,White,True,Female_White,7.0
3287,16--Award_Ceremony/16_Award_Ceremony_Awards_Ceremony_16_595.jpg,267.0,99.0,808.0,949.0,0.0,0.0,0.0,0.0,0.0,0.0,1024.0,1536.0,0.292364756266276,Female,Black,True,Female_Black,10.0
3290,16--Award_Ceremony/16_Award_Ceremony_Awards_Ceremony_16_576.jpg,379.0,152.0,712.0,611.0,0.0,0.0,0.0,0.0,0.0,0.0,1024.0,1470.0,0.1015405771683673,Female,White,True,Female_White,3.0
3299,16--Award_Ceremony/16_Award_Ceremony_Awards_Ceremony_16_412.jpg,315.0,161.0,569.0,494.0,0.0,0.0,0.0,0.0,0.0,0.0,1024.0,1550.0,0.0532900705645161,Female,White,True,Female_White,1.0
3300,16--Award_Ceremony/16_Award_Ceremony_Awards_Ceremony_16_386.jpg,435.0,190.0,820.0,709.0,0.0,0.0,0.0,0.0,0.0,0.0,1024.0,1280.0,0.1524467468261718,Female,White,True,Female_White,5.0
3301,16--Award_Ceremony/16_Award_Ceremony_Awards_Ceremony_16_538.jpg,204.0,94.0,562.0,590.0,0.0,0.0,0.0,0.0,0.0,0.0,1024.0,1022.0,0.16967343444227,Female,White,True,Female_White,6.0
3302,16--Award_Ceremony/16_Award_Ceremony_Awards_Ceremony_16_229.jpg,410.0,108.0,607.0,421.0,0.0,0.0,0.0,0.0,0.0,0.0,1024.0,1907.0,0.0315762036248033,Female,White,True,Female_White,1.0
3303,16--Award_Ceremony/16_Award_Ceremony_Awards_Ceremony_16_313.jpg,562.0,126.0,724.0,372.0,0.0,0.0,0.0,0.0,0.0,0.0,1024.0,942.0,0.0413141918789808,Female,White,True,Female_White,1.0
3304,16--Award_Ceremony/16_Award_Ceremony_Awards_Ceremony_16_244.jpg,570.0,70.0,726.0,294.0,0.0,0.0,0.0,0.0,0.0,0.0,1024.0,895.0,0.0381284916201117,Female,White,True,Female_White,1.0
3323,17--Ceremony/17_Ceremony_Ceremony_17_255.jpg,687.0,130.0,847.0,314.0,0.0,0.0,0.0,0.0,1.0,0.0,1024.0,1540.0,0.0186688311688311,Female,White,True,Female_White,0.0
3328,17--Ceremony/17_Ceremony_Ceremony_17_185.jpg,692.0,212.0,922.0,528.0,0.0,0.0,0.0,0.0,0.0,0.0,1024.0,738.0,0.0961742039295392,Female,Black,True,Female_Black,3.0
3329,17--Ceremony/17_Ceremony_Ceremony_17_185.jpg,436.0,250.0,538.0,368.0,0.0,0.0,0.0,0.0,1.0,0.0,1024.0,738.0,0.0159267022357723,Female,Black,True,Female_Black,0.0
3330,17--Ceremony/17_Ceremony_Ceremony_17_185.jpg,376.0,258.0,430.0,344.0,0.0,0.0,0.0,0.0,1.0,0.0,1024.0,738.0,0.0061451981707317,Female,Black,True,Female_Black,0.0
3373,17--Ceremony/17_Ceremony_Ceremony_17_474.jpg,455.0,495.0,529.0,604.0,1.0,0.0,0.0,0.0,0.0,0.0,1024.0,1466.0,0.0053730921725784,Female,White,True,Female_White,0.0
3374,17--Ceremony/17_Ceremony_Ceremony_17_474.jpg,609.0,112.0,692.0,192.0,1.0,0.0,0.0,0.0,0.0,0.0,1024.0,1466.0,0.0044231753069577,Female,White,True,Female_White,0.0
3375,17--Ceremony/17_Ceremony_Ceremony_17_474.jpg,160.0,372.0,240.0,472.0,1.0,0.0,0.0,0.0,0.0,0.0,1024.0,1466.0,0.0053291268758526,Female,White,True,Female_White,0.0
3416,17--Ceremony/17_Ceremony_Ceremony_17_270.jpg,224.0,138.0,286.0,206.0,0.0,0.0,0.0,0.0,0.0,0.0,1024.0,864.0,0.0047652633101851,Female,White,True,Female_White,0.0
3417,17--Ceremony/17_Ceremony_Ceremony_17_270.jpg,706.0,194.0,760.0,258.0,0.0,0.0,0.0,0.0,0.0,0.0,1024.0,864.0,0.00390625,Female,White,True,Female_White,0.0
3444,17--Ceremony/17_Ceremony_Ceremony_17_68.jpg,813.0,196.0,866.0,256.0,0.0,0.0,0.0,0.0,0.0,0.0,1024.0,768.0,0.0040435791015625,Female,White,True,Female_White,0.0
3445,17--Ceremony/17_Ceremony_Ceremony_17_68.jpg,557.0,210.0,597.0,288.0,0.0,0.0,0.0,0.0,0.0,0.0,1024.0,768.0,0.00396728515625,Female,Asian,True,Female_Asian,0.0
3446,17--Ceremony/17_Ceremony_Ceremony_17_68.jpg,453.0,223.0,507.0,289.0,0.0,0.0,0.0,0.0,0.0,0.0,1024.0,768.0,0.0045318603515625,Female,Asian,True,Female_Asian,0.0
3455,17--Ceremony/17_Ceremony_Ceremony_17_734.jpg,540.0,206.0,686.0,382.0,1.0,0.0,0.0,0.0,0.0,0.0,1024.0,768.0,0.0326741536458333,Female,Indian,True,Female_Indian,1.0
3456,17--Ceremony/17_Ceremony_Ceremony_17_192.jpg,807.0,235.0,851.0,295.0,1.0,0.0,0.0,0.0,0.0,0.0,1024.0,768.0,0.00335693359375,Female,White,True,Female_White,0.0
3457,17--Ceremony/17_Ceremony_Ceremony_17_192.jpg,682.0,228.0,726.0,290.0,1.0,0.0,0.0,0.0,0.0,0.0,1024.0,768.0,0.0034688313802083,Female,White,True,Female_White,0.0
3458,17--Ceremony/17_Ceremony_Ceremony_17_192.jpg,536.0,236.0,578.0,298.0,1.0,0.0,0.0,0.0,0.0,0.0,1024.0,768.0,0.0033111572265625,Female,Black,True,Female_Black,0.0
3459,17--Ceremony/17_Ceremony_Ceremony_17_192.jpg,415.0,252.0,462.0,312.0,1.0,0.0,0.0,0.0,0.0,0.0,1024.0,768.0,0.0035858154296875,Female,Black,True,Female_Black,0.0
3460,17--Ceremony/17_Ceremony_Ceremony_17_192.jpg,301.0,229.0,345.0,290.0,1.0,0.0,0.0,0.0,0.0,0.0,1024.0,768.0,0.0034128824869791,Female,White,True,Female_White,0.0
3461,17--Ceremony/17_Ceremony_Ceremony_17_192.jpg,163.0,236.0,209.0,300.0,1.0,0.0,0.0,0.0,0.0,0.0,1024.0,768.0,0.0037434895833333,Female,Black,True,Female_Black,0.0
3462,17--Ceremony/17_Ceremony_Ceremony_17_192.jpg,983.0,113.0,1013.0,162.0,1.0,0.0,0.0,0.0,0.0,0.0,1024.0,768.0,0.0018692016601562,Female,White,True,Female_White,0.0
3463,17--Ceremony/17_Ceremony_Ceremony_17_192.jpg,872.0,117.0,915.0,173.0,1.0,0.0,0.0,0.0,0.0,0.0,1024.0,768.0,0.0030619303385416,Female,White,True,Female_White,0.0
3464,17--Ceremony/17_Ceremony_Ceremony_17_192.jpg,804.0,123.0,841.0,172.0,1.0,0.0,0.0,0.0,0.0,0.0,1024.0,768.0,0.0023053487141927,Female,White,True,Female_White,0.0
3465,17--Ceremony/17_Ceremony_Ceremony_17_192.jpg,736.0,69.0,770.0,120.0,1.0,0.0,0.0,0.0,0.0,0.0,1024.0,768.0,0.0022048950195312,Female,White,True,Female_White,0.0
3466,17--Ceremony/17_Ceremony_Ceremony_17_192.jpg,643.0,90.0,679.0,141.0,1.0,0.0,0.0,0.0,0.0,0.0,1024.0,768.0,0.0023345947265625,Female,White,True,Female_White,0.0
3467,17--Ceremony/17_Ceremony_Ceremony_17_192.jpg,554.0,113.0,589.0,166.0,1.0,0.0,0.0,0.0,0.0,0.0,1024.0,768.0,0.0023587544759114,Female,Black,True,Female_Black,0.0
3468,17--Ceremony/17_Ceremony_Ceremony_17_192.jpg,438.0,148.0,481.0,208.0,1.0,0.0,0.0,0.0,0.0,0.0,1024.0,768.0,0.0032806396484375,Female,Black,True,Female_Black,0.0
3469,17--Ceremony/17_Ceremony_Ceremony_17_192.jpg,470.0,101.0,505.0,148.0,1.0,0.0,0.0,0.0,0.0,0.0,1024.0,768.0,0.0020917256673177,Female,White,True,Female_White,0.0
3470,17--Ceremony/17_Ceremony_Ceremony_17_192.jpg,385.0,69.0,419.0,121.0,1.0,0.0,0.0,0.0,0.0,0.0,1024.0,768.0,0.0022481282552083,Female,White,True,Female_White,0.0
3471,17--Ceremony/17_Ceremony_Ceremony_17_192.jpg,307.0,94.0,346.0,144.0,1.0,0.0,0.0,0.0,0.0,0.0,1024.0,768.0,0.0024795532226562,Female,White,True,Female_White,0.0
3472,17--Ceremony/17_Ceremony_Ceremony_17_192.jpg,220.0,96.0,257.0,151.0,1.0,0.0,0.0,0.0,0.0,0.0,1024.0,768.0,0.0025876363118489,Female,Indian,True,Female_Indian,0.0
3473,17--Ceremony/17_Ceremony_Ceremony_17_192.jpg,127.0,115.0,169.0,173.0,1.0,0.0,0.0,0.0,0.0,0.0,1024.0,768.0,0.0030975341796875,Female,White,True,Female_White,0.0
3474,17--Ceremony/17_Ceremony_Ceremony_17_192.jpg,49.0,104.0,93.0,160.0,1.0,0.0,0.0,0.0,0.0,0.0,1024.0,768.0,0.0031331380208333,Female,Black,True,Female_Black,0.0
3491,17--Ceremony/17_Ceremony_Ceremony_17_921.jpg,438.0,191.0,727.0,587.0,0.0,0.0,0.0,0.0,0.0,0.0,1024.0,1524.0,0.0733344611220472,Female,White,True,Female_White,2.0
3507,17--Ceremony/17_Ceremony_Ceremony_17_365.jpg,426.0,252.0,672.0,612.0,0.0,0.0,0.0,0.0,0.0,0.0,1024.0,1537.0,0.056268298633702,Female,Indian,True,Female_Indian,2.0
3510,17--Ceremony/17_Ceremony_Ceremony_17_389.jpg,430.0,204.0,498.0,272.0,1.0,0.0,0.0,0.0,0.0,1.0,1024.0,745.0,0.0060612416107382,Female,Asian,True,Female_Asian,0.0
3535,18--Concerts/18_Concerts_Concerts_18_618.jpg,464.0,148.0,638.0,372.0,0.0,0.0,0.0,0.0,0.0,0.0,1024.0,683.0,0.0557284040995607,Female,White,True,Female_White,2.0
3569,18--Concerts/18_Concerts_Concerts_18_229.jpg,366.0,112.0,672.0,530.0,0.0,0.0,0.0,0.0,0.0,0.0,1024.0,679.0,0.1839619385125184,Female,White,True,Female_White,6.0
3575,18--Concerts/18_Concerts_Concerts_18_531.jpg,310.0,171.0,672.0,717.0,0.0,0.0,0.0,0.0,0.0,0.0,1024.0,1109.0,0.1740482698376916,Female,White,True,Female_White,6.0
3598,18--Concerts/18_Concerts_Concerts_18_782.jpg,259.0,225.0,440.0,508.0,0.0,0.0,0.0,0.0,0.0,0.0,1024.0,1746.0,0.0286497485323596,Female,White,True,Female_White,1.0
3639,18--Concerts/18_Concerts_Concerts_18_1032.jpg,442.0,685.0,576.0,895.0,1.0,0.0,0.0,0.0,0.0,0.0,1024.0,1296.0,0.0212040653935185,Female,White,True,Female_White,0.0
3640,18--Concerts/18_Concerts_Concerts_18_1032.jpg,131.0,670.0,209.0,769.0,1.0,0.0,0.0,0.0,0.0,0.0,1024.0,1296.0,0.0058186848958333,Female,White,True,Female_White,0.0
3645,18--Concerts/18_Concerts_Concerts_18_823.jpg,494.0,190.0,674.0,420.0,0.0,0.0,0.0,0.0,0.0,0.0,1024.0,768.0,0.052642822265625,Female,White,True,Female_White,1.0
3649,18--Concerts/18_Concerts_Concerts_18_819.jpg,406.0,76.0,554.0,282.0,0.0,0.0,0.0,0.0,0.0,0.0,1024.0,683.0,0.0435921486090776,Female,White,True,Female_White,1.0
3667,18--Concerts/18_Concerts_Concerts_18_141.jpg,428.0,42.0,546.0,212.0,0.0,0.0,0.0,0.0,1.0,0.0,1024.0,482.0,0.0406428293568464,Female,White,True,Female_White,1.0
3699,18--Concerts/18_Concerts_Concerts_18_830.jpg,488.0,202.0,684.0,482.0,0.0,0.0,0.0,0.0,0.0,0.0,1024.0,768.0,0.0697835286458333,Female,White,True,Female_White,2.0
3706,18--Concerts/18_Concerts_Concerts_18_859.jpg,126.0,126.0,364.0,433.0,0.0,0.0,0.0,0.0,0.0,0.0,1024.0,1026.0,0.0695453368664717,Female,White,True,Female_White,2.0
3707,18--Concerts/18_Concerts_Concerts_18_859.jpg,749.0,525.0,937.0,769.0,0.0,0.0,0.0,0.0,0.0,0.0,1024.0,1026.0,0.043661671539961,Female,White,True,Female_White,1.0
3713,18--Concerts/18_Concerts_Concerts_18_857.jpg,518.0,174.0,698.0,494.0,0.0,1.0,0.0,0.0,0.0,0.0,1024.0,1534.0,0.0366688396349413,Female,White,True,Female_White,1.0
3715,18--Concerts/18_Concerts_Concerts_18_587.jpg,330.0,259.0,672.0,678.0,0.0,0.0,0.0,0.0,0.0,0.0,1024.0,1582.0,0.0884573028603034,Female,White,True,Female_White,3.0
3719,18--Concerts/18_Concerts_Concerts_18_474.jpg,226.0,215.0,596.0,701.0,0.0,0.0,0.0,0.0,0.0,0.0,1024.0,1413.0,0.1242784633757961,Female,Indian,True,Female_Indian,4.0
3722,18--Concerts/18_Concerts_Concerts_18_768.jpg,304.0,6.0,730.0,480.0,0.0,0.0,0.0,0.0,0.0,0.0,1024.0,592.0,0.3330935916385135,Female,White,True,Female_White,12.0
3725,18--Concerts/18_Concerts_Concerts_18_833.jpg,523.0,125.0,714.0,353.0,0.0,0.0,0.0,0.0,1.0,0.0,1024.0,1557.0,0.0273136440269749,Female,White,True,Female_White,0.0
3726,18--Concerts/18_Concerts_Concerts_18_1040.jpg,280.0,92.0,620.0,530.0,0.0,0.0,0.0,0.0,0.0,0.0,1024.0,634.0,0.2293843651419558,Female,White,True,Female_White,8.0
3730,18--Concerts/18_Concerts_Concerts_18_1018.jpg,418.0,16.0,676.0,326.0,0.0,0.0,0.0,0.0,0.0,0.0,1024.0,1024.0,0.0762748718261718,Female,White,True,Female_White,2.0
3735,18--Concerts/18_Concerts_Concerts_18_440.jpg,410.0,58.0,608.0,402.0,0.0,0.0,0.0,0.0,0.0,0.0,1024.0,760.0,0.0875205592105263,Female,White,True,Female_White,3.0
3740,18--Concerts/18_Concerts_Concerts_18_844.jpg,810.0,146.0,892.0,262.0,0.0,0.0,0.0,0.0,0.0,0.0,1024.0,534.0,0.0173952481273408,Female,White,True,Female_White,0.0
3741,18--Concerts/18_Concerts_Concerts_18_844.jpg,648.0,160.0,716.0,250.0,0.0,0.0,0.0,0.0,0.0,0.0,1024.0,534.0,0.0111920646067415,Female,White,True,Female_White,0.0
3742,18--Concerts/18_Concerts_Concerts_18_844.jpg,498.0,164.0,562.0,258.0,0.0,0.0,0.0,0.0,0.0,0.0,1024.0,534.0,0.011001872659176,Female,White,True,Female_White,0.0
3743,18--Concerts/18_Concerts_Concerts_18_844.jpg,332.0,156.0,404.0,244.0,0.0,0.0,0.0,0.0,0.0,0.0,1024.0,534.0,0.0115870786516853,Female,White,True,Female_White,0.0
3744,18--Concerts/18_Concerts_Concerts_18_844.jpg,182.0,180.0,250.0,260.0,0.0,0.0,0.0,0.0,0.0,0.0,1024.0,534.0,0.0099485018726591,Female,Indian,True,Female_Indian,0.0
3747,18--Concerts/18_Concerts_Concerts_18_176.jpg,436.0,160.0,510.0,252.0,0.0,0.0,0.0,0.0,1.0,0.0,1024.0,741.0,0.0089722503373819,Female,White,True,Female_White,0.0
3781,18--Concerts/18_Concerts_Concerts_18_908.jpg,302.0,78.0,504.0,368.0,0.0,0.0,0.0,0.0,0.0,0.0,1024.0,736.0,0.0777269446331521,Female,White,True,Female_White,2.0
3783,18--Concerts/18_Concerts_Concerts_18_681.jpg,823.0,87.0,858.0,139.0,0.0,0.0,0.0,0.0,0.0,0.0,1024.0,683.0,0.0026022602489019,Female,White,True,Female_White,0.0
3784,18--Concerts/18_Concerts_Concerts_18_681.jpg,144.0,126.0,173.0,186.0,0.0,0.0,0.0,0.0,0.0,0.0,1024.0,683.0,0.0024878751830161,Female,White,True,Female_White,0.0
3807,18--Concerts/18_Concerts_Concerts_18_708.jpg,428.0,94.0,670.0,428.0,0.0,0.0,0.0,0.0,0.0,0.0,1024.0,682.0,0.1157384072580645,Female,White,True,Female_White,4.0
3813,18--Concerts/18_Concerts_Concerts_18_408.jpg,508.0,171.0,700.0,418.0,0.0,0.0,0.0,0.0,1.0,0.0,1024.0,1347.0,0.0343819599109131,Female,White,True,Female_White,1.0
3851,19--Couple/19_Couple_Couple_19_857.jpg,578.0,260.0,778.0,528.0,0.0,0.0,0.0,0.0,0.0,0.0,1024.0,1024.0,0.051116943359375,Female,White,True,Female_White,1.0
3909,19--Couple/19_Couple_Couple_19_109.jpg,464.0,429.0,690.0,728.0,0.0,0.0,0.0,0.0,0.0,0.0,1024.0,1486.0,0.0444079639131897,Female,White,True,Female_White,1.0
3923,19--Couple/19_Couple_Couple_19_940.jpg,444.0,165.0,762.0,664.0,0.0,0.0,0.0,0.0,0.0,0.0,1024.0,1429.0,0.1084414909902029,Female,Asian,True,Female_Asian,4.0
4009,19--Couple/19_Couple_Couple_19_635.jpg,399.0,324.0,543.0,528.0,0.0,0.0,0.0,0.0,1.0,0.0,1024.0,1536.0,0.0186767578125,Female,White,True,Female_White,0.0
4046,19--Couple/19_Couple_Couple_19_716.jpg,416.0,22.0,742.0,488.0,0.0,0.0,0.0,0.0,0.0,0.0,1024.0,573.0,0.2589100676265271,Female,Asian,True,Female_Asian,9.0
4049,2--Demonstration/2_Demonstration_Protesters_2_311.jpg,242.0,22.0,718.0,616.0,0.0,0.0,0.0,0.0,1.0,0.0,1024.0,769.0,0.3590600617685305,Female,Asian,True,Female_Asian,13.0
4062,2--Demonstration/2_Demonstration_Political_Rally_2_380.jpg,168.0,832.0,339.0,1012.0,0.0,0.0,0.0,0.0,0.0,0.0,1024.0,1538.0,0.0195439491222366,Female,Indian,True,Female_Indian,0.0
4063,2--Demonstration/2_Demonstration_Political_Rally_2_380.jpg,429.0,667.0,633.0,946.0,0.0,0.0,0.0,0.0,0.0,0.0,1024.0,1538.0,0.0361391620611183,Female,White,True,Female_White,1.0
4064,2--Demonstration/2_Demonstration_Political_Rally_2_380.jpg,766.0,796.0,988.0,1102.0,0.0,0.0,0.0,0.0,0.0,0.0,1024.0,1538.0,0.0431338385890767,Female,White,True,Female_White,1.0
4071,2--Demonstration/2_Demonstration_Political_Rally_2_871.jpg,526.0,158.0,639.0,308.0,1.0,0.0,0.0,0.0,1.0,0.0,1024.0,1347.0,0.0122885927060133,Female,White,True,Female_White,0.0
4115,2--Demonstration/2_Demonstration_Political_Rally_2_181.jpg,528.0,104.0,722.0,364.0,0.0,0.0,0.0,0.0,0.0,0.0,1024.0,683.0,0.0721197840409956,Female,White,True,Female_White,2.0
4150,2--Demonstration/2_Demonstration_Political_Rally_2_488.jpg,170.0,98.0,396.0,414.0,0.0,0.0,0.0,0.0,0.0,0.0,1024.0,768.0,0.0908101399739583,Female,White,True,Female_White,3.0
4151,2--Demonstration/2_Demonstration_Political_Rally_2_488.jpg,886.0,456.0,950.0,540.0,1.0,0.0,0.0,0.0,0.0,0.0,1024.0,768.0,0.0068359375,Female,White,True,Female_White,0.0
4158,2--Demonstration/2_Demonstration_Demonstrators_2_398.jpg,286.0,190.0,360.0,264.0,1.0,0.0,0.0,0.0,0.0,0.0,1024.0,662.0,0.0080780305891238,Female,White,True,Female_White,0.0
4159,2--Demonstration/2_Demonstration_Demonstrators_2_398.jpg,786.0,114.0,854.0,206.0,1.0,0.0,0.0,0.0,0.0,0.0,1024.0,662.0,0.0092286631419939,Female,White,True,Female_White,0.0
4220,2--Demonstration/2_Demonstration_Demonstrators_2_406.jpg,120.0,224.0,266.0,414.0,0.0,0.0,0.0,0.0,0.0,0.0,1024.0,666.0,0.040675441066066,Female,White,True,Female_White,1.0
4221,2--Demonstration/2_Demonstration_Demonstrators_2_406.jpg,484.0,134.0,632.0,386.0,0.0,1.0,0.0,0.0,0.0,0.0,1024.0,666.0,0.0546875,Female,White,True,Female_White,2.0
4234,2--Demonstration/2_Demonstration_Demonstration_Or_Protest_2_93.jpg,441.0,367.0,493.0,429.0,0.0,0.0,0.0,0.0,1.0,0.0,1024.0,683.0,0.0046097181551976,Female,White,True,Female_White,0.0
4235,2--Demonstration/2_Demonstration_Demonstration_Or_Protest_2_93.jpg,498.0,306.0,575.0,397.0,0.0,0.0,0.0,0.0,1.0,0.0,1024.0,683.0,0.0100187019582723,Female,White,True,Female_White,0.0
4236,2--Demonstration/2_Demonstration_Demonstration_Or_Protest_2_93.jpg,96.0,323.0,131.0,369.0,1.0,0.0,0.0,0.0,1.0,0.0,1024.0,683.0,0.0023019994509516,Female,White,True,Female_White,0.0
4271,2--Demonstration/2_Demonstration_Protesters_2_634.jpg,204.0,102.0,268.0,196.0,0.0,0.0,0.0,0.0,0.0,0.0,1024.0,822.0,0.007147201946472,Female,White,True,Female_White,0.0
4272,2--Demonstration/2_Demonstration_Protesters_2_634.jpg,476.0,68.0,554.0,176.0,0.0,0.0,0.0,0.0,0.0,0.0,1024.0,822.0,0.0100079835766423,Female,White,True,Female_White,0.0
4273,2--Demonstration/2_Demonstration_Protesters_2_634.jpg,638.0,76.0,692.0,182.0,0.0,0.0,0.0,0.0,0.0,0.0,1024.0,822.0,0.0068002965328467,Female,White,True,Female_White,0.0
4294,2--Demonstration/2_Demonstration_Demonstrators_2_708.jpg,386.0,184.0,605.0,487.0,0.0,0.0,0.0,0.0,0.0,0.0,1024.0,1122.0,0.0577555773729946,Female,White,True,Female_White,2.0
4316,2--Demonstration/2_Demonstration_Political_Rally_2_874.jpg,6.0,72.0,114.0,202.0,1.0,0.0,0.0,0.0,0.0,0.0,1024.0,702.0,0.01953125,Female,Indian,True,Female_Indian,0.0
4317,2--Demonstration/2_Demonstration_Political_Rally_2_874.jpg,238.0,144.0,362.0,300.0,1.0,0.0,0.0,0.0,0.0,0.0,1024.0,702.0,0.0269097222222222,Female,Indian,True,Female_Indian,0.0
4318,2--Demonstration/2_Demonstration_Political_Rally_2_874.jpg,490.0,130.0,626.0,314.0,0.0,0.0,0.0,0.0,0.0,0.0,1024.0,702.0,0.0348112535612535,Female,Indian,True,Female_Indian,1.0
4319,2--Demonstration/2_Demonstration_Political_Rally_2_874.jpg,712.0,184.0,864.0,398.0,0.0,1.0,0.0,0.0,0.0,0.0,1024.0,702.0,0.045250178062678,Female,Indian,True,Female_Indian,1.0
4327,2--Demonstration/2_Demonstration_Demonstrators_2_147.jpg,158.0,30.0,226.0,114.0,1.0,0.0,0.0,0.0,0.0,0.0,1024.0,754.0,0.0073980437665782,Female,Asian,True,Female_Asian,0.0
4328,2--Demonstration/2_Demonstration_Demonstrators_2_147.jpg,422.0,178.0,624.0,450.0,0.0,0.0,0.0,0.0,1.0,0.0,1024.0,754.0,0.0711621352785145,Female,Asian,True,Female_Asian,2.0
4372,2--Demonstration/2_Demonstration_Demonstration_Or_Protest_2_929.jpg,472.0,750.0,628.0,946.0,1.0,1.0,0.0,0.0,0.0,0.0,1024.0,1007.0,0.0296518123138033,Female,Indian,True,Female_Indian,1.0
4383,2--Demonstration/2_Demonstration_Political_Rally_2_875.jpg,324.0,142.0,616.0,582.0,0.0,0.0,0.0,0.0,0.0,0.0,1024.0,968.0,0.1296164772727272,Female,Black,True,Female_Black,4.0
4392,2--Demonstration/2_Demonstration_Political_Rally_2_578.jpg,436.0,64.0,548.0,210.0,0.0,0.0,0.0,0.0,0.0,0.0,1024.0,512.0,0.03118896484375,Female,White,True,Female_White,1.0
4489,20--Family_Group/20_Family_Group_Family_Group_20_135.jpg,368.0,114.0,428.0,196.0,1.0,0.0,0.0,0.0,0.0,0.0,1024.0,894.0,0.0053743708053691,Female,White,True,Female_White,0.0
4490,20--Family_Group/20_Family_Group_Family_Group_20_135.jpg,462.0,194.0,518.0,258.0,1.0,0.0,0.0,0.0,0.0,0.0,1024.0,894.0,0.0039149888143176,Female,White,True,Female_White,0.0
4491,20--Family_Group/20_Family_Group_Family_Group_20_135.jpg,562.0,140.0,618.0,222.0,1.0,0.0,0.0,0.0,0.0,0.0,1024.0,894.0,0.0050160794183445,Female,White,True,Female_White,0.0
4492,20--Family_Group/20_Family_Group_Family_Group_20_135.jpg,330.0,334.0,390.0,410.0,1.0,0.0,0.0,0.0,0.0,0.0,1024.0,894.0,0.0049811241610738,Female,White,True,Female_White,0.0
4493,20--Family_Group/20_Family_Group_Family_Group_20_135.jpg,608.0,308.0,674.0,394.0,0.0,0.0,0.0,0.0,0.0,0.0,1024.0,894.0,0.0062001887583892,Female,White,True,Female_White,0.0
4630,20--Family_Group/20_Family_Group_Family_Group_20_585.jpg,298.0,227.0,701.0,691.0,0.0,0.0,0.0,0.0,0.0,0.0,1024.0,1252.0,0.1458541333865814,Female,White,True,Female_White,5.0
4650,20--Family_Group/20_Family_Group_Family_Group_20_1009.jpg,176.0,104.0,344.0,342.0,0.0,0.0,0.0,0.0,0.0,0.0,1024.0,1024.0,0.0381317138671875,Female,White,True,Female_White,1.0
4651,20--Family_Group/20_Family_Group_Family_Group_20_1009.jpg,464.0,144.0,634.0,388.0,0.0,0.0,0.0,0.0,0.0,0.0,1024.0,1024.0,0.0395584106445312,Female,White,True,Female_White,1.0
4652,20--Family_Group/20_Family_Group_Family_Group_20_1009.jpg,698.0,138.0,858.0,362.0,0.0,0.0,0.0,0.0,0.0,0.0,1024.0,1024.0,0.0341796875,Female,White,True,Female_White,1.0
4653,20--Family_Group/20_Family_Group_Family_Group_20_1009.jpg,248.0,542.0,412.0,768.0,0.0,0.0,0.0,0.0,0.0,0.0,1024.0,1024.0,0.0353469848632812,Female,White,True,Female_White,1.0
4654,20--Family_Group/20_Family_Group_Family_Group_20_1009.jpg,432.0,514.0,608.0,736.0,0.0,0.0,0.0,0.0,0.0,0.0,1024.0,1024.0,0.037261962890625,Female,White,True,Female_White,1.0
4655,20--Family_Group/20_Family_Group_Family_Group_20_1009.jpg,668.0,444.0,840.0,654.0,0.0,0.0,0.0,0.0,0.0,0.0,1024.0,1024.0,0.0344467163085937,Female,White,True,Female_White,1.0
4660,20--Family_Group/20_Family_Group_Family_Group_20_926.jpg,321.0,315.0,744.0,931.0,0.0,0.0,0.0,0.0,0.0,0.0,1024.0,1536.0,0.1656646728515625,Female,White,True,Female_White,6.0
4671,20--Family_Group/20_Family_Group_Family_Group_20_476.jpg,407.0,462.0,766.0,932.0,0.0,0.0,0.0,0.0,0.0,0.0,1024.0,1470.0,0.1120921024659864,Female,White,True,Female_White,4.0
4703,20--Family_Group/20_Family_Group_Family_Group_20_745.jpg,405.0,150.0,648.0,450.0,1.0,0.0,0.0,0.0,1.0,0.0,1024.0,1537.0,0.0463184165582303,Female,White,True,Female_White,1.0
4717,20--Family_Group/20_Family_Group_Family_Group_20_574.jpg,442.0,32.0,574.0,228.0,0.0,0.0,0.0,0.0,0.0,0.0,1024.0,445.0,0.0567766853932584,Female,White,True,Female_White,2.0
4736,20--Family_Group/20_Family_Group_Family_Group_20_667.jpg,427.0,208.0,731.0,632.0,0.0,0.0,0.0,0.0,1.0,0.0,1024.0,1366.0,0.0921486090775988,Female,White,True,Female_White,3.0
4738,20--Family_Group/20_Family_Group_Family_Group_20_1011.jpg,184.0,200.0,518.0,624.0,0.0,0.0,0.0,0.0,0.0,0.0,1024.0,683.0,0.2024844436310395,Female,White,True,Female_White,7.0
4739,20--Family_Group/20_Family_Group_Family_Group_20_1011.jpg,458.0,120.0,750.0,540.0,0.0,0.0,0.0,0.0,0.0,0.0,1024.0,683.0,0.1753523060029282,Female,White,True,Female_White,6.0
4740,20--Family_Group/20_Family_Group_Family_Group_20_1011.jpg,708.0,94.0,1020.0,514.0,0.0,0.0,0.0,0.0,0.0,0.0,1024.0,683.0,0.187362737920937,Female,White,True,Female_White,6.0
4836,20--Family_Group/20_Family_Group_Family_Group_20_378.jpg,144.0,142.0,198.0,224.0,0.0,0.0,0.0,0.0,0.0,0.0,1024.0,697.0,0.006204044117647,Female,White,True,Female_White,0.0
4837,20--Family_Group/20_Family_Group_Family_Group_20_378.jpg,318.0,24.0,376.0,98.0,0.0,0.0,0.0,0.0,0.0,0.0,1024.0,697.0,0.0060134953371592,Female,White,True,Female_White,0.0
4838,20--Family_Group/20_Family_Group_Family_Group_20_378.jpg,376.0,92.0,428.0,162.0,0.0,0.0,0.0,0.0,0.0,0.0,1024.0,697.0,0.0050999820659971,Female,White,True,Female_White,0.0
4839,20--Family_Group/20_Family_Group_Family_Group_20_378.jpg,494.0,142.0,552.0,216.0,0.0,0.0,0.0,0.0,0.0,0.0,1024.0,697.0,0.0060134953371592,Female,White,True,Female_White,0.0
4840,20--Family_Group/20_Family_Group_Family_Group_20_378.jpg,640.0,84.0,698.0,154.0,0.0,0.0,0.0,0.0,0.0,1.0,1024.0,697.0,0.0056884415351506,Female,White,True,Female_White,0.0
4841,20--Family_Group/20_Family_Group_Family_Group_20_378.jpg,830.0,126.0,886.0,200.0,0.0,0.0,0.0,0.0,0.0,0.0,1024.0,697.0,0.0058061334289813,Female,White,True,Female_White,0.0
4886,20--Family_Group/20_Family_Group_Family_Group_20_383.jpg,580.0,90.0,672.0,216.0,0.0,0.0,0.0,0.0,0.0,0.0,1024.0,683.0,0.0165743960468521,Female,White,True,Female_White,0.0
4887,20--Family_Group/20_Family_Group_Family_Group_20_383.jpg,714.0,182.0,818.0,328.0,0.0,0.0,0.0,0.0,0.0,0.0,1024.0,683.0,0.0217102855051244,Female,White,True,Female_White,0.0
5022,20--Family_Group/20_Family_Group_Family_Group_20_586.jpg,526.0,300.0,607.0,397.0,0.0,0.0,0.0,0.0,0.0,0.0,1024.0,649.0,0.0118225755970724,Female,White,True,Female_White,0.0
5023,20--Family_Group/20_Family_Group_Family_Group_20_586.jpg,870.0,75.0,929.0,145.0,0.0,0.0,0.0,0.0,0.0,0.0,1024.0,649.0,0.0062144886363636,Female,White,True,Female_White,0.0
5024,20--Family_Group/20_Family_Group_Family_Group_20_586.jpg,740.0,69.0,799.0,136.0,0.0,0.0,0.0,0.0,0.0,0.0,1024.0,649.0,0.0059481534090909,Female,Asian,True,Female_Asian,0.0
5025,20--Family_Group/20_Family_Group_Family_Group_20_586.jpg,621.0,59.0,675.0,127.0,0.0,0.0,0.0,0.0,0.0,0.0,1024.0,649.0,0.0055253274268104,Female,Asian,True,Female_Asian,0.0
5026,20--Family_Group/20_Family_Group_Family_Group_20_586.jpg,483.0,59.0,544.0,125.0,0.0,0.0,0.0,0.0,0.0,0.0,1024.0,649.0,0.0060579978813559,Female,Asian,True,Female_Asian,0.0
5027,20--Family_Group/20_Family_Group_Family_Group_20_586.jpg,363.0,59.0,419.0,129.0,0.0,0.0,0.0,0.0,0.0,0.0,1024.0,649.0,0.0058984976887519,Female,White,True,Female_White,0.0
5028,20--Family_Group/20_Family_Group_Family_Group_20_586.jpg,239.0,71.0,294.0,145.0,0.0,0.0,0.0,0.0,0.0,0.0,1024.0,649.0,0.0061242055084745,Female,White,True,Female_White,0.0
5029,20--Family_Group/20_Family_Group_Family_Group_20_586.jpg,81.0,99.0,140.0,172.0,0.0,0.0,0.0,0.0,0.0,0.0,1024.0,649.0,0.0064808238636363,Female,Asian,True,Female_Asian,0.0
5121,20--Family_Group/20_Family_Group_Family_Group_20_118.jpg,96.0,174.0,238.0,374.0,0.0,0.0,0.0,0.0,0.0,0.0,1024.0,701.0,0.0395640156918687,Female,White,True,Female_White,1.0
5122,20--Family_Group/20_Family_Group_Family_Group_20_118.jpg,268.0,118.0,408.0,292.0,0.0,0.0,0.0,0.0,0.0,0.0,1024.0,701.0,0.033935895149786,Female,White,True,Female_White,1.0
5123,20--Family_Group/20_Family_Group_Family_Group_20_118.jpg,458.0,58.0,586.0,228.0,0.0,0.0,0.0,0.0,0.0,0.0,1024.0,701.0,0.0303138373751783,Female,White,True,Female_White,1.0
5124,20--Family_Group/20_Family_Group_Family_Group_20_118.jpg,746.0,108.0,880.0,296.0,0.0,0.0,0.0,0.0,0.0,0.0,1024.0,701.0,0.0350949536376604,Female,White,True,Female_White,1.0
5125,20--Family_Group/20_Family_Group_Family_Group_20_118.jpg,304.0,370.0,436.0,548.0,0.0,0.0,0.0,0.0,0.0,0.0,1024.0,701.0,0.0327322574893009,Female,White,True,Female_White,1.0
5126,20--Family_Group/20_Family_Group_Family_Group_20_118.jpg,492.0,350.0,628.0,530.0,0.0,0.0,0.0,0.0,0.0,0.0,1024.0,701.0,0.0341030670470756,Female,White,True,Female_White,1.0
5127,20--Family_Group/20_Family_Group_Family_Group_20_993.jpg,350.0,62.0,474.0,228.0,0.0,0.0,0.0,0.0,0.0,0.0,1024.0,769.0,0.0261398732119635,Female,White,True,Female_White,0.0
5128,20--Family_Group/20_Family_Group_Family_Group_20_993.jpg,532.0,84.0,654.0,230.0,0.0,0.0,0.0,0.0,0.0,0.0,1024.0,769.0,0.0226196765279583,Female,White,True,Female_White,0.0
5129,20--Family_Group/20_Family_Group_Family_Group_20_999.jpg,271.0,93.0,791.0,808.0,0.0,0.0,0.0,0.0,0.0,0.0,1024.0,1286.0,0.2823374319595645,Female,White,True,Female_White,10.0
5149,21--Festival/21_Festival_Festival_21_826.jpg,244.0,272.0,682.0,848.0,0.0,0.0,0.0,0.0,0.0,0.0,1024.0,1808.0,0.1362693584070796,Female,White,True,Female_White,5.0
5153,21--Festival/21_Festival_Festival_21_942.jpg,196.0,58.0,694.0,806.0,0.0,0.0,0.0,0.0,0.0,0.0,1024.0,1005.0,0.361963619402985,Female,White,True,Female_White,13.0
5160,21--Festival/21_Festival_Festival_21_377.jpg,588.0,82.0,652.0,174.0,0.0,0.0,0.0,0.0,0.0,0.0,1024.0,907.0,0.0063395810363836,Female,White,True,Female_White,0.0
5161,21--Festival/21_Festival_Festival_21_377.jpg,838.0,70.0,900.0,154.0,0.0,0.0,0.0,0.0,0.0,0.0,1024.0,907.0,0.0056074283351708,Female,White,True,Female_White,0.0
5162,21--Festival/21_Festival_Festival_21_377.jpg,354.0,64.0,428.0,152.0,0.0,0.0,0.0,0.0,0.0,0.0,1024.0,907.0,0.0070114388092613,Female,White,True,Female_White,0.0
5163,21--Festival/21_Festival_Festival_21_377.jpg,108.0,80.0,176.0,158.0,0.0,0.0,0.0,0.0,0.0,0.0,1024.0,907.0,0.0057107910694597,Female,White,True,Female_White,0.0
5172,21--Festival/21_Festival_Festival_21_947.jpg,572.0,128.0,818.0,452.0,0.0,0.0,0.0,0.0,0.0,0.0,1024.0,1000.0,0.0778359375,Female,Indian,True,Female_Indian,2.0
5173,21--Festival/21_Festival_Festival_21_728.jpg,258.0,280.0,712.0,898.0,0.0,0.0,0.0,0.0,0.0,0.0,1024.0,1378.0,0.1988360622278664,Female,White,True,Female_White,7.0
5176,21--Festival/21_Festival_Festival_21_561.jpg,76.0,202.0,103.0,250.0,1.0,0.0,0.0,0.0,0.0,0.0,1024.0,684.0,0.0018503289473684,Female,Asian,True,Female_Asian,0.0
5177,21--Festival/21_Festival_Festival_21_561.jpg,254.0,219.0,287.0,271.0,0.0,0.0,0.0,0.0,0.0,0.0,1024.0,684.0,0.0024499725877192,Female,Asian,True,Female_Asian,0.0
5178,21--Festival/21_Festival_Festival_21_561.jpg,376.0,204.0,413.0,252.0,0.0,0.0,0.0,0.0,0.0,0.0,1024.0,684.0,0.0025356359649122,Female,Asian,True,Female_Asian,0.0
5179,21--Festival/21_Festival_Festival_21_561.jpg,485.0,210.0,523.0,259.0,0.0,0.0,0.0,0.0,0.0,0.0,1024.0,684.0,0.0026584201388888,Female,Asian,True,Female_Asian,0.0
5180,21--Festival/21_Festival_Festival_21_561.jpg,660.0,203.0,697.0,252.0,0.0,0.0,1.0,0.0,0.0,0.0,1024.0,684.0,0.0025884617141812,Female,Asian,True,Female_Asian,0.0
5181,21--Festival/21_Festival_Festival_21_561.jpg,318.0,381.0,345.0,431.0,0.0,0.0,0.0,0.0,0.0,1.0,1024.0,684.0,0.0019274259868421,Female,Asian,True,Female_Asian,0.0
5182,21--Festival/21_Festival_Festival_21_561.jpg,450.0,391.0,495.0,448.0,0.0,0.0,0.0,0.0,0.0,0.0,1024.0,684.0,0.003662109375,Female,Asian,True,Female_Asian,0.0
5183,21--Festival/21_Festival_Festival_21_561.jpg,725.0,315.0,770.0,362.0,0.0,0.0,0.0,0.0,0.0,0.0,1024.0,684.0,0.0030196340460526,Female,Asian,True,Female_Asian,0.0
5184,21--Festival/21_Festival_Festival_21_561.jpg,898.0,228.0,934.0,279.0,0.0,0.0,0.0,0.0,0.0,0.0,1024.0,684.0,0.0026212993421052,Female,Asian,True,Female_Asian,0.0
5187,21--Festival/21_Festival_Festival_21_875.jpg,360.0,10.0,786.0,438.0,0.0,0.0,0.0,0.0,0.0,0.0,1024.0,576.0,0.3091227213541667,Female,White,True,Female_White,11.0
5192,21--Festival/21_Festival_Festival_21_598.jpg,458.0,80.0,572.0,252.0,0.0,0.0,0.0,0.0,0.0,0.0,1024.0,683.0,0.028035779648609,Female,Asian,True,Female_Asian,0.0
5193,21--Festival/21_Festival_Festival_21_598.jpg,54.0,150.0,160.0,318.0,0.0,0.0,0.0,0.0,1.0,0.0,1024.0,683.0,0.0254621156661786,Female,Asian,True,Female_Asian,0.0
5195,21--Festival/21_Festival_Festival_21_929.jpg,322.0,230.0,570.0,576.0,0.0,0.0,0.0,0.0,0.0,0.0,1024.0,1529.0,0.0548050196206671,Female,Indian,True,Female_Indian,2.0
5196,21--Festival/21_Festival_Festival_21_871.jpg,345.0,220.0,690.0,764.0,0.0,0.0,0.0,0.0,0.0,0.0,1024.0,1564.0,0.1171875,Female,White,True,Female_White,4.0
5197,21--Festival/21_Festival_Festival_21_916.jpg,213.0,147.0,612.0,639.0,0.0,0.0,0.0,0.0,0.0,0.0,1024.0,1539.0,0.1245659722222222,Female,White,True,Female_White,4.0
5203,21--Festival/21_Festival_Festival_21_962.jpg,444.0,246.0,708.0,615.0,0.0,0.0,0.0,0.0,0.0,0.0,1024.0,1536.0,0.0619354248046875,Female,White,True,Female_White,2.0
5211,21--Festival/21_Festival_Festival_21_442.jpg,412.0,771.0,651.0,1092.0,0.0,0.0,0.0,0.0,0.0,0.0,1024.0,1405.0,0.0533244828736654,Female,White,True,Female_White,1.0
5212,21--Festival/21_Festival_Festival_21_719.jpg,315.0,135.0,636.0,612.0,0.0,0.0,0.0,0.0,0.0,0.0,1024.0,1538.0,0.0972225749756176,Female,White,True,Female_White,3.0
5213,21--Festival/21_Festival_Festival_21_817.jpg,576.0,132.0,798.0,478.0,0.0,0.0,0.0,0.0,0.0,0.0,1024.0,682.0,0.109987857404692,Female,White,True,Female_White,4.0
5217,21--Festival/21_Festival_Festival_21_931.jpg,367.0,160.0,628.0,540.0,0.0,0.0,0.0,0.0,0.0,0.0,1024.0,1390.0,0.0696801933453237,Female,White,True,Female_White,2.0
5224,21--Festival/21_Festival_Festival_21_516.jpg,216.0,108.0,346.0,302.0,0.0,0.0,0.0,0.0,0.0,0.0,1024.0,768.0,0.0320688883463541,Female,Indian,True,Female_Indian,1.0
5225,21--Festival/21_Festival_Festival_21_516.jpg,620.0,86.0,750.0,272.0,0.0,0.0,0.0,0.0,0.0,0.0,1024.0,768.0,0.0307464599609375,Female,Indian,True,Female_Indian,1.0
5228,22--Picnic/22_Picnic_Picnic_22_940.jpg,405.0,185.0,645.0,537.0,0.0,0.0,0.0,0.0,1.0,0.0,1024.0,1280.0,0.064453125,Female,White,True,Female_White,2.0
5229,22--Picnic/22_Picnic_Picnic_22_881.jpg,124.0,48.0,164.0,91.0,0.0,0.0,0.0,0.0,0.0,0.0,1024.0,771.0,0.0021785830090791,Female,White,True,Female_White,0.0
5230,22--Picnic/22_Picnic_Picnic_22_881.jpg,318.0,142.0,367.0,202.0,0.0,0.0,0.0,0.0,0.0,0.0,1024.0,771.0,0.003723857003891,Female,White,True,Female_White,0.0
5231,22--Picnic/22_Picnic_Picnic_22_881.jpg,526.0,85.0,556.0,127.0,0.0,0.0,0.0,0.0,0.0,0.0,1024.0,771.0,0.0015959387159533,Female,White,True,Female_White,0.0
5232,22--Picnic/22_Picnic_Picnic_22_881.jpg,609.0,179.0,644.0,224.0,0.0,0.0,0.0,0.0,0.0,0.0,1024.0,771.0,0.0019949233949416,Female,White,True,Female_White,0.0
5233,22--Picnic/22_Picnic_Picnic_22_881.jpg,635.0,381.0,682.0,449.0,0.0,0.0,0.0,0.0,0.0,0.0,1024.0,771.0,0.0040481112191958,Female,White,True,Female_White,0.0
5268,22--Picnic/22_Picnic_Picnic_22_147.jpg,221.0,261.0,276.0,335.0,1.0,0.0,0.0,0.0,0.0,0.0,1024.0,735.0,0.005407631802721,Female,White,True,Female_White,0.0
5269,22--Picnic/22_Picnic_Picnic_22_147.jpg,326.0,282.0,374.0,338.0,1.0,0.0,0.0,0.0,0.0,0.0,1024.0,735.0,0.0035714285714285,Female,White,True,Female_White,0.0
5270,22--Picnic/22_Picnic_Picnic_22_147.jpg,504.0,226.0,546.0,278.0,1.0,0.0,0.0,0.0,0.0,0.0,1024.0,735.0,0.0029017857142857,Female,White,True,Female_White,0.0
5271,22--Picnic/22_Picnic_Picnic_22_147.jpg,690.0,265.0,741.0,332.0,1.0,0.0,0.0,0.0,0.0,0.0,1024.0,735.0,0.004540019132653,Female,White,True,Female_White,0.0
5286,22--Picnic/22_Picnic_Picnic_22_193.jpg,386.0,174.0,472.0,284.0,0.0,0.0,0.0,0.0,0.0,0.0,1024.0,690.0,0.0133888134057971,Female,White,True,Female_White,0.0
5287,22--Picnic/22_Picnic_Picnic_22_193.jpg,824.0,202.0,906.0,314.0,0.0,0.0,0.0,0.0,0.0,0.0,1024.0,690.0,0.0129981884057971,Female,White,True,Female_White,0.0
5307,22--Picnic/22_Picnic_Picnic_22_376.jpg,450.0,387.0,696.0,732.0,0.0,0.0,0.0,0.0,0.0,0.0,1024.0,1536.0,0.0539588928222656,Female,White,True,Female_White,1.0
5313,22--Picnic/22_Picnic_Picnic_22_353.jpg,556.0,120.0,626.0,226.0,0.0,0.0,0.0,0.0,0.0,0.0,1024.0,681.0,0.0106403726138032,Female,White,True,Female_White,0.0
5314,22--Picnic/22_Picnic_Picnic_22_353.jpg,210.0,48.0,304.0,166.0,0.0,0.0,0.0,0.0,0.0,0.0,1024.0,681.0,0.0159060664464023,Female,White,True,Female_White,0.0
5321,22--Picnic/22_Picnic_Picnic_22_164.jpg,356.0,74.0,416.0,158.0,0.0,0.0,0.0,0.0,1.0,0.0,1024.0,683.0,0.0072062591508052,Female,White,True,Female_White,0.0
5322,22--Picnic/22_Picnic_Picnic_22_164.jpg,688.0,170.0,744.0,256.0,0.0,0.0,0.0,0.0,0.0,0.0,1024.0,683.0,0.006885980966325,Female,White,True,Female_White,0.0
5327,22--Picnic/22_Picnic_Picnic_22_329.jpg,791.0,304.0,839.0,359.0,1.0,0.0,0.0,0.0,1.0,0.0,1024.0,834.0,0.0030912769784172,Female,White,True,Female_White,0.0
5328,22--Picnic/22_Picnic_Picnic_22_329.jpg,837.0,354.0,871.0,404.0,1.0,0.0,0.0,0.0,0.0,0.0,1024.0,834.0,0.0019905950239808,Female,White,True,Female_White,0.0
5347,23--Shoppers/23_Shoppers_Shoppers_23_180.jpg,333.0,484.0,417.0,590.0,1.0,0.0,0.0,0.0,0.0,0.0,1024.0,1227.0,0.0070866442542787,Female,Asian,True,Female_Asian,0.0
5348,23--Shoppers/23_Shoppers_Shoppers_23_180.jpg,847.0,439.0,909.0,518.0,1.0,0.0,0.0,0.0,1.0,0.0,1024.0,1227.0,0.0038982910554197,Female,Asian,True,Female_Asian,0.0
5349,23--Shoppers/23_Shoppers_Shoppers_23_148.jpg,636.0,36.0,722.0,118.0,0.0,0.0,0.0,0.0,0.0,1.0,1024.0,576.0,0.0119561089409722,Female,White,True,Female_White,0.0
5350,23--Shoppers/23_Shoppers_Shoppers_23_138.jpg,636.0,277.0,735.0,396.0,0.0,0.0,0.0,0.0,0.0,0.0,1024.0,1448.0,0.0079453610583563,Female,White,True,Female_White,0.0
5351,23--Shoppers/23_Shoppers_Shoppers_23_138.jpg,379.0,133.0,486.0,277.0,0.0,0.0,0.0,0.0,0.0,0.0,1024.0,1448.0,0.0103914882596685,Female,White,True,Female_White,0.0
5356,23--Shoppers/23_Shoppers_Shoppers_23_718.jpg,397.0,131.0,642.0,462.0,0.0,0.0,0.0,0.0,0.0,0.0,1024.0,1529.0,0.0517948567282537,Female,White,True,Female_White,1.0
5359,23--Shoppers/23_Shoppers_Shoppers_23_41.jpg,356.0,156.0,438.0,276.0,0.0,1.0,0.0,0.0,0.0,0.0,1024.0,402.0,0.0239039179104477,Female,Asian,True,Female_Asian,0.0
5360,23--Shoppers/23_Shoppers_Shoppers_23_41.jpg,586.0,54.0,662.0,170.0,0.0,0.0,0.0,0.0,0.0,0.0,1024.0,402.0,0.021416355721393,Female,White,True,Female_White,0.0
5361,23--Shoppers/23_Shoppers_Shoppers_23_41.jpg,750.0,46.0,834.0,144.0,0.0,0.0,0.0,0.0,0.0,0.0,1024.0,402.0,0.0199976679104477,Female,White,True,Female_White,0.0
5365,23--Shoppers/23_Shoppers_Shoppers_23_85.jpg,194.0,190.0,368.0,350.0,0.0,0.0,0.0,0.0,0.0,0.0,1024.0,683.0,0.0398060029282576,Female,White,True,Female_White,1.0
5366,23--Shoppers/23_Shoppers_Shoppers_23_503.jpg,416.0,82.0,520.0,220.0,0.0,0.0,0.0,0.0,0.0,0.0,1024.0,640.0,0.0218994140625,Female,White,True,Female_White,0.0
5367,23--Shoppers/23_Shoppers_Shoppers_23_503.jpg,522.0,126.0,616.0,276.0,0.0,1.0,0.0,0.0,0.0,0.0,1024.0,640.0,0.021514892578125,Female,White,True,Female_White,0.0
5371,23--Shoppers/23_Shoppers_Shoppers_23_202.jpg,282.0,142.0,356.0,258.0,0.0,0.0,0.0,0.0,0.0,0.0,1024.0,682.0,0.0122915139296187,Female,White,True,Female_White,0.0
5372,23--Shoppers/23_Shoppers_Shoppers_23_202.jpg,426.0,186.0,484.0,260.0,0.0,0.0,0.0,0.0,0.0,0.0,1024.0,682.0,0.0061457569648093,Female,White,True,Female_White,0.0
5377,23--Shoppers/23_Shoppers_Shoppers_23_115.jpg,468.0,38.0,552.0,144.0,1.0,0.0,0.0,0.0,0.0,0.0,1024.0,564.0,0.0154172207446808,Female,White,True,Female_White,0.0
5378,23--Shoppers/23_Shoppers_Shoppers_23_115.jpg,414.0,274.0,504.0,394.0,0.0,0.0,0.0,0.0,0.0,0.0,1024.0,564.0,0.0187001329787234,Female,White,True,Female_White,0.0
5379,23--Shoppers/23_Shoppers_Shoppers_23_115.jpg,212.0,200.0,286.0,298.0,1.0,0.0,0.0,0.0,0.0,0.0,1024.0,564.0,0.0125567929964539,Female,White,True,Female_White,0.0
5380,23--Shoppers/23_Shoppers_Shoppers_23_753.jpg,256.0,162.0,468.0,434.0,0.0,0.0,0.0,0.0,0.0,0.0,1024.0,786.0,0.0716444020356234,Female,White,True,Female_White,2.0
5381,23--Shoppers/23_Shoppers_Shoppers_23_239.jpg,95.0,142.0,143.0,220.0,0.0,0.0,0.0,0.0,0.0,0.0,1024.0,768.0,0.0047607421875,Female,White,True,Female_White,0.0
5382,23--Shoppers/23_Shoppers_Shoppers_23_239.jpg,447.0,163.0,473.0,225.0,1.0,0.0,0.0,0.0,0.0,0.0,1024.0,768.0,0.0020497639973958,Female,White,True,Female_White,0.0
5383,23--Shoppers/23_Shoppers_Shoppers_23_239.jpg,577.0,166.0,605.0,220.0,1.0,0.0,0.0,0.0,0.0,0.0,1024.0,768.0,0.001922607421875,Female,White,True,Female_White,0.0
5401,23--Shoppers/23_Shoppers_Shoppers_23_1035.jpg,348.0,233.0,644.0,693.0,0.0,0.0,0.0,0.0,0.0,0.0,1024.0,1195.0,0.111270920502092,Female,Black,True,Female_Black,4.0
5403,23--Shoppers/23_Shoppers_Shoppers_23_436.jpg,658.0,160.0,752.0,284.0,0.0,0.0,0.0,0.0,0.0,0.0,1024.0,709.0,0.0160547425952045,Female,White,True,Female_White,0.0
5404,23--Shoppers/23_Shoppers_Shoppers_23_436.jpg,568.0,154.0,624.0,234.0,1.0,0.0,0.0,0.0,0.0,0.0,1024.0,709.0,0.0061706629055007,Female,White,True,Female_White,0.0
5413,23--Shoppers/23_Shoppers_Shoppers_23_111.jpg,458.0,142.0,610.0,290.0,0.0,0.0,0.0,0.0,0.0,0.0,1024.0,755.0,0.0290976821192052,Female,White,True,Female_White,1.0
5414,23--Shoppers/23_Shoppers_Shoppers_23_111.jpg,658.0,112.0,780.0,258.0,0.0,0.0,0.0,0.0,0.0,0.0,1024.0,755.0,0.0230391142384105,Female,White,True,Female_White,0.0
5424,23--Shoppers/23_Shoppers_Shoppers_23_407.jpg,374.0,134.0,536.0,362.0,0.0,0.0,0.0,0.0,0.0,0.0,1024.0,679.0,0.0531226988217967,Female,White,True,Female_White,1.0
5425,23--Shoppers/23_Shoppers_Shoppers_23_72.jpg,262.0,164.0,364.0,302.0,0.0,0.0,0.0,0.0,0.0,0.0,1024.0,683.0,0.0201260523426061,Female,White,True,Female_White,0.0
5426,23--Shoppers/23_Shoppers_Shoppers_23_72.jpg,480.0,160.0,590.0,288.0,0.0,0.0,0.0,0.0,0.0,0.0,1024.0,683.0,0.0201317715959004,Female,White,True,Female_White,0.0
5427,23--Shoppers/23_Shoppers_Shoppers_23_72.jpg,662.0,126.0,742.0,252.0,0.0,0.0,0.0,0.0,0.0,0.0,1024.0,683.0,0.0144125183016105,Female,White,True,Female_White,0.0
5429,23--Shoppers/23_Shoppers_Shoppers_23_661.jpg,277.0,379.0,737.0,977.0,0.0,0.0,0.0,0.0,0.0,0.0,1024.0,1247.0,0.2154232658380112,Female,White,True,Female_White,8.0
5436,23--Shoppers/23_Shoppers_Shoppers_23_416.jpg,210.0,374.0,350.0,572.0,0.0,1.0,0.0,0.0,0.0,0.0,1024.0,896.0,0.03021240234375,Female,White,True,Female_White,1.0
5441,23--Shoppers/23_Shoppers_Shoppers_23_81.jpg,568.0,153.0,685.0,294.0,0.0,0.0,0.0,0.0,0.0,0.0,1024.0,1536.0,0.0104885101318359,Female,White,True,Female_White,0.0
5442,23--Shoppers/23_Shoppers_Shoppers_23_81.jpg,291.0,174.0,393.0,318.0,0.0,0.0,0.0,0.0,0.0,0.0,1024.0,1536.0,0.00933837890625,Female,White,True,Female_White,0.0
5462,23--Shoppers/23_Shoppers_Shoppers_23_983.jpg,606.0,106.0,730.0,274.0,0.0,0.0,0.0,0.0,0.0,0.0,1024.0,1024.0,0.019866943359375,Female,White,True,Female_White,0.0
5463,23--Shoppers/23_Shoppers_Shoppers_23_983.jpg,324.0,134.0,466.0,294.0,0.0,0.0,0.0,0.0,0.0,0.0,1024.0,1024.0,0.02166748046875,Female,White,True,Female_White,0.0
5464,23--Shoppers/23_Shoppers_Shoppers_23_506.jpg,804.0,323.0,844.0,380.0,1.0,0.0,0.0,0.0,0.0,0.0,1024.0,951.0,0.0023412854889589,Female,White,True,Female_White,0.0
5465,23--Shoppers/23_Shoppers_Shoppers_23_506.jpg,884.0,376.0,929.0,439.0,1.0,0.0,0.0,0.0,0.0,0.0,1024.0,951.0,0.0029112036671924,Female,Asian,True,Female_Asian,0.0
5475,23--Shoppers/23_Shoppers_Shoppers_23_143.jpg,432.0,34.0,502.0,112.0,1.0,0.0,0.0,0.0,0.0,1.0,1024.0,640.0,0.008331298828125,Female,White,True,Female_White,0.0
5489,23--Shoppers/23_Shoppers_Shoppers_23_508.jpg,356.0,120.0,504.0,302.0,0.0,0.0,0.0,0.0,0.0,0.0,1024.0,679.0,0.0387403350515463,Female,White,True,Female_White,1.0
5492,23--Shoppers/23_Shoppers_Shoppers_23_593.jpg,380.0,186.0,546.0,434.0,0.0,0.0,0.0,0.0,0.0,0.0,1024.0,687.0,0.0585198326055312,Female,Indian,True,Female_Indian,2.0
5498,23--Shoppers/23_Shoppers_Shoppers_23_687.jpg,370.0,116.0,496.0,272.0,0.0,0.0,0.0,0.0,0.0,0.0,1024.0,616.0,0.031161221590909,Female,White,True,Female_White,1.0
5506,23--Shoppers/23_Shoppers_Shoppers_23_591.jpg,314.0,153.0,535.0,444.0,0.0,0.0,0.0,0.0,0.0,0.0,1024.0,1448.0,0.0433727285479972,Female,White,True,Female_White,1.0
5517,23--Shoppers/23_Shoppers_Shoppers_23_382.jpg,495.0,140.0,562.0,232.0,0.0,0.0,0.0,0.0,0.0,0.0,1024.0,698.0,0.0086239702722063,Female,White,True,Female_White,0.0
5518,23--Shoppers/23_Shoppers_Shoppers_23_382.jpg,659.0,95.0,731.0,180.0,0.0,0.0,0.0,0.0,0.0,0.0,1024.0,698.0,0.0085624104584527,Female,White,True,Female_White,0.0
5523,23--Shoppers/23_Shoppers_Shoppers_23_529.jpg,392.0,20.0,516.0,146.0,0.0,0.0,0.0,0.0,0.0,1.0,1024.0,679.0,0.0224710051546391,Female,White,True,Female_White,0.0
5524,23--Shoppers/23_Shoppers_Shoppers_23_529.jpg,770.0,96.0,898.0,230.0,0.0,0.0,0.0,0.0,0.0,0.0,1024.0,679.0,0.0246686303387334,Female,White,True,Female_White,0.0
5619,24--Soldier_Firing/24_Soldier_Firing_Soldier_Firing_24_114.jpg,618.0,106.0,788.0,284.0,0.0,0.0,0.0,0.0,0.0,0.0,1024.0,639.0,0.0462453540688575,Female,White,True,Female_White,1.0
5692,25--Soldier_Patrol/25_Soldier_Patrol_Soldier_Patrol_25_223.jpg,579.0,112.0,638.0,203.0,0.0,0.0,0.0,0.0,1.0,0.0,1024.0,727.0,0.0072120551066024,Female,White,True,Female_White,0.0
5693,25--Soldier_Patrol/25_Soldier_Patrol_Soldier_Patrol_25_223.jpg,176.0,194.0,210.0,231.0,1.0,0.0,0.0,0.0,0.0,0.0,1024.0,727.0,0.0016898426753782,Female,White,True,Female_White,0.0
5747,25--Soldier_Patrol/25_Soldier_Patrol_Soldier_Patrol_25_810.jpg,378.0,120.0,764.0,606.0,0.0,0.0,0.0,0.0,0.0,0.0,1024.0,1465.0,0.1250506612627986,Female,Black,True,Female_Black,4.0
5796,25--Soldier_Patrol/25_Soldier_Patrol_Soldier_Patrol_25_409.jpg,360.0,106.0,448.0,218.0,0.0,0.0,0.0,0.0,1.0,0.0,1024.0,576.0,0.0167100694444444,Female,Asian,True,Female_Asian,0.0
5812,26--Soldier_Drilling/26_Soldier_Drilling_Soldiers_Drilling_26_595.jpg,198.0,249.0,654.0,940.0,0.0,0.0,0.0,0.0,0.0,0.0,1024.0,1537.0,0.2002023015614834,Female,White,True,Female_White,7.0
5844,26--Soldier_Drilling/26_Soldier_Drilling_Soldiers_Drilling_26_865.jpg,772.0,166.0,836.0,232.0,1.0,0.0,0.0,0.0,0.0,1.0,1024.0,682.0,0.0060483870967741,Female,White,True,Female_White,0.0
5850,26--Soldier_Drilling/26_Soldier_Drilling_Soldiers_Drilling_26_113.jpg,270.0,4.0,546.0,370.0,0.0,0.0,0.0,0.0,0.0,0.0,1024.0,640.0,0.15413818359375,Female,White,True,Female_White,5.0
5852,26--Soldier_Drilling/26_Soldier_Drilling_Soldiers_Drilling_26_944.jpg,280.0,317.0,387.0,453.0,1.0,0.0,0.0,0.0,0.0,0.0,1024.0,1366.0,0.0104033217423133,Female,White,True,Female_White,0.0
5853,26--Soldier_Drilling/26_Soldier_Drilling_Soldiers_Drilling_26_944.jpg,461.0,259.0,541.0,392.0,1.0,0.0,0.0,0.0,0.0,0.0,1024.0,1366.0,0.0076066068814055,Female,White,True,Female_White,0.0
5854,26--Soldier_Drilling/26_Soldier_Drilling_Soldiers_Drilling_26_944.jpg,616.0,344.0,717.0,477.0,1.0,0.0,0.0,0.0,0.0,0.0,1024.0,1366.0,0.0096033411877745,Female,White,True,Female_White,0.0
5902,26--Soldier_Drilling/26_Soldier_Drilling_Soldiers_Drilling_26_922.jpg,191.0,597.0,302.0,758.0,0.0,0.0,0.0,0.0,0.0,0.0,1024.0,1421.0,0.012281596366995,Female,White,True,Female_White,0.0
5903,26--Soldier_Drilling/26_Soldier_Drilling_Soldiers_Drilling_26_922.jpg,67.0,608.0,123.0,688.0,1.0,0.0,0.0,0.0,0.0,0.0,1024.0,1421.0,0.0030788177339901,Female,White,True,Female_White,0.0
5910,27--Spa/27_Spa_Spa_27_305.jpg,120.0,214.0,516.0,478.0,0.0,0.0,0.0,0.0,0.0,1.0,1024.0,768.0,0.1329345703125,Female,White,True,Female_White,4.0
5911,27--Spa/27_Spa_Spa_27_348.jpg,344.0,432.0,426.0,498.0,0.0,0.0,0.0,0.0,0.0,1.0,1024.0,732.0,0.0072201588114754,Female,White,True,Female_White,0.0
5912,27--Spa/27_Spa_Spa_27_348.jpg,416.0,150.0,480.0,222.0,1.0,0.0,0.0,0.0,0.0,0.0,1024.0,732.0,0.0061475409836065,Female,Asian,True,Female_Asian,0.0
5913,27--Spa/27_Spa_Spa_27_550.jpg,541.0,28.0,1005.0,617.0,0.0,0.0,0.0,0.0,0.0,0.0,1024.0,1087.0,0.2455295538178472,Female,Asian,True,Female_Asian,9.0
5917,27--Spa/27_Spa_Spa_27_135.jpg,357.0,1168.0,528.0,1444.0,0.0,0.0,0.0,0.0,1.0,1.0,1024.0,1536.0,0.0300064086914062,Female,White,True,Female_White,1.0
5920,27--Spa/27_Spa_Spa_27_207.jpg,356.0,150.0,422.0,288.0,0.0,0.0,0.0,0.0,0.0,1.0,1024.0,411.0,0.0216411952554744,Female,White,True,Female_White,0.0
5921,27--Spa/27_Spa_Spa_27_703.jpg,160.0,350.0,382.0,508.0,0.0,0.0,0.0,0.0,0.0,1.0,1024.0,697.0,0.0491447722381635,Female,White,True,Female_White,1.0
5922,27--Spa/27_Spa_Spa_27_581.jpg,66.0,276.0,107.0,334.0,1.0,0.0,0.0,0.0,0.0,0.0,1024.0,686.0,0.0033852268586005,Female,White,True,Female_White,0.0
5923,27--Spa/27_Spa_Spa_27_581.jpg,595.0,252.0,625.0,294.0,0.0,0.0,0.0,0.0,0.0,0.0,1024.0,686.0,0.0017936862244897,Female,White,True,Female_White,0.0
5924,27--Spa/27_Spa_Spa_27_581.jpg,827.0,290.0,868.0,343.0,1.0,0.0,0.0,0.0,0.0,0.0,1024.0,686.0,0.003093396956997,Female,White,True,Female_White,0.0
5928,27--Spa/27_Spa_Spa_27_886.jpg,318.0,156.0,522.0,430.0,0.0,0.0,0.0,0.0,0.0,0.0,1024.0,1024.0,0.0533065795898437,Female,White,True,Female_White,1.0
5929,27--Spa/27_Spa_Spa_27_525.jpg,278.0,136.0,704.0,480.0,0.0,0.0,0.0,0.0,0.0,1.0,1024.0,682.0,0.2098377932551319,Female,White,True,Female_White,7.0
5930,27--Spa/27_Spa_Spa_27_741.jpg,166.0,254.0,288.0,366.0,0.0,0.0,0.0,0.0,0.0,1.0,1024.0,468.0,0.0285122863247863,Female,White,True,Female_White,1.0
5931,27--Spa/27_Spa_Spa_27_37.jpg,178.0,210.0,454.0,466.0,0.0,0.0,0.0,0.0,0.0,1.0,1024.0,683.0,0.1010248901903367,Female,White,True,Female_White,3.0
5932,27--Spa/27_Spa_Spa_27_23.jpg,160.0,118.0,848.0,546.0,0.0,0.0,0.0,0.0,1.0,1.0,1024.0,768.0,0.3744303385416667,Female,White,True,Female_White,14.0
5933,27--Spa/27_Spa_Spa_27_32.jpg,668.0,380.0,884.0,530.0,0.0,0.0,0.0,0.0,0.0,0.0,1024.0,681.0,0.0464620044052863,Female,White,True,Female_White,1.0
5934,27--Spa/27_Spa_Spa_27_465.jpg,668.0,368.0,882.0,520.0,0.0,0.0,0.0,0.0,0.0,1.0,1024.0,682.0,0.0465771627565982,Female,White,True,Female_White,1.0
5935,27--Spa/27_Spa_Spa_27_372.jpg,542.0,316.0,848.0,474.0,0.0,0.0,0.0,0.0,0.0,1.0,1024.0,683.0,0.0691286145680819,Female,Asian,True,Female_Asian,2.0
5936,27--Spa/27_Spa_Spa_27_699.jpg,152.0,280.0,824.0,592.0,0.0,0.0,0.0,0.0,0.0,1.0,1024.0,683.0,0.2997803806734992,Female,White,True,Female_White,11.0
5937,27--Spa/27_Spa_Spa_27_110.jpg,692.0,158.0,812.0,250.0,0.0,0.0,0.0,0.0,0.0,1.0,1024.0,307.0,0.0351180781758957,Female,White,True,Female_White,1.0
5943,27--Spa/27_Spa_Spa_27_81.jpg,688.0,92.0,800.0,322.0,0.0,0.0,0.0,0.0,0.0,0.0,1024.0,484.0,0.0519757231404958,Female,White,True,Female_White,1.0
5945,27--Spa/27_Spa_Spa_27_18.jpg,604.0,306.0,882.0,550.0,0.0,0.0,0.0,0.0,0.0,0.0,1024.0,710.0,0.0932988556338028,Female,White,True,Female_White,3.0
5946,27--Spa/27_Spa_Spa_27_671.jpg,316.0,229.0,350.0,277.0,0.0,0.0,0.0,0.0,0.0,0.0,1024.0,683.0,0.0023334553440702,Female,White,True,Female_White,0.0
5947,27--Spa/27_Spa_Spa_27_671.jpg,677.0,231.0,716.0,296.0,0.0,0.0,0.0,0.0,0.0,0.0,1024.0,683.0,0.0036245767752562,Female,White,True,Female_White,0.0
5949,27--Spa/27_Spa_Spa_27_867.jpg,580.0,162.0,838.0,494.0,0.0,0.0,0.0,0.0,0.0,0.0,1024.0,1024.0,0.0816879272460937,Female,White,True,Female_White,3.0
5950,27--Spa/27_Spa_Spa_27_228.jpg,465.0,270.0,677.0,495.0,0.0,0.0,0.0,0.0,0.0,0.0,1024.0,1279.0,0.0364206655590304,Female,White,True,Female_White,1.0
5951,27--Spa/27_Spa_Spa_27_228.jpg,402.0,719.0,614.0,939.0,0.0,0.0,0.0,0.0,0.0,1.0,1024.0,1279.0,0.0356113174354964,Female,White,True,Female_White,1.0
5953,27--Spa/27_Spa_Spa_27_464.jpg,216.0,54.0,634.0,314.0,0.0,0.0,0.0,0.0,0.0,1.0,1024.0,720.0,0.1474066840277778,Female,White,True,Female_White,5.0
5954,27--Spa/27_Spa_Spa_27_51.jpg,216.0,114.0,566.0,330.0,0.0,0.0,0.0,0.0,0.0,1.0,1024.0,436.0,0.1693305619266055,Female,White,True,Female_White,6.0
5955,27--Spa/27_Spa_Spa_27_425.jpg,158.0,206.0,384.0,332.0,0.0,0.0,0.0,0.0,0.0,1.0,1024.0,762.0,0.036494217519685,Female,White,True,Female_White,1.0
5957,27--Spa/27_Spa_Spa_27_613.jpg,390.0,138.0,736.0,408.0,0.0,0.0,0.0,0.0,0.0,1.0,1024.0,767.0,0.1189445485658409,Female,Asian,True,Female_Asian,4.0
5958,27--Spa/27_Spa_Spa_27_677.jpg,354.0,142.0,918.0,490.0,0.0,0.0,0.0,0.0,0.0,1.0,1024.0,683.0,0.2806323206442166,Female,White,True,Female_White,10.0
5959,27--Spa/27_Spa_Spa_27_434.jpg,156.0,130.0,468.0,306.0,0.0,0.0,0.0,0.0,0.0,1.0,1024.0,686.0,0.07817055393586,Female,Asian,True,Female_Asian,2.0
5960,27--Spa/27_Spa_Spa_27_871.jpg,436.0,216.0,684.0,528.0,0.0,0.0,0.0,0.0,0.0,0.0,1024.0,1024.0,0.07379150390625,Female,White,True,Female_White,2.0
5970,27--Spa/27_Spa_Spa_27_559.jpg,554.0,212.0,750.0,324.0,0.0,0.0,0.0,0.0,1.0,1.0,1024.0,633.0,0.0338665086887835,Female,Asian,True,Female_Asian,1.0
5971,27--Spa/27_Spa_Spa_27_879.jpg,416.0,222.0,612.0,504.0,0.0,0.0,0.0,0.0,0.0,0.0,1024.0,1024.0,0.0527114868164062,Female,White,True,Female_White,1.0
5973,27--Spa/27_Spa_Spa_27_400.jpg,566.0,690.0,732.0,786.0,0.0,0.0,0.0,0.0,0.0,1.0,1024.0,1024.0,0.01519775390625,Female,White,True,Female_White,0.0
5974,27--Spa/27_Spa_Spa_27_400.jpg,248.0,632.0,308.0,692.0,0.0,0.0,0.0,0.0,0.0,0.0,1024.0,1024.0,0.0034332275390625,Female,White,True,Female_White,0.0
5977,27--Spa/27_Spa_Spa_27_725.jpg,718.0,556.0,952.0,712.0,0.0,0.0,0.0,0.0,0.0,1.0,1024.0,769.0,0.0463568758127438,Female,White,True,Female_White,1.0
5980,27--Spa/27_Spa_Spa_27_784.jpg,216.0,230.0,304.0,316.0,1.0,0.0,0.0,0.0,0.0,1.0,1024.0,683.0,0.0108208272327964,Female,White,True,Female_White,0.0
5982,27--Spa/27_Spa_Spa_27_884.jpg,466.0,232.0,694.0,528.0,0.0,0.0,0.0,0.0,0.0,0.0,1024.0,1024.0,0.064361572265625,Female,White,True,Female_White,2.0
5983,27--Spa/27_Spa_Spa_27_726.jpg,376.0,382.0,442.0,448.0,0.0,0.0,0.0,0.0,0.0,1.0,1024.0,683.0,0.0062282668374816,Female,White,True,Female_White,0.0
5984,27--Spa/27_Spa_Spa_27_726.jpg,276.0,128.0,348.0,188.0,0.0,0.0,0.0,0.0,0.0,0.0,1024.0,683.0,0.006176793557833,Female,Asian,True,Female_Asian,0.0
5985,27--Spa/27_Spa_Spa_27_849.jpg,482.0,194.0,726.0,500.0,0.0,0.0,0.0,0.0,0.0,0.0,1024.0,1024.0,0.0712051391601562,Female,White,True,Female_White,2.0
5986,27--Spa/27_Spa_Spa_27_22.jpg,196.0,134.0,528.0,306.0,0.0,0.0,0.0,0.0,0.0,1.0,1024.0,683.0,0.0816480600292825,Female,White,True,Female_White,3.0
5992,28--Sports_Fan/28_Sports_Fan_Sports_Fan_28_159.jpg,500.0,138.0,754.0,450.0,0.0,0.0,0.0,0.0,0.0,0.0,1024.0,576.0,0.1343587239583333,Female,White,True,Female_White,5.0
5993,28--Sports_Fan/28_Sports_Fan_Sports_Fan_28_212.jpg,155.0,228.0,701.0,899.0,0.0,0.0,0.0,0.0,1.0,0.0,1024.0,1392.0,0.257025356950431,Female,White,True,Female_White,9.0
6005,28--Sports_Fan/28_Sports_Fan_Sports_Fan_28_916.jpg,129.0,465.0,644.0,1183.0,0.0,0.0,0.0,0.0,0.0,0.0,1024.0,1509.0,0.2392998778164347,Female,White,True,Female_White,8.0
6021,28--Sports_Fan/28_Sports_Fan_Sports_Fan_28_302.jpg,152.0,232.0,362.0,520.0,0.0,0.0,0.0,0.0,0.0,0.0,1024.0,739.0,0.0799221921515561,Female,White,True,Female_White,2.0
6022,28--Sports_Fan/28_Sports_Fan_Sports_Fan_28_302.jpg,694.0,22.0,912.0,312.0,0.0,0.0,0.0,0.0,0.0,0.0,1024.0,739.0,0.0835430057510148,Female,White,True,Female_White,3.0
6023,28--Sports_Fan/28_Sports_Fan_Sports_Fan_28_918.jpg,476.0,100.0,596.0,278.0,0.0,0.0,0.0,0.0,0.0,0.0,1024.0,576.0,0.0362141927083333,Female,White,True,Female_White,1.0
6028,28--Sports_Fan/28_Sports_Fan_Sports_Fan_28_520.jpg,587.0,181.0,680.0,328.0,1.0,0.0,0.0,0.0,0.0,0.0,1024.0,1366.0,0.0097734889732796,Female,White,True,Female_White,0.0
6029,28--Sports_Fan/28_Sports_Fan_Sports_Fan_28_520.jpg,203.0,368.0,278.0,475.0,1.0,0.0,0.0,0.0,0.0,0.0,1024.0,1366.0,0.0057371259608345,Female,White,True,Female_White,0.0
6043,28--Sports_Fan/28_Sports_Fan_Sports_Fan_28_202.jpg,174.0,198.0,712.0,863.0,0.0,0.0,0.0,0.0,0.0,0.0,1024.0,1392.0,0.250994802891523,Female,White,True,Female_White,9.0
6048,28--Sports_Fan/28_Sports_Fan_Sports_Fan_28_72.jpg,215.0,239.0,677.0,826.0,0.0,0.0,0.0,0.0,0.0,0.0,1024.0,1392.0,0.1902571053340517,Female,White,True,Female_White,7.0
6053,28--Sports_Fan/28_Sports_Fan_Sports_Fan_28_613.jpg,340.0,362.0,672.0,828.0,0.0,0.0,0.0,0.0,0.0,0.0,1024.0,1371.0,0.1102012673231218,Female,Black,True,Female_Black,4.0
6065,28--Sports_Fan/28_Sports_Fan_Sports_Fan_28_951.jpg,322.0,336.0,670.0,712.0,0.0,0.0,0.0,0.0,0.0,0.0,1024.0,738.0,0.173145325203252,Female,White,True,Female_White,6.0
6085,28--Sports_Fan/28_Sports_Fan_Sports_Fan_28_134.jpg,338.0,297.0,531.0,533.0,0.0,0.0,0.0,0.0,0.0,0.0,1024.0,1109.0,0.0401086282687105,Female,White,True,Female_White,1.0
6091,28--Sports_Fan/28_Sports_Fan_Sports_Fan_28_246.jpg,204.0,250.0,603.0,725.0,0.0,0.0,0.0,0.0,0.0,0.0,1024.0,1392.0,0.1329619308997844,Female,White,True,Female_White,4.0
6116,28--Sports_Fan/28_Sports_Fan_Sports_Fan_28_26.jpg,179.0,359.0,720.0,927.0,0.0,0.0,0.0,0.0,0.0,0.0,1024.0,1392.0,0.2155789780890804,Female,White,True,Female_White,8.0
6121,28--Sports_Fan/28_Sports_Fan_Sports_Fan_28_216.jpg,174.0,321.0,796.0,965.0,0.0,0.0,0.0,0.0,1.0,0.0,1024.0,1392.0,0.2810198904454023,Female,White,True,Female_White,10.0
6128,28--Sports_Fan/28_Sports_Fan_Sports_Fan_28_646.jpg,454.0,26.0,956.0,684.0,0.0,0.0,0.0,0.0,0.0,0.0,1024.0,938.0,0.3438957555970149,Female,White,True,Female_White,12.0
6131,28--Sports_Fan/28_Sports_Fan_Sports_Fan_28_106.jpg,406.0,110.0,694.0,522.0,0.0,0.0,0.0,0.0,0.0,0.0,1024.0,684.0,0.1694078947368421,Female,White,True,Female_White,6.0
6169,29--Students_Schoolkids/29_Students_Schoolkids_Students_Schoolkids_29_868.jpg,291.0,219.0,605.0,630.0,0.0,0.0,0.0,0.0,0.0,0.0,1024.0,1421.0,0.0886905678219563,Female,White,True,Female_White,3.0
6194,29--Students_Schoolkids/29_Students_Schoolkids_Students_Schoolkids_29_573.jpg,410.0,114.0,482.0,204.0,0.0,0.0,0.0,0.0,0.0,0.0,1024.0,681.0,0.0092924008810572,Female,Asian,True,Female_Asian,0.0
6195,29--Students_Schoolkids/29_Students_Schoolkids_Students_Schoolkids_29_573.jpg,274.0,100.0,338.0,204.0,0.0,0.0,0.0,0.0,0.0,0.0,1024.0,681.0,0.0095447870778267,Female,White,True,Female_White,0.0
6218,29--Students_Schoolkids/29_Students_Schoolkids_Students_Schoolkids_29_94.jpg,324.0,304.0,428.0,444.0,0.0,0.0,0.0,0.0,0.0,0.0,1024.0,577.0,0.0246425476603119,Female,White,True,Female_White,0.0
6219,29--Students_Schoolkids/29_Students_Schoolkids_Students_Schoolkids_29_94.jpg,430.0,102.0,554.0,260.0,0.0,0.0,0.0,0.0,0.0,0.0,1024.0,577.0,0.0331591204506065,Female,White,True,Female_White,1.0
6226,29--Students_Schoolkids/29_Students_Schoolkids_Students_Schoolkids_29_603.jpg,531.0,444.0,827.0,629.0,0.0,0.0,0.0,0.0,0.0,1.0,1024.0,1579.0,0.0338673606713109,Female,White,True,Female_White,1.0
6240,29--Students_Schoolkids/29_Students_Schoolkids_Students_Schoolkids_29_19.jpg,236.0,312.0,514.0,600.0,0.0,0.0,0.0,0.0,0.0,0.0,1024.0,768.0,0.101806640625,Female,Indian,True,Female_Indian,3.0
6241,29--Students_Schoolkids/29_Students_Schoolkids_Students_Schoolkids_29_19.jpg,502.0,186.0,760.0,502.0,0.0,0.0,0.0,0.0,0.0,0.0,1024.0,768.0,0.103668212890625,Female,Asian,True,Female_Asian,3.0
6246,29--Students_Schoolkids/29_Students_Schoolkids_Students_Schoolkids_29_268.jpg,284.0,222.0,764.0,954.0,0.0,0.0,0.0,0.0,0.0,0.0,1024.0,1024.0,0.3350830078125,Female,Black,True,Female_Black,12.0
6258,29--Students_Schoolkids/29_Students_Schoolkids_Students_Schoolkids_29_72.jpg,708.0,116.0,886.0,320.0,0.0,0.0,0.0,0.0,0.0,0.0,1024.0,767.0,0.0462332953063885,Female,Indian,True,Female_Indian,1.0
6259,29--Students_Schoolkids/29_Students_Schoolkids_Students_Schoolkids_29_72.jpg,150.0,190.0,288.0,252.0,1.0,0.0,0.0,0.0,0.0,1.0,1024.0,767.0,0.0108937011082138,Female,White,True,Female_White,0.0
6297,29--Students_Schoolkids/29_Students_Schoolkids_Students_Schoolkids_29_579.jpg,357.0,352.0,672.0,727.0,0.0,0.0,0.0,0.0,0.0,0.0,1024.0,1346.0,0.0857031540211738,Female,White,True,Female_White,3.0
6306,29--Students_Schoolkids/29_Students_Schoolkids_Students_Schoolkids_29_228.jpg,452.0,100.0,596.0,306.0,0.0,0.0,0.0,0.0,0.0,0.0,1024.0,615.0,0.0471036585365853,Female,White,True,Female_White,1.0
6307,29--Students_Schoolkids/29_Students_Schoolkids_Students_Schoolkids_29_909.jpg,434.0,124.0,586.0,308.0,0.0,0.0,0.0,0.0,0.0,1.0,1024.0,685.0,0.0398722627737226,Female,White,True,Female_White,1.0
6308,29--Students_Schoolkids/29_Students_Schoolkids_Students_Schoolkids_29_909.jpg,818.0,192.0,962.0,384.0,0.0,0.0,0.0,0.0,0.0,0.0,1024.0,685.0,0.0394160583941605,Female,White,True,Female_White,1.0
6330,29--Students_Schoolkids/29_Students_Schoolkids_Students_Schoolkids_29_452.jpg,328.0,218.0,394.0,294.0,1.0,0.0,0.0,0.0,0.0,0.0,1024.0,615.0,0.0079649390243902,Female,White,True,Female_White,0.0
6331,29--Students_Schoolkids/29_Students_Schoolkids_Students_Schoolkids_29_452.jpg,488.0,172.0,552.0,248.0,1.0,0.0,0.0,0.0,0.0,0.0,1024.0,615.0,0.0077235772357723,Female,White,True,Female_White,0.0
6332,29--Students_Schoolkids/29_Students_Schoolkids_Students_Schoolkids_29_452.jpg,660.0,252.0,716.0,330.0,1.0,0.0,0.0,0.0,0.0,0.0,1024.0,615.0,0.006935975609756,Female,White,True,Female_White,0.0
6334,29--Students_Schoolkids/29_Students_Schoolkids_Students_Schoolkids_29_469.jpg,140.0,96.0,306.0,312.0,0.0,0.0,0.0,0.0,0.0,0.0,1024.0,683.0,0.0512673865300146,Female,White,True,Female_White,1.0
6349,29--Students_Schoolkids/29_Students_Schoolkids_Students_Schoolkids_29_814.jpg,421.0,127.0,661.0,475.0,0.0,0.0,0.0,0.0,0.0,0.0,1024.0,1449.0,0.0562888198757764,Female,White,True,Female_White,2.0
6350,29--Students_Schoolkids/29_Students_Schoolkids_Students_Schoolkids_29_732.jpg,428.0,155.0,533.0,313.0,0.0,0.0,0.0,0.0,1.0,0.0,1024.0,1345.0,0.0120454809479553,Female,White,True,Female_White,0.0
6362,29--Students_Schoolkids/29_Students_Schoolkids_Students_Schoolkids_29_559.jpg,472.0,392.0,624.0,576.0,0.0,0.0,0.0,0.0,0.0,0.0,1024.0,713.0,0.0383064516129032,Female,White,True,Female_White,1.0
6363,29--Students_Schoolkids/29_Students_Schoolkids_Students_Schoolkids_29_559.jpg,110.0,190.0,270.0,368.0,0.0,0.0,0.0,0.0,0.0,0.0,1024.0,713.0,0.0390077138849929,Female,White,True,Female_White,1.0
6364,29--Students_Schoolkids/29_Students_Schoolkids_Students_Schoolkids_29_30.jpg,236.0,124.0,314.0,246.0,0.0,0.0,0.0,0.0,0.0,0.0,1024.0,577.0,0.0161056650779896,Female,White,True,Female_White,0.0
6365,29--Students_Schoolkids/29_Students_Schoolkids_Students_Schoolkids_29_30.jpg,636.0,70.0,730.0,174.0,0.0,0.0,0.0,0.0,0.0,0.0,1024.0,577.0,0.0165457105719237,Female,White,True,Female_White,0.0
6366,29--Students_Schoolkids/29_Students_Schoolkids_Students_Schoolkids_29_30.jpg,452.0,118.0,516.0,216.0,0.0,1.0,0.0,0.0,0.0,0.0,1024.0,577.0,0.0106152512998266,Female,White,True,Female_White,0.0
6390,29--Students_Schoolkids/29_Students_Schoolkids_Students_Schoolkids_29_876.jpg,272.0,106.0,408.0,272.0,0.0,0.0,0.0,0.0,0.0,0.0,1024.0,718.0,0.0307059540389972,Female,White,True,Female_White,1.0
6391,29--Students_Schoolkids/29_Students_Schoolkids_Students_Schoolkids_29_876.jpg,828.0,274.0,944.0,398.0,0.0,0.0,0.0,0.0,0.0,1.0,1024.0,718.0,0.0195638927576601,Female,White,True,Female_White,0.0
6410,29--Students_Schoolkids/29_Students_Schoolkids_Students_Schoolkids_29_334.jpg,274.0,170.0,344.0,260.0,0.0,0.0,0.0,0.0,0.0,0.0,1024.0,679.0,0.0090608891752577,Female,White,True,Female_White,0.0
6411,29--Students_Schoolkids/29_Students_Schoolkids_Students_Schoolkids_29_334.jpg,434.0,234.0,506.0,314.0,0.0,0.0,0.0,0.0,0.0,0.0,1024.0,679.0,0.0082842415316642,Female,White,True,Female_White,0.0
6412,29--Students_Schoolkids/29_Students_Schoolkids_Students_Schoolkids_29_334.jpg,620.0,194.0,680.0,272.0,0.0,0.0,0.0,0.0,0.0,0.0,1024.0,679.0,0.0067309462444771,Female,White,True,Female_White,0.0
6415,29--Students_Schoolkids/29_Students_Schoolkids_Students_Schoolkids_29_479.jpg,323.0,90.0,553.0,382.0,0.0,0.0,0.0,0.0,0.0,0.0,1024.0,1054.0,0.0622257471537001,Female,White,True,Female_White,2.0
6419,29--Students_Schoolkids/29_Students_Schoolkids_Students_Schoolkids_29_562.jpg,239.0,253.0,496.0,563.0,0.0,0.0,0.0,0.0,0.0,0.0,1024.0,1054.0,0.0738166360294117,Female,Asian,True,Female_Asian,2.0
6420,29--Students_Schoolkids/29_Students_Schoolkids_Students_Schoolkids_29_562.jpg,496.0,370.0,718.0,689.0,0.0,0.0,0.0,0.0,0.0,0.0,1024.0,1054.0,0.0656149934772296,Female,White,True,Female_White,2.0
6423,3--Riot/3_Riot_Riot_3_338.jpg,404.0,98.0,574.0,308.0,0.0,0.0,0.0,0.0,0.0,1.0,1024.0,788.0,0.0442427427030456,Female,White,True,Female_White,1.0
6448,3--Riot/3_Riot_Riot_3_880.jpg,126.0,16.0,791.0,736.0,0.0,0.0,0.0,0.0,0.0,0.0,1024.0,1657.0,0.2821835395292698,Female,White,True,Female_White,10.0
6457,3--Riot/3_Riot_Riot_3_792.jpg,408.0,74.0,686.0,434.0,0.0,0.0,0.0,0.0,0.0,0.0,1024.0,576.0,0.169677734375,Female,White,True,Female_White,6.0
6458,3--Riot/3_Riot_Riot_3_460.jpg,46.0,210.0,216.0,454.0,0.0,0.0,0.0,0.0,0.0,0.0,1024.0,788.0,0.0514058534263959,Female,White,True,Female_White,1.0
6459,3--Riot/3_Riot_Riot_3_460.jpg,404.0,274.0,568.0,480.0,0.0,0.0,0.0,0.0,0.0,0.0,1024.0,788.0,0.0418682582487309,Female,White,True,Female_White,1.0
6460,3--Riot/3_Riot_Riot_3_460.jpg,734.0,98.0,916.0,354.0,0.0,0.0,0.0,0.0,0.0,0.0,1024.0,788.0,0.057741116751269,Female,White,True,Female_White,2.0
6482,3--Riot/3_Riot_Riot_3_482.jpg,397.0,165.0,590.0,395.0,0.0,0.0,0.0,0.0,0.0,0.0,1024.0,1320.0,0.0328406131628787,Female,White,True,Female_White,1.0
6483,3--Riot/3_Riot_Riot_3_482.jpg,224.0,348.0,399.0,560.0,0.0,0.0,0.0,0.0,0.0,0.0,1024.0,1320.0,0.027447324810606,Female,White,True,Female_White,0.0
6484,3--Riot/3_Riot_Riot_3_205.jpg,138.0,224.0,300.0,438.0,0.0,0.0,0.0,0.0,0.0,0.0,1024.0,701.0,0.0482959611269614,Female,White,True,Female_White,1.0
6485,3--Riot/3_Riot_Riot_3_205.jpg,252.0,166.0,472.0,390.0,0.0,0.0,0.0,0.0,0.0,0.0,1024.0,701.0,0.0686519258202567,Female,White,True,Female_White,2.0
6501,3--Riot/3_Riot_Riot_3_901.jpg,498.0,70.0,692.0,350.0,0.0,0.0,0.0,0.0,0.0,0.0,1024.0,641.0,0.0827564352574102,Female,White,True,Female_White,3.0
6502,3--Riot/3_Riot_Riot_3_623.jpg,454.0,67.0,615.0,282.0,0.0,0.0,0.0,0.0,0.0,0.0,1024.0,1328.0,0.0254546016095632,Female,White,True,Female_White,0.0
6540,3--Riot/3_Riot_Riot_3_134.jpg,124.0,64.0,232.0,190.0,0.0,0.0,0.0,0.0,0.0,0.0,1024.0,703.0,0.0189033605974395,Female,White,True,Female_White,0.0
6541,3--Riot/3_Riot_Riot_3_134.jpg,472.0,122.0,586.0,246.0,0.0,0.0,0.0,0.0,0.0,0.0,1024.0,703.0,0.0196368243243243,Female,White,True,Female_White,0.0
6542,3--Riot/3_Riot_Riot_3_134.jpg,798.0,68.0,882.0,196.0,0.0,0.0,0.0,0.0,0.0,0.0,1024.0,703.0,0.0149359886201991,Female,White,True,Female_White,0.0
6544,3--Riot/3_Riot_Riot_3_308.jpg,404.0,100.0,560.0,276.0,0.0,0.0,0.0,0.0,0.0,0.0,1024.0,684.0,0.0391995614035087,Female,White,True,Female_White,1.0
6545,3--Riot/3_Riot_Riot_3_308.jpg,18.0,304.0,178.0,468.0,0.0,0.0,0.0,0.0,0.0,0.0,1024.0,684.0,0.0374634502923976,Female,White,True,Female_White,1.0
6551,3--Riot/3_Riot_Riot_3_477.jpg,91.0,12.0,756.0,699.0,0.0,0.0,0.0,0.0,0.0,1.0,1024.0,1557.0,0.2865430063824662,Female,White,True,Female_White,10.0
6552,3--Riot/3_Riot_Riot_3_553.jpg,50.0,70.0,242.0,352.0,0.0,0.0,0.0,0.0,0.0,0.0,1024.0,578.0,0.0914792387543252,Female,White,True,Female_White,3.0
6553,3--Riot/3_Riot_Riot_3_553.jpg,388.0,52.0,578.0,338.0,0.0,0.0,0.0,0.0,0.0,0.0,1024.0,578.0,0.0918103914359861,Female,White,True,Female_White,3.0
6554,3--Riot/3_Riot_Riot_3_553.jpg,762.0,88.0,978.0,348.0,0.0,0.0,0.0,0.0,0.0,0.0,1024.0,578.0,0.0948853806228373,Female,White,True,Female_White,3.0
6573,30--Surgeons/30_Surgeons_Surgeons_30_764.jpg,304.0,273.0,696.0,745.0,0.0,0.0,0.0,0.0,0.0,0.0,1024.0,1322.0,0.1366773827534039,Female,Black,True,Female_Black,5.0
6600,30--Surgeons/30_Surgeons_Surgeons_30_649.jpg,307.0,340.0,680.0,828.0,0.0,0.0,0.0,0.0,0.0,0.0,1024.0,1542.0,0.1152774400129701,Female,White,True,Female_White,4.0
6608,30--Surgeons/30_Surgeons_Surgeons_30_664.jpg,474.0,441.0,750.0,807.0,0.0,0.0,0.0,0.0,0.0,0.0,1024.0,1536.0,0.0642242431640625,Female,White,True,Female_White,2.0
6609,30--Surgeons/30_Surgeons_Surgeons_30_430.jpg,456.0,134.0,516.0,212.0,0.0,0.0,0.0,0.0,0.0,0.0,1024.0,684.0,0.0066817434210526,Female,White,True,Female_White,0.0
6610,30--Surgeons/30_Surgeons_Surgeons_30_430.jpg,590.0,172.0,654.0,252.0,0.0,0.0,0.0,0.0,0.0,0.0,1024.0,684.0,0.0073099415204678,Female,White,True,Female_White,0.0
6620,30--Surgeons/30_Surgeons_Surgeons_30_674.jpg,267.0,333.0,883.0,1195.0,0.0,0.0,0.0,0.0,0.0,0.0,1024.0,1538.0,0.3371566157347204,Female,White,True,Female_White,12.0
6621,30--Surgeons/30_Surgeons_Surgeons_30_539.jpg,321.0,234.0,714.0,768.0,0.0,0.0,0.0,0.0,0.0,0.0,1024.0,1315.0,0.1558504634030418,Female,Black,True,Female_Black,5.0
6633,30--Surgeons/30_Surgeons_Surgeons_30_432.jpg,320.0,255.0,707.0,774.0,0.0,0.0,0.0,0.0,0.0,0.0,1024.0,1280.0,0.1532386779785156,Female,White,True,Female_White,5.0
6646,30--Surgeons/30_Surgeons_Surgeons_30_479.jpg,442.0,106.0,564.0,268.0,0.0,0.0,0.0,0.0,0.0,0.0,1024.0,576.0,0.03350830078125,Female,White,True,Female_White,1.0
6681,30--Surgeons/30_Surgeons_Surgeons_30_944.jpg,42.0,84.0,394.0,634.0,0.0,0.0,0.0,0.0,0.0,0.0,1024.0,746.0,0.2534349865951742,Female,White,True,Female_White,9.0
6682,30--Surgeons/30_Surgeons_Surgeons_30_944.jpg,542.0,108.0,908.0,662.0,0.0,0.0,0.0,0.0,0.0,0.0,1024.0,746.0,0.265431258378016,Female,White,True,Female_White,9.0
6690,30--Surgeons/30_Surgeons_Surgeons_30_563.jpg,303.0,260.0,715.0,837.0,0.0,0.0,0.0,0.0,0.0,0.0,1024.0,1479.0,0.1569657496619337,Female,Black,True,Female_Black,5.0
6691,30--Surgeons/30_Surgeons_Surgeons_30_693.jpg,478.0,365.0,901.0,941.0,0.0,0.0,0.0,0.0,0.0,0.0,1024.0,1572.0,0.1513597328244274,Female,White,True,Female_White,5.0
6715,30--Surgeons/30_Surgeons_Surgeons_30_886.jpg,166.0,68.0,414.0,412.0,0.0,0.0,1.0,0.0,0.0,0.0,1024.0,734.0,0.1135047683923705,Female,White,True,Female_White,4.0
6720,30--Surgeons/30_Surgeons_Surgeons_30_494.jpg,115.0,402.0,766.0,1211.0,0.0,0.0,0.0,0.0,0.0,0.0,1024.0,1592.0,0.3230624558338568,Female,White,True,Female_White,12.0
6748,30--Surgeons/30_Surgeons_Surgeons_30_522.jpg,267.0,652.0,732.0,1244.0,0.0,0.0,0.0,0.0,0.0,0.0,1024.0,1538.0,0.1747907184655396,Female,White,True,Female_White,6.0
6750,30--Surgeons/30_Surgeons_Surgeons_30_916.jpg,127.0,213.0,188.0,305.0,0.0,0.0,0.0,0.0,0.0,0.0,1024.0,620.0,0.0088394657258064,Female,Black,True,Female_Black,0.0
6751,30--Surgeons/30_Surgeons_Surgeons_30_916.jpg,184.0,185.0,235.0,250.0,0.0,0.0,0.0,0.0,0.0,0.0,1024.0,620.0,0.005221459173387,Female,White,True,Female_White,0.0
6752,30--Surgeons/30_Surgeons_Surgeons_30_916.jpg,258.0,241.0,318.0,323.0,0.0,0.0,0.0,0.0,0.0,0.0,1024.0,620.0,0.0077494959677419,Female,White,True,Female_White,0.0
6753,30--Surgeons/30_Surgeons_Surgeons_30_916.jpg,317.0,206.0,367.0,274.0,0.0,0.0,0.0,0.0,0.0,0.0,1024.0,620.0,0.0053553427419354,Female,Asian,True,Female_Asian,0.0
6754,30--Surgeons/30_Surgeons_Surgeons_30_916.jpg,368.0,192.0,414.0,255.0,0.0,0.0,0.0,0.0,0.0,0.0,1024.0,620.0,0.0045646421370967,Female,Asian,True,Female_Asian,0.0
6755,30--Surgeons/30_Surgeons_Surgeons_30_916.jpg,366.0,313.0,428.0,399.0,0.0,0.0,0.0,0.0,0.0,0.0,1024.0,620.0,0.0083984375,Female,White,True,Female_White,0.0
6756,30--Surgeons/30_Surgeons_Surgeons_30_916.jpg,428.0,242.0,482.0,308.0,0.0,0.0,0.0,0.0,1.0,0.0,1024.0,620.0,0.0056136592741935,Female,Asian,True,Female_Asian,0.0
6757,30--Surgeons/30_Surgeons_Surgeons_30_916.jpg,438.0,304.0,498.0,386.0,0.0,0.0,0.0,0.0,0.0,0.0,1024.0,620.0,0.0077494959677419,Female,White,True,Female_White,0.0
6758,30--Surgeons/30_Surgeons_Surgeons_30_916.jpg,477.0,206.0,519.0,266.0,0.0,0.0,0.0,0.0,0.0,0.0,1024.0,620.0,0.003969254032258,Female,White,True,Female_White,0.0
6759,30--Surgeons/30_Surgeons_Surgeons_30_916.jpg,567.0,278.0,623.0,360.0,0.0,0.0,0.0,0.0,0.0,0.0,1024.0,620.0,0.0072328629032258,Female,Black,True,Female_Black,0.0
6760,30--Surgeons/30_Surgeons_Surgeons_30_916.jpg,569.0,191.0,611.0,251.0,0.0,0.0,0.0,0.0,0.0,0.0,1024.0,620.0,0.003969254032258,Female,White,True,Female_White,0.0
6761,30--Surgeons/30_Surgeons_Surgeons_30_916.jpg,646.0,217.0,698.0,287.0,0.0,0.0,0.0,0.0,0.0,0.0,1024.0,620.0,0.0057333669354838,Female,Asian,True,Female_Asian,0.0
6762,30--Surgeons/30_Surgeons_Surgeons_30_916.jpg,703.0,323.0,755.0,392.0,0.0,0.0,0.0,0.0,0.0,0.0,1024.0,620.0,0.0056514616935483,Female,White,True,Female_White,0.0
6763,30--Surgeons/30_Surgeons_Surgeons_30_916.jpg,838.0,237.0,895.0,307.0,0.0,0.0,0.0,0.0,0.0,0.0,1024.0,620.0,0.0062846522177419,Female,White,True,Female_White,0.0
6769,30--Surgeons/30_Surgeons_Surgeons_30_164.jpg,205.0,237.0,263.0,310.0,0.0,0.0,0.0,0.0,0.0,0.0,1024.0,682.0,0.0060627061950146,Female,Asian,True,Female_Asian,0.0
6770,30--Surgeons/30_Surgeons_Surgeons_30_164.jpg,338.0,330.0,397.0,404.0,0.0,0.0,0.0,0.0,0.0,0.0,1024.0,682.0,0.0062517182917888,Female,Asian,True,Female_Asian,0.0
6771,30--Surgeons/30_Surgeons_Surgeons_30_164.jpg,386.0,214.0,433.0,277.0,1.0,0.0,0.0,0.0,0.0,0.0,1024.0,682.0,0.0042398849890029,Female,Black,True,Female_Black,0.0
6772,30--Surgeons/30_Surgeons_Surgeons_30_164.jpg,606.0,314.0,649.0,378.0,1.0,0.0,0.0,0.0,0.0,0.0,1024.0,682.0,0.0039406158357771,Female,Black,True,Female_Black,0.0
6773,30--Surgeons/30_Surgeons_Surgeons_30_164.jpg,658.0,255.0,697.0,302.0,1.0,0.0,0.0,0.0,0.0,0.0,1024.0,682.0,0.002624690707478,Female,Asian,True,Female_Asian,0.0
6774,30--Surgeons/30_Surgeons_Surgeons_30_164.jpg,772.0,222.0,812.0,273.0,1.0,0.0,1.0,0.0,0.0,0.0,1024.0,682.0,0.0029210960410557,Female,White,True,Female_White,0.0
6775,30--Surgeons/30_Surgeons_Surgeons_30_164.jpg,756.0,317.0,799.0,371.0,1.0,0.0,1.0,0.0,0.0,0.0,1024.0,682.0,0.0033248946114369,Female,White,True,Female_White,0.0
6776,30--Surgeons/30_Surgeons_Surgeons_30_412.jpg,114.0,213.0,609.0,823.0,0.0,0.0,0.0,0.0,0.0,0.0,1024.0,1540.0,0.1914760044642857,Female,White,True,Female_White,7.0
6779,30--Surgeons/30_Surgeons_Surgeons_30_388.jpg,109.0,251.0,147.0,302.0,1.0,0.0,0.0,0.0,0.0,0.0,1024.0,473.0,0.0040012222515856,Female,Asian,True,Female_Asian,0.0
6780,30--Surgeons/30_Surgeons_Surgeons_30_388.jpg,167.0,265.0,207.0,316.0,1.0,0.0,0.0,0.0,0.0,0.0,1024.0,473.0,0.0042118128964059,Female,White,True,Female_White,0.0
6794,30--Surgeons/30_Surgeons_Surgeons_30_227.jpg,222.0,70.0,456.0,420.0,0.0,0.0,0.0,0.0,0.0,0.0,1024.0,576.0,0.13885498046875,Female,White,True,Female_White,5.0
6795,30--Surgeons/30_Surgeons_Surgeons_30_506.jpg,262.0,216.0,738.0,848.0,0.0,0.0,1.0,0.0,0.0,0.0,1024.0,1025.0,0.2866158536585366,Female,White,True,Female_White,10.0
6796,31--Waiter_Waitress/31_Waiter_Waitress_Waiter_Waitress_31_77.jpg,504.0,88.0,692.0,336.0,0.0,0.0,1.0,0.0,0.0,0.0,1024.0,689.0,0.066083091436865,Female,White,True,Female_White,2.0
6802,31--Waiter_Waitress/31_Waiter_Waitress_Waiter_Waitress_31_595.jpg,546.0,158.0,704.0,347.0,0.0,0.0,0.0,0.0,0.0,0.0,1024.0,1346.0,0.0216657573365527,Female,White,True,Female_White,0.0
6803,31--Waiter_Waitress/31_Waiter_Waitress_Waiter_Waitress_31_595.jpg,71.0,635.0,234.0,858.0,0.0,0.0,0.0,0.0,0.0,0.0,1024.0,1346.0,0.0263722662054234,Female,White,True,Female_White,0.0
6810,31--Waiter_Waitress/31_Waiter_Waitress_Waiter_Waitress_31_78.jpg,305.0,117.0,601.0,569.0,0.0,0.0,0.0,0.0,0.0,0.0,1024.0,1533.0,0.0852291258969341,Female,White,True,Female_White,3.0
6837,31--Waiter_Waitress/31_Waiter_Waitress_Waiter_Waitress_31_277.jpg,446.0,40.0,516.0,150.0,0.0,0.0,0.0,0.0,0.0,0.0,1024.0,1024.0,0.0073432922363281,Female,White,True,Female_White,0.0
6838,31--Waiter_Waitress/31_Waiter_Waitress_Waiter_Waitress_31_277.jpg,838.0,50.0,920.0,154.0,0.0,0.0,0.0,0.0,0.0,0.0,1024.0,1024.0,0.0081329345703125,Female,White,True,Female_White,0.0
6839,31--Waiter_Waitress/31_Waiter_Waitress_Waiter_Waitress_31_277.jpg,200.0,50.0,266.0,172.0,0.0,0.0,0.0,0.0,0.0,0.0,1024.0,1024.0,0.0076789855957031,Female,White,True,Female_White,0.0
6850,31--Waiter_Waitress/31_Waiter_Waitress_Waiter_Waitress_31_129.jpg,216.0,82.0,404.0,314.0,0.0,0.0,0.0,0.0,0.0,0.0,1024.0,1024.0,0.041595458984375,Female,Asian,True,Female_Asian,1.0
6851,31--Waiter_Waitress/31_Waiter_Waitress_Waiter_Waitress_31_129.jpg,714.0,74.0,878.0,316.0,0.0,0.0,0.0,0.0,0.0,0.0,1024.0,1024.0,0.0378494262695312,Female,Asian,True,Female_Asian,1.0
6881,31--Waiter_Waitress/31_Waiter_Waitress_Waiter_Waitress_31_140.jpg,408.0,228.0,594.0,489.0,0.0,0.0,0.0,0.0,0.0,0.0,1024.0,1537.0,0.0308446344339622,Female,White,True,Female_White,1.0
6888,31--Waiter_Waitress/31_Waiter_Waitress_Waiter_Waitress_31_423.jpg,272.0,126.0,476.0,366.0,0.0,0.0,1.0,0.0,0.0,0.0,1024.0,1024.0,0.04669189453125,Female,White,True,Female_White,1.0
6892,31--Waiter_Waitress/31_Waiter_Waitress_Waiter_Waitress_31_829.jpg,45.0,15.0,284.0,263.0,0.0,0.0,0.0,0.0,0.0,0.0,1024.0,1529.0,0.037856646500981,Female,White,True,Female_White,1.0
6895,31--Waiter_Waitress/31_Waiter_Waitress_Waiter_Waitress_31_303.jpg,358.0,184.0,604.0,504.0,0.0,0.0,0.0,0.0,0.0,0.0,1024.0,754.0,0.1019562334217506,Female,Asian,True,Female_Asian,3.0
6896,31--Waiter_Waitress/31_Waiter_Waitress_Waiter_Waitress_31_303.jpg,642.0,100.0,888.0,442.0,0.0,0.0,0.0,0.0,0.0,0.0,1024.0,754.0,0.108965724469496,Female,Asian,True,Female_Asian,4.0
6923,31--Waiter_Waitress/31_Waiter_Waitress_Waiter_Waitress_31_920.jpg,413.0,197.0,653.0,500.0,0.0,0.0,0.0,0.0,0.0,0.0,1024.0,2458.0,0.0288916293734743,Female,White,True,Female_White,1.0
6933,31--Waiter_Waitress/31_Waiter_Waitress_Waiter_Waitress_31_309.jpg,114.0,93.0,351.0,371.0,0.0,0.0,0.0,0.0,0.0,0.0,1024.0,1581.0,0.040696898719165,Female,White,True,Female_White,1.0
6945,31--Waiter_Waitress/31_Waiter_Waitress_Waiter_Waitress_31_644.jpg,532.0,78.0,672.0,264.0,0.0,0.0,0.0,0.0,0.0,0.0,1024.0,822.0,0.030936359489051,Female,White,True,Female_White,1.0
6947,31--Waiter_Waitress/31_Waiter_Waitress_Waiter_Waitress_31_177.jpg,572.0,24.0,848.0,424.0,0.0,0.0,0.0,0.0,0.0,0.0,1024.0,683.0,0.1578513909224011,Female,White,True,Female_White,5.0
6948,31--Waiter_Waitress/31_Waiter_Waitress_Waiter_Waitress_31_687.jpg,494.0,12.0,674.0,216.0,0.0,0.0,1.0,0.0,0.0,0.0,1024.0,459.0,0.078125,Female,White,True,Female_White,2.0
6949,31--Waiter_Waitress/31_Waiter_Waitress_Waiter_Waitress_31_879.jpg,307.0,198.0,560.0,535.0,0.0,0.0,1.0,0.0,0.0,0.0,1024.0,1392.0,0.0598151546785201,Female,White,True,Female_White,2.0
6950,31--Waiter_Waitress/31_Waiter_Waitress_Waiter_Waitress_31_47.jpg,510.0,88.0,714.0,352.0,0.0,0.0,0.0,0.0,0.0,0.0,1024.0,580.0,0.0906788793103448,Female,White,True,Female_White,3.0
6964,31--Waiter_Waitress/31_Waiter_Waitress_Waiter_Waitress_31_306.jpg,488.0,196.0,747.0,533.0,0.0,0.0,0.0,0.0,0.0,0.0,1024.0,1540.0,0.0553488991477272,Female,White,True,Female_White,2.0
6971,31--Waiter_Waitress/31_Waiter_Waitress_Waiter_Waitress_31_873.jpg,8.0,26.0,96.0,222.0,0.0,0.0,0.0,0.0,0.0,0.0,1024.0,768.0,0.0219319661458333,Female,White,True,Female_White,0.0
6972,31--Waiter_Waitress/31_Waiter_Waitress_Waiter_Waitress_31_873.jpg,128.0,28.0,246.0,212.0,0.0,0.0,0.0,0.0,0.0,0.0,1024.0,768.0,0.0276082356770833,Female,White,True,Female_White,0.0
6973,31--Waiter_Waitress/31_Waiter_Waitress_Waiter_Waitress_31_873.jpg,264.0,60.0,374.0,216.0,0.0,0.0,0.0,0.0,0.0,0.0,1024.0,768.0,0.021820068359375,Female,White,True,Female_White,0.0
6974,31--Waiter_Waitress/31_Waiter_Waitress_Waiter_Waitress_31_873.jpg,420.0,98.0,526.0,246.0,0.0,0.0,0.0,0.0,0.0,0.0,1024.0,768.0,0.0199483235677083,Female,White,True,Female_White,0.0
6975,31--Waiter_Waitress/31_Waiter_Waitress_Waiter_Waitress_31_873.jpg,578.0,36.0,684.0,180.0,0.0,0.0,0.0,0.0,0.0,0.0,1024.0,768.0,0.0194091796875,Female,White,True,Female_White,0.0
6976,31--Waiter_Waitress/31_Waiter_Waitress_Waiter_Waitress_31_873.jpg,920.0,52.0,1020.0,200.0,0.0,0.0,0.0,0.0,0.0,0.0,1024.0,768.0,0.0188191731770833,Female,White,True,Female_White,0.0
6981,31--Waiter_Waitress/31_Waiter_Waitress_Waiter_Waitress_31_790.jpg,404.0,212.0,470.0,346.0,0.0,0.0,0.0,0.0,0.0,0.0,1024.0,684.0,0.0126267817982456,Female,Asian,True,Female_Asian,0.0
6982,31--Waiter_Waitress/31_Waiter_Waitress_Waiter_Waitress_31_790.jpg,666.0,194.0,756.0,338.0,0.0,0.0,0.0,0.0,0.0,1.0,1024.0,684.0,0.0185032894736842,Female,Asian,True,Female_Asian,0.0
6989,31--Waiter_Waitress/31_Waiter_Waitress_Waiter_Waitress_31_615.jpg,616.0,162.0,856.0,498.0,0.0,0.0,0.0,0.0,0.0,0.0,1024.0,1537.0,0.0512361743656473,Female,White,True,Female_White,1.0
6990,31--Waiter_Waitress/31_Waiter_Waitress_Waiter_Waitress_31_1.jpg,362.0,108.0,534.0,336.0,0.0,0.0,1.0,0.0,0.0,0.0,1024.0,683.0,0.0560715592972181,Female,White,True,Female_White,2.0
6991,31--Waiter_Waitress/31_Waiter_Waitress_Waiter_Waitress_31_753.jpg,354.0,8.0,740.0,496.0,0.0,0.0,0.0,0.0,0.0,0.0,1024.0,768.0,0.2395222981770833,Female,White,True,Female_White,8.0
6996,31--Waiter_Waitress/31_Waiter_Waitress_Waiter_Waitress_31_869.jpg,341.0,155.0,576.0,499.0,0.0,0.0,0.0,0.0,0.0,0.0,1024.0,1366.0,0.0577930545387994,Female,White,True,Female_White,2.0
7063,31--Waiter_Waitress/31_Waiter_Waitress_Waiter_Waitress_31_323.jpg,709.0,69.0,807.0,209.0,0.0,0.0,0.0,0.0,0.0,0.0,1024.0,1355.0,0.0098881457564575,Female,White,True,Female_White,0.0
7064,31--Waiter_Waitress/31_Waiter_Waitress_Waiter_Waitress_31_323.jpg,161.0,87.0,264.0,219.0,0.0,0.0,0.0,0.0,0.0,0.0,1024.0,1355.0,0.0097987776752767,Female,White,True,Female_White,0.0
7077,31--Waiter_Waitress/31_Waiter_Waitress_Waiter_Waitress_31_865.jpg,458.0,276.0,600.0,464.0,0.0,1.0,0.0,0.0,0.0,0.0,1024.0,768.0,0.0339457194010416,Female,Asian,True,Female_Asian,1.0
7249,32--Worker_Laborer/32_Worker_Laborer_Worker_Laborer_32_272.jpg,601.0,241.0,654.0,287.0,1.0,0.0,0.0,0.0,0.0,1.0,1024.0,654.0,0.0036404577599388,Female,White,True,Female_White,0.0
7258,32--Worker_Laborer/32_Worker_Laborer_Worker_Laborer_32_1024.jpg,314.0,180.0,508.0,450.0,0.0,0.0,0.0,0.0,0.0,0.0,1024.0,768.0,0.0666046142578125,Female,White,True,Female_White,2.0
7271,32--Worker_Laborer/32_Worker_Laborer_Worker_Laborer_32_522.jpg,278.0,402.0,491.0,718.0,0.0,0.0,0.0,0.0,0.0,0.0,1024.0,1586.0,0.0414441795397225,Female,White,True,Female_White,1.0
7276,32--Worker_Laborer/32_Worker_Laborer_Worker_Laborer_32_803.jpg,324.0,190.0,488.0,418.0,0.0,0.0,0.0,0.0,0.0,0.0,1024.0,768.0,0.04754638671875,Female,White,True,Female_White,1.0
7285,33--Running/33_Running_Running_33_506.jpg,771.0,116.0,799.0,171.0,1.0,0.0,0.0,0.0,0.0,1.0,1024.0,696.0,0.002160784841954,Female,White,True,Female_White,0.0
7293,33--Running/33_Running_Running_33_378.jpg,387.0,401.0,440.0,498.0,1.0,0.0,0.0,0.0,0.0,0.0,1024.0,1509.0,0.0033270429506295,Female,White,True,Female_White,0.0
7295,33--Running/33_Running_Running_33_105.jpg,399.0,106.0,445.0,179.0,1.0,0.0,1.0,0.0,0.0,0.0,1024.0,693.0,0.0047320301226551,Female,White,True,Female_White,0.0
7296,33--Running/33_Running_Running_33_105.jpg,543.0,88.0,591.0,158.0,1.0,0.0,1.0,0.0,0.0,0.0,1024.0,693.0,0.0047348484848484,Female,White,True,Female_White,0.0
7297,33--Running/33_Running_Running_33_105.jpg,744.0,87.0,795.0,165.0,1.0,0.0,1.0,0.0,0.0,0.0,1024.0,693.0,0.0056057224025974,Female,White,True,Female_White,0.0
7318,33--Running/33_Running_Running_33_308.jpg,597.0,9.0,641.0,86.0,1.0,0.0,0.0,0.0,0.0,0.0,1024.0,683.0,0.0048442075402635,Female,White,True,Female_White,0.0
7337,33--Running/33_Running_Running_33_784.jpg,362.0,120.0,558.0,384.0,0.0,0.0,0.0,0.0,0.0,0.0,1024.0,576.0,0.0877278645833333,Female,White,True,Female_White,3.0
7338,33--Running/33_Running_Running_33_377.jpg,476.0,233.0,501.0,293.0,1.0,0.0,0.0,0.0,0.0,1.0,1024.0,768.0,0.0019073486328125,Female,White,True,Female_White,0.0
7340,33--Running/33_Running_Running_33_180.jpg,296.0,69.0,342.0,135.0,0.0,0.0,1.0,0.0,0.0,0.0,1024.0,683.0,0.004340913250366,Female,White,True,Female_White,0.0
7341,33--Running/33_Running_Running_33_180.jpg,509.0,71.0,556.0,139.0,0.0,1.0,0.0,0.0,0.0,0.0,1024.0,683.0,0.0045696833821376,Female,White,True,Female_White,0.0
7343,33--Running/33_Running_Running_33_82.jpg,487.0,264.0,521.0,307.0,1.0,0.0,1.0,0.0,0.0,0.0,1024.0,935.0,0.0015269886363636,Female,White,True,Female_White,0.0
7344,33--Running/33_Running_Running_33_73.jpg,448.0,13.0,482.0,82.0,0.0,0.0,0.0,0.0,0.0,0.0,1024.0,592.0,0.0038699588260135,Female,White,True,Female_White,0.0
7350,33--Running/33_Running_Running_33_920.jpg,622.0,128.0,942.0,588.0,0.0,0.0,0.0,0.0,0.0,0.0,1024.0,981.0,0.1465341488277268,Female,Black,True,Female_Black,5.0
7351,33--Running/33_Running_Running_33_233.jpg,563.0,39.0,613.0,91.0,1.0,0.0,0.0,0.0,0.0,0.0,1024.0,434.0,0.0058503744239631,Female,White,True,Female_White,0.0
7356,33--Running/33_Running_Running_33_824.jpg,434.0,92.0,552.0,242.0,1.0,0.0,0.0,0.0,0.0,0.0,1024.0,1475.0,0.01171875,Female,White,True,Female_White,0.0
7364,33--Running/33_Running_Running_33_889.jpg,300.0,48.0,672.0,554.0,0.0,0.0,0.0,0.0,0.0,0.0,1024.0,716.0,0.2567322800279329,Female,Asian,True,Female_Asian,9.0
7368,33--Running/33_Running_Running_33_208.jpg,83.0,40.0,127.0,98.0,0.0,0.0,0.0,0.0,0.0,0.0,1024.0,878.0,0.0028384823462414,Female,White,True,Female_White,0.0
7369,33--Running/33_Running_Running_33_208.jpg,425.0,46.0,500.0,146.0,0.0,0.0,0.0,0.0,0.0,0.0,1024.0,878.0,0.0083419347949886,Female,White,True,Female_White,0.0
7370,33--Running/33_Running_Running_33_208.jpg,96.0,368.0,140.0,422.0,0.0,0.0,0.0,0.0,0.0,0.0,1024.0,878.0,0.0026427249430523,Female,White,True,Female_White,0.0
7371,33--Running/33_Running_Running_33_208.jpg,849.0,512.0,902.0,587.0,0.0,0.0,0.0,0.0,0.0,0.0,1024.0,878.0,0.0044212254413439,Female,White,True,Female_White,0.0
7373,33--Running/33_Running_Running_33_734.jpg,364.0,20.0,418.0,94.0,0.0,0.0,0.0,0.0,0.0,0.0,1024.0,709.0,0.0055040109308885,Female,White,True,Female_White,0.0
7374,33--Running/33_Running_Running_33_734.jpg,828.0,14.0,908.0,116.0,0.0,0.0,0.0,0.0,0.0,0.0,1024.0,709.0,0.0112394217207334,Female,White,True,Female_White,0.0
7375,33--Running/33_Running_Running_33_734.jpg,536.0,30.0,588.0,120.0,0.0,0.0,0.0,0.0,0.0,1.0,1024.0,709.0,0.0064461389280677,Female,White,True,Female_White,0.0
7376,33--Running/33_Running_Running_33_732.jpg,470.0,198.0,572.0,330.0,0.0,0.0,0.0,0.0,0.0,0.0,1024.0,1532.0,0.0085825310052219,Female,White,True,Female_White,0.0
7485,34--Baseball/34_Baseball_Baseball_34_722.jpg,254.0,358.0,744.0,1004.0,0.0,0.0,0.0,0.0,0.0,0.0,1024.0,1041.0,0.2969462956292027,Female,White,True,Female_White,11.0
7544,35--Basketball/35_Basketball_basketballgame_ball_35_137.jpg,102.0,38.0,198.0,168.0,0.0,0.0,0.0,0.0,0.0,0.0,1024.0,1024.0,0.01190185546875,Female,White,True,Female_White,0.0
7545,35--Basketball/35_Basketball_basketballgame_ball_35_137.jpg,342.0,56.0,448.0,176.0,0.0,0.0,0.0,0.0,0.0,0.0,1024.0,1024.0,0.0121307373046875,Female,White,True,Female_White,0.0
7546,35--Basketball/35_Basketball_basketballgame_ball_35_137.jpg,742.0,32.0,852.0,186.0,0.0,0.0,0.0,0.0,0.0,0.0,1024.0,1024.0,0.0161552429199218,Female,Black,True,Female_Black,0.0
7547,35--Basketball/35_Basketball_basketballgame_ball_35_137.jpg,474.0,0.0,582.0,92.0,0.0,0.0,0.0,0.0,0.0,0.0,1024.0,1024.0,0.0094757080078125,Female,White,True,Female_White,0.0
7548,35--Basketball/35_Basketball_basketballgame_ball_35_137.jpg,790.0,600.0,902.0,746.0,0.0,0.0,0.0,0.0,0.0,0.0,1024.0,1024.0,0.015594482421875,Female,White,True,Female_White,0.0
7549,35--Basketball/35_Basketball_basketballgame_ball_35_137.jpg,266.0,750.0,394.0,928.0,0.0,0.0,0.0,0.0,0.0,0.0,1024.0,1024.0,0.021728515625,Female,White,True,Female_White,0.0
7551,35--Basketball/35_Basketball_basketballgame_ball_35_113.jpg,186.0,42.0,306.0,212.0,0.0,0.0,0.0,0.0,0.0,0.0,1024.0,1024.0,0.0194549560546875,Female,White,True,Female_White,0.0
7552,35--Basketball/35_Basketball_basketballgame_ball_35_113.jpg,702.0,40.0,826.0,220.0,0.0,0.0,0.0,0.0,0.0,0.0,1024.0,1024.0,0.0212860107421875,Female,White,True,Female_White,0.0
7585,35--Basketball/35_Basketball_playingbasketball_35_403.jpg,437.0,578.0,557.0,740.0,0.0,0.0,0.0,0.0,0.0,1.0,1024.0,1533.0,0.0123838062622309,Female,White,True,Female_White,0.0
7586,35--Basketball/35_Basketball_playingbasketball_35_403.jpg,162.0,967.0,285.0,1102.0,0.0,0.0,1.0,0.0,0.0,1.0,1024.0,1533.0,0.0105778345156555,Female,White,True,Female_White,0.0
7612,35--Basketball/35_Basketball_Basketball_35_705.jpg,408.0,328.0,616.0,595.0,0.0,0.0,0.0,0.0,0.0,0.0,1024.0,1365.0,0.0397321428571428,Female,White,True,Female_White,1.0
7614,35--Basketball/35_Basketball_playingbasketball_35_430.jpg,473.0,80.0,578.0,212.0,0.0,0.0,1.0,0.0,0.0,0.0,1024.0,1410.0,0.0095994015957446,Female,White,True,Female_White,0.0
7631,35--Basketball/35_Basketball_playingbasketball_35_865.jpg,440.0,64.0,582.0,282.0,0.0,0.0,0.0,0.0,0.0,0.0,1024.0,606.0,0.0498852619636963,Female,White,True,Female_White,1.0
7654,35--Basketball/35_Basketball_playingbasketball_35_69.jpg,620.0,52.0,700.0,192.0,0.0,0.0,0.0,0.0,0.0,0.0,1024.0,774.0,0.0141311369509043,Female,White,True,Female_White,0.0
7657,35--Basketball/35_Basketball_playingbasketball_35_817.jpg,466.0,97.0,633.0,316.0,0.0,0.0,0.0,0.0,0.0,0.0,1024.0,1275.0,0.0280124080882352,Female,White,True,Female_White,0.0
7666,35--Basketball/35_Basketball_Basketball_35_709.jpg,196.0,96.0,416.0,398.0,0.0,0.0,0.0,0.0,0.0,0.0,1024.0,576.0,0.1126437717013889,Female,White,True,Female_White,4.0
7679,35--Basketball/35_Basketball_playingbasketball_35_218.jpg,390.0,120.0,472.0,242.0,0.0,1.0,0.0,0.0,0.0,0.0,1024.0,958.0,0.0101978405532359,Female,White,True,Female_White,0.0
7680,35--Basketball/35_Basketball_playingbasketball_35_218.jpg,792.0,222.0,860.0,310.0,1.0,0.0,0.0,0.0,0.0,0.0,1024.0,958.0,0.0060999478079331,Female,White,True,Female_White,0.0
7696,35--Basketball/35_Basketball_basketballgame_ball_35_516.jpg,605.0,123.0,722.0,276.0,0.0,0.0,1.0,0.0,0.0,0.0,1024.0,1532.0,0.0114108650864882,Female,White,True,Female_White,0.0
7697,35--Basketball/35_Basketball_basketballgame_ball_35_516.jpg,263.0,512.0,377.0,602.0,0.0,0.0,0.0,0.0,0.0,0.0,1024.0,1532.0,0.0065401640013054,Female,White,True,Female_White,0.0
7701,35--Basketball/35_Basketball_playingbasketball_35_394.jpg,462.0,120.0,564.0,261.0,0.0,0.0,0.0,0.0,0.0,0.0,1024.0,1536.0,0.0091438293457031,Female,White,True,Female_White,0.0
7702,35--Basketball/35_Basketball_playingbasketball_35_769.jpg,495.0,123.0,587.0,283.0,0.0,0.0,1.0,0.0,0.0,0.0,1024.0,1466.0,0.0098055934515688,Female,White,True,Female_White,0.0
7706,35--Basketball/35_Basketball_playingbasketball_35_439.jpg,438.0,111.0,552.0,240.0,0.0,0.0,1.0,0.0,0.0,0.0,1024.0,1536.0,0.0093498229980468,Female,White,True,Female_White,0.0
7733,35--Basketball/35_Basketball_playingbasketball_35_648.jpg,514.0,159.0,659.0,348.0,0.0,0.0,0.0,0.0,0.0,1.0,1024.0,1729.0,0.0154787133097166,Female,White,True,Female_White,0.0
7735,35--Basketball/35_Basketball_playingbasketball_35_873.jpg,670.0,357.0,796.0,519.0,1.0,0.0,0.0,0.0,0.0,1.0,1024.0,1536.0,0.0129776000976562,Female,White,True,Female_White,0.0
7745,35--Basketball/35_Basketball_playingbasketball_35_563.jpg,520.0,249.0,613.0,360.0,0.0,0.0,0.0,0.0,0.0,1.0,1024.0,1537.0,0.0065589165175666,Female,White,True,Female_White,0.0
7759,35--Basketball/35_Basketball_basketballgame_ball_35_743.jpg,369.0,257.0,759.0,849.0,0.0,0.0,0.0,0.0,0.0,0.0,1024.0,1547.0,0.1457457983193277,Female,White,True,Female_White,5.0
7766,35--Basketball/35_Basketball_playingbasketball_35_412.jpg,350.0,153.0,381.0,186.0,1.0,0.0,0.0,0.0,0.0,1.0,1024.0,634.0,0.0015757467468454,Female,White,True,Female_White,0.0
7810,35--Basketball/35_Basketball_playingbasketball_35_413.jpg,282.0,64.0,364.0,182.0,0.0,0.0,1.0,0.0,0.0,0.0,1024.0,733.0,0.0128911579126875,Female,White,True,Female_White,0.0
7811,35--Basketball/35_Basketball_playingbasketball_35_413.jpg,656.0,72.0,744.0,192.0,0.0,0.0,1.0,0.0,0.0,0.0,1024.0,733.0,0.014068894952251,Female,White,True,Female_White,0.0
7822,35--Basketball/35_Basketball_basketballgame_ball_35_947.jpg,568.0,39.0,735.0,308.0,0.0,0.0,0.0,0.0,0.0,0.0,1024.0,1683.0,0.0260666174613784,Female,White,True,Female_White,0.0
7823,35--Basketball/35_Basketball_basketballgame_ball_35_947.jpg,95.0,144.0,256.0,397.0,0.0,0.0,0.0,0.0,0.0,0.0,1024.0,1683.0,0.0236353656045751,Female,White,True,Female_White,0.0
7879,35--Basketball/35_Basketball_playingbasketball_35_14.jpg,335.0,134.0,466.0,274.0,0.0,0.0,0.0,0.0,0.0,0.0,1024.0,1427.0,0.0125509153819201,Female,White,True,Female_White,0.0
7923,35--Basketball/35_Basketball_playingbasketball_35_791.jpg,390.0,302.0,522.0,464.0,0.0,0.0,0.0,0.0,0.0,1.0,1024.0,928.0,0.0225030307112068,Female,White,True,Female_White,0.0
7924,35--Basketball/35_Basketball_playingbasketball_35_791.jpg,868.0,614.0,1018.0,774.0,0.0,0.0,0.0,0.0,0.0,1.0,1024.0,928.0,0.0252559267241379,Female,White,True,Female_White,0.0
7925,35--Basketball/35_Basketball_basketballgame_ball_35_447.jpg,482.0,104.0,780.0,398.0,0.0,0.0,0.0,0.0,0.0,1.0,1024.0,1024.0,0.0835533142089843,Female,Black,True,Female_Black,3.0
7958,35--Basketball/35_Basketball_playingbasketball_35_10.jpg,595.0,251.0,675.0,371.0,0.0,0.0,0.0,0.0,0.0,1.0,1024.0,1366.0,0.0068631039531478,Female,White,True,Female_White,0.0
7959,35--Basketball/35_Basketball_basketballgame_ball_35_318.jpg,670.0,26.0,866.0,278.0,0.0,0.0,0.0,0.0,0.0,0.0,1024.0,684.0,0.0705180921052631,Female,Black,True,Female_Black,2.0
7960,35--Basketball/35_Basketball_basketballgame_ball_35_318.jpg,306.0,36.0,516.0,212.0,0.0,0.0,0.0,0.0,1.0,1.0,1024.0,684.0,0.0527686403508771,Female,Black,True,Female_Black,1.0
7961,35--Basketball/35_Basketball_basketballgame_ball_35_451.jpg,367.0,90.0,707.0,527.0,0.0,0.0,0.0,0.0,0.0,0.0,1024.0,1280.0,0.1133575439453125,Female,Indian,True,Female_Indian,4.0
7962,35--Basketball/35_Basketball_playingbasketball_35_720.jpg,571.0,314.0,659.0,430.0,0.0,0.0,0.0,0.0,0.0,0.0,1024.0,1451.0,0.0068702618883528,Female,White,True,Female_White,0.0
7971,35--Basketball/35_Basketball_basketballgame_ball_35_79.jpg,426.0,112.0,690.0,572.0,0.0,0.0,0.0,0.0,0.0,0.0,1024.0,782.0,0.1516544117647058,Female,Black,True,Female_Black,5.0
7972,35--Basketball/35_Basketball_basketballgame_ball_35_79.jpg,184.0,220.0,470.0,630.0,0.0,0.0,0.0,0.0,0.0,0.0,1024.0,782.0,0.1464344229539642,Female,Black,True,Female_Black,5.0
7980,35--Basketball/35_Basketball_playingbasketball_35_708.jpg,389.0,77.0,508.0,263.0,0.0,0.0,0.0,0.0,0.0,0.0,1024.0,1322.0,0.0163504042170953,Female,White,True,Female_White,0.0
8001,35--Basketball/35_Basketball_playingbasketball_35_848.jpg,410.0,22.0,767.0,372.0,0.0,0.0,0.0,0.0,0.0,1.0,1024.0,1229.0,0.0992851784987794,Female,White,True,Female_White,3.0
8004,35--Basketball/35_Basketball_Basketball_35_382.jpg,386.0,166.0,478.0,290.0,0.0,0.0,0.0,0.0,0.0,0.0,1024.0,965.0,0.0115446891191709,Female,White,True,Female_White,0.0
8005,35--Basketball/35_Basketball_Basketball_35_382.jpg,608.0,90.0,690.0,214.0,1.0,0.0,0.0,0.0,0.0,0.0,1024.0,965.0,0.0102898316062176,Female,White,True,Female_White,0.0
8008,35--Basketball/35_Basketball_playingbasketball_35_157.jpg,542.0,387.0,610.0,476.0,0.0,0.0,0.0,0.0,0.0,1.0,1024.0,1387.0,0.0042611076063446,Female,White,True,Female_White,0.0
8103,35--Basketball/35_Basketball_basketballgame_ball_35_245.jpg,452.0,145.0,747.0,588.0,0.0,0.0,0.0,0.0,0.0,0.0,1024.0,1544.0,0.0826567812904792,Female,Black,True,Female_Black,3.0
8105,35--Basketball/35_Basketball_basketballgame_ball_35_486.jpg,332.0,192.0,737.0,813.0,0.0,0.0,0.0,0.0,0.0,0.0,1024.0,1348.0,0.182203524897997,Female,White,True,Female_White,6.0
8112,35--Basketball/35_Basketball_playingbasketball_35_406.jpg,366.0,363.0,462.0,483.0,0.0,0.0,0.0,0.0,0.0,1.0,1024.0,1536.0,0.00732421875,Female,White,True,Female_White,0.0
8113,35--Basketball/35_Basketball_Basketball_35_602.jpg,659.0,144.0,700.0,195.0,0.0,0.0,0.0,0.0,0.0,0.0,1024.0,820.0,0.002490234375,Female,White,True,Female_White,0.0
8114,35--Basketball/35_Basketball_Basketball_35_602.jpg,699.0,319.0,742.0,374.0,0.0,0.0,0.0,0.0,0.0,0.0,1024.0,820.0,0.0028165491615853,Female,White,True,Female_White,0.0
8115,35--Basketball/35_Basketball_Basketball_35_602.jpg,568.0,311.0,613.0,366.0,0.0,0.0,0.0,0.0,0.0,0.0,1024.0,820.0,0.0029475514481707,Female,White,True,Female_White,0.0
8116,35--Basketball/35_Basketball_Basketball_35_602.jpg,453.0,307.0,497.0,360.0,0.0,0.0,0.0,0.0,0.0,0.0,1024.0,820.0,0.0027772484756097,Female,White,True,Female_White,0.0
8117,35--Basketball/35_Basketball_Basketball_35_602.jpg,403.0,146.0,444.0,201.0,0.0,0.0,0.0,0.0,0.0,0.0,1024.0,820.0,0.002685546875,Female,White,True,Female_White,0.0
8118,35--Basketball/35_Basketball_Basketball_35_602.jpg,519.0,142.0,562.0,197.0,0.0,0.0,0.0,0.0,0.0,0.0,1024.0,820.0,0.0028165491615853,Female,White,True,Female_White,0.0
8119,35--Basketball/35_Basketball_Basketball_35_602.jpg,273.0,150.0,316.0,205.0,0.0,0.0,0.0,0.0,0.0,0.0,1024.0,820.0,0.0028165491615853,Female,White,True,Female_White,0.0
8120,35--Basketball/35_Basketball_Basketball_35_602.jpg,331.0,323.0,373.0,375.0,0.0,0.0,0.0,0.0,0.0,0.0,1024.0,820.0,0.0026009908536585,Female,White,True,Female_White,0.0
8203,36--Football/36_Football_americanfootball_ball_36_931.jpg,362.0,234.0,663.0,660.0,0.0,0.0,0.0,0.0,0.0,0.0,1024.0,1639.0,0.0764006730475899,Female,White,True,Female_White,2.0
8221,36--Football/36_Football_americanfootball_ball_36_320.jpg,798.0,8.0,932.0,202.0,0.0,0.0,0.0,0.0,1.0,0.0,1024.0,576.0,0.0440741644965277,Female,White,True,Female_White,1.0
8222,36--Football/36_Football_americanfootball_ball_36_145.jpg,174.0,59.0,211.0,105.0,1.0,0.0,1.0,0.0,0.0,0.0,1024.0,683.0,0.0024335422767203,Female,White,True,Female_White,0.0
8223,36--Football/36_Football_americanfootball_ball_36_145.jpg,260.0,99.0,298.0,145.0,1.0,0.0,0.0,0.0,0.0,0.0,1024.0,683.0,0.0024993136896046,Female,White,True,Female_White,0.0
8224,36--Football/36_Football_americanfootball_ball_36_145.jpg,459.0,77.0,511.0,134.0,1.0,0.0,1.0,0.0,0.0,0.0,1024.0,683.0,0.0042379666910688,Female,White,True,Female_White,0.0
8225,36--Football/36_Football_americanfootball_ball_36_145.jpg,536.0,80.0,580.0,117.0,1.0,0.0,1.0,0.0,0.0,0.0,1024.0,683.0,0.0023277360907759,Female,White,True,Female_White,0.0
8226,36--Football/36_Football_americanfootball_ball_36_145.jpg,705.0,75.0,748.0,120.0,1.0,0.0,0.0,0.0,0.0,0.0,1024.0,683.0,0.0027666887811127,Female,White,True,Female_White,0.0
8264,36--Football/36_Football_americanfootball_ball_36_368.jpg,668.0,50.0,728.0,114.0,1.0,0.0,0.0,0.0,0.0,0.0,1024.0,709.0,0.0052891396332863,Female,White,True,Female_White,0.0
8265,36--Football/36_Football_americanfootball_ball_36_368.jpg,492.0,220.0,558.0,288.0,1.0,0.0,0.0,0.0,0.0,0.0,1024.0,709.0,0.0061816819464033,Female,White,True,Female_White,0.0
8266,36--Football/36_Football_americanfootball_ball_36_368.jpg,322.0,80.0,376.0,142.0,0.0,0.0,0.0,0.0,0.0,0.0,1024.0,709.0,0.0046114686177715,Female,White,True,Female_White,0.0
8305,36--Football/36_Football_americanfootball_ball_36_789.jpg,540.0,104.0,664.0,322.0,0.0,0.0,0.0,0.0,0.0,0.0,1024.0,935.0,0.0282336229946524,Female,White,True,Female_White,1.0
8373,37--Soccer/37_Soccer_soccer_ball_37_240.jpg,384.0,24.0,476.0,168.0,1.0,0.0,0.0,0.0,0.0,0.0,1024.0,678.0,0.0190818584070796,Female,White,True,Female_White,0.0
8374,37--Soccer/37_Soccer_soccer_ball_37_240.jpg,644.0,296.0,768.0,392.0,1.0,1.0,0.0,0.0,0.0,1.0,1024.0,678.0,0.017146017699115,Female,Asian,True,Female_Asian,0.0
8416,37--Soccer/37_Soccer_Soccer_37_446.jpg,509.0,149.0,621.0,268.0,0.0,0.0,0.0,0.0,0.0,0.0,1024.0,1194.0,0.0109008584589614,Female,White,True,Female_White,0.0
8417,37--Soccer/37_Soccer_Soccer_37_446.jpg,651.0,114.0,749.0,249.0,0.0,0.0,1.0,0.0,0.0,0.0,1024.0,1194.0,0.0108207050879396,Female,White,True,Female_White,0.0
8418,37--Soccer/37_Soccer_soccer_ball_37_316.jpg,864.0,253.0,912.0,316.0,0.0,0.0,0.0,0.0,0.0,0.0,1024.0,765.0,0.003860294117647,Female,White,True,Female_White,0.0
8419,37--Soccer/37_Soccer_soccer_ball_37_316.jpg,765.0,256.0,809.0,311.0,0.0,0.0,1.0,0.0,0.0,0.0,1024.0,765.0,0.0030892565359477,Female,White,True,Female_White,0.0
8420,37--Soccer/37_Soccer_soccer_ball_37_316.jpg,665.0,254.0,708.0,307.0,0.0,0.0,0.0,0.0,0.0,0.0,1024.0,765.0,0.0029092626633986,Female,White,True,Female_White,0.0
8421,37--Soccer/37_Soccer_soccer_ball_37_316.jpg,569.0,215.0,609.0,271.0,0.0,0.0,0.0,0.0,0.0,0.0,1024.0,765.0,0.002859477124183,Female,White,True,Female_White,0.0
8422,37--Soccer/37_Soccer_soccer_ball_37_316.jpg,470.0,191.0,513.0,246.0,0.0,0.0,0.0,0.0,0.0,0.0,1024.0,765.0,0.0030190461601307,Female,White,True,Female_White,0.0
8423,37--Soccer/37_Soccer_soccer_ball_37_316.jpg,135.0,199.0,181.0,262.0,0.0,0.0,1.0,0.0,0.0,0.0,1024.0,765.0,0.0036994485294117,Female,White,True,Female_White,0.0
8424,37--Soccer/37_Soccer_soccer_ball_37_316.jpg,265.0,221.0,310.0,274.0,0.0,0.0,0.0,0.0,0.0,0.0,1024.0,765.0,0.0030445772058823,Female,White,True,Female_White,0.0
8425,37--Soccer/37_Soccer_soccer_ball_37_316.jpg,377.0,222.0,421.0,282.0,0.0,0.0,1.0,0.0,0.0,0.0,1024.0,765.0,0.0033700980392156,Female,White,True,Female_White,0.0
8436,37--Soccer/37_Soccer_soccer_ball_37_966.jpg,388.0,84.0,592.0,346.0,0.0,0.0,0.0,0.0,0.0,0.0,1024.0,820.0,0.0636528201219512,Female,White,True,Female_White,2.0
8455,37--Soccer/37_Soccer_Soccer_37_572.jpg,432.0,113.0,521.0,240.0,0.0,0.0,0.0,0.0,0.0,1.0,1024.0,1383.0,0.0079812624276934,Female,White,True,Female_White,0.0
8468,37--Soccer/37_Soccer_soccer_ball_37_655.jpg,152.0,257.0,193.0,311.0,0.0,0.0,1.0,0.0,0.0,0.0,1024.0,768.0,0.0028152465820312,Female,White,True,Female_White,0.0
8469,37--Soccer/37_Soccer_soccer_ball_37_655.jpg,219.0,241.0,253.0,286.0,0.0,0.0,1.0,0.0,0.0,0.0,1024.0,768.0,0.0019454956054687,Female,Indian,True,Female_Indian,0.0
8470,37--Soccer/37_Soccer_soccer_ball_37_655.jpg,304.0,230.0,339.0,278.0,0.0,0.0,1.0,0.0,0.0,0.0,1024.0,768.0,0.00213623046875,Female,White,True,Female_White,0.0
8471,37--Soccer/37_Soccer_soccer_ball_37_655.jpg,395.0,239.0,429.0,287.0,0.0,0.0,1.0,0.0,0.0,0.0,1024.0,768.0,0.0020751953125,Female,White,True,Female_White,0.0
8472,37--Soccer/37_Soccer_soccer_ball_37_655.jpg,363.0,365.0,401.0,417.0,0.0,0.0,1.0,0.0,0.0,0.0,1024.0,768.0,0.0025126139322916,Female,White,True,Female_White,0.0
8473,37--Soccer/37_Soccer_soccer_ball_37_655.jpg,272.0,375.0,313.0,428.0,0.0,0.0,1.0,0.0,0.0,0.0,1024.0,768.0,0.0027631123860677,Female,White,True,Female_White,0.0
8474,37--Soccer/37_Soccer_soccer_ball_37_655.jpg,491.0,216.0,524.0,267.0,0.0,0.0,1.0,0.0,0.0,0.0,1024.0,768.0,0.0021400451660156,Female,White,True,Female_White,0.0
8475,37--Soccer/37_Soccer_soccer_ball_37_655.jpg,587.0,234.0,622.0,275.0,0.0,0.0,1.0,0.0,0.0,0.0,1024.0,768.0,0.0018246968587239,Female,White,True,Female_White,0.0
8476,37--Soccer/37_Soccer_soccer_ball_37_655.jpg,468.0,373.0,505.0,418.0,0.0,0.0,0.0,0.0,0.0,0.0,1024.0,768.0,0.0021171569824218,Female,White,True,Female_White,0.0
8477,37--Soccer/37_Soccer_soccer_ball_37_655.jpg,568.0,365.0,607.0,421.0,0.0,0.0,1.0,0.0,0.0,0.0,1024.0,768.0,0.002777099609375,Female,White,True,Female_White,0.0
8478,37--Soccer/37_Soccer_soccer_ball_37_655.jpg,577.0,485.0,618.0,535.0,0.0,0.0,1.0,0.0,0.0,0.0,1024.0,768.0,0.002606709798177,Female,Indian,True,Female_Indian,0.0
8479,37--Soccer/37_Soccer_soccer_ball_37_655.jpg,650.0,375.0,688.0,425.0,0.0,0.0,1.0,0.0,0.0,0.0,1024.0,768.0,0.0024159749348958,Female,White,True,Female_White,0.0
8480,37--Soccer/37_Soccer_soccer_ball_37_655.jpg,715.0,368.0,756.0,420.0,0.0,0.0,1.0,0.0,0.0,0.0,1024.0,768.0,0.0027109781901041,Female,White,True,Female_White,0.0
8481,37--Soccer/37_Soccer_soccer_ball_37_655.jpg,680.0,225.0,713.0,270.0,0.0,0.0,1.0,0.0,0.0,0.0,1024.0,768.0,0.0018882751464843,Female,White,True,Female_White,0.0
8482,37--Soccer/37_Soccer_soccer_ball_37_655.jpg,775.0,230.0,809.0,274.0,1.0,0.0,1.0,0.0,0.0,0.0,1024.0,768.0,0.0019022623697916,Female,White,True,Female_White,0.0
8483,37--Soccer/37_Soccer_soccer_ball_37_655.jpg,863.0,254.0,899.0,298.0,0.0,0.0,0.0,0.0,0.0,0.0,1024.0,768.0,0.00201416015625,Female,White,True,Female_White,0.0
8485,37--Soccer/37_Soccer_Soccer_37_211.jpg,160.0,168.0,196.0,253.0,0.0,0.0,0.0,0.0,0.0,1.0,1024.0,819.0,0.003648695054945,Female,White,True,Female_White,0.0
8486,37--Soccer/37_Soccer_Soccer_37_211.jpg,942.0,473.0,998.0,541.0,1.0,0.0,0.0,0.0,0.0,1.0,1024.0,819.0,0.0045405982905982,Female,White,True,Female_White,0.0
8492,37--Soccer/37_Soccer_soccer_ball_37_311.jpg,653.0,82.0,710.0,157.0,0.0,0.0,0.0,0.0,1.0,0.0,1024.0,733.0,0.0056955043485675,Female,White,True,Female_White,0.0
8493,37--Soccer/37_Soccer_soccer_ball_37_746.jpg,486.0,108.0,664.0,372.0,0.0,0.0,0.0,0.0,0.0,0.0,1024.0,768.0,0.05975341796875,Female,White,True,Female_White,2.0
8537,37--Soccer/37_Soccer_Soccer_37_34.jpg,376.0,152.0,428.0,242.0,0.0,0.0,0.0,0.0,0.0,0.0,1024.0,819.0,0.0055803571428571,Female,White,True,Female_White,0.0
8538,37--Soccer/37_Soccer_Soccer_37_34.jpg,476.0,38.0,542.0,130.0,0.0,0.0,0.0,0.0,0.0,0.0,1024.0,819.0,0.0072401556776556,Female,White,True,Female_White,0.0
8539,37--Soccer/37_Soccer_Soccer_37_34.jpg,674.0,82.0,736.0,174.0,0.0,0.0,0.0,0.0,0.0,0.0,1024.0,819.0,0.0068013583638583,Female,White,True,Female_White,0.0
8609,37--Soccer/37_Soccer_soccer_ball_37_314.jpg,578.0,146.0,627.0,191.0,0.0,0.0,0.0,0.0,0.0,1.0,1024.0,683.0,0.0031527383784773,Female,White,True,Female_White,0.0
8610,37--Soccer/37_Soccer_soccer_ball_37_314.jpg,305.0,149.0,356.0,215.0,0.0,0.0,0.0,0.0,0.0,0.0,1024.0,683.0,0.0048127516471449,Female,White,True,Female_White,0.0
8626,37--Soccer/37_Soccer_soccer_ball_37_924.jpg,129.0,129.0,162.0,180.0,0.0,0.0,0.0,0.0,0.0,0.0,1024.0,669.0,0.0024567334641255,Female,White,True,Female_White,0.0
8627,37--Soccer/37_Soccer_soccer_ball_37_924.jpg,214.0,156.0,247.0,203.0,1.0,0.0,0.0,0.0,0.0,0.0,1024.0,669.0,0.002264048486547,Female,White,True,Female_White,0.0
8628,37--Soccer/37_Soccer_soccer_ball_37_924.jpg,96.0,353.0,127.0,398.0,1.0,0.0,0.0,0.0,0.0,0.0,1024.0,669.0,0.0020363298766816,Female,White,True,Female_White,0.0
8629,37--Soccer/37_Soccer_soccer_ball_37_924.jpg,186.0,356.0,217.0,400.0,1.0,0.0,0.0,0.0,0.0,0.0,1024.0,669.0,0.0019910781016442,Female,White,True,Female_White,0.0
8630,37--Soccer/37_Soccer_soccer_ball_37_924.jpg,850.0,141.0,884.0,188.0,1.0,0.0,0.0,0.0,0.0,0.0,1024.0,669.0,0.0023326560164424,Female,Black,True,Female_Black,0.0
8631,37--Soccer/37_Soccer_soccer_ball_37_924.jpg,866.0,274.0,900.0,322.0,1.0,0.0,0.0,0.0,0.0,0.0,1024.0,669.0,0.0023822869955156,Female,White,True,Female_White,0.0
8632,37--Soccer/37_Soccer_soccer_ball_37_924.jpg,775.0,321.0,808.0,368.0,1.0,0.0,0.0,0.0,0.0,0.0,1024.0,669.0,0.002264048486547,Female,White,True,Female_White,0.0
8633,37--Soccer/37_Soccer_soccer_ball_37_924.jpg,676.0,339.0,708.0,384.0,1.0,1.0,0.0,0.0,0.0,0.0,1024.0,669.0,0.0021020179372197,Female,White,True,Female_White,0.0
8634,37--Soccer/37_Soccer_soccer_ball_37_924.jpg,598.0,333.0,631.0,380.0,1.0,0.0,0.0,0.0,0.0,0.0,1024.0,669.0,0.002264048486547,Female,White,True,Female_White,0.0
8635,37--Soccer/37_Soccer_soccer_ball_37_924.jpg,504.0,352.0,536.0,397.0,0.0,0.0,0.0,0.0,0.0,0.0,1024.0,669.0,0.0021020179372197,Female,White,True,Female_White,0.0
8636,37--Soccer/37_Soccer_soccer_ball_37_924.jpg,300.0,336.0,334.0,384.0,0.0,0.0,0.0,0.0,0.0,0.0,1024.0,669.0,0.0023822869955156,Female,White,True,Female_White,0.0
8637,37--Soccer/37_Soccer_soccer_ball_37_924.jpg,402.0,345.0,436.0,392.0,1.0,0.0,0.0,0.0,0.0,0.0,1024.0,669.0,0.0023326560164424,Female,Black,True,Female_Black,0.0
8638,37--Soccer/37_Soccer_soccer_ball_37_924.jpg,310.0,153.0,340.0,194.0,1.0,0.0,0.0,0.0,0.0,0.0,1024.0,669.0,0.0017954736547085,Female,White,True,Female_White,0.0
8639,37--Soccer/37_Soccer_soccer_ball_37_924.jpg,400.0,161.0,430.0,207.0,1.0,0.0,0.0,0.0,0.0,0.0,1024.0,669.0,0.0020144338565022,Female,White,True,Female_White,0.0
8640,37--Soccer/37_Soccer_soccer_ball_37_924.jpg,473.0,149.0,503.0,193.0,1.0,0.0,0.0,0.0,0.0,0.0,1024.0,669.0,0.0019268497757847,Female,White,True,Female_White,0.0
8641,37--Soccer/37_Soccer_soccer_ball_37_924.jpg,547.0,152.0,578.0,196.0,1.0,0.0,0.0,0.0,0.0,0.0,1024.0,669.0,0.0019910781016442,Female,White,True,Female_White,0.0
8642,37--Soccer/37_Soccer_soccer_ball_37_924.jpg,639.0,156.0,671.0,199.0,1.0,0.0,0.0,0.0,0.0,0.0,1024.0,669.0,0.0020085949177877,Female,White,True,Female_White,0.0
8643,37--Soccer/37_Soccer_soccer_ball_37_924.jpg,717.0,180.0,748.0,227.0,1.0,0.0,0.0,0.0,0.0,0.0,1024.0,669.0,0.0021268334267563,Female,White,True,Female_White,0.0
8647,37--Soccer/37_Soccer_Soccer_37_792.jpg,355.0,164.0,805.0,735.0,0.0,0.0,0.0,0.0,0.0,0.0,1024.0,1476.0,0.1700052400914634,Female,White,True,Female_White,6.0
8739,37--Soccer/37_Soccer_soccer_ball_37_683.jpg,889.0,528.0,927.0,576.0,1.0,0.0,0.0,0.0,0.0,0.0,1024.0,576.0,0.0030924479166666,Female,White,True,Female_White,0.0
8740,37--Soccer/37_Soccer_soccer_ball_37_683.jpg,706.0,513.0,739.0,559.0,1.0,0.0,0.0,0.0,0.0,0.0,1024.0,576.0,0.0025736490885416,Female,White,True,Female_White,0.0
8756,37--Soccer/37_Soccer_soccer_ball_37_129.jpg,355.0,78.0,444.0,202.0,0.0,0.0,0.0,0.0,0.0,0.0,1024.0,1134.0,0.0095038304673721,Female,White,True,Female_White,0.0
8757,37--Soccer/37_Soccer_soccer_ball_37_129.jpg,623.0,129.0,712.0,255.0,0.0,0.0,0.0,0.0,0.0,0.0,1024.0,1134.0,0.0096571180555555,Female,White,True,Female_White,0.0
8803,38--Tennis/38_Tennis_Tennis_38_784.jpg,290.0,74.0,610.0,470.0,0.0,0.0,0.0,0.0,0.0,0.0,1024.0,768.0,0.1611328125,Female,White,True,Female_White,6.0
8806,38--Tennis/38_Tennis_Tennis_38_917.jpg,313.0,150.0,535.0,491.0,0.0,0.0,0.0,0.0,0.0,0.0,1024.0,1305.0,0.0566496048850574,Female,White,True,Female_White,2.0
8807,38--Tennis/38_Tennis_Tennis_38_373.jpg,572.0,109.0,657.0,236.0,0.0,0.0,0.0,0.0,0.0,0.0,1024.0,1118.0,0.0094293311158318,Female,White,True,Female_White,0.0
8809,38--Tennis/38_Tennis_Tennis_38_162.jpg,252.0,279.0,456.0,522.0,0.0,0.0,0.0,0.0,0.0,0.0,1024.0,1539.0,0.0314555921052631,Female,White,True,Female_White,1.0
8812,38--Tennis/38_Tennis_Tennis_38_183.jpg,451.0,116.0,497.0,183.0,0.0,0.0,0.0,0.0,0.0,0.0,1024.0,683.0,0.0044066846632503,Female,White,True,Female_White,0.0
8815,38--Tennis/38_Tennis_Tennis_38_392.jpg,420.0,238.0,510.0,352.0,0.0,1.0,0.0,0.0,0.0,0.0,1024.0,683.0,0.0146698846998535,Female,Black,True,Female_Black,0.0
8816,38--Tennis/38_Tennis_Tennis_38_895.jpg,396.0,4.0,686.0,306.0,0.0,0.0,0.0,0.0,0.0,0.0,1024.0,768.0,0.1113637288411458,Female,White,True,Female_White,4.0
8817,38--Tennis/38_Tennis_Tennis_38_95.jpg,410.0,186.0,531.0,338.0,0.0,0.0,0.0,0.0,1.0,0.0,1024.0,1343.0,0.0133737434847356,Female,White,True,Female_White,0.0
8819,38--Tennis/38_Tennis_Tennis_38_563.jpg,132.0,6.0,258.0,132.0,1.0,1.0,0.0,0.0,0.0,0.0,1024.0,628.0,0.0246877488057324,Female,White,True,Female_White,0.0
8820,38--Tennis/38_Tennis_Tennis_38_1027.jpg,307.0,156.0,885.0,951.0,0.0,0.0,0.0,0.0,0.0,0.0,1024.0,1248.0,0.3595674954927884,Female,White,True,Female_White,13.0
8822,38--Tennis/38_Tennis_Tennis_38_280.jpg,695.0,423.0,771.0,547.0,0.0,0.0,0.0,0.0,1.0,0.0,1024.0,1549.0,0.0059413331181407,Female,White,True,Female_White,0.0
8831,38--Tennis/38_Tennis_Tennis_38_271.jpg,414.0,152.0,600.0,385.0,0.0,0.0,0.0,0.0,0.0,0.0,1024.0,1341.0,0.0315602279082774,Female,White,True,Female_White,1.0
8832,38--Tennis/38_Tennis_Tennis_38_208.jpg,494.0,64.0,578.0,170.0,0.0,0.0,0.0,0.0,0.0,0.0,1024.0,876.0,0.0099261558219178,Female,White,True,Female_White,0.0
8833,38--Tennis/38_Tennis_Tennis_38_181.jpg,526.0,122.0,634.0,238.0,0.0,0.0,0.0,0.0,0.0,0.0,1024.0,658.0,0.0185932750759878,Female,White,True,Female_White,0.0
8834,38--Tennis/38_Tennis_Tennis_38_640.jpg,462.0,70.0,606.0,270.0,0.0,0.0,0.0,0.0,0.0,0.0,1024.0,683.0,0.0411786237188872,Female,White,True,Female_White,1.0
8835,38--Tennis/38_Tennis_Tennis_38_408.jpg,246.0,94.0,418.0,340.0,0.0,0.0,0.0,0.0,0.0,0.0,1024.0,1076.0,0.0384017774163568,Female,White,True,Female_White,1.0
8836,38--Tennis/38_Tennis_Tennis_38_141.jpg,660.0,168.0,892.0,316.0,0.0,0.0,0.0,0.0,0.0,1.0,1024.0,683.0,0.0490940702781844,Female,White,True,Female_White,1.0
8837,38--Tennis/38_Tennis_Tennis_38_641.jpg,432.0,146.0,713.0,570.0,0.0,0.0,0.0,0.0,0.0,0.0,1024.0,1411.0,0.0824603561304039,Female,White,True,Female_White,3.0
8840,38--Tennis/38_Tennis_Tennis_38_963.jpg,314.0,230.0,703.0,827.0,0.0,0.0,0.0,0.0,0.0,0.0,1024.0,1296.0,0.1749923140914351,Female,White,True,Female_White,6.0
8842,38--Tennis/38_Tennis_Tennis_38_133.jpg,504.0,56.0,580.0,134.0,1.0,0.0,1.0,0.0,0.0,0.0,1024.0,576.0,0.0100504557291666,Female,White,True,Female_White,0.0
8847,38--Tennis/38_Tennis_Tennis_38_766.jpg,408.0,96.0,702.0,556.0,0.0,0.0,0.0,0.0,0.0,0.0,1024.0,683.0,0.1933679538799414,Female,White,True,Female_White,7.0
8850,38--Tennis/38_Tennis_Tennis_38_663.jpg,233.0,245.0,828.0,1028.0,0.0,0.0,0.0,0.0,0.0,0.0,1024.0,1219.0,0.3732287287223134,Female,White,True,Female_White,13.0
8851,38--Tennis/38_Tennis_Tennis_38_192.jpg,492.0,80.0,544.0,146.0,0.0,0.0,1.0,0.0,0.0,0.0,1024.0,692.0,0.0048432984104046,Female,White,True,Female_White,0.0
8852,38--Tennis/38_Tennis_Tennis_38_344.jpg,570.0,46.0,718.0,238.0,0.0,0.0,0.0,0.0,0.0,0.0,1024.0,768.0,0.0361328125,Female,Indian,True,Female_Indian,1.0
8853,38--Tennis/38_Tennis_Tennis_38_537.jpg,197.0,256.0,540.0,665.0,0.0,0.0,0.0,0.0,0.0,0.0,1024.0,1599.0,0.0856779383599124,Female,White,True,Female_White,3.0
8854,38--Tennis/38_Tennis_Tennis_38_358.jpg,702.0,58.0,818.0,198.0,0.0,0.0,0.0,0.0,0.0,0.0,1024.0,768.0,0.0206502278645833,Female,White,True,Female_White,0.0
8855,38--Tennis/38_Tennis_Tennis_38_321.jpg,532.0,88.0,608.0,176.0,0.0,0.0,0.0,0.0,0.0,0.0,1024.0,678.0,0.0096331120943952,Female,White,True,Female_White,0.0
8858,38--Tennis/38_Tennis_Tennis_38_418.jpg,683.0,755.0,766.0,851.0,1.0,0.0,0.0,0.0,0.0,1.0,1024.0,1366.0,0.0056963762811127,Female,White,True,Female_White,0.0
8861,38--Tennis/38_Tennis_Tennis_38_925.jpg,346.0,100.0,670.0,566.0,0.0,0.0,0.0,0.0,0.0,0.0,1024.0,1086.0,0.1357691643646408,Female,White,True,Female_White,5.0
8863,38--Tennis/38_Tennis_Tennis_38_483.jpg,182.0,94.0,348.0,264.0,0.0,0.0,0.0,0.0,0.0,0.0,1024.0,926.0,0.0297609003779697,Female,White,True,Female_White,1.0
8875,38--Tennis/38_Tennis_Tennis_38_615.jpg,402.0,148.0,650.0,468.0,0.0,0.0,0.0,0.0,1.0,0.0,1024.0,677.0,0.1144756277695716,Female,White,True,Female_White,4.0
8876,38--Tennis/38_Tennis_Tennis_38_639.jpg,414.0,174.0,626.0,422.0,0.0,1.0,0.0,0.0,0.0,0.0,1024.0,768.0,0.0668538411458333,Female,White,True,Female_White,2.0
8878,38--Tennis/38_Tennis_Tennis_38_1005.jpg,390.0,128.0,550.0,366.0,0.0,0.0,0.0,0.0,0.0,0.0,1024.0,768.0,0.0484212239583333,Female,White,True,Female_White,1.0
8884,38--Tennis/38_Tennis_Tennis_38_781.jpg,295.0,242.0,583.0,703.0,0.0,0.0,0.0,0.0,0.0,0.0,1024.0,1136.0,0.1141340228873239,Female,White,True,Female_White,4.0
8886,38--Tennis/38_Tennis_Tennis_38_759.jpg,384.0,82.0,588.0,344.0,0.0,0.0,0.0,0.0,0.0,0.0,1024.0,768.0,0.067962646484375,Female,White,True,Female_White,2.0
8887,38--Tennis/38_Tennis_Tennis_38_740.jpg,420.0,56.0,500.0,172.0,0.0,0.0,0.0,0.0,0.0,0.0,1024.0,768.0,0.0118001302083333,Female,White,True,Female_White,0.0
8888,38--Tennis/38_Tennis_Tennis_38_992.jpg,422.0,122.0,656.0,416.0,0.0,1.0,0.0,0.0,0.0,0.0,1024.0,848.0,0.0792259360259434,Female,White,True,Female_White,2.0
8889,38--Tennis/38_Tennis_Tennis_38_722.jpg,266.0,114.0,328.0,196.0,0.0,0.0,0.0,0.0,0.0,0.0,1024.0,1010.0,0.0049156868811881,Female,White,True,Female_White,0.0
8890,38--Tennis/38_Tennis_Tennis_38_722.jpg,484.0,102.0,548.0,190.0,1.0,0.0,0.0,0.0,0.0,0.0,1024.0,1010.0,0.0054455445544554,Female,White,True,Female_White,0.0
8891,38--Tennis/38_Tennis_Tennis_38_722.jpg,700.0,138.0,766.0,220.0,0.0,0.0,0.0,0.0,0.0,0.0,1024.0,1010.0,0.005232827970297,Female,White,True,Female_White,0.0
8892,38--Tennis/38_Tennis_Tennis_38_722.jpg,248.0,316.0,316.0,408.0,0.0,0.0,0.0,0.0,0.0,0.0,1024.0,1010.0,0.0060488861386138,Female,White,True,Female_White,0.0
8893,38--Tennis/38_Tennis_Tennis_38_722.jpg,502.0,328.0,574.0,416.0,0.0,0.0,0.0,0.0,0.0,0.0,1024.0,1010.0,0.0061262376237623,Female,White,True,Female_White,0.0
8894,38--Tennis/38_Tennis_Tennis_38_722.jpg,702.0,350.0,770.0,440.0,0.0,0.0,0.0,0.0,0.0,0.0,1024.0,1010.0,0.0059173886138613,Female,White,True,Female_White,0.0
8897,38--Tennis/38_Tennis_Tennis_38_36.jpg,616.0,85.0,664.0,143.0,1.0,0.0,1.0,0.0,0.0,0.0,1024.0,780.0,0.0034855769230769,Female,White,True,Female_White,0.0
8909,38--Tennis/38_Tennis_Tennis_38_777.jpg,541.0,154.0,773.0,417.0,0.0,0.0,0.0,0.0,0.0,0.0,1024.0,1465.0,0.040672994880546,Female,White,True,Female_White,1.0
8912,38--Tennis/38_Tennis_Tennis_38_511.jpg,89.0,161.0,341.0,503.0,0.0,0.0,1.0,0.0,0.0,0.0,1024.0,768.0,0.109588623046875,Female,White,True,Female_White,4.0
8913,38--Tennis/38_Tennis_Tennis_38_511.jpg,435.0,194.0,478.0,237.0,0.0,0.0,1.0,0.0,0.0,1.0,1024.0,768.0,0.0023511250813802,Female,White,True,Female_White,0.0
8914,38--Tennis/38_Tennis_Tennis_38_511.jpg,720.0,217.0,791.0,301.0,0.0,0.0,1.0,0.0,0.0,0.0,1024.0,768.0,0.0075836181640625,Female,White,True,Female_White,0.0
8921,38--Tennis/38_Tennis_Tennis_38_566.jpg,720.0,80.0,848.0,234.0,0.0,1.0,0.0,0.0,0.0,0.0,1024.0,576.0,0.0334201388888888,Female,White,True,Female_White,1.0
8926,38--Tennis/38_Tennis_Tennis_38_1026.jpg,244.0,84.0,396.0,272.0,0.0,0.0,0.0,0.0,0.0,0.0,1024.0,768.0,0.0363362630208333,Female,White,True,Female_White,1.0
8927,38--Tennis/38_Tennis_Tennis_38_1026.jpg,630.0,160.0,698.0,238.0,1.0,0.0,0.0,0.0,0.0,0.0,1024.0,768.0,0.006744384765625,Female,White,True,Female_White,0.0
8932,38--Tennis/38_Tennis_Tennis_38_726.jpg,376.0,188.0,608.0,350.0,0.0,0.0,1.0,0.0,0.0,1.0,1024.0,768.0,0.04779052734375,Female,Black,True,Female_Black,1.0
8935,38--Tennis/38_Tennis_Tennis_38_644.jpg,468.0,171.0,759.0,528.0,0.0,0.0,0.0,0.0,0.0,0.0,1024.0,1536.0,0.066049575805664,Female,White,True,Female_White,2.0
8936,38--Tennis/38_Tennis_Tennis_38_757.jpg,358.0,235.0,747.0,753.0,0.0,0.0,0.0,0.0,0.0,0.0,1024.0,1542.0,0.1276130329928664,Female,White,True,Female_White,4.0
8937,38--Tennis/38_Tennis_Tennis_38_634.jpg,562.0,94.0,746.0,336.0,0.0,1.0,0.0,0.0,0.0,0.0,1024.0,804.0,0.0540850435323383,Female,White,True,Female_White,1.0
8939,38--Tennis/38_Tennis_Tennis_38_854.jpg,451.0,363.0,550.0,502.0,0.0,0.0,1.0,0.0,0.0,0.0,1024.0,1366.0,0.0098378305728404,Female,White,True,Female_White,0.0
8943,38--Tennis/38_Tennis_Tennis_38_442.jpg,334.0,153.0,554.0,376.0,0.0,0.0,0.0,0.0,0.0,0.0,1024.0,1504.0,0.031855157081117,Female,White,True,Female_White,1.0
8944,38--Tennis/38_Tennis_Tennis_38_567.jpg,74.0,232.0,168.0,340.0,0.0,1.0,0.0,0.0,0.0,0.0,1024.0,768.0,0.012908935546875,Female,White,True,Female_White,0.0
8945,38--Tennis/38_Tennis_Tennis_38_567.jpg,822.0,226.0,908.0,332.0,1.0,1.0,0.0,0.0,1.0,0.0,1024.0,768.0,0.0115915934244791,Female,White,True,Female_White,0.0
8949,38--Tennis/38_Tennis_Tennis_38_952.jpg,338.0,136.0,499.0,302.0,0.0,0.0,0.0,0.0,0.0,0.0,1024.0,1416.0,0.0184319275247175,Female,White,True,Female_White,0.0
8950,38--Tennis/38_Tennis_Tennis_38_952.jpg,935.0,839.0,1024.0,950.0,1.0,0.0,0.0,0.0,0.0,0.0,1024.0,1416.0,0.0068131786281779,Female,White,True,Female_White,0.0
8953,39--Ice_Skating/39_Ice_Skating_Ice_Skating_39_422.jpg,292.0,252.0,414.0,380.0,1.0,0.0,0.0,0.0,0.0,1.0,1024.0,768.0,0.0198567708333333,Female,White,True,Female_White,0.0
8954,39--Ice_Skating/39_Ice_Skating_Ice_Skating_39_304.jpg,541.0,195.0,669.0,360.0,0.0,0.0,0.0,0.0,0.0,0.0,1024.0,1365.0,0.0151098901098901,Female,White,True,Female_White,0.0
8955,39--Ice_Skating/39_Ice_Skating_Ice_Skating_39_462.jpg,674.0,338.0,763.0,545.0,0.0,0.0,0.0,0.0,0.0,0.0,1024.0,1470.0,0.012238919005102,Female,White,True,Female_White,0.0
8957,39--Ice_Skating/39_Ice_Skating_Ice_Skating_39_778.jpg,30.0,80.0,144.0,246.0,0.0,0.0,0.0,0.0,0.0,0.0,1024.0,1024.0,0.0180473327636718,Female,White,True,Female_White,0.0
8958,39--Ice_Skating/39_Ice_Skating_Ice_Skating_39_778.jpg,236.0,118.0,328.0,230.0,0.0,0.0,0.0,0.0,0.0,0.0,1024.0,1024.0,0.00982666015625,Female,White,True,Female_White,0.0
8959,39--Ice_Skating/39_Ice_Skating_Ice_Skating_39_778.jpg,394.0,26.0,480.0,154.0,0.0,0.0,0.0,0.0,0.0,0.0,1024.0,1024.0,0.010498046875,Female,White,True,Female_White,0.0
8960,39--Ice_Skating/39_Ice_Skating_Ice_Skating_39_778.jpg,512.0,90.0,598.0,210.0,1.0,0.0,0.0,0.0,0.0,0.0,1024.0,1024.0,0.0098419189453125,Female,White,True,Female_White,0.0
8961,39--Ice_Skating/39_Ice_Skating_Ice_Skating_39_778.jpg,686.0,134.0,762.0,222.0,1.0,0.0,0.0,0.0,0.0,0.0,1024.0,1024.0,0.006378173828125,Female,Indian,True,Female_Indian,0.0
8962,39--Ice_Skating/39_Ice_Skating_Ice_Skating_39_778.jpg,834.0,104.0,904.0,216.0,1.0,0.0,0.0,0.0,0.0,0.0,1024.0,1024.0,0.007476806640625,Female,White,True,Female_White,0.0
8963,39--Ice_Skating/39_Ice_Skating_Ice_Skating_39_778.jpg,942.0,102.0,1014.0,208.0,1.0,0.0,0.0,0.0,0.0,0.0,1024.0,1024.0,0.0072784423828125,Female,White,True,Female_White,0.0
8971,39--Ice_Skating/39_Ice_Skating_Ice_Skating_39_279.jpg,474.0,210.0,570.0,342.0,0.0,0.0,0.0,0.0,0.0,0.0,1024.0,1540.0,0.0080357142857142,Female,White,True,Female_White,0.0
8972,39--Ice_Skating/39_Ice_Skating_Ice_Skating_39_90.jpg,425.0,575.0,484.0,663.0,1.0,0.0,0.0,0.0,0.0,0.0,1024.0,1504.0,0.0033712184175531,Female,White,True,Female_White,0.0
8975,39--Ice_Skating/39_Ice_Skating_Ice_Skating_39_533.jpg,412.0,180.0,466.0,244.0,0.0,0.0,0.0,0.0,1.0,0.0,1024.0,768.0,0.00439453125,Female,White,True,Female_White,0.0
8981,39--Ice_Skating/39_Ice_Skating_iceskiing_39_392.jpg,460.0,346.0,507.0,407.0,1.0,0.0,0.0,0.0,0.0,0.0,1024.0,768.0,0.0036455790201822,Female,White,True,Female_White,0.0
8982,39--Ice_Skating/39_Ice_Skating_iceskiing_39_669.jpg,470.0,176.0,684.0,454.0,0.0,0.0,0.0,0.0,0.0,0.0,1024.0,681.0,0.0853122705580029,Female,White,True,Female_White,3.0
8983,39--Ice_Skating/39_Ice_Skating_Ice_Skating_39_276.jpg,476.0,144.0,570.0,256.0,0.0,0.0,0.0,0.0,1.0,0.0,1024.0,779.0,0.0131980102695763,Female,Indian,True,Female_Indian,0.0
8985,39--Ice_Skating/39_Ice_Skating_Ice_Skating_39_41.jpg,504.0,138.0,580.0,238.0,0.0,0.0,0.0,0.0,0.0,1.0,1024.0,901.0,0.0082373751387347,Female,White,True,Female_White,0.0
8992,39--Ice_Skating/39_Ice_Skating_Ice_Skating_39_537.jpg,401.0,236.0,563.0,423.0,0.0,0.0,0.0,0.0,0.0,0.0,1024.0,1406.0,0.0210412406650071,Female,White,True,Female_White,0.0
9009,39--Ice_Skating/39_Ice_Skating_Ice_Skating_39_394.jpg,509.0,238.0,618.0,378.0,0.0,0.0,0.0,0.0,0.0,0.0,1024.0,1435.0,0.0103849085365853,Female,White,True,Female_White,0.0
9011,39--Ice_Skating/39_Ice_Skating_Ice_Skating_39_561.jpg,521.0,121.0,636.0,274.0,0.0,0.0,0.0,0.0,0.0,0.0,1024.0,1507.0,0.011401869401128,Female,White,True,Female_White,0.0
9018,39--Ice_Skating/39_Ice_Skating_Ice_Skating_39_296.jpg,538.0,240.0,697.0,447.0,0.0,0.0,0.0,0.0,0.0,0.0,1024.0,1536.0,0.0209255218505859,Female,White,True,Female_White,0.0
9029,39--Ice_Skating/39_Ice_Skating_Ice_Skating_39_886.jpg,376.0,98.0,584.0,396.0,0.0,0.0,0.0,0.0,0.0,0.0,1024.0,768.0,0.0788167317708333,Female,White,True,Female_White,2.0
9034,39--Ice_Skating/39_Ice_Skating_Ice_Skating_39_746.jpg,602.0,146.0,722.0,312.0,0.0,0.0,0.0,0.0,0.0,0.0,1024.0,1469.0,0.0132424268209666,Female,White,True,Female_White,0.0
9035,39--Ice_Skating/39_Ice_Skating_Ice_Skating_39_746.jpg,568.0,11.0,628.0,97.0,0.0,0.0,0.0,0.0,0.0,0.0,1024.0,1469.0,0.0034302671885636,Female,White,True,Female_White,0.0
9036,39--Ice_Skating/39_Ice_Skating_Ice_Skating_39_746.jpg,456.0,502.0,545.0,617.0,0.0,0.0,0.0,0.0,0.0,0.0,1024.0,1469.0,0.0068040280377808,Female,White,True,Female_White,0.0
9037,39--Ice_Skating/39_Ice_Skating_Ice_Skating_39_746.jpg,769.0,393.0,835.0,496.0,0.0,0.0,0.0,0.0,0.0,0.0,1024.0,1469.0,0.0045191775867937,Female,White,True,Female_White,0.0
9039,39--Ice_Skating/39_Ice_Skating_Ice_Skating_39_782.jpg,496.0,256.0,789.0,597.0,0.0,0.0,0.0,0.0,0.0,0.0,1024.0,1366.0,0.0714284692990483,Female,White,True,Female_White,2.0
9040,39--Ice_Skating/39_Ice_Skating_Ice_Skating_39_57.jpg,325.0,145.0,362.0,193.0,1.0,0.0,0.0,0.0,0.0,0.0,1024.0,792.0,0.0021898674242424,Female,White,True,Female_White,0.0
9042,39--Ice_Skating/39_Ice_Skating_iceskiing_39_617.jpg,324.0,411.0,718.0,936.0,0.0,0.0,0.0,0.0,0.0,0.0,1024.0,2239.0,0.0902197200200982,Female,White,True,Female_White,3.0
9043,39--Ice_Skating/39_Ice_Skating_iceskiing_39_933.jpg,294.0,176.0,358.0,266.0,0.0,0.0,0.0,0.0,0.0,0.0,1024.0,488.0,0.0115266393442622,Female,White,True,Female_White,0.0
9044,39--Ice_Skating/39_Ice_Skating_iceskiing_39_933.jpg,498.0,56.0,560.0,140.0,0.0,0.0,0.0,0.0,0.0,0.0,1024.0,488.0,0.0104220030737704,Female,White,True,Female_White,0.0
9045,39--Ice_Skating/39_Ice_Skating_iceskiing_39_933.jpg,748.0,86.0,808.0,184.0,0.0,0.0,0.0,0.0,0.0,0.0,1024.0,488.0,0.0117667776639344,Female,White,True,Female_White,0.0
9046,39--Ice_Skating/39_Ice_Skating_Ice_Skating_39_266.jpg,344.0,142.0,459.0,265.0,0.0,0.0,0.0,0.0,0.0,0.0,1024.0,1397.0,0.0098879574534717,Female,White,True,Female_White,0.0
9048,39--Ice_Skating/39_Ice_Skating_iceskiing_39_1038.jpg,84.0,250.0,582.0,916.0,0.0,0.0,0.0,0.0,0.0,0.0,1024.0,1231.0,0.2631149725832656,Female,White,True,Female_White,9.0
9050,39--Ice_Skating/39_Ice_Skating_iceskiing_39_507.jpg,382.0,42.0,684.0,460.0,0.0,0.0,0.0,0.0,0.0,0.0,1024.0,768.0,0.1605173746744791,Female,White,True,Female_White,5.0
9051,39--Ice_Skating/39_Ice_Skating_Ice_Skating_39_391.jpg,691.0,181.0,735.0,233.0,1.0,0.0,0.0,0.0,0.0,0.0,1024.0,829.0,0.0026952653799758,Female,White,True,Female_White,0.0
9052,39--Ice_Skating/39_Ice_Skating_Ice_Skating_39_1017.jpg,235.0,228.0,850.0,1074.0,0.0,0.0,0.0,0.0,0.0,0.0,1024.0,1621.0,0.3134458378315854,Female,White,True,Female_White,11.0
9057,39--Ice_Skating/39_Ice_Skating_iceskiing_39_863.jpg,102.0,378.0,230.0,494.0,0.0,0.0,0.0,0.0,0.0,1.0,1024.0,695.0,0.0208633093525179,Female,White,True,Female_White,0.0
9061,39--Ice_Skating/39_Ice_Skating_Ice_Skating_39_139.jpg,610.0,70.0,726.0,158.0,1.0,0.0,0.0,0.0,0.0,1.0,1024.0,767.0,0.0129970664928292,Female,Asian,True,Female_Asian,0.0
9063,39--Ice_Skating/39_Ice_Skating_Ice_Skating_39_663.jpg,187.0,1208.0,389.0,1440.0,0.0,0.0,0.0,0.0,0.0,1.0,1024.0,1544.0,0.0296409488341968,Female,White,True,Female_White,1.0
9065,39--Ice_Skating/39_Ice_Skating_Ice_Skating_39_473.jpg,91.0,274.0,740.0,1027.0,0.0,0.0,0.0,0.0,0.0,0.0,1024.0,1512.0,0.3156370132688492,Female,White,True,Female_White,11.0
9074,39--Ice_Skating/39_Ice_Skating_Ice_Skating_39_844.jpg,482.0,71.0,604.0,216.0,0.0,0.0,0.0,0.0,0.0,0.0,1024.0,1451.0,0.0119058515678842,Female,White,True,Female_White,0.0
9079,39--Ice_Skating/39_Ice_Skating_Ice_Skating_39_583.jpg,366.0,64.0,446.0,174.0,1.0,0.0,0.0,0.0,0.0,0.0,1024.0,768.0,0.0111897786458333,Female,White,True,Female_White,0.0
9083,39--Ice_Skating/39_Ice_Skating_Ice_Skating_39_651.jpg,414.0,118.0,510.0,242.0,0.0,0.0,0.0,0.0,0.0,0.0,1024.0,768.0,0.01513671875,Female,White,True,Female_White,0.0
9084,39--Ice_Skating/39_Ice_Skating_Ice_Skating_39_651.jpg,564.0,74.0,664.0,204.0,0.0,0.0,0.0,0.0,0.0,0.0,1024.0,768.0,0.0165303548177083,Female,White,True,Female_White,0.0
9085,39--Ice_Skating/39_Ice_Skating_iceskiing_39_509.jpg,381.0,200.0,575.0,397.0,0.0,0.0,0.0,0.0,0.0,0.0,1024.0,1343.0,0.0277902201228592,Female,White,True,Female_White,0.0
9087,39--Ice_Skating/39_Ice_Skating_Ice_Skating_39_442.jpg,453.0,615.0,510.0,685.0,0.0,0.0,0.0,0.0,0.0,0.0,1024.0,1137.0,0.0034269871372031,Female,White,True,Female_White,0.0
9088,39--Ice_Skating/39_Ice_Skating_Ice_Skating_39_442.jpg,696.0,247.0,765.0,309.0,0.0,0.0,0.0,0.0,0.0,0.0,1024.0,1137.0,0.0036743486147757,Female,White,True,Female_White,0.0
9110,39--Ice_Skating/39_Ice_Skating_Ice_Skating_39_127.jpg,464.0,144.0,493.0,210.0,1.0,0.0,0.0,0.0,0.0,1.0,1024.0,803.0,0.0023276969178082,Female,Asian,True,Female_Asian,0.0
9111,39--Ice_Skating/39_Ice_Skating_Ice_Skating_39_354.jpg,438.0,172.0,518.0,270.0,1.0,0.0,0.0,0.0,0.0,1.0,1024.0,683.0,0.0112097364568081,Female,Asian,True,Female_Asian,0.0
9117,39--Ice_Skating/39_Ice_Skating_Ice_Skating_39_908.jpg,497.0,242.0,598.0,348.0,0.0,0.0,0.0,0.0,0.0,1.0,1024.0,1290.0,0.0081047117248062,Female,White,True,Female_White,0.0
9121,39--Ice_Skating/39_Ice_Skating_Ice_Skating_39_32.jpg,518.0,369.0,608.0,473.0,0.0,0.0,0.0,0.0,0.0,1.0,1024.0,1435.0,0.0063697735191637,Female,White,True,Female_White,0.0
9130,39--Ice_Skating/39_Ice_Skating_Ice_Skating_39_55.jpg,226.0,416.0,344.0,576.0,0.0,0.0,0.0,0.0,0.0,1.0,1024.0,768.0,0.0240071614583333,Female,White,True,Female_White,0.0
9136,39--Ice_Skating/39_Ice_Skating_iceskiing_39_227.jpg,469.0,349.0,581.0,469.0,0.0,0.0,0.0,0.0,0.0,0.0,1024.0,1366.0,0.009608345534407,Female,White,True,Female_White,0.0
9143,39--Ice_Skating/39_Ice_Skating_Ice_Skating_39_636.jpg,358.0,150.0,478.0,280.0,0.0,0.0,0.0,0.0,0.0,0.0,1024.0,680.0,0.0224034926470588,Female,White,True,Female_White,0.0
9144,39--Ice_Skating/39_Ice_Skating_Ice_Skating_39_636.jpg,572.0,182.0,670.0,310.0,0.0,0.0,0.0,0.0,0.0,0.0,1024.0,680.0,0.0180147058823529,Female,White,True,Female_White,0.0
9145,39--Ice_Skating/39_Ice_Skating_Ice_Skating_39_78.jpg,692.0,148.0,760.0,234.0,1.0,0.0,0.0,0.0,0.0,0.0,1024.0,990.0,0.0057686237373737,Female,White,True,Female_White,0.0
9157,39--Ice_Skating/39_Ice_Skating_iceskiing_39_128.jpg,462.0,76.0,518.0,136.0,1.0,0.0,0.0,0.0,0.0,0.0,1024.0,579.0,0.0056670984455958,Female,White,True,Female_White,0.0
9169,39--Ice_Skating/39_Ice_Skating_iceskiing_39_889.jpg,530.0,230.0,660.0,400.0,0.0,0.0,0.0,0.0,0.0,0.0,1024.0,805.0,0.0268099767080745,Female,White,True,Female_White,0.0
9170,39--Ice_Skating/39_Ice_Skating_Ice_Skating_39_1039.jpg,407.0,389.0,513.0,501.0,1.0,0.0,0.0,0.0,0.0,0.0,1024.0,1556.0,0.0074509961439588,Female,White,True,Female_White,0.0
9171,39--Ice_Skating/39_Ice_Skating_Ice_Skating_39_2.jpg,226.0,74.0,280.0,158.0,1.0,0.0,0.0,0.0,0.0,0.0,1024.0,768.0,0.005767822265625,Female,White,True,Female_White,0.0
9172,39--Ice_Skating/39_Ice_Skating_iceskiing_39_437.jpg,549.0,264.0,584.0,309.0,1.0,0.0,0.0,0.0,0.0,0.0,1024.0,790.0,0.0019469442246835,Female,White,True,Female_White,0.0
9187,39--Ice_Skating/39_Ice_Skating_Ice_Skating_39_254.jpg,561.0,325.0,636.0,424.0,0.0,0.0,0.0,0.0,0.0,0.0,1024.0,1332.0,0.0054436760979729,Female,White,True,Female_White,0.0
9193,4--Dancing/4_Dancing_Dancing_4_935.jpg,388.0,378.0,564.0,538.0,0.0,0.0,0.0,0.0,0.0,1.0,1024.0,1024.0,0.02685546875,Female,White,True,Female_White,0.0
9194,4--Dancing/4_Dancing_Dancing_4_954.jpg,361.0,202.0,631.0,556.0,0.0,0.0,0.0,0.0,0.0,0.0,1024.0,1341.0,0.0696046560402684,Female,White,True,Female_White,2.0
9197,4--Dancing/4_Dancing_Dancing_4_241.jpg,572.0,277.0,653.0,400.0,0.0,0.0,0.0,0.0,0.0,0.0,1024.0,1541.0,0.0063137522306943,Female,White,True,Female_White,0.0
9210,4--Dancing/4_Dancing_Dancing_4_963.jpg,447.0,137.0,658.0,405.0,0.0,0.0,0.0,0.0,0.0,0.0,1024.0,1635.0,0.0337753249235474,Female,Indian,True,Female_Indian,1.0
9231,4--Dancing/4_Dancing_Dancing_4_12.jpg,643.0,147.0,679.0,208.0,0.0,0.0,0.0,0.0,0.0,1.0,1024.0,683.0,0.0031398700585651,Female,Asian,True,Female_Asian,0.0
9234,4--Dancing/4_Dancing_Dancing_4_1020.jpg,361.0,175.0,650.0,633.0,0.0,0.0,0.0,0.0,0.0,0.0,1024.0,1422.0,0.0908999758263009,Female,White,True,Female_White,3.0
9237,4--Dancing/4_Dancing_Dancing_4_400.jpg,471.0,55.0,538.0,172.0,1.0,0.0,1.0,0.0,0.0,0.0,1024.0,1034.0,0.0074035526474854,Female,White,True,Female_White,0.0
9243,4--Dancing/4_Dancing_Dancing_4_512.jpg,188.0,160.0,252.0,272.0,0.0,0.0,0.0,0.0,0.0,0.0,1024.0,960.0,0.0072916666666666,Female,Asian,True,Female_Asian,0.0
9244,4--Dancing/4_Dancing_Dancing_4_512.jpg,522.0,248.0,588.0,356.0,0.0,0.0,0.0,0.0,0.0,1.0,1024.0,960.0,0.0072509765625,Female,Asian,True,Female_Asian,0.0
9245,4--Dancing/4_Dancing_Dancing_4_144.jpg,652.0,55.0,698.0,106.0,0.0,0.0,0.0,0.0,0.0,0.0,1024.0,576.0,0.0039774576822916,Female,White,True,Female_White,0.0
9248,4--Dancing/4_Dancing_Dancing_4_774.jpg,184.0,379.0,256.0,472.0,0.0,0.0,0.0,0.0,0.0,0.0,1024.0,1366.0,0.0047870150073206,Female,White,True,Female_White,0.0
9249,4--Dancing/4_Dancing_Dancing_4_774.jpg,349.0,371.0,424.0,462.0,0.0,0.0,0.0,0.0,0.0,0.0,1024.0,1366.0,0.004879237966691,Female,White,True,Female_White,0.0
9250,4--Dancing/4_Dancing_Dancing_4_774.jpg,509.0,427.0,576.0,507.0,0.0,0.0,0.0,0.0,0.0,0.0,1024.0,1366.0,0.0038318997071742,Female,White,True,Female_White,0.0
9251,4--Dancing/4_Dancing_Dancing_4_774.jpg,752.0,344.0,816.0,445.0,0.0,0.0,0.0,0.0,0.0,0.0,1024.0,1366.0,0.0046211566617862,Female,White,True,Female_White,0.0
9252,4--Dancing/4_Dancing_Dancing_4_774.jpg,659.0,1048.0,734.0,1152.0,0.0,0.0,0.0,0.0,0.0,1.0,1024.0,1366.0,0.0055762719619326,Female,White,True,Female_White,0.0
9253,4--Dancing/4_Dancing_Dancing_4_507.jpg,360.0,129.0,474.0,294.0,0.0,0.0,0.0,0.0,0.0,0.0,1024.0,1536.0,0.0119590759277343,Female,White,True,Female_White,0.0
9254,4--Dancing/4_Dancing_Dancing_4_113.jpg,474.0,214.0,558.0,346.0,0.0,0.0,0.0,0.0,0.0,0.0,1024.0,1000.0,0.010828125,Female,White,True,Female_White,0.0
9255,4--Dancing/4_Dancing_Dancing_4_598.jpg,160.0,163.0,203.0,217.0,0.0,0.0,0.0,0.0,0.0,0.0,1024.0,646.0,0.0035101828560371,Female,White,True,Female_White,0.0
9256,4--Dancing/4_Dancing_Dancing_4_598.jpg,247.0,178.0,288.0,223.0,0.0,0.0,0.0,0.0,0.0,0.0,1024.0,646.0,0.0027890987809597,Female,White,True,Female_White,0.0
9257,4--Dancing/4_Dancing_Dancing_4_598.jpg,451.0,165.0,492.0,215.0,0.0,0.0,0.0,0.0,0.0,0.0,1024.0,646.0,0.0030989986455108,Female,White,True,Female_White,0.0
9258,4--Dancing/4_Dancing_Dancing_4_598.jpg,597.0,172.0,640.0,224.0,0.0,0.0,0.0,0.0,0.0,0.0,1024.0,646.0,0.0033801760835913,Female,Black,True,Female_Black,0.0
9259,4--Dancing/4_Dancing_Dancing_4_598.jpg,759.0,162.0,797.0,211.0,0.0,0.0,0.0,0.0,0.0,0.0,1024.0,646.0,0.0028147977941176,Female,White,True,Female_White,0.0
9260,4--Dancing/4_Dancing_Dancing_4_598.jpg,871.0,159.0,911.0,210.0,0.0,0.0,0.0,0.0,0.0,0.0,1024.0,646.0,0.0030838815789473,Female,White,True,Female_White,0.0
9266,4--Dancing/4_Dancing_Dancing_4_491.jpg,324.0,312.0,400.0,366.0,0.0,0.0,0.0,0.0,0.0,1.0,1024.0,576.0,0.0069580078125,Female,White,True,Female_White,0.0
9267,4--Dancing/4_Dancing_Dancing_4_539.jpg,598.0,229.0,711.0,408.0,0.0,0.0,0.0,0.0,0.0,0.0,1024.0,1348.0,0.0146535086702522,Female,Black,True,Female_Black,0.0
9268,4--Dancing/4_Dancing_Dancing_4_539.jpg,787.0,305.0,900.0,484.0,0.0,1.0,0.0,0.0,0.0,0.0,1024.0,1348.0,0.0146535086702522,Female,Black,True,Female_Black,0.0
9272,4--Dancing/4_Dancing_Dancing_4_786.jpg,406.0,282.0,632.0,506.0,0.0,0.0,0.0,0.0,0.0,1.0,1024.0,768.0,0.0643717447916666,Female,Indian,True,Female_Indian,2.0
9279,4--Dancing/4_Dancing_Dancing_4_237.jpg,450.0,114.0,518.0,184.0,0.0,0.0,1.0,0.0,0.0,1.0,1024.0,576.0,0.0080702039930555,Female,White,True,Female_White,0.0
9280,4--Dancing/4_Dancing_Dancing_4_237.jpg,264.0,54.0,360.0,156.0,0.0,0.0,0.0,0.0,0.0,1.0,1024.0,576.0,0.0166015625,Female,White,True,Female_White,0.0
9289,4--Dancing/4_Dancing_Dancing_4_433.jpg,290.0,90.0,323.0,146.0,1.0,0.0,0.0,0.0,0.0,1.0,1024.0,680.0,0.0026539522058823,Female,White,True,Female_White,0.0
9290,4--Dancing/4_Dancing_Dancing_4_433.jpg,697.0,42.0,742.0,98.0,1.0,0.0,0.0,0.0,0.0,0.0,1024.0,680.0,0.0036190257352941,Female,White,True,Female_White,0.0
9297,4--Dancing/4_Dancing_Dancing_4_896.jpg,467.0,123.0,564.0,275.0,0.0,0.0,0.0,0.0,0.0,0.0,1024.0,1661.0,0.0086685355207706,Female,White,True,Female_White,0.0
9308,4--Dancing/4_Dancing_Dancing_4_328.jpg,450.0,114.0,828.0,528.0,0.0,0.0,0.0,0.0,0.0,0.0,1024.0,820.0,0.1863709984756097,Female,White,True,Female_White,6.0
9315,4--Dancing/4_Dancing_Dancing_4_927.jpg,294.0,339.0,603.0,729.0,0.0,0.0,0.0,0.0,0.0,0.0,1024.0,1536.0,0.0766181945800781,Female,White,True,Female_White,2.0
9318,4--Dancing/4_Dancing_Dancing_4_182.jpg,208.0,151.0,276.0,255.0,0.0,0.0,0.0,0.0,0.0,0.0,1024.0,1086.0,0.0063593462246777,Female,White,True,Female_White,0.0
9319,4--Dancing/4_Dancing_Dancing_4_182.jpg,460.0,117.0,538.0,238.0,0.0,0.0,0.0,0.0,0.0,0.0,1024.0,1086.0,0.0084869216160221,Female,White,True,Female_White,0.0
9320,4--Dancing/4_Dancing_Dancing_4_182.jpg,702.0,187.0,766.0,263.0,0.0,0.0,0.0,0.0,0.0,0.0,1024.0,1086.0,0.0043738489871086,Female,White,True,Female_White,0.0
9332,4--Dancing/4_Dancing_Dancing_4_380.jpg,452.0,18.0,776.0,472.0,0.0,0.0,0.0,0.0,0.0,0.0,1024.0,576.0,0.2493896484375,Female,Asian,True,Female_Asian,9.0
9333,4--Dancing/4_Dancing_Dancing_4_455.jpg,466.0,244.0,582.0,410.0,0.0,1.0,0.0,0.0,0.0,0.0,1024.0,768.0,0.0244852701822916,Female,White,True,Female_White,0.0
9350,4--Dancing/4_Dancing_Dancing_4_595.jpg,483.0,155.0,563.0,278.0,0.0,0.0,0.0,0.0,0.0,0.0,1024.0,1366.0,0.0070346815519765,Female,White,True,Female_White,0.0
9351,4--Dancing/4_Dancing_Dancing_4_685.jpg,422.0,196.0,614.0,390.0,0.0,0.0,0.0,0.0,0.0,0.0,1024.0,1024.0,0.0355224609375,Female,White,True,Female_White,1.0
9357,4--Dancing/4_Dancing_Dancing_4_1025.jpg,400.0,184.0,597.0,452.0,0.0,0.0,0.0,0.0,0.0,0.0,1024.0,1599.0,0.032244273764853,Female,White,True,Female_White,1.0
9372,4--Dancing/4_Dancing_Dancing_4_68.jpg,402.0,349.0,439.0,402.0,1.0,0.0,1.0,0.0,0.0,0.0,1024.0,873.0,0.0021936300830469,Female,White,True,Female_White,0.0
9373,4--Dancing/4_Dancing_Dancing_4_68.jpg,650.0,337.0,683.0,385.0,1.0,0.0,1.0,0.0,0.0,0.0,1024.0,873.0,0.0017719072164948,Female,White,True,Female_White,0.0
9374,4--Dancing/4_Dancing_Dancing_4_68.jpg,875.0,318.0,908.0,367.0,1.0,0.0,1.0,0.0,0.0,0.0,1024.0,873.0,0.0018088219501718,Female,White,True,Female_White,0.0
9377,4--Dancing/4_Dancing_Dancing_4_170.jpg,522.0,84.0,578.0,136.0,0.0,0.0,0.0,0.0,0.0,1.0,1024.0,640.0,0.004443359375,Female,White,True,Female_White,0.0
9380,4--Dancing/4_Dancing_Dancing_4_945.jpg,289.0,307.0,735.0,807.0,0.0,0.0,0.0,0.0,0.0,0.0,1024.0,1541.0,0.1413195571057754,Female,White,True,Female_White,5.0
9389,4--Dancing/4_Dancing_Dancing_4_767.jpg,657.0,806.0,1015.0,1158.0,0.0,0.0,0.0,0.0,0.0,1.0,1024.0,1490.0,0.0825922818791946,Female,White,True,Female_White,3.0
9390,4--Dancing/4_Dancing_Dancing_4_1017.jpg,440.0,26.0,594.0,294.0,0.0,0.0,0.0,0.0,0.0,0.0,1024.0,687.0,0.0586676673944687,Female,White,True,Female_White,2.0
9399,4--Dancing/4_Dancing_Dancing_4_613.jpg,361.0,349.0,407.0,412.0,1.0,0.0,0.0,0.0,0.0,0.0,1024.0,653.0,0.0043339634379785,Female,White,True,Female_White,0.0
9400,4--Dancing/4_Dancing_Dancing_4_613.jpg,547.0,111.0,596.0,168.0,1.0,0.0,0.0,0.0,0.0,0.0,1024.0,653.0,0.0041769357771822,Female,White,True,Female_White,0.0
9401,4--Dancing/4_Dancing_Dancing_4_613.jpg,599.0,246.0,651.0,319.0,1.0,0.0,0.0,0.0,0.0,0.0,1024.0,653.0,0.0056769238131699,Female,White,True,Female_White,0.0
9404,40--Gymnastics/40_Gymnastics_Gymnastics_40_785.jpg,480.0,212.0,582.0,332.0,0.0,0.0,0.0,0.0,0.0,0.0,1024.0,683.0,0.017500915080527,Female,White,True,Female_White,0.0
9405,40--Gymnastics/40_Gymnastics_Gymnastics_40_231.jpg,393.0,974.0,505.0,1047.0,1.0,0.0,0.0,0.0,0.0,1.0,1024.0,1436.0,0.0055601497214484,Female,White,True,Female_White,0.0
9406,40--Gymnastics/40_Gymnastics_Gymnastics_40_755.jpg,336.0,68.0,572.0,480.0,0.0,0.0,0.0,0.0,0.0,0.0,1024.0,641.0,0.1481328003120124,Female,White,True,Female_White,5.0
9433,40--Gymnastics/40_Gymnastics_Gymnastics_40_464.jpg,530.0,220.0,590.0,302.0,0.0,0.0,0.0,0.0,0.0,0.0,1024.0,683.0,0.0070346815519765,Female,White,True,Female_White,0.0
9434,40--Gymnastics/40_Gymnastics_Gymnastics_40_463.jpg,370.0,218.0,430.0,300.0,0.0,0.0,0.0,0.0,0.0,0.0,1024.0,768.0,0.006256103515625,Female,White,True,Female_White,0.0
9435,40--Gymnastics/40_Gymnastics_Gymnastics_40_463.jpg,516.0,184.0,588.0,280.0,0.0,0.0,0.0,0.0,0.0,0.0,1024.0,768.0,0.0087890625,Female,Asian,True,Female_Asian,0.0
9436,40--Gymnastics/40_Gymnastics_Gymnastics_40_463.jpg,710.0,184.0,780.0,284.0,0.0,0.0,0.0,0.0,0.0,0.0,1024.0,768.0,0.0089009602864583,Female,White,True,Female_White,0.0
9437,40--Gymnastics/40_Gymnastics_Gymnastics_40_463.jpg,252.0,338.0,316.0,422.0,0.0,0.0,0.0,0.0,0.0,0.0,1024.0,768.0,0.0068359375,Female,White,True,Female_White,0.0
9440,40--Gymnastics/40_Gymnastics_Gymnastics_40_112.jpg,412.0,1188.0,579.0,1278.0,0.0,0.0,0.0,0.0,0.0,1.0,1024.0,1651.0,0.0088902085857056,Female,Asian,True,Female_Asian,0.0
9442,40--Gymnastics/40_Gymnastics_Gymnastics_40_305.jpg,239.0,214.0,304.0,305.0,0.0,0.0,0.0,0.0,0.0,0.0,1024.0,681.0,0.008482183828928,Female,White,True,Female_White,0.0
9443,40--Gymnastics/40_Gymnastics_Gymnastics_40_305.jpg,269.0,137.0,332.0,215.0,0.0,0.0,0.0,0.0,0.0,0.0,1024.0,681.0,0.0070467373348017,Female,White,True,Female_White,0.0
9444,40--Gymnastics/40_Gymnastics_Gymnastics_40_305.jpg,353.0,135.0,410.0,203.0,0.0,0.0,0.0,0.0,0.0,0.0,1024.0,681.0,0.0055582323788546,Female,White,True,Female_White,0.0
9445,40--Gymnastics/40_Gymnastics_Gymnastics_40_305.jpg,448.0,159.0,501.0,220.0,0.0,0.0,0.0,0.0,0.0,0.0,1024.0,681.0,0.0046361623531571,Female,White,True,Female_White,0.0
9446,40--Gymnastics/40_Gymnastics_Gymnastics_40_305.jpg,579.0,182.0,630.0,243.0,0.0,0.0,0.0,0.0,0.0,0.0,1024.0,681.0,0.0044612128303964,Female,White,True,Female_White,0.0
9447,40--Gymnastics/40_Gymnastics_Gymnastics_40_305.jpg,735.0,143.0,790.0,202.0,0.0,0.0,0.0,0.0,0.0,0.0,1024.0,681.0,0.0046533705029368,Female,White,True,Female_White,0.0
9448,40--Gymnastics/40_Gymnastics_Gymnastics_40_305.jpg,583.0,309.0,637.0,371.0,0.0,0.0,0.0,0.0,0.0,0.0,1024.0,681.0,0.0048010737885462,Female,White,True,Female_White,0.0
9449,40--Gymnastics/40_Gymnastics_Gymnastics_40_305.jpg,483.0,297.0,540.0,364.0,0.0,0.0,0.0,0.0,0.0,0.0,1024.0,681.0,0.0054764936674008,Female,White,True,Female_White,0.0
9450,40--Gymnastics/40_Gymnastics_Gymnastics_40_305.jpg,352.0,306.0,410.0,372.0,0.0,0.0,0.0,0.0,0.0,0.0,1024.0,681.0,0.0054893997797356,Female,White,True,Female_White,0.0
9451,40--Gymnastics/40_Gymnastics_Gymnastics_40_587.jpg,144.0,182.0,252.0,350.0,0.0,0.0,0.0,0.0,0.0,0.0,1024.0,577.0,0.0307084055459272,Female,White,True,Female_White,1.0
9452,40--Gymnastics/40_Gymnastics_Gymnastics_40_587.jpg,438.0,98.0,550.0,274.0,0.0,0.0,0.0,0.0,0.0,0.0,1024.0,577.0,0.0333622183708838,Female,White,True,Female_White,1.0
9453,40--Gymnastics/40_Gymnastics_Gymnastics_40_587.jpg,682.0,42.0,816.0,220.0,0.0,0.0,0.0,0.0,0.0,0.0,1024.0,577.0,0.0403690966204506,Female,White,True,Female_White,1.0
9454,40--Gymnastics/40_Gymnastics_Gymnastics_40_74.jpg,487.0,95.0,521.0,145.0,0.0,0.0,0.0,0.0,0.0,0.0,1024.0,685.0,0.0024235857664233,Female,White,True,Female_White,0.0
9455,40--Gymnastics/40_Gymnastics_Gymnastics_40_430.jpg,288.0,98.0,380.0,246.0,0.0,0.0,0.0,0.0,0.0,0.0,1024.0,629.0,0.0211397058823529,Female,White,True,Female_White,0.0
9456,40--Gymnastics/40_Gymnastics_Gymnastics_40_430.jpg,574.0,86.0,652.0,250.0,0.0,0.0,0.0,0.0,1.0,0.0,1024.0,629.0,0.019860393481717,Female,White,True,Female_White,0.0
9457,40--Gymnastics/40_Gymnastics_Gymnastics_40_121.jpg,164.0,372.0,260.0,446.0,1.0,0.0,0.0,0.0,0.0,1.0,1024.0,683.0,0.0101573938506588,Female,White,True,Female_White,0.0
9461,40--Gymnastics/40_Gymnastics_Gymnastics_40_111.jpg,586.0,434.0,656.0,484.0,1.0,0.0,0.0,0.0,0.0,1.0,1024.0,683.0,0.0050043466325036,Female,White,True,Female_White,0.0
9462,40--Gymnastics/40_Gymnastics_Gymnastics_40_629.jpg,320.0,268.0,436.0,342.0,0.0,0.0,0.0,0.0,0.0,1.0,1024.0,681.0,0.0123095631424375,Female,White,True,Female_White,0.0
9463,40--Gymnastics/40_Gymnastics_Gymnastics_40_388.jpg,278.0,120.0,316.0,173.0,0.0,0.0,0.0,0.0,0.0,0.0,1024.0,771.0,0.0025509687094682,Female,White,True,Female_White,0.0
9464,40--Gymnastics/40_Gymnastics_Gymnastics_40_388.jpg,450.0,137.0,486.0,186.0,0.0,0.0,0.0,0.0,0.0,0.0,1024.0,771.0,0.0022343142023346,Female,White,True,Female_White,0.0
9465,40--Gymnastics/40_Gymnastics_Gymnastics_40_388.jpg,540.0,128.0,581.0,179.0,0.0,0.0,0.0,0.0,0.0,0.0,1024.0,771.0,0.0026484982976653,Female,White,True,Female_White,0.0
9466,40--Gymnastics/40_Gymnastics_Gymnastics_40_388.jpg,655.0,146.0,693.0,196.0,0.0,0.0,0.0,0.0,0.0,0.0,1024.0,771.0,0.0024065742542153,Female,White,True,Female_White,0.0
9467,40--Gymnastics/40_Gymnastics_Gymnastics_40_388.jpg,690.0,290.0,735.0,349.0,0.0,0.0,0.0,0.0,0.0,0.0,1024.0,771.0,0.0033628708657587,Female,Black,True,Female_Black,0.0
9468,40--Gymnastics/40_Gymnastics_Gymnastics_40_388.jpg,469.0,285.0,515.0,346.0,0.0,0.0,0.0,0.0,0.0,0.0,1024.0,771.0,0.0035541301880674,Female,White,True,Female_White,0.0
9469,40--Gymnastics/40_Gymnastics_Gymnastics_40_388.jpg,332.0,276.0,379.0,342.0,0.0,0.0,0.0,0.0,0.0,0.0,1024.0,771.0,0.0039290491245136,Female,White,True,Female_White,0.0
9470,40--Gymnastics/40_Gymnastics_Gymnastics_40_388.jpg,838.0,291.0,883.0,346.0,0.0,0.0,0.0,0.0,0.0,0.0,1024.0,771.0,0.0031348796206225,Female,White,True,Female_White,0.0
9471,40--Gymnastics/40_Gymnastics_Gymnastics_40_435.jpg,517.0,142.0,611.0,286.0,0.0,0.0,0.0,0.0,0.0,0.0,1024.0,1274.0,0.0103757849293563,Female,White,True,Female_White,0.0
9473,40--Gymnastics/40_Gymnastics_Gymnastics_40_148.jpg,494.0,183.0,524.0,224.0,0.0,0.0,0.0,0.0,0.0,0.0,1024.0,683.0,0.0017586703879941,Female,White,True,Female_White,0.0
9474,40--Gymnastics/40_Gymnastics_Gymnastics_40_148.jpg,590.0,183.0,617.0,222.0,0.0,0.0,0.0,0.0,0.0,0.0,1024.0,683.0,0.0015055934297218,Female,White,True,Female_White,0.0
9475,40--Gymnastics/40_Gymnastics_Gymnastics_40_148.jpg,674.0,209.0,705.0,244.0,0.0,0.0,0.0,0.0,0.0,0.0,1024.0,683.0,0.0015513474560761,Female,White,True,Female_White,0.0
9476,40--Gymnastics/40_Gymnastics_Gymnastics_40_148.jpg,764.0,207.0,797.0,246.0,0.0,0.0,0.0,0.0,0.0,0.0,1024.0,683.0,0.0018401697474377,Female,White,True,Female_White,0.0
9477,40--Gymnastics/40_Gymnastics_Gymnastics_40_148.jpg,847.0,201.0,876.0,239.0,0.0,0.0,0.0,0.0,0.0,0.0,1024.0,683.0,0.0015756542825768,Female,White,True,Female_White,0.0
9478,40--Gymnastics/40_Gymnastics_Gymnastics_40_148.jpg,939.0,270.0,973.0,307.0,0.0,0.0,0.0,0.0,0.0,0.0,1024.0,683.0,0.0017987051610541,Female,White,True,Female_White,0.0
9479,40--Gymnastics/40_Gymnastics_Gymnastics_40_148.jpg,836.0,358.0,872.0,403.0,0.0,0.0,0.0,0.0,0.0,0.0,1024.0,683.0,0.0023162975841874,Female,White,True,Female_White,0.0
9480,40--Gymnastics/40_Gymnastics_Gymnastics_40_148.jpg,721.0,363.0,760.0,409.0,0.0,0.0,0.0,0.0,0.0,0.0,1024.0,683.0,0.002565085102489,Female,White,True,Female_White,0.0
9481,40--Gymnastics/40_Gymnastics_Gymnastics_40_148.jpg,622.0,361.0,658.0,403.0,0.0,0.0,0.0,0.0,0.0,0.0,1024.0,683.0,0.0021618777452415,Female,White,True,Female_White,0.0
9482,40--Gymnastics/40_Gymnastics_Gymnastics_40_148.jpg,517.0,365.0,551.0,405.0,0.0,0.0,0.0,0.0,0.0,0.0,1024.0,683.0,0.0019445461200585,Female,White,True,Female_White,0.0
9483,40--Gymnastics/40_Gymnastics_Gymnastics_40_148.jpg,413.0,349.0,447.0,394.0,0.0,0.0,0.0,0.0,0.0,0.0,1024.0,683.0,0.0021876143850658,Female,White,True,Female_White,0.0
9484,40--Gymnastics/40_Gymnastics_Gymnastics_40_148.jpg,304.0,358.0,341.0,403.0,0.0,0.0,0.0,0.0,0.0,0.0,1024.0,683.0,0.0023806391837481,Female,White,True,Female_White,0.0
9485,40--Gymnastics/40_Gymnastics_Gymnastics_40_148.jpg,192.0,357.0,226.0,404.0,0.0,0.0,0.0,0.0,0.0,0.0,1024.0,683.0,0.0022848416910688,Female,White,True,Female_White,0.0
9486,40--Gymnastics/40_Gymnastics_Gymnastics_40_148.jpg,77.0,357.0,119.0,396.0,0.0,0.0,0.0,0.0,0.0,0.0,1024.0,683.0,0.0023420342240117,Female,White,True,Female_White,0.0
9487,40--Gymnastics/40_Gymnastics_Gymnastics_40_148.jpg,118.0,190.0,152.0,230.0,0.0,0.0,0.0,0.0,0.0,0.0,1024.0,683.0,0.0019445461200585,Female,White,True,Female_White,0.0
9488,40--Gymnastics/40_Gymnastics_Gymnastics_40_148.jpg,211.0,195.0,247.0,240.0,0.0,0.0,0.0,0.0,0.0,0.0,1024.0,683.0,0.0023162975841874,Female,White,True,Female_White,0.0
9489,40--Gymnastics/40_Gymnastics_Gymnastics_40_148.jpg,308.0,187.0,341.0,228.0,0.0,0.0,0.0,0.0,0.0,0.0,1024.0,683.0,0.0019345374267935,Female,White,True,Female_White,0.0
9490,40--Gymnastics/40_Gymnastics_Gymnastics_40_148.jpg,399.0,193.0,432.0,232.0,0.0,0.0,0.0,0.0,0.0,0.0,1024.0,683.0,0.0018401697474377,Female,White,True,Female_White,0.0
9491,40--Gymnastics/40_Gymnastics_Gymnastics_40_176.jpg,200.0,103.0,233.0,148.0,0.0,0.0,0.0,0.0,0.0,0.0,1024.0,750.0,0.00193359375,Female,White,True,Female_White,0.0
9492,40--Gymnastics/40_Gymnastics_Gymnastics_40_176.jpg,311.0,79.0,344.0,123.0,0.0,0.0,0.0,0.0,0.0,0.0,1024.0,750.0,0.001890625,Female,White,True,Female_White,0.0
9493,40--Gymnastics/40_Gymnastics_Gymnastics_40_176.jpg,459.0,85.0,491.0,125.0,0.0,0.0,0.0,0.0,0.0,0.0,1024.0,750.0,0.0016666666666666,Female,White,True,Female_White,0.0
9494,40--Gymnastics/40_Gymnastics_Gymnastics_40_176.jpg,581.0,100.0,614.0,140.0,0.0,0.0,0.0,0.0,0.0,0.0,1024.0,750.0,0.00171875,Female,White,True,Female_White,0.0
9495,40--Gymnastics/40_Gymnastics_Gymnastics_40_176.jpg,696.0,96.0,729.0,134.0,0.0,0.0,0.0,0.0,0.0,0.0,1024.0,750.0,0.0016328125,Female,White,True,Female_White,0.0
9496,40--Gymnastics/40_Gymnastics_Gymnastics_40_176.jpg,814.0,110.0,847.0,147.0,0.0,0.0,0.0,0.0,0.0,0.0,1024.0,750.0,0.00158984375,Female,White,True,Female_White,0.0
9497,40--Gymnastics/40_Gymnastics_Gymnastics_40_875.jpg,458.0,154.0,644.0,448.0,0.0,0.0,0.0,0.0,0.0,0.0,1024.0,769.0,0.0694438800390117,Female,White,True,Female_White,2.0
9498,40--Gymnastics/40_Gymnastics_Gymnastics_40_680.jpg,82.0,89.0,120.0,133.0,0.0,0.0,0.0,0.0,0.0,0.0,1024.0,554.0,0.0029473149819494,Female,White,True,Female_White,0.0
9499,40--Gymnastics/40_Gymnastics_Gymnastics_40_680.jpg,185.0,94.0,216.0,136.0,0.0,0.0,0.0,0.0,0.0,0.0,1024.0,554.0,0.0022950981498194,Female,White,True,Female_White,0.0
9500,40--Gymnastics/40_Gymnastics_Gymnastics_40_680.jpg,277.0,84.0,312.0,126.0,0.0,0.0,0.0,0.0,0.0,0.0,1024.0,554.0,0.0025912398465703,Female,White,True,Female_White,0.0
9501,40--Gymnastics/40_Gymnastics_Gymnastics_40_680.jpg,385.0,76.0,421.0,117.0,0.0,0.0,0.0,0.0,0.0,0.0,1024.0,554.0,0.00260181633574,Female,White,True,Female_White,0.0
9502,40--Gymnastics/40_Gymnastics_Gymnastics_40_680.jpg,499.0,79.0,532.0,118.0,0.0,0.0,0.0,0.0,0.0,0.0,1024.0,554.0,0.0022686569268953,Female,White,True,Female_White,0.0
9503,40--Gymnastics/40_Gymnastics_Gymnastics_40_680.jpg,613.0,82.0,645.0,126.0,0.0,0.0,0.0,0.0,0.0,0.0,1024.0,554.0,0.0024819494584837,Female,White,True,Female_White,0.0
9504,40--Gymnastics/40_Gymnastics_Gymnastics_40_680.jpg,724.0,95.0,757.0,135.0,0.0,0.0,0.0,0.0,0.0,0.0,1024.0,554.0,0.0023268276173285,Female,White,True,Female_White,0.0
9505,40--Gymnastics/40_Gymnastics_Gymnastics_40_680.jpg,824.0,99.0,860.0,140.0,0.0,0.0,0.0,0.0,0.0,0.0,1024.0,554.0,0.00260181633574,Female,White,True,Female_White,0.0
9506,40--Gymnastics/40_Gymnastics_Gymnastics_40_680.jpg,915.0,100.0,949.0,141.0,0.0,0.0,0.0,0.0,0.0,0.0,1024.0,554.0,0.0024572709837545,Female,White,True,Female_White,0.0
9507,40--Gymnastics/40_Gymnastics_Gymnastics_40_591.jpg,460.0,86.0,520.0,176.0,0.0,0.0,0.0,0.0,0.0,0.0,1024.0,768.0,0.006866455078125,Female,White,True,Female_White,0.0
9508,40--Gymnastics/40_Gymnastics_Gymnastics_40_1004.jpg,650.0,82.0,902.0,428.0,0.0,0.0,0.0,0.0,0.0,0.0,1024.0,768.0,0.110870361328125,Female,White,True,Female_White,4.0
9509,40--Gymnastics/40_Gymnastics_Gymnastics_40_1004.jpg,168.0,54.0,224.0,136.0,0.0,0.0,1.0,0.0,0.0,0.0,1024.0,768.0,0.0058390299479166,Female,White,True,Female_White,0.0
9522,40--Gymnastics/40_Gymnastics_Gymnastics_40_6.jpg,504.0,116.0,612.0,180.0,0.0,0.0,0.0,0.0,0.0,0.0,1024.0,682.0,0.0098973607038123,Female,White,True,Female_White,0.0
9523,40--Gymnastics/40_Gymnastics_Gymnastics_40_327.jpg,372.0,216.0,460.0,358.0,0.0,0.0,0.0,0.0,0.0,0.0,1024.0,685.0,0.0178147810218978,Female,White,True,Female_White,0.0
9524,40--Gymnastics/40_Gymnastics_Gymnastics_40_433.jpg,684.0,314.0,808.0,412.0,0.0,0.0,0.0,0.0,0.0,1.0,1024.0,683.0,0.0173750915080527,Female,Asian,True,Female_Asian,0.0
9569,40--Gymnastics/40_Gymnastics_Gymnastics_40_223.jpg,406.0,340.0,496.0,474.0,0.0,0.0,0.0,0.0,0.0,0.0,1024.0,867.0,0.0135840181660899,Female,White,True,Female_White,0.0
9570,40--Gymnastics/40_Gymnastics_Gymnastics_40_376.jpg,345.0,177.0,459.0,372.0,1.0,0.0,0.0,0.0,0.0,0.0,1024.0,1536.0,0.0141334533691406,Female,White,True,Female_White,0.0
9571,40--Gymnastics/40_Gymnastics_Gymnastics_40_681.jpg,264.0,176.0,334.0,272.0,1.0,0.0,1.0,0.0,0.0,0.0,1024.0,1024.0,0.00640869140625,Female,Indian,True,Female_Indian,0.0
9572,40--Gymnastics/40_Gymnastics_Gymnastics_40_681.jpg,442.0,154.0,506.0,260.0,1.0,0.0,1.0,0.0,0.0,0.0,1024.0,1024.0,0.0064697265625,Female,White,True,Female_White,0.0
9573,40--Gymnastics/40_Gymnastics_Gymnastics_40_681.jpg,820.0,146.0,890.0,244.0,1.0,0.0,0.0,0.0,0.0,0.0,1024.0,1024.0,0.0065422058105468,Female,Black,True,Female_Black,0.0
9574,40--Gymnastics/40_Gymnastics_Gymnastics_40_681.jpg,638.0,146.0,708.0,240.0,1.0,0.0,1.0,0.0,0.0,0.0,1024.0,1024.0,0.0062751770019531,Female,White,True,Female_White,0.0
9575,40--Gymnastics/40_Gymnastics_Gymnastics_40_681.jpg,110.0,194.0,188.0,304.0,1.0,0.0,1.0,0.0,0.0,0.0,1024.0,1024.0,0.0081825256347656,Female,Black,True,Female_Black,0.0
9593,40--Gymnastics/40_Gymnastics_Gymnastics_40_1023.jpg,616.0,320.0,674.0,368.0,0.0,0.0,0.0,0.0,0.0,1.0,1024.0,679.0,0.0040040500736377,Female,White,True,Female_White,0.0
9594,40--Gymnastics/40_Gymnastics_Gymnastics_40_931.jpg,126.0,175.0,203.0,287.0,0.0,0.0,0.0,0.0,0.0,0.0,1024.0,1195.0,0.0070475941422594,Female,White,True,Female_White,0.0
9595,40--Gymnastics/40_Gymnastics_Gymnastics_40_931.jpg,292.0,264.0,360.0,360.0,0.0,0.0,0.0,0.0,0.0,0.0,1024.0,1195.0,0.0053347280334728,Female,White,True,Female_White,0.0
9596,40--Gymnastics/40_Gymnastics_Gymnastics_40_931.jpg,616.0,107.0,684.0,212.0,0.0,0.0,0.0,0.0,0.0,0.0,1024.0,1195.0,0.0058348587866108,Female,White,True,Female_White,0.0
9597,40--Gymnastics/40_Gymnastics_Gymnastics_40_931.jpg,805.0,131.0,877.0,229.0,0.0,0.0,0.0,0.0,0.0,0.0,1024.0,1195.0,0.0057662133891213,Female,White,True,Female_White,0.0
9598,40--Gymnastics/40_Gymnastics_Gymnastics_40_931.jpg,476.0,378.0,546.0,483.0,0.0,0.0,0.0,0.0,0.0,0.0,1024.0,1195.0,0.0060064722803347,Female,White,True,Female_White,0.0
9599,40--Gymnastics/40_Gymnastics_Gymnastics_40_931.jpg,644.0,301.0,721.0,408.0,0.0,0.0,0.0,0.0,0.0,0.0,1024.0,1195.0,0.0067329694037656,Female,White,True,Female_White,0.0
9600,40--Gymnastics/40_Gymnastics_Gymnastics_40_931.jpg,816.0,299.0,888.0,397.0,0.0,0.0,0.0,0.0,0.0,0.0,1024.0,1195.0,0.0057662133891213,Female,White,True,Female_White,0.0
9601,40--Gymnastics/40_Gymnastics_Gymnastics_40_931.jpg,247.0,567.0,324.0,677.0,0.0,0.0,0.0,0.0,0.0,0.0,1024.0,1195.0,0.0069217442468619,Female,White,True,Female_White,0.0
9602,40--Gymnastics/40_Gymnastics_Gymnastics_40_931.jpg,436.0,541.0,518.0,651.0,0.0,0.0,0.0,0.0,0.0,0.0,1024.0,1195.0,0.0073712081589958,Female,White,True,Female_White,0.0
9603,40--Gymnastics/40_Gymnastics_Gymnastics_40_931.jpg,667.0,618.0,751.0,735.0,0.0,0.0,0.0,0.0,0.0,0.0,1024.0,1195.0,0.0080315115062761,Female,White,True,Female_White,0.0
9604,40--Gymnastics/40_Gymnastics_Gymnastics_40_506.jpg,334.0,152.0,400.0,256.0,0.0,0.0,0.0,0.0,0.0,0.0,1024.0,683.0,0.0098142386530014,Female,White,True,Female_White,0.0
9605,40--Gymnastics/40_Gymnastics_Gymnastics_40_835.jpg,236.0,50.0,310.0,142.0,0.0,0.0,0.0,0.0,0.0,0.0,1024.0,771.0,0.0086231355382619,Female,White,True,Female_White,0.0
9606,40--Gymnastics/40_Gymnastics_Gymnastics_40_835.jpg,404.0,66.0,476.0,160.0,0.0,0.0,0.0,0.0,0.0,0.0,1024.0,771.0,0.0085724708171206,Female,White,True,Female_White,0.0
9607,40--Gymnastics/40_Gymnastics_Gymnastics_40_835.jpg,592.0,56.0,656.0,146.0,0.0,0.0,0.0,0.0,0.0,0.0,1024.0,771.0,0.0072957198443579,Female,White,True,Female_White,0.0
9608,40--Gymnastics/40_Gymnastics_Gymnastics_40_835.jpg,766.0,40.0,834.0,116.0,0.0,0.0,0.0,0.0,0.0,0.0,1024.0,771.0,0.0065458819714656,Female,White,True,Female_White,0.0
9609,40--Gymnastics/40_Gymnastics_Gymnastics_40_835.jpg,420.0,388.0,512.0,482.0,0.0,0.0,0.0,0.0,0.0,0.0,1024.0,771.0,0.0109537127107652,Female,White,True,Female_White,0.0
9610,40--Gymnastics/40_Gymnastics_Gymnastics_40_835.jpg,552.0,402.0,626.0,502.0,0.0,0.0,0.0,0.0,0.0,0.0,1024.0,771.0,0.0093729734111543,Female,White,True,Female_White,0.0
9611,40--Gymnastics/40_Gymnastics_Gymnastics_40_416.jpg,260.0,174.0,338.0,288.0,0.0,0.0,0.0,0.0,0.0,0.0,1024.0,768.0,0.0113067626953125,Female,White,True,Female_White,0.0
9612,40--Gymnastics/40_Gymnastics_Gymnastics_40_416.jpg,446.0,198.0,518.0,304.0,0.0,0.0,0.0,0.0,0.0,0.0,1024.0,768.0,0.00970458984375,Female,White,True,Female_White,0.0
9613,40--Gymnastics/40_Gymnastics_Gymnastics_40_416.jpg,574.0,294.0,672.0,422.0,0.0,0.0,0.0,0.0,0.0,0.0,1024.0,768.0,0.0159505208333333,Female,White,True,Female_White,0.0
9614,40--Gymnastics/40_Gymnastics_Gymnastics_40_416.jpg,764.0,284.0,854.0,396.0,0.0,0.0,0.0,0.0,0.0,0.0,1024.0,768.0,0.0128173828125,Female,Indian,True,Female_Indian,0.0
9615,40--Gymnastics/40_Gymnastics_Gymnastics_40_33.jpg,319.0,535.0,420.0,716.0,0.0,0.0,0.0,0.0,0.0,1.0,1024.0,1473.0,0.012119850008486,Female,Black,True,Female_Black,0.0
9616,40--Gymnastics/40_Gymnastics_Gymnastics_40_208.jpg,350.0,496.0,468.0,634.0,0.0,0.0,0.0,0.0,0.0,1.0,1024.0,768.0,0.0207061767578125,Female,White,True,Female_White,0.0
9617,40--Gymnastics/40_Gymnastics_Gymnastics_40_1038.jpg,750.0,220.0,820.0,294.0,0.0,0.0,0.0,0.0,0.0,0.0,1024.0,791.0,0.0063951880530973,Female,White,True,Female_White,0.0
9618,40--Gymnastics/40_Gymnastics_Gymnastics_40_673.jpg,434.0,180.0,638.0,470.0,0.0,0.0,0.0,0.0,0.0,0.0,1024.0,888.0,0.0650601773648648,Female,White,True,Female_White,2.0
9621,40--Gymnastics/40_Gymnastics_Gymnastics_40_94.jpg,458.0,432.0,538.0,476.0,1.0,0.0,0.0,0.0,0.0,1.0,1024.0,683.0,0.0050329428989751,Female,White,True,Female_White,0.0
9622,40--Gymnastics/40_Gymnastics_Gymnastics_40_585.jpg,448.0,110.0,514.0,212.0,0.0,0.0,0.0,0.0,0.0,0.0,1024.0,682.0,0.0096396169354838,Female,White,True,Female_White,0.0
9624,40--Gymnastics/40_Gymnastics_Gymnastics_40_20.jpg,236.0,352.0,318.0,418.0,0.0,0.0,0.0,0.0,0.0,1.0,1024.0,576.0,0.0091756184895833,Female,White,True,Female_White,0.0
9627,40--Gymnastics/40_Gymnastics_Gymnastics_40_307.jpg,504.0,470.0,580.0,520.0,0.0,0.0,0.0,0.0,0.0,1.0,1024.0,683.0,0.0054332906295754,Female,White,True,Female_White,0.0
9628,40--Gymnastics/40_Gymnastics_Gymnastics_40_643.jpg,354.0,429.0,474.0,600.0,0.0,0.0,0.0,0.0,0.0,0.0,1024.0,1201.0,0.0166853143213988,Female,White,True,Female_White,0.0
9629,40--Gymnastics/40_Gymnastics_Gymnastics_40_514.jpg,500.0,353.0,612.0,522.0,0.0,0.0,0.0,0.0,0.0,0.0,1024.0,1597.0,0.0115744364433312,Female,White,True,Female_White,0.0
9630,40--Gymnastics/40_Gymnastics_Gymnastics_40_987.jpg,428.0,468.0,484.0,560.0,0.0,0.0,0.0,0.0,0.0,0.0,1024.0,940.0,0.0053523936170212,Female,White,True,Female_White,0.0
9631,40--Gymnastics/40_Gymnastics_Gymnastics_40_987.jpg,584.0,526.0,636.0,612.0,0.0,0.0,0.0,0.0,0.0,0.0,1024.0,940.0,0.0046459441489361,Female,White,True,Female_White,0.0
9632,40--Gymnastics/40_Gymnastics_Gymnastics_40_987.jpg,728.0,486.0,790.0,564.0,0.0,0.0,0.0,0.0,0.0,0.0,1024.0,940.0,0.005024102393617,Female,White,True,Female_White,0.0
9633,40--Gymnastics/40_Gymnastics_Gymnastics_40_987.jpg,862.0,492.0,922.0,582.0,0.0,0.0,0.0,0.0,0.0,0.0,1024.0,940.0,0.005610039893617,Female,White,True,Female_White,0.0
9634,40--Gymnastics/40_Gymnastics_Gymnastics_40_987.jpg,530.0,404.0,612.0,458.0,1.0,0.0,0.0,0.0,0.0,1.0,1024.0,940.0,0.0046002327127659,Female,White,True,Female_White,0.0
9636,40--Gymnastics/40_Gymnastics_Gymnastics_40_38.jpg,405.0,243.0,512.0,398.0,0.0,0.0,0.0,0.0,0.0,0.0,1024.0,1364.0,0.011874112215909,Female,White,True,Female_White,0.0
9637,40--Gymnastics/40_Gymnastics_Gymnastics_40_679.jpg,390.0,124.0,642.0,434.0,0.0,0.0,0.0,0.0,0.0,0.0,1024.0,685.0,0.1113708941605839,Female,White,True,Female_White,4.0
9638,40--Gymnastics/40_Gymnastics_Gymnastics_40_179.jpg,552.0,154.0,687.0,316.0,0.0,0.0,0.0,0.0,0.0,0.0,1024.0,1357.0,0.015738704403095,Female,White,True,Female_White,0.0
9652,40--Gymnastics/40_Gymnastics_Gymnastics_40_50.jpg,465.0,192.0,569.0,337.0,1.0,0.0,0.0,0.0,0.0,0.0,1024.0,1517.0,0.0097076878707976,Female,White,True,Female_White,0.0
9654,40--Gymnastics/40_Gymnastics_Gymnastics_40_1041.jpg,902.0,223.0,947.0,283.0,1.0,0.0,0.0,0.0,0.0,0.0,1024.0,752.0,0.0035062749335106,Female,Asian,True,Female_Asian,0.0
9655,40--Gymnastics/40_Gymnastics_Gymnastics_40_1041.jpg,70.0,167.0,114.0,225.0,1.0,0.0,0.0,0.0,0.0,0.0,1024.0,752.0,0.0033140791223404,Female,Asian,True,Female_Asian,0.0
9656,40--Gymnastics/40_Gymnastics_Gymnastics_40_1041.jpg,253.0,177.0,299.0,235.0,1.0,0.0,0.0,0.0,0.0,0.0,1024.0,752.0,0.0034647190824468,Female,Asian,True,Female_Asian,0.0
9657,40--Gymnastics/40_Gymnastics_Gymnastics_40_1041.jpg,425.0,193.0,471.0,251.0,1.0,0.0,0.0,0.0,0.0,0.0,1024.0,752.0,0.0034647190824468,Female,Asian,True,Female_Asian,0.0
9658,40--Gymnastics/40_Gymnastics_Gymnastics_40_1041.jpg,584.0,209.0,632.0,263.0,1.0,0.0,0.0,0.0,0.0,0.0,1024.0,752.0,0.0033660239361702,Female,Asian,True,Female_Asian,0.0
9659,40--Gymnastics/40_Gymnastics_Gymnastics_40_1041.jpg,745.0,213.0,790.0,263.0,1.0,0.0,0.0,0.0,0.0,0.0,1024.0,752.0,0.0029218957779255,Female,Asian,True,Female_Asian,0.0
9661,40--Gymnastics/40_Gymnastics_Gymnastics_40_41.jpg,404.0,152.0,510.0,298.0,0.0,0.0,0.0,0.0,0.0,0.0,1024.0,683.0,0.0221277909956076,Female,White,True,Female_White,0.0
9665,40--Gymnastics/40_Gymnastics_Gymnastics_40_915.jpg,474.0,223.0,595.0,409.0,0.0,0.0,0.0,0.0,0.0,0.0,1024.0,1444.0,0.0152205786876731,Female,White,True,Female_White,0.0
9666,40--Gymnastics/40_Gymnastics_Gymnastics_40_574.jpg,550.0,408.0,642.0,482.0,0.0,0.0,0.0,0.0,0.0,1.0,1024.0,663.0,0.0100278092006033,Female,Asian,True,Female_Asian,0.0
9667,40--Gymnastics/40_Gymnastics_Gymnastics_40_75.jpg,526.0,312.0,590.0,372.0,0.0,0.0,0.0,0.0,0.0,1.0,1024.0,725.0,0.0051724137931034,Female,Black,True,Female_Black,0.0
9668,40--Gymnastics/40_Gymnastics_Gymnastics_40_708.jpg,201.0,194.0,250.0,251.0,0.0,0.0,0.0,0.0,0.0,0.0,1024.0,768.0,0.0035514831542968,Female,White,True,Female_White,0.0
9669,40--Gymnastics/40_Gymnastics_Gymnastics_40_708.jpg,230.0,114.0,270.0,163.0,0.0,0.0,0.0,0.0,0.0,0.0,1024.0,768.0,0.0024922688802083,Female,White,True,Female_White,0.0
9670,40--Gymnastics/40_Gymnastics_Gymnastics_40_708.jpg,357.0,67.0,396.0,121.0,0.0,0.0,0.0,0.0,0.0,0.0,1024.0,768.0,0.0026779174804687,Female,White,True,Female_White,0.0
9671,40--Gymnastics/40_Gymnastics_Gymnastics_40_708.jpg,492.0,141.0,533.0,192.0,0.0,0.0,0.0,0.0,0.0,0.0,1024.0,768.0,0.0026588439941406,Female,White,True,Female_White,0.0
9672,40--Gymnastics/40_Gymnastics_Gymnastics_40_708.jpg,633.0,80.0,673.0,136.0,0.0,0.0,0.0,0.0,0.0,0.0,1024.0,768.0,0.0028483072916666,Female,White,True,Female_White,0.0
9673,40--Gymnastics/40_Gymnastics_Gymnastics_40_708.jpg,736.0,105.0,777.0,152.0,0.0,0.0,0.0,0.0,0.0,0.0,1024.0,768.0,0.0024503072102864,Female,Black,True,Female_Black,0.0
9674,40--Gymnastics/40_Gymnastics_Gymnastics_40_708.jpg,790.0,220.0,836.0,280.0,1.0,0.0,0.0,0.0,0.0,0.0,1024.0,768.0,0.003509521484375,Female,White,True,Female_White,0.0
9675,40--Gymnastics/40_Gymnastics_Gymnastics_40_708.jpg,661.0,362.0,708.0,422.0,0.0,0.0,0.0,0.0,0.0,0.0,1024.0,768.0,0.0035858154296875,Female,Black,True,Female_Black,0.0
9676,40--Gymnastics/40_Gymnastics_Gymnastics_40_708.jpg,513.0,338.0,565.0,398.0,0.0,0.0,0.0,0.0,0.0,0.0,1024.0,768.0,0.00396728515625,Female,White,True,Female_White,0.0
9677,40--Gymnastics/40_Gymnastics_Gymnastics_40_708.jpg,354.0,375.0,401.0,435.0,0.0,0.0,0.0,0.0,0.0,0.0,1024.0,768.0,0.0035858154296875,Female,Black,True,Female_Black,0.0
9685,40--Gymnastics/40_Gymnastics_Gymnastics_40_245.jpg,56.0,165.0,211.0,360.0,1.0,0.0,0.0,0.0,0.0,0.0,1024.0,1366.0,0.021608053852489,Female,White,True,Female_White,0.0
9686,40--Gymnastics/40_Gymnastics_Gymnastics_40_245.jpg,389.0,301.0,514.0,416.0,0.0,0.0,0.0,0.0,0.0,1.0,1024.0,1366.0,0.0102767832631771,Female,Indian,True,Female_Indian,0.0
9687,40--Gymnastics/40_Gymnastics_Gymnastics_40_952.jpg,336.0,84.0,458.0,208.0,0.0,0.0,0.0,0.0,0.0,1.0,1024.0,768.0,0.0192362467447916,Female,White,True,Female_White,0.0
9688,40--Gymnastics/40_Gymnastics_Gymnastics_40_952.jpg,500.0,100.0,598.0,250.0,0.0,0.0,0.0,0.0,0.0,1.0,1024.0,768.0,0.0186920166015625,Female,White,True,Female_White,0.0
9689,40--Gymnastics/40_Gymnastics_Gymnastics_40_952.jpg,610.0,192.0,708.0,312.0,0.0,0.0,0.0,0.0,0.0,1.0,1024.0,768.0,0.01495361328125,Female,White,True,Female_White,0.0
9690,40--Gymnastics/40_Gymnastics_Gymnastics_40_952.jpg,762.0,332.0,860.0,416.0,0.0,0.0,0.0,0.0,0.0,1.0,1024.0,768.0,0.010467529296875,Female,White,True,Female_White,0.0
9691,40--Gymnastics/40_Gymnastics_Gymnastics_40_952.jpg,558.0,484.0,678.0,626.0,0.0,0.0,0.0,0.0,0.0,0.0,1024.0,768.0,0.02166748046875,Female,White,True,Female_White,0.0
9692,40--Gymnastics/40_Gymnastics_Gymnastics_40_952.jpg,358.0,656.0,544.0,766.0,0.0,0.0,0.0,0.0,0.0,1.0,1024.0,768.0,0.0260162353515625,Female,Asian,True,Female_Asian,0.0
9693,40--Gymnastics/40_Gymnastics_Gymnastics_40_952.jpg,412.0,374.0,572.0,484.0,0.0,0.0,0.0,0.0,0.0,1.0,1024.0,768.0,0.0223795572916666,Female,White,True,Female_White,0.0
9694,40--Gymnastics/40_Gymnastics_Gymnastics_40_952.jpg,374.0,250.0,516.0,346.0,0.0,0.0,0.0,0.0,0.0,1.0,1024.0,768.0,0.017333984375,Female,White,True,Female_White,0.0
9695,40--Gymnastics/40_Gymnastics_Gymnastics_40_952.jpg,680.0,398.0,824.0,526.0,0.0,0.0,0.0,0.0,0.0,1.0,1024.0,768.0,0.0234375,Female,White,True,Female_White,0.0
9696,40--Gymnastics/40_Gymnastics_Gymnastics_40_517.jpg,715.0,149.0,752.0,196.0,1.0,0.0,0.0,0.0,0.0,0.0,1024.0,683.0,0.0024864453696925,Female,White,True,Female_White,0.0
9697,40--Gymnastics/40_Gymnastics_Gymnastics_40_517.jpg,268.0,220.0,309.0,271.0,0.0,0.0,0.0,0.0,0.0,0.0,1024.0,683.0,0.00298973965959,Female,White,True,Female_White,0.0
9698,40--Gymnastics/40_Gymnastics_Gymnastics_40_517.jpg,360.0,225.0,403.0,275.0,0.0,0.0,0.0,0.0,0.0,0.0,1024.0,683.0,0.0030740986456808,Female,White,True,Female_White,0.0
9699,40--Gymnastics/40_Gymnastics_Gymnastics_40_517.jpg,517.0,308.0,558.0,367.0,0.0,0.0,0.0,0.0,0.0,0.0,1024.0,683.0,0.0034587184297218,Female,White,True,Female_White,0.0
9700,40--Gymnastics/40_Gymnastics_Gymnastics_40_517.jpg,636.0,213.0,676.0,261.0,0.0,0.0,0.0,0.0,0.0,0.0,1024.0,683.0,0.0027452415812591,Female,Indian,True,Female_Indian,0.0
9701,40--Gymnastics/40_Gymnastics_Gymnastics_40_517.jpg,743.0,227.0,781.0,273.0,0.0,0.0,0.0,0.0,0.0,0.0,1024.0,683.0,0.0024993136896046,Female,White,True,Female_White,0.0
9702,40--Gymnastics/40_Gymnastics_Gymnastics_40_517.jpg,212.0,135.0,252.0,183.0,1.0,0.0,0.0,0.0,0.0,0.0,1024.0,683.0,0.0027452415812591,Female,White,True,Female_White,0.0
9703,40--Gymnastics/40_Gymnastics_Gymnastics_40_517.jpg,398.0,126.0,434.0,178.0,1.0,0.0,0.0,0.0,0.0,0.0,1024.0,683.0,0.0026766105417276,Female,White,True,Female_White,0.0
9704,40--Gymnastics/40_Gymnastics_Gymnastics_40_517.jpg,470.0,116.0,510.0,165.0,1.0,0.0,0.0,0.0,0.0,0.0,1024.0,683.0,0.002802434114202,Female,White,True,Female_White,0.0
9705,40--Gymnastics/40_Gymnastics_Gymnastics_40_517.jpg,561.0,117.0,600.0,169.0,0.0,0.0,0.0,0.0,0.0,0.0,1024.0,683.0,0.0028996614202049,Female,White,True,Female_White,0.0
9708,40--Gymnastics/40_Gymnastics_Gymnastics_40_169.jpg,694.0,1054.0,826.0,1132.0,0.0,0.0,0.0,0.0,1.0,1.0,1024.0,1536.0,0.0065460205078125,Female,Asian,True,Female_Asian,0.0
9709,40--Gymnastics/40_Gymnastics_Gymnastics_40_143.jpg,376.0,116.0,440.0,214.0,0.0,0.0,0.0,0.0,0.0,0.0,1024.0,768.0,0.0079752604166666,Female,White,True,Female_White,0.0
9710,40--Gymnastics/40_Gymnastics_Gymnastics_40_143.jpg,546.0,146.0,618.0,234.0,0.0,0.0,0.0,0.0,0.0,0.0,1024.0,768.0,0.008056640625,Female,White,True,Female_White,0.0
9711,40--Gymnastics/40_Gymnastics_Gymnastics_40_143.jpg,718.0,172.0,780.0,266.0,0.0,0.0,0.0,0.0,0.0,0.0,1024.0,768.0,0.0074106852213541,Female,White,True,Female_White,0.0
9712,40--Gymnastics/40_Gymnastics_Gymnastics_40_143.jpg,188.0,102.0,256.0,196.0,0.0,0.0,0.0,0.0,0.0,0.0,1024.0,768.0,0.0081278483072916,Female,White,True,Female_White,0.0
9714,40--Gymnastics/40_Gymnastics_Gymnastics_40_859.jpg,329.0,516.0,490.0,764.0,0.0,0.0,0.0,0.0,0.0,1.0,1024.0,1308.0,0.0298105409021406,Female,White,True,Female_White,1.0
9723,40--Gymnastics/40_Gymnastics_Gymnastics_40_213.jpg,348.0,121.0,407.0,196.0,1.0,0.0,1.0,0.0,0.0,0.0,1024.0,867.0,0.0049841857698961,Female,White,True,Female_White,0.0
9724,40--Gymnastics/40_Gymnastics_Gymnastics_40_213.jpg,507.0,117.0,563.0,189.0,1.0,0.0,1.0,0.0,0.0,0.0,1024.0,867.0,0.0045415224913494,Female,White,True,Female_White,0.0
9725,40--Gymnastics/40_Gymnastics_Gymnastics_40_213.jpg,630.0,153.0,680.0,214.0,1.0,0.0,1.0,0.0,0.0,0.0,1024.0,867.0,0.0034354274798154,Female,White,True,Female_White,0.0
9747,40--Gymnastics/40_Gymnastics_Gymnastics_40_689.jpg,118.0,202.0,212.0,338.0,0.0,0.0,0.0,0.0,0.0,0.0,1024.0,683.0,0.0182787335285505,Female,White,True,Female_White,0.0
9748,40--Gymnastics/40_Gymnastics_Gymnastics_40_689.jpg,384.0,206.0,474.0,330.0,0.0,0.0,0.0,0.0,0.0,0.0,1024.0,683.0,0.0159567166910688,Female,White,True,Female_White,0.0
9749,40--Gymnastics/40_Gymnastics_Gymnastics_40_689.jpg,564.0,144.0,652.0,274.0,0.0,0.0,0.0,0.0,0.0,0.0,1024.0,683.0,0.0163570644216691,Female,White,True,Female_White,0.0
9750,40--Gymnastics/40_Gymnastics_Gymnastics_40_689.jpg,810.0,176.0,910.0,314.0,0.0,0.0,0.0,0.0,0.0,0.0,1024.0,683.0,0.0197314238653001,Female,White,True,Female_White,0.0
9751,40--Gymnastics/40_Gymnastics_Gymnastics_40_966.jpg,366.0,122.0,728.0,674.0,0.0,0.0,0.0,0.0,0.0,0.0,1024.0,1024.0,0.1905670166015625,Female,Indian,True,Female_Indian,7.0
9752,40--Gymnastics/40_Gymnastics_Gymnastics_40_46.jpg,330.0,178.0,414.0,322.0,0.0,0.0,0.0,0.0,0.0,1.0,1024.0,689.0,0.017144412191582,Female,Asian,True,Female_Asian,0.0
9753,40--Gymnastics/40_Gymnastics_Gymnastics_40_43.jpg,792.0,276.0,858.0,350.0,0.0,0.0,0.0,0.0,0.0,1.0,1024.0,685.0,0.0069628193430656,Female,Asian,True,Female_Asian,0.0
9758,40--Gymnastics/40_Gymnastics_Gymnastics_40_124.jpg,176.0,252.0,302.0,350.0,0.0,0.0,0.0,0.0,0.0,0.0,1024.0,1024.0,0.0117759704589843,Female,White,True,Female_White,0.0
9759,40--Gymnastics/40_Gymnastics_Gymnastics_40_429.jpg,406.0,260.0,485.0,385.0,0.0,0.0,0.0,0.0,0.0,0.0,1024.0,1231.0,0.0078339193237205,Female,White,True,Female_White,0.0
9762,40--Gymnastics/40_Gymnastics_Gymnastics_40_309.jpg,430.0,454.0,520.0,528.0,0.0,0.0,0.0,0.0,0.0,1.0,1024.0,683.0,0.0095225567349926,Female,White,True,Female_White,0.0
9763,40--Gymnastics/40_Gymnastics_Gymnastics_40_337.jpg,494.0,32.0,570.0,146.0,0.0,0.0,0.0,0.0,0.0,0.0,1024.0,427.0,0.0198148419203747,Female,White,True,Female_White,0.0
9765,40--Gymnastics/40_Gymnastics_Gymnastics_40_220.jpg,270.0,210.0,354.0,316.0,0.0,0.0,0.0,0.0,0.0,0.0,1024.0,682.0,0.0127497250733137,Female,White,True,Female_White,0.0
9766,40--Gymnastics/40_Gymnastics_Gymnastics_40_220.jpg,468.0,198.0,552.0,314.0,0.0,0.0,0.0,0.0,0.0,0.0,1024.0,682.0,0.0139525293255131,Female,White,True,Female_White,0.0
9767,40--Gymnastics/40_Gymnastics_Gymnastics_40_220.jpg,594.0,192.0,670.0,296.0,0.0,0.0,0.0,0.0,0.0,0.0,1024.0,682.0,0.0113178152492668,Female,White,True,Female_White,0.0
9768,40--Gymnastics/40_Gymnastics_Gymnastics_40_329.jpg,402.0,172.0,445.0,221.0,0.0,0.0,0.0,0.0,0.0,0.0,1024.0,768.0,0.0026791890462239,Female,White,True,Female_White,0.0
9769,40--Gymnastics/40_Gymnastics_Gymnastics_40_329.jpg,641.0,342.0,673.0,386.0,1.0,0.0,0.0,0.0,0.0,0.0,1024.0,768.0,0.0017903645833333,Female,White,True,Female_White,0.0
9770,40--Gymnastics/40_Gymnastics_Gymnastics_40_191.jpg,478.0,571.0,551.0,672.0,0.0,0.0,0.0,0.0,0.0,1.0,1024.0,1434.0,0.0050210567032775,Female,White,True,Female_White,0.0
9773,40--Gymnastics/40_Gymnastics_Gymnastics_40_563.jpg,620.0,1138.0,751.0,1301.0,0.0,0.0,0.0,0.0,0.0,0.0,1024.0,2087.0,0.0099916334750838,Female,White,True,Female_White,0.0
9774,40--Gymnastics/40_Gymnastics_Gymnastics_40_144.jpg,710.0,353.0,748.0,406.0,1.0,0.0,0.0,0.0,0.0,1.0,1024.0,683.0,0.0028796440336749,Female,Asian,True,Female_Asian,0.0
9776,40--Gymnastics/40_Gymnastics_Gymnastics_40_724.jpg,310.0,152.0,350.0,198.0,0.0,0.0,0.0,0.0,0.0,0.0,1024.0,683.0,0.0026308565153733,Female,White,True,Female_White,0.0
9777,40--Gymnastics/40_Gymnastics_Gymnastics_40_724.jpg,431.0,149.0,469.0,195.0,0.0,0.0,0.0,0.0,0.0,0.0,1024.0,683.0,0.0024993136896046,Female,White,True,Female_White,0.0
9778,40--Gymnastics/40_Gymnastics_Gymnastics_40_724.jpg,527.0,138.0,567.0,191.0,0.0,0.0,0.0,0.0,0.0,0.0,1024.0,683.0,0.0030312042459736,Female,White,True,Female_White,0.0
9779,40--Gymnastics/40_Gymnastics_Gymnastics_40_724.jpg,635.0,146.0,673.0,193.0,0.0,0.0,0.0,0.0,0.0,0.0,1024.0,683.0,0.0025536465959004,Female,White,True,Female_White,0.0
9780,40--Gymnastics/40_Gymnastics_Gymnastics_40_724.jpg,608.0,292.0,647.0,340.0,0.0,0.0,0.0,0.0,0.0,0.0,1024.0,683.0,0.0026766105417276,Female,White,True,Female_White,0.0
9781,40--Gymnastics/40_Gymnastics_Gymnastics_40_724.jpg,508.0,289.0,549.0,338.0,0.0,0.0,0.0,0.0,0.0,0.0,1024.0,683.0,0.0028724949670571,Female,White,True,Female_White,0.0
9782,40--Gymnastics/40_Gymnastics_Gymnastics_40_724.jpg,399.0,294.0,437.0,340.0,0.0,0.0,0.0,0.0,0.0,0.0,1024.0,683.0,0.0024993136896046,Female,White,True,Female_White,0.0
9783,40--Gymnastics/40_Gymnastics_Gymnastics_40_724.jpg,306.0,278.0,346.0,331.0,0.0,0.0,0.0,0.0,0.0,0.0,1024.0,683.0,0.0030312042459736,Female,White,True,Female_White,0.0
9784,40--Gymnastics/40_Gymnastics_Gymnastics_40_45.jpg,352.0,422.0,434.0,524.0,0.0,0.0,0.0,0.0,0.0,1.0,1024.0,683.0,0.0119589586383601,Female,White,True,Female_White,0.0
9785,40--Gymnastics/40_Gymnastics_Gymnastics_40_840.jpg,84.0,208.0,236.0,396.0,0.0,0.0,0.0,0.0,0.0,0.0,1024.0,768.0,0.0363362630208333,Female,White,True,Female_White,1.0
9786,40--Gymnastics/40_Gymnastics_Gymnastics_40_840.jpg,536.0,132.0,648.0,288.0,0.0,0.0,0.0,0.0,0.0,0.0,1024.0,768.0,0.022216796875,Female,White,True,Female_White,0.0
9787,40--Gymnastics/40_Gymnastics_Gymnastics_40_840.jpg,712.0,102.0,826.0,260.0,0.0,0.0,0.0,0.0,0.0,0.0,1024.0,768.0,0.0229034423828125,Female,White,True,Female_White,0.0
9788,40--Gymnastics/40_Gymnastics_Gymnastics_40_840.jpg,324.0,198.0,452.0,368.0,0.0,0.0,0.0,0.0,0.0,0.0,1024.0,768.0,0.0276692708333333,Female,White,True,Female_White,0.0
9789,40--Gymnastics/40_Gymnastics_Gymnastics_40_445.jpg,384.0,208.0,448.0,260.0,1.0,0.0,0.0,0.0,0.0,1.0,1024.0,684.0,0.004751461988304,Female,Asian,True,Female_Asian,0.0
9790,40--Gymnastics/40_Gymnastics_Gymnastics_40_577.jpg,370.0,331.0,512.0,547.0,0.0,0.0,0.0,0.0,0.0,1.0,1024.0,1516.0,0.0197579980211081,Female,White,True,Female_White,0.0
9792,40--Gymnastics/40_Gymnastics_Gymnastics_40_103.jpg,405.0,192.0,510.0,339.0,1.0,0.0,0.0,0.0,0.0,0.0,1024.0,1280.0,0.0117759704589843,Female,White,True,Female_White,0.0
9793,40--Gymnastics/40_Gymnastics_Gymnastics_40_266.jpg,338.0,472.0,444.0,616.0,0.0,0.0,0.0,0.0,0.0,0.0,1024.0,683.0,0.0218246705710102,Female,White,True,Female_White,0.0
9795,40--Gymnastics/40_Gymnastics_Gymnastics_40_889.jpg,254.0,98.0,350.0,260.0,0.0,0.0,0.0,0.0,0.0,0.0,1024.0,681.0,0.0223017621145374,Female,Black,True,Female_Black,0.0
9796,40--Gymnastics/40_Gymnastics_Gymnastics_40_889.jpg,396.0,106.0,466.0,232.0,0.0,0.0,0.0,0.0,0.0,0.0,1024.0,681.0,0.0126479900881057,Female,White,True,Female_White,0.0
9797,40--Gymnastics/40_Gymnastics_Gymnastics_40_889.jpg,510.0,106.0,596.0,244.0,0.0,0.0,0.0,0.0,0.0,0.0,1024.0,681.0,0.0170188601321585,Female,White,True,Female_White,0.0
9798,40--Gymnastics/40_Gymnastics_Gymnastics_40_889.jpg,642.0,118.0,716.0,240.0,0.0,0.0,0.0,0.0,0.0,0.0,1024.0,681.0,0.0129462646842878,Female,White,True,Female_White,0.0
9799,40--Gymnastics/40_Gymnastics_Gymnastics_40_889.jpg,736.0,108.0,808.0,216.0,0.0,0.0,0.0,0.0,0.0,0.0,1024.0,681.0,0.0111508810572687,Female,White,True,Female_White,0.0
9800,40--Gymnastics/40_Gymnastics_Gymnastics_40_889.jpg,802.0,136.0,864.0,234.0,0.0,0.0,0.0,0.0,0.0,0.0,1024.0,681.0,0.0087130598384728,Female,Asian,True,Female_Asian,0.0
9801,40--Gymnastics/40_Gymnastics_Gymnastics_40_889.jpg,870.0,140.0,948.0,252.0,0.0,0.0,0.0,0.0,0.0,0.0,1024.0,681.0,0.0125275330396475,Female,White,True,Female_White,0.0
9802,40--Gymnastics/40_Gymnastics_Gymnastics_40_356.jpg,452.0,84.0,536.0,198.0,0.0,0.0,0.0,0.0,0.0,0.0,1024.0,768.0,0.012176513671875,Female,White,True,Female_White,0.0
9803,40--Gymnastics/40_Gymnastics_Gymnastics_40_356.jpg,598.0,168.0,678.0,262.0,0.0,0.0,0.0,0.0,0.0,0.0,1024.0,768.0,0.0095621744791666,Female,White,True,Female_White,0.0
9804,40--Gymnastics/40_Gymnastics_Gymnastics_40_512.jpg,543.0,284.0,644.0,408.0,0.0,0.0,0.0,0.0,0.0,0.0,1024.0,1442.0,0.0084816010748959,Female,White,True,Female_White,0.0
9805,40--Gymnastics/40_Gymnastics_Gymnastics_40_432.jpg,53.0,175.0,121.0,250.0,0.0,0.0,0.0,0.0,0.0,0.0,1024.0,768.0,0.0064849853515625,Female,White,True,Female_White,0.0
9806,40--Gymnastics/40_Gymnastics_Gymnastics_40_432.jpg,160.0,173.0,219.0,246.0,0.0,0.0,0.0,0.0,0.0,0.0,1024.0,768.0,0.0054766337076822,Female,White,True,Female_White,0.0
9807,40--Gymnastics/40_Gymnastics_Gymnastics_40_432.jpg,290.0,206.0,355.0,274.0,0.0,0.0,0.0,0.0,0.0,0.0,1024.0,768.0,0.0056203206380208,Female,White,True,Female_White,0.0
9808,40--Gymnastics/40_Gymnastics_Gymnastics_40_432.jpg,444.0,170.0,506.0,243.0,0.0,0.0,0.0,0.0,0.0,0.0,1024.0,768.0,0.0057551066080729,Female,White,True,Female_White,0.0
9809,40--Gymnastics/40_Gymnastics_Gymnastics_40_432.jpg,593.0,184.0,651.0,251.0,0.0,0.0,0.0,0.0,0.0,0.0,1024.0,768.0,0.0049413045247395,Female,White,True,Female_White,0.0
9810,40--Gymnastics/40_Gymnastics_Gymnastics_40_432.jpg,754.0,169.0,814.0,245.0,0.0,0.0,0.0,0.0,0.0,0.0,1024.0,768.0,0.00579833984375,Female,White,True,Female_White,0.0
9811,40--Gymnastics/40_Gymnastics_Gymnastics_40_432.jpg,878.0,166.0,944.0,234.0,0.0,0.0,0.0,0.0,0.0,0.0,1024.0,768.0,0.005706787109375,Female,White,True,Female_White,0.0
9813,40--Gymnastics/40_Gymnastics_Gymnastics_40_485.jpg,263.0,186.0,307.0,235.0,0.0,0.0,0.0,0.0,0.0,0.0,1024.0,683.0,0.0030826775256222,Female,White,True,Female_White,0.0
9814,40--Gymnastics/40_Gymnastics_Gymnastics_40_485.jpg,401.0,160.0,446.0,211.0,0.0,0.0,0.0,0.0,0.0,0.0,1024.0,683.0,0.0032814215775988,Female,White,True,Female_White,0.0
9815,40--Gymnastics/40_Gymnastics_Gymnastics_40_485.jpg,554.0,149.0,599.0,200.0,0.0,0.0,0.0,0.0,0.0,0.0,1024.0,683.0,0.0032814215775988,Female,White,True,Female_White,0.0
9816,40--Gymnastics/40_Gymnastics_Gymnastics_40_485.jpg,199.0,338.0,250.0,393.0,0.0,0.0,0.0,0.0,0.0,0.0,1024.0,683.0,0.0040106263726207,Female,White,True,Female_White,0.0
9817,40--Gymnastics/40_Gymnastics_Gymnastics_40_485.jpg,323.0,276.0,373.0,333.0,0.0,0.0,0.0,0.0,0.0,0.0,1024.0,683.0,0.0040749679721815,Female,White,True,Female_White,0.0
9818,40--Gymnastics/40_Gymnastics_Gymnastics_40_485.jpg,480.0,277.0,526.0,334.0,0.0,0.0,0.0,0.0,0.0,0.0,1024.0,683.0,0.003748970534407,Female,White,True,Female_White,0.0
9819,40--Gymnastics/40_Gymnastics_Gymnastics_40_485.jpg,637.0,293.0,684.0,349.0,0.0,0.0,0.0,0.0,0.0,0.0,1024.0,683.0,0.0037632686676427,Female,White,True,Female_White,0.0
9820,40--Gymnastics/40_Gymnastics_Gymnastics_40_485.jpg,737.0,340.0,784.0,393.0,0.0,0.0,0.0,0.0,0.0,0.0,1024.0,683.0,0.003561664989019,Female,White,True,Female_White,0.0
9821,40--Gymnastics/40_Gymnastics_Gymnastics_40_485.jpg,580.0,418.0,625.0,472.0,0.0,0.0,0.0,0.0,0.0,0.0,1024.0,683.0,0.0034744463762811,Female,White,True,Female_White,0.0
9822,40--Gymnastics/40_Gymnastics_Gymnastics_40_485.jpg,460.0,452.0,508.0,509.0,0.0,0.0,0.0,0.0,0.0,0.0,1024.0,683.0,0.0039119692532942,Female,White,True,Female_White,0.0
9823,40--Gymnastics/40_Gymnastics_Gymnastics_40_485.jpg,342.0,425.0,390.0,477.0,0.0,0.0,0.0,0.0,0.0,0.0,1024.0,683.0,0.0035688140556368,Female,White,True,Female_White,0.0
9824,40--Gymnastics/40_Gymnastics_Gymnastics_40_485.jpg,686.0,233.0,729.0,281.0,0.0,0.0,0.0,0.0,0.0,0.0,1024.0,683.0,0.0029511346998535,Female,White,True,Female_White,0.0
9826,40--Gymnastics/40_Gymnastics_Gymnastics_40_486.jpg,640.0,255.0,826.0,399.0,0.0,0.0,0.0,0.0,0.0,1.0,1024.0,1536.0,0.01702880859375,Female,White,True,Female_White,0.0
9827,40--Gymnastics/40_Gymnastics_Gymnastics_40_102.jpg,418.0,386.0,512.0,456.0,1.0,0.0,0.0,0.0,0.0,1.0,1024.0,719.0,0.0089371088317107,Female,White,True,Female_White,0.0
9828,40--Gymnastics/40_Gymnastics_Gymnastics_40_132.jpg,465.0,129.0,588.0,300.0,0.0,0.0,0.0,0.0,0.0,0.0,1024.0,1536.0,0.0133724212646484,Female,White,True,Female_White,0.0
9829,40--Gymnastics/40_Gymnastics_Gymnastics_40_5.jpg,424.0,248.0,630.0,480.0,0.0,0.0,0.0,0.0,0.0,0.0,1024.0,768.0,0.0607706705729166,Female,White,True,Female_White,2.0
9830,40--Gymnastics/40_Gymnastics_Gymnastics_40_447.jpg,150.0,484.0,214.0,582.0,0.0,0.0,1.0,0.0,0.0,0.0,1024.0,1163.0,0.0052665520206362,Female,White,True,Female_White,0.0
9831,40--Gymnastics/40_Gymnastics_Gymnastics_40_447.jpg,581.0,127.0,660.0,216.0,0.0,0.0,0.0,0.0,0.0,0.0,1024.0,1163.0,0.0059038787080825,Female,White,True,Female_White,0.0
9832,40--Gymnastics/40_Gymnastics_Gymnastics_40_447.jpg,767.0,325.0,835.0,425.0,0.0,0.0,1.0,0.0,0.0,0.0,1024.0,1163.0,0.005709909716251,Female,White,True,Female_White,0.0
9835,40--Gymnastics/40_Gymnastics_Gymnastics_40_610.jpg,809.0,215.0,846.0,273.0,1.0,0.0,0.0,0.0,0.0,0.0,1024.0,682.0,0.0030728784824046,Female,White,True,Female_White,0.0
9836,40--Gymnastics/40_Gymnastics_Gymnastics_40_610.jpg,600.0,233.0,643.0,286.0,1.0,0.0,0.0,0.0,0.0,0.0,1024.0,682.0,0.0032633224890029,Female,White,True,Female_White,0.0
9837,40--Gymnastics/40_Gymnastics_Gymnastics_40_610.jpg,400.0,429.0,445.0,481.0,1.0,0.0,0.0,0.0,0.0,0.0,1024.0,682.0,0.0033506689882697,Female,White,True,Female_White,0.0
9838,40--Gymnastics/40_Gymnastics_Gymnastics_40_610.jpg,257.0,486.0,284.0,528.0,1.0,0.0,0.0,0.0,0.0,1.0,1024.0,682.0,0.0016237857404692,Female,White,True,Female_White,0.0
9840,40--Gymnastics/40_Gymnastics_Gymnastics_40_268.jpg,135.0,803.0,230.0,964.0,1.0,0.0,0.0,0.0,0.0,1.0,1024.0,1474.0,0.0101333266197421,Female,White,True,Female_White,0.0
9841,40--Gymnastics/40_Gymnastics_Gymnastics_40_234.jpg,534.0,252.0,596.0,326.0,0.0,0.0,0.0,0.0,0.0,0.0,1024.0,768.0,0.0058339436848958,Female,White,True,Female_White,0.0
9843,40--Gymnastics/40_Gymnastics_Gymnastics_40_410.jpg,610.0,101.0,660.0,178.0,0.0,0.0,0.0,0.0,0.0,0.0,1024.0,684.0,0.005496733369883,Female,White,True,Female_White,0.0
9844,40--Gymnastics/40_Gymnastics_Gymnastics_40_410.jpg,536.0,125.0,596.0,203.0,0.0,0.0,0.0,0.0,0.0,0.0,1024.0,684.0,0.0066817434210526,Female,White,True,Female_White,0.0
9845,40--Gymnastics/40_Gymnastics_Gymnastics_40_410.jpg,393.0,111.0,445.0,191.0,0.0,0.0,0.0,0.0,0.0,0.0,1024.0,684.0,0.0059393274853801,Female,White,True,Female_White,0.0
9846,40--Gymnastics/40_Gymnastics_Gymnastics_40_410.jpg,283.0,112.0,328.0,180.0,0.0,0.0,0.0,0.0,0.0,0.0,1024.0,684.0,0.0043688322368421,Female,White,True,Female_White,0.0
9847,40--Gymnastics/40_Gymnastics_Gymnastics_40_410.jpg,212.0,99.0,266.0,167.0,0.0,0.0,0.0,0.0,0.0,0.0,1024.0,684.0,0.0052425986842105,Female,White,True,Female_White,0.0
9848,40--Gymnastics/40_Gymnastics_Gymnastics_40_410.jpg,177.0,109.0,219.0,171.0,0.0,0.0,0.0,0.0,0.0,0.0,1024.0,684.0,0.0037177905701754,Female,White,True,Female_White,0.0
9849,40--Gymnastics/40_Gymnastics_Gymnastics_40_410.jpg,799.0,100.0,868.0,190.0,0.0,0.0,0.0,0.0,0.0,0.0,1024.0,684.0,0.0088661595394736,Female,White,True,Female_White,0.0
9850,40--Gymnastics/40_Gymnastics_Gymnastics_40_32.jpg,532.0,114.0,598.0,188.0,0.0,0.0,0.0,0.0,0.0,0.0,1024.0,686.0,0.0069526694606413,Female,White,True,Female_White,0.0
9851,40--Gymnastics/40_Gymnastics_Gymnastics_40_354.jpg,262.0,316.0,392.0,474.0,0.0,0.0,0.0,0.0,0.0,0.0,1024.0,747.0,0.0268522004685408,Female,White,True,Female_White,0.0
9853,40--Gymnastics/40_Gymnastics_Gymnastics_40_131.jpg,539.0,107.0,639.0,287.0,0.0,0.0,0.0,0.0,0.0,1.0,1024.0,1196.0,0.0146974289297658,Female,Asian,True,Female_Asian,0.0
9854,40--Gymnastics/40_Gymnastics_Gymnastics_40_28.jpg,423.0,1105.0,513.0,1219.0,0.0,0.0,0.0,0.0,0.0,1.0,1024.0,1536.0,0.0065231323242187,Female,White,True,Female_White,0.0
9856,40--Gymnastics/40_Gymnastics_Gymnastics_40_386.jpg,688.0,58.0,737.0,112.0,1.0,1.0,0.0,0.0,0.0,1.0,1024.0,685.0,0.0037722399635036,Female,Asian,True,Female_Asian,0.0
9857,40--Gymnastics/40_Gymnastics_Gymnastics_40_70.jpg,342.0,176.0,378.0,214.0,0.0,0.0,0.0,0.0,0.0,0.0,1024.0,683.0,0.0019559846266471,Female,White,True,Female_White,0.0
9858,40--Gymnastics/40_Gymnastics_Gymnastics_40_70.jpg,397.0,174.0,431.0,214.0,0.0,0.0,0.0,0.0,0.0,0.0,1024.0,683.0,0.0019445461200585,Female,White,True,Female_White,0.0
9859,40--Gymnastics/40_Gymnastics_Gymnastics_40_70.jpg,477.0,111.0,509.0,151.0,0.0,0.0,0.0,0.0,0.0,0.0,1024.0,683.0,0.0018301610541727,Female,White,True,Female_White,0.0
9860,40--Gymnastics/40_Gymnastics_Gymnastics_40_70.jpg,587.0,161.0,625.0,210.0,0.0,0.0,0.0,0.0,0.0,0.0,1024.0,683.0,0.0026623124084919,Female,Asian,True,Female_Asian,0.0
9861,40--Gymnastics/40_Gymnastics_Gymnastics_40_70.jpg,685.0,138.0,719.0,182.0,0.0,0.0,0.0,0.0,0.0,0.0,1024.0,683.0,0.0021390007320644,Female,White,True,Female_White,0.0
9862,40--Gymnastics/40_Gymnastics_Gymnastics_40_70.jpg,650.0,327.0,688.0,371.0,0.0,0.0,0.0,0.0,0.0,0.0,1024.0,683.0,0.0023906478770131,Female,Asian,True,Female_Asian,0.0
9863,40--Gymnastics/40_Gymnastics_Gymnastics_40_70.jpg,541.0,350.0,581.0,397.0,0.0,0.0,0.0,0.0,0.0,0.0,1024.0,683.0,0.0026880490483162,Female,White,True,Female_White,0.0
9864,40--Gymnastics/40_Gymnastics_Gymnastics_40_70.jpg,411.0,324.0,448.0,367.0,0.0,0.0,0.0,0.0,0.0,0.0,1024.0,683.0,0.0022748329978038,Female,Asian,True,Female_Asian,0.0
9865,40--Gymnastics/40_Gymnastics_Gymnastics_40_70.jpg,321.0,331.0,360.0,379.0,0.0,0.0,0.0,0.0,0.0,0.0,1024.0,683.0,0.0026766105417276,Female,White,True,Female_White,0.0
9866,40--Gymnastics/40_Gymnastics_Gymnastics_40_564.jpg,299.0,431.0,545.0,778.0,0.0,0.0,0.0,0.0,0.0,0.0,1024.0,1532.0,0.0544133995593994,Female,Indian,True,Female_Indian,1.0
9867,40--Gymnastics/40_Gymnastics_Gymnastics_40_507.jpg,430.0,430.0,579.0,620.0,0.0,0.0,0.0,0.0,0.0,1.0,1024.0,1191.0,0.0232128332283795,Female,White,True,Female_White,0.0
9868,40--Gymnastics/40_Gymnastics_Gymnastics_40_77.jpg,579.0,43.0,669.0,174.0,0.0,0.0,0.0,0.0,1.0,0.0,1024.0,1051.0,0.0109549684823977,Female,White,True,Female_White,0.0
9870,40--Gymnastics/40_Gymnastics_Gymnastics_40_4.jpg,346.0,154.0,428.0,220.0,0.0,0.0,0.0,0.0,0.0,1.0,1024.0,576.0,0.0091756184895833,Female,Black,True,Female_Black,0.0
9871,40--Gymnastics/40_Gymnastics_Gymnastics_40_573.jpg,536.0,414.0,604.0,516.0,0.0,0.0,0.0,0.0,0.0,0.0,1024.0,577.0,0.0117390597920277,Female,White,True,Female_White,0.0
9872,40--Gymnastics/40_Gymnastics_Gymnastics_40_649.jpg,408.0,408.0,587.0,629.0,0.0,0.0,0.0,0.0,0.0,0.0,1024.0,1366.0,0.0282809926336017,Female,White,True,Female_White,1.0
9881,40--Gymnastics/40_Gymnastics_Gymnastics_40_565.jpg,150.0,196.0,212.0,274.0,0.0,0.0,0.0,0.0,0.0,0.0,1024.0,681.0,0.0069348843612334,Female,White,True,Female_White,0.0
9882,40--Gymnastics/40_Gymnastics_Gymnastics_40_565.jpg,258.0,182.0,318.0,262.0,0.0,0.0,0.0,0.0,0.0,0.0,1024.0,681.0,0.0068832599118942,Female,White,True,Female_White,0.0
9883,40--Gymnastics/40_Gymnastics_Gymnastics_40_565.jpg,334.0,190.0,400.0,266.0,0.0,0.0,0.0,0.0,0.0,0.0,1024.0,681.0,0.0071930066079295,Female,White,True,Female_White,0.0
9884,40--Gymnastics/40_Gymnastics_Gymnastics_40_565.jpg,520.0,156.0,578.0,230.0,0.0,0.0,0.0,0.0,0.0,0.0,1024.0,681.0,0.0061547815712187,Female,White,True,Female_White,0.0
9885,40--Gymnastics/40_Gymnastics_Gymnastics_40_565.jpg,688.0,156.0,740.0,234.0,0.0,0.0,0.0,0.0,0.0,0.0,1024.0,681.0,0.0058163546255506,Female,White,True,Female_White,0.0
9886,40--Gymnastics/40_Gymnastics_Gymnastics_40_565.jpg,838.0,166.0,894.0,244.0,0.0,0.0,0.0,0.0,0.0,0.0,1024.0,681.0,0.0062637665198237,Female,White,True,Female_White,0.0
9887,40--Gymnastics/40_Gymnastics_Gymnastics_40_304.jpg,259.0,50.0,305.0,110.0,0.0,0.0,0.0,0.0,0.0,0.0,1024.0,681.0,0.0039578744493392,Female,White,True,Female_White,0.0
9888,40--Gymnastics/40_Gymnastics_Gymnastics_40_304.jpg,403.0,35.0,450.0,94.0,0.0,0.0,0.0,0.0,0.0,0.0,1024.0,681.0,0.0039765166116005,Female,White,True,Female_White,0.0
9889,40--Gymnastics/40_Gymnastics_Gymnastics_40_304.jpg,523.0,56.0,571.0,110.0,0.0,0.0,0.0,0.0,0.0,0.0,1024.0,681.0,0.0037169603524229,Female,White,True,Female_White,0.0
9890,40--Gymnastics/40_Gymnastics_Gymnastics_40_304.jpg,669.0,48.0,711.0,103.0,0.0,0.0,0.0,0.0,0.0,0.0,1024.0,681.0,0.0033125688325991,Female,Indian,True,Female_Indian,0.0
9891,40--Gymnastics/40_Gymnastics_Gymnastics_40_304.jpg,145.0,231.0,192.0,284.0,0.0,0.0,0.0,0.0,0.0,0.0,1024.0,681.0,0.0035721250917767,Female,White,True,Female_White,0.0
9892,40--Gymnastics/40_Gymnastics_Gymnastics_40_304.jpg,352.0,198.0,403.0,258.0,0.0,0.0,0.0,0.0,0.0,0.0,1024.0,681.0,0.0043880781938325,Female,White,True,Female_White,0.0
9893,40--Gymnastics/40_Gymnastics_Gymnastics_40_304.jpg,600.0,177.0,647.0,239.0,0.0,0.0,0.0,0.0,0.0,0.0,1024.0,681.0,0.0041787123715124,Female,White,True,Female_White,0.0
9894,40--Gymnastics/40_Gymnastics_Gymnastics_40_304.jpg,813.0,192.0,856.0,246.0,0.0,0.0,0.0,0.0,0.0,0.0,1024.0,681.0,0.0033297769823788,Female,White,True,Female_White,0.0
9895,40--Gymnastics/40_Gymnastics_Gymnastics_40_304.jpg,671.0,310.0,717.0,366.0,0.0,0.0,0.0,0.0,0.0,0.0,1024.0,681.0,0.0036940161527165,Female,White,True,Female_White,0.0
9896,40--Gymnastics/40_Gymnastics_Gymnastics_40_304.jpg,489.0,311.0,535.0,372.0,0.0,0.0,0.0,0.0,0.0,0.0,1024.0,681.0,0.0040238390234948,Female,White,True,Female_White,0.0
9897,40--Gymnastics/40_Gymnastics_Gymnastics_40_304.jpg,287.0,337.0,338.0,396.0,0.0,0.0,0.0,0.0,0.0,0.0,1024.0,681.0,0.0043149435572687,Female,White,True,Female_White,0.0
9898,40--Gymnastics/40_Gymnastics_Gymnastics_40_625.jpg,263.0,686.0,426.0,916.0,0.0,0.0,0.0,0.0,1.0,0.0,1024.0,1493.0,0.0245219880274614,Female,White,True,Female_White,0.0
9899,40--Gymnastics/40_Gymnastics_Gymnastics_40_462.jpg,259.0,486.0,318.0,554.0,1.0,0.0,0.0,0.0,0.0,0.0,1024.0,768.0,0.0051015218098958,Female,White,True,Female_White,0.0
9900,40--Gymnastics/40_Gymnastics_Gymnastics_40_462.jpg,470.0,497.0,539.0,576.0,0.0,0.0,0.0,0.0,0.0,0.0,1024.0,768.0,0.0069313049316406,Female,White,True,Female_White,0.0
9901,40--Gymnastics/40_Gymnastics_Gymnastics_40_462.jpg,664.0,479.0,725.0,554.0,0.0,0.0,0.0,0.0,0.0,1.0,1024.0,768.0,0.0058174133300781,Female,White,True,Female_White,0.0
9902,40--Gymnastics/40_Gymnastics_Gymnastics_40_262.jpg,383.0,253.0,467.0,380.0,0.0,0.0,0.0,0.0,0.0,0.0,1024.0,1381.0,0.007543786205648,Female,White,True,Female_White,0.0
9903,40--Gymnastics/40_Gymnastics_Gymnastics_40_804.jpg,458.0,254.0,613.0,375.0,0.0,0.0,0.0,0.0,0.0,1.0,1024.0,1586.0,0.0115481902191046,Female,Asian,True,Female_Asian,0.0
9909,40--Gymnastics/40_Gymnastics_Gymnastics_40_936.jpg,388.0,120.0,644.0,508.0,0.0,0.0,0.0,0.0,0.0,0.0,1024.0,1024.0,0.0947265625,Female,White,True,Female_White,3.0
9910,40--Gymnastics/40_Gymnastics_Gymnastics_40_806.jpg,506.0,508.0,590.0,624.0,1.0,0.0,0.0,0.0,0.0,0.0,1024.0,780.0,0.0121995192307692,Female,White,True,Female_White,0.0
9911,40--Gymnastics/40_Gymnastics_Gymnastics_40_210.jpg,457.0,404.0,601.0,526.0,0.0,0.0,0.0,0.0,0.0,1.0,1024.0,1605.0,0.0106892523364485,Female,White,True,Female_White,0.0
9912,40--Gymnastics/40_Gymnastics_Gymnastics_40_230.jpg,683.0,129.0,828.0,316.0,0.0,0.0,0.0,0.0,0.0,0.0,1024.0,1434.0,0.0184654757235007,Female,White,True,Female_White,0.0
9914,40--Gymnastics/40_Gymnastics_Gymnastics_40_311.jpg,324.0,62.0,396.0,188.0,0.0,0.0,0.0,0.0,0.0,1.0,1024.0,576.0,0.015380859375,Female,Asian,True,Female_Asian,0.0
9915,40--Gymnastics/40_Gymnastics_Gymnastics_40_221.jpg,225.0,1129.0,366.0,1228.0,0.0,0.0,0.0,0.0,0.0,1.0,1024.0,1532.0,0.008898065233355,Female,Black,True,Female_Black,0.0
9916,40--Gymnastics/40_Gymnastics_Gymnastics_40_489.jpg,208.0,148.0,300.0,274.0,0.0,0.0,0.0,0.0,0.0,0.0,1024.0,768.0,0.014739990234375,Female,White,True,Female_White,0.0
9917,40--Gymnastics/40_Gymnastics_Gymnastics_40_489.jpg,406.0,94.0,488.0,224.0,0.0,0.0,0.0,0.0,0.0,0.0,1024.0,768.0,0.0135548909505208,Female,Asian,True,Female_Asian,0.0
9918,40--Gymnastics/40_Gymnastics_Gymnastics_40_489.jpg,334.0,300.0,420.0,414.0,0.0,0.0,0.0,0.0,0.0,0.0,1024.0,768.0,0.0124664306640625,Female,White,True,Female_White,0.0
9919,40--Gymnastics/40_Gymnastics_Gymnastics_40_489.jpg,500.0,262.0,576.0,374.0,0.0,0.0,0.0,0.0,0.0,0.0,1024.0,768.0,0.0108235677083333,Female,White,True,Female_White,0.0
9920,40--Gymnastics/40_Gymnastics_Gymnastics_40_489.jpg,596.0,140.0,672.0,248.0,0.0,0.0,0.0,0.0,0.0,0.0,1024.0,768.0,0.01043701171875,Female,White,True,Female_White,0.0
9921,40--Gymnastics/40_Gymnastics_Gymnastics_40_489.jpg,744.0,90.0,820.0,204.0,0.0,0.0,0.0,0.0,0.0,0.0,1024.0,768.0,0.011016845703125,Female,White,True,Female_White,0.0
9922,40--Gymnastics/40_Gymnastics_Gymnastics_40_489.jpg,820.0,160.0,906.0,294.0,0.0,0.0,0.0,0.0,0.0,0.0,1024.0,768.0,0.0146535237630208,Female,Black,True,Female_Black,0.0
9923,40--Gymnastics/40_Gymnastics_Gymnastics_40_489.jpg,658.0,250.0,742.0,372.0,0.0,0.0,0.0,0.0,0.0,0.0,1024.0,768.0,0.013031005859375,Female,Asian,True,Female_Asian,0.0
9924,40--Gymnastics/40_Gymnastics_Gymnastics_40_336.jpg,422.0,524.0,490.0,568.0,0.0,0.0,0.0,0.0,0.0,1.0,1024.0,772.0,0.0037848121761658,Female,Asian,True,Female_Asian,0.0
9925,40--Gymnastics/40_Gymnastics_Gymnastics_40_590.jpg,462.0,130.0,542.0,260.0,0.0,0.0,0.0,0.0,0.0,0.0,1024.0,576.0,0.0176323784722222,Female,White,True,Female_White,0.0
9927,41--Swimming/41_Swimming_Swimmer_41_351.jpg,434.0,132.0,696.0,492.0,0.0,0.0,0.0,0.0,0.0,0.0,1024.0,683.0,0.1348599926793557,Female,White,True,Female_White,5.0
9939,41--Swimming/41_Swimming_Swimmer_41_946.jpg,450.0,230.0,574.0,358.0,0.0,0.0,0.0,0.0,0.0,0.0,1024.0,877.0,0.0176738882554161,Female,White,True,Female_White,0.0
9940,41--Swimming/41_Swimming_Swimming_41_166.jpg,302.0,136.0,514.0,412.0,0.0,1.0,0.0,0.0,0.0,0.0,1024.0,683.0,0.0836612371888726,Female,White,True,Female_White,3.0
9943,41--Swimming/41_Swimming_Swimmer_41_417.jpg,438.0,126.0,814.0,566.0,0.0,0.0,0.0,0.0,0.0,0.0,1024.0,768.0,0.2103678385416666,Female,White,True,Female_White,7.0
9949,41--Swimming/41_Swimming_Swimmer_41_861.jpg,423.0,117.0,591.0,345.0,0.0,0.0,0.0,0.0,0.0,0.0,1024.0,1536.0,0.02435302734375,Female,White,True,Female_White,0.0
9951,41--Swimming/41_Swimming_Swimmer_41_793.jpg,376.0,420.0,510.0,582.0,0.0,0.0,0.0,0.0,0.0,0.0,1024.0,768.0,0.0276031494140625,Female,White,True,Female_White,0.0
9957,41--Swimming/41_Swimming_Swimmer_41_533.jpg,412.0,22.0,632.0,336.0,0.0,1.0,0.0,0.0,0.0,0.0,1024.0,750.0,0.0899479166666666,Female,White,True,Female_White,3.0
9958,41--Swimming/41_Swimming_Swimmer_41_402.jpg,386.0,88.0,682.0,460.0,0.0,0.0,0.0,0.0,0.0,0.0,1024.0,683.0,0.1574396046852123,Female,White,True,Female_White,5.0
9960,41--Swimming/41_Swimming_Swimming_41_614.jpg,430.0,122.0,664.0,412.0,0.0,0.0,0.0,0.0,0.0,0.0,1024.0,683.0,0.0970271321376281,Female,White,True,Female_White,3.0
9965,41--Swimming/41_Swimming_Swimming_41_410.jpg,184.0,206.0,348.0,400.0,0.0,0.0,0.0,0.0,0.0,0.0,1024.0,661.0,0.0470050113464447,Female,White,True,Female_White,1.0
9966,41--Swimming/41_Swimming_Swimmer_41_871.jpg,432.0,629.0,517.0,751.0,1.0,0.0,0.0,0.0,0.0,0.0,1024.0,1280.0,0.0079116821289062,Female,White,True,Female_White,0.0
9971,41--Swimming/41_Swimming_Swimmer_41_833.jpg,412.0,104.0,602.0,330.0,0.0,0.0,0.0,0.0,0.0,0.0,1024.0,576.0,0.0728013780381944,Female,White,True,Female_White,2.0
9978,41--Swimming/41_Swimming_Swimmer_41_499.jpg,556.0,350.0,708.0,550.0,0.0,0.0,0.0,0.0,0.0,0.0,1024.0,733.0,0.0405013642564802,Female,White,True,Female_White,1.0
9990,41--Swimming/41_Swimming_Swimmer_41_1025.jpg,607.0,126.0,757.0,366.0,0.0,0.0,0.0,0.0,0.0,0.0,1024.0,1536.0,0.02288818359375,Female,White,True,Female_White,0.0
9993,41--Swimming/41_Swimming_Swimming_41_811.jpg,432.0,140.0,552.0,308.0,0.0,0.0,0.0,0.0,0.0,0.0,1024.0,683.0,0.028825036603221,Female,White,True,Female_White,1.0
9994,41--Swimming/41_Swimming_Swimming_41_811.jpg,638.0,156.0,756.0,292.0,0.0,0.0,0.0,0.0,0.0,0.0,1024.0,683.0,0.022945644216691,Female,White,True,Female_White,0.0
9995,41--Swimming/41_Swimming_Swimming_41_811.jpg,166.0,134.0,286.0,300.0,0.0,0.0,0.0,0.0,0.0,0.0,1024.0,683.0,0.0284818814055636,Female,White,True,Female_White,1.0
9996,41--Swimming/41_Swimming_Swimmer_41_791.jpg,436.0,226.0,616.0,450.0,0.0,0.0,0.0,0.0,0.0,0.0,1024.0,683.0,0.0576500732064421,Female,White,True,Female_White,2.0
10001,41--Swimming/41_Swimming_Swimming_41_329.jpg,446.0,206.0,558.0,294.0,0.0,0.0,0.0,0.0,0.0,1.0,1024.0,651.0,0.0147849462365591,Female,White,True,Female_White,0.0
10007,41--Swimming/41_Swimming_Swimmer_41_765.jpg,428.0,160.0,620.0,378.0,0.0,0.0,0.0,0.0,0.0,0.0,1024.0,640.0,0.0638671875,Female,White,True,Female_White,2.0
10013,41--Swimming/41_Swimming_Swimmer_41_760.jpg,223.0,426.0,459.0,711.0,0.0,1.0,0.0,0.0,0.0,0.0,1024.0,1392.0,0.047186489762931,Female,White,True,Female_White,1.0
10016,41--Swimming/41_Swimming_Swimmer_41_919.jpg,598.0,136.0,820.0,396.0,0.0,0.0,0.0,0.0,0.0,0.0,1024.0,683.0,0.0825288250366032,Female,White,True,Female_White,3.0
10031,41--Swimming/41_Swimming_Swimming_41_260.jpg,184.0,136.0,328.0,300.0,0.0,0.0,0.0,0.0,0.0,0.0,1024.0,680.0,0.0339154411764705,Female,White,True,Female_White,1.0
10032,41--Swimming/41_Swimming_Swimming_41_260.jpg,522.0,152.0,664.0,320.0,0.0,0.0,0.0,0.0,0.0,0.0,1024.0,680.0,0.0342601102941176,Female,White,True,Female_White,1.0
10033,41--Swimming/41_Swimming_Swimming_41_260.jpg,694.0,174.0,840.0,340.0,0.0,0.0,0.0,0.0,0.0,0.0,1024.0,680.0,0.0348058363970588,Female,White,True,Female_White,1.0
10044,41--Swimming/41_Swimming_Swimmer_41_566.jpg,386.0,116.0,666.0,488.0,0.0,0.0,0.0,0.0,0.0,0.0,1024.0,754.0,0.1349055039787798,Female,White,True,Female_White,5.0
10046,41--Swimming/41_Swimming_Swimmer_41_554.jpg,354.0,104.0,674.0,462.0,0.0,0.0,0.0,0.0,0.0,0.0,1024.0,598.0,0.1870819397993311,Female,White,True,Female_White,6.0
10058,41--Swimming/41_Swimming_Swimmer_41_331.jpg,290.0,188.0,534.0,522.0,0.0,0.0,0.0,0.0,0.0,0.0,1024.0,754.0,0.1055516412466843,Female,White,True,Female_White,3.0
10063,41--Swimming/41_Swimming_Swimming_41_566.jpg,416.0,260.0,620.0,434.0,0.0,0.0,0.0,0.0,0.0,1.0,1024.0,683.0,0.0507526537335285,Female,Asian,True,Female_Asian,1.0
10069,41--Swimming/41_Swimming_Swimmer_41_618.jpg,396.0,152.0,638.0,470.0,0.0,1.0,0.0,0.0,0.0,0.0,1024.0,751.0,0.1000696987350199,Female,White,True,Female_White,3.0
10076,41--Swimming/41_Swimming_Swimmer_41_796.jpg,326.0,198.0,382.0,286.0,1.0,0.0,0.0,0.0,0.0,0.0,1024.0,806.0,0.0059708436724565,Female,White,True,Female_White,0.0
10077,41--Swimming/41_Swimming_Swimmer_41_845.jpg,554.0,196.0,668.0,356.0,1.0,0.0,0.0,0.0,0.0,0.0,1024.0,1541.0,0.0115590525632706,Female,White,True,Female_White,0.0
10083,41--Swimming/41_Swimming_Swimming_41_176.jpg,21.0,376.0,265.0,548.0,0.0,0.0,0.0,0.0,0.0,1.0,1024.0,1542.0,0.0265787127107652,Female,White,True,Female_White,0.0
10088,41--Swimming/41_Swimming_Swimmer_41_641.jpg,500.0,156.0,704.0,438.0,0.0,0.0,0.0,0.0,0.0,0.0,1024.0,1007.0,0.0557891633565044,Female,White,True,Female_White,2.0
10094,41--Swimming/41_Swimming_Swimmer_41_1000.jpg,403.0,180.0,642.0,467.0,0.0,0.0,0.0,0.0,0.0,0.0,1024.0,1358.0,0.0493264739046391,Female,White,True,Female_White,1.0
10127,41--Swimming/41_Swimming_Swimming_41_150.jpg,526.0,136.0,778.0,388.0,0.0,0.0,0.0,0.0,0.0,0.0,1024.0,683.0,0.0907988653001464,Female,White,True,Female_White,3.0
10129,41--Swimming/41_Swimming_Swimmer_41_613.jpg,198.0,234.0,400.0,474.0,0.0,0.0,0.0,0.0,0.0,0.0,1024.0,836.0,0.0566312799043062,Female,White,True,Female_White,2.0
10130,41--Swimming/41_Swimming_Swimmer_41_613.jpg,730.0,532.0,830.0,670.0,0.0,1.0,0.0,0.0,0.0,0.0,1024.0,836.0,0.0161202900717703,Female,White,True,Female_White,0.0
10131,41--Swimming/41_Swimming_Swimmer_41_613.jpg,828.0,112.0,894.0,216.0,0.0,1.0,0.0,0.0,0.0,0.0,1024.0,836.0,0.0080180921052631,Female,White,True,Female_White,0.0
10138,41--Swimming/41_Swimming_Swimming_41_162.jpg,462.0,230.0,542.0,328.0,1.0,0.0,1.0,0.0,0.0,0.0,1024.0,684.0,0.0111933479532163,Female,White,True,Female_White,0.0
10140,41--Swimming/41_Swimming_Swimmer_41_371.jpg,242.0,232.0,442.0,488.0,0.0,0.0,0.0,0.0,0.0,0.0,1024.0,750.0,0.0666666666666666,Female,White,True,Female_White,2.0
10142,41--Swimming/41_Swimming_Swimmer_41_122.jpg,482.0,320.0,586.0,476.0,0.0,0.0,0.0,0.0,0.0,0.0,1024.0,683.0,0.0231972913616398,Female,White,True,Female_White,0.0
10143,41--Swimming/41_Swimming_Swimming_41_219.jpg,436.0,214.0,642.0,448.0,0.0,0.0,0.0,0.0,0.0,0.0,1024.0,681.0,0.0691251376651982,Female,White,True,Female_White,2.0
10148,41--Swimming/41_Swimming_Swimmer_41_343.jpg,332.0,128.0,510.0,374.0,0.0,0.0,0.0,0.0,0.0,0.0,1024.0,754.0,0.0567131548408488,Female,White,True,Female_White,2.0
10152,41--Swimming/41_Swimming_Swimming_41_242.jpg,394.0,324.0,486.0,446.0,0.0,0.0,1.0,0.0,0.0,0.0,1024.0,768.0,0.0142720540364583,Female,White,True,Female_White,0.0
10153,41--Swimming/41_Swimming_Swimmer_41_941.jpg,182.0,208.0,476.0,556.0,0.0,0.0,0.0,0.0,0.0,0.0,1024.0,696.0,0.1435546875,Female,White,True,Female_White,5.0
10156,41--Swimming/41_Swimming_Swimmer_41_544.jpg,185.0,445.0,522.0,863.0,1.0,0.0,0.0,0.0,0.0,0.0,1024.0,1392.0,0.0988250381645114,Female,White,True,Female_White,3.0
10157,41--Swimming/41_Swimming_Swimmer_41_329.jpg,470.0,214.0,666.0,480.0,0.0,0.0,0.0,0.0,0.0,0.0,1024.0,746.0,0.068249413538874,Female,White,True,Female_White,2.0
10158,41--Swimming/41_Swimming_Swimmer_41_266.jpg,478.0,76.0,604.0,212.0,0.0,0.0,0.0,0.0,0.0,0.0,1024.0,768.0,0.02178955078125,Female,White,True,Female_White,0.0
10161,41--Swimming/41_Swimming_Swimmer_41_860.jpg,344.0,156.0,572.0,482.0,0.0,0.0,0.0,0.0,0.0,0.0,1024.0,826.0,0.0878764376513317,Female,White,True,Female_White,3.0
10164,41--Swimming/41_Swimming_Swimming_41_538.jpg,548.0,192.0,786.0,428.0,0.0,0.0,0.0,0.0,0.0,0.0,1024.0,684.0,0.0801923428362573,Female,White,True,Female_White,2.0
10166,41--Swimming/41_Swimming_Swimmer_41_217.jpg,142.0,43.0,192.0,108.0,0.0,0.0,0.0,0.0,0.0,0.0,1024.0,640.0,0.0049591064453125,Female,White,True,Female_White,0.0
10167,41--Swimming/41_Swimming_Swimmer_41_217.jpg,489.0,43.0,540.0,108.0,0.0,0.0,0.0,0.0,0.0,0.0,1024.0,640.0,0.0050582885742187,Female,White,True,Female_White,0.0
10168,41--Swimming/41_Swimming_Swimmer_41_217.jpg,813.0,46.0,862.0,111.0,0.0,0.0,0.0,0.0,0.0,0.0,1024.0,640.0,0.0048599243164062,Female,White,True,Female_White,0.0
10170,41--Swimming/41_Swimming_Swimmer_41_355.jpg,232.0,234.0,366.0,382.0,0.0,0.0,0.0,0.0,0.0,0.0,1024.0,768.0,0.0252176920572916,Female,White,True,Female_White,0.0
10171,41--Swimming/41_Swimming_Swimmer_41_355.jpg,658.0,212.0,800.0,392.0,0.0,0.0,0.0,0.0,0.0,0.0,1024.0,768.0,0.032501220703125,Female,White,True,Female_White,1.0
10180,41--Swimming/41_Swimming_Swimmer_41_213.jpg,266.0,126.0,628.0,524.0,0.0,0.0,0.0,0.0,0.0,0.0,1024.0,751.0,0.1873491594540612,Female,White,True,Female_White,6.0
10182,41--Swimming/41_Swimming_Swimmer_41_386.jpg,272.0,154.0,528.0,448.0,0.0,0.0,0.0,0.0,0.0,0.0,1024.0,752.0,0.0977393617021276,Female,White,True,Female_White,3.0
10183,41--Swimming/41_Swimming_Swimmer_41_321.jpg,410.0,198.0,624.0,452.0,0.0,0.0,0.0,0.0,0.0,0.0,1024.0,682.0,0.0778328903958944,Female,White,True,Female_White,2.0
10184,41--Swimming/41_Swimming_Swimmer_41_822.jpg,406.0,266.0,634.0,524.0,0.0,0.0,0.0,0.0,0.0,0.0,1024.0,1375.0,0.041778409090909,Female,White,True,Female_White,1.0
10190,41--Swimming/41_Swimming_Swimmer_41_543.jpg,458.0,202.0,710.0,530.0,0.0,0.0,0.0,0.0,0.0,0.0,1024.0,719.0,0.1122652990264256,Female,White,True,Female_White,4.0
10191,41--Swimming/41_Swimming_Swimming_41_183.jpg,662.0,208.0,760.0,350.0,1.0,0.0,0.0,0.0,0.0,0.0,1024.0,608.0,0.0223517166940789,Female,White,True,Female_White,0.0
10195,41--Swimming/41_Swimming_Swimmer_41_214.jpg,336.0,142.0,696.0,576.0,0.0,0.0,0.0,0.0,0.0,0.0,1024.0,576.0,0.264892578125,Female,White,True,Female_White,9.0
10200,41--Swimming/41_Swimming_Swimmer_41_794.jpg,478.0,180.0,664.0,400.0,0.0,0.0,0.0,0.0,0.0,0.0,1024.0,1590.0,0.0251326650943396,Female,White,True,Female_White,0.0
10205,41--Swimming/41_Swimming_Swimming_41_23.jpg,190.0,186.0,250.0,247.0,1.0,0.0,0.0,0.0,0.0,0.0,1024.0,606.0,0.0058980507425742,Female,White,True,Female_White,0.0
10206,41--Swimming/41_Swimming_Swimming_41_23.jpg,430.0,235.0,498.0,304.0,1.0,0.0,0.0,0.0,0.0,0.0,1024.0,606.0,0.0075611076732673,Female,White,True,Female_White,0.0
10207,41--Swimming/41_Swimming_Swimming_41_23.jpg,569.0,191.0,611.0,258.0,0.0,0.0,0.0,0.0,0.0,0.0,1024.0,606.0,0.0045347308168316,Female,White,True,Female_White,0.0
10208,41--Swimming/41_Swimming_Swimming_41_23.jpg,795.0,251.0,855.0,321.0,0.0,0.0,0.0,0.0,0.0,0.0,1024.0,606.0,0.006768254950495,Female,White,True,Female_White,0.0
10209,41--Swimming/41_Swimming_Swimmer_41_924.jpg,700.0,88.0,842.0,260.0,0.0,0.0,0.0,0.0,0.0,0.0,1024.0,578.0,0.0412656790657439,Female,White,True,Female_White,1.0
10211,41--Swimming/41_Swimming_Swimmer_41_722.jpg,464.0,113.0,680.0,409.0,0.0,0.0,0.0,0.0,0.0,0.0,1024.0,1873.0,0.033335557928457,Female,White,True,Female_White,1.0
10218,41--Swimming/41_Swimming_Swimmer_41_1029.jpg,246.0,82.0,320.0,170.0,0.0,0.0,0.0,0.0,0.0,0.0,1024.0,677.0,0.0093934638109305,Female,White,True,Female_White,0.0
10223,41--Swimming/41_Swimming_Swimmer_41_667.jpg,365.0,187.0,602.0,480.0,0.0,0.0,0.0,0.0,0.0,0.0,1024.0,1366.0,0.0496438335010981,Female,Indian,True,Female_Indian,1.0
10228,41--Swimming/41_Swimming_Swimmer_41_106.jpg,516.0,318.0,710.0,530.0,0.0,0.0,0.0,0.0,0.0,0.0,1024.0,737.0,0.0544966926729986,Female,White,True,Female_White,1.0
10249,41--Swimming/41_Swimming_Swimmer_41_294.jpg,331.0,179.0,551.0,466.0,0.0,0.0,0.0,0.0,0.0,0.0,1024.0,1254.0,0.0491707785087719,Female,White,True,Female_White,1.0
10250,41--Swimming/41_Swimming_Swimming_41_13.jpg,476.0,284.0,574.0,416.0,0.0,1.0,0.0,0.0,0.0,0.0,1024.0,683.0,0.0184960651537335,Female,White,True,Female_White,0.0
10254,41--Swimming/41_Swimming_Swimmer_41_430.jpg,495.0,645.0,744.0,993.0,0.0,0.0,0.0,0.0,0.0,0.0,1024.0,1300.0,0.0650931490384615,Female,White,True,Female_White,2.0
10260,41--Swimming/41_Swimming_Swimmer_41_949.jpg,326.0,162.0,518.0,460.0,0.0,0.0,0.0,0.0,0.0,0.0,1024.0,708.0,0.0789194915254237,Female,White,True,Female_White,2.0
10261,41--Swimming/41_Swimming_Swimming_41_253.jpg,280.0,72.0,592.0,488.0,0.0,0.0,0.0,0.0,0.0,0.0,1024.0,683.0,0.1855783308931186,Female,White,True,Female_White,6.0
10262,41--Swimming/41_Swimming_Swimmer_41_175.jpg,340.0,250.0,584.0,560.0,0.0,0.0,0.0,0.0,0.0,0.0,1024.0,754.0,0.0979670921750663,Female,White,True,Female_White,3.0
10275,41--Swimming/41_Swimming_Swimmer_41_895.jpg,390.0,228.0,801.0,729.0,0.0,0.0,0.0,0.0,0.0,0.0,1024.0,1537.0,0.130829512646389,Female,White,True,Female_White,4.0
10276,41--Swimming/41_Swimming_Swimmer_41_671.jpg,293.0,264.0,498.0,496.0,0.0,0.0,0.0,0.0,0.0,0.0,1024.0,1366.0,0.0340009608345534,Female,White,True,Female_White,1.0
10278,41--Swimming/41_Swimming_Swimmer_41_442.jpg,490.0,50.0,550.0,152.0,0.0,0.0,0.0,0.0,0.0,0.0,1024.0,911.0,0.0065604418221734,Female,White,True,Female_White,0.0
10279,41--Swimming/41_Swimming_Swimmer_41_442.jpg,940.0,78.0,1008.0,162.0,0.0,0.0,0.0,0.0,0.0,0.0,1024.0,911.0,0.0061230790340285,Female,White,True,Female_White,0.0
10280,41--Swimming/41_Swimming_Swimmer_41_442.jpg,6.0,70.0,60.0,154.0,0.0,0.0,0.0,0.0,0.0,0.0,1024.0,911.0,0.0048624451152579,Female,White,True,Female_White,0.0
10281,41--Swimming/41_Swimming_Swimming_41_527.jpg,99.0,561.0,459.0,972.0,0.0,0.0,0.0,0.0,0.0,0.0,1024.0,1037.0,0.1393367285438765,Female,White,True,Female_White,5.0
10282,41--Swimming/41_Swimming_Swimmer_41_621.jpg,300.0,6.0,627.0,324.0,0.0,0.0,0.0,0.0,0.0,0.0,1024.0,1536.0,0.0661125183105468,Female,White,True,Female_White,2.0
10283,41--Swimming/41_Swimming_Swimming_41_715.jpg,258.0,250.0,500.0,548.0,0.0,0.0,0.0,0.0,0.0,0.0,1024.0,732.0,0.0962100836748633,Female,Black,True,Female_Black,3.0
10292,41--Swimming/41_Swimming_Swimmer_41_767.jpg,216.0,82.0,302.0,180.0,0.0,0.0,0.0,0.0,0.0,0.0,1024.0,683.0,0.0120504666910688,Female,White,True,Female_White,0.0
10293,41--Swimming/41_Swimming_Swimmer_41_767.jpg,432.0,82.0,510.0,184.0,0.0,0.0,0.0,0.0,0.0,0.0,1024.0,683.0,0.0113755948023426,Female,White,True,Female_White,0.0
10294,41--Swimming/41_Swimming_Swimmer_41_767.jpg,588.0,90.0,672.0,190.0,0.0,0.0,0.0,0.0,0.0,0.0,1024.0,683.0,0.0120104319180087,Female,White,True,Female_White,0.0
10295,41--Swimming/41_Swimming_Swimmer_41_767.jpg,754.0,90.0,826.0,192.0,0.0,0.0,0.0,0.0,0.0,0.0,1024.0,683.0,0.0105005490483162,Female,White,True,Female_White,0.0
10325,42--Car_Racing/42_Car_Racing_Nascar_42_728.jpg,414.0,68.0,596.0,324.0,0.0,0.0,0.0,0.0,0.0,0.0,1024.0,576.0,0.0789930555555555,Female,White,True,Female_White,2.0
10345,42--Car_Racing/42_Car_Racing_Nascar_42_624.jpg,357.0,135.0,651.0,537.0,0.0,0.0,0.0,0.0,0.0,0.0,1024.0,1536.0,0.0751419067382812,Female,White,True,Female_White,2.0
10346,42--Car_Racing/42_Car_Racing_Nascar_42_441.jpg,554.0,98.0,728.0,338.0,0.0,0.0,0.0,0.0,0.0,0.0,1024.0,683.0,0.0597090043923865,Female,White,True,Female_White,2.0
10350,42--Car_Racing/42_Car_Racing_Car_Racing_42_405.jpg,566.0,318.0,626.0,398.0,0.0,0.0,0.0,0.0,0.0,1.0,1024.0,803.0,0.0058374844333748,Female,Asian,True,Female_Asian,0.0
10356,42--Car_Racing/42_Car_Racing_Nascar_42_727.jpg,454.0,52.0,514.0,124.0,1.0,0.0,0.0,0.0,0.0,0.0,1024.0,692.0,0.0060964595375722,Female,White,True,Female_White,0.0
10360,42--Car_Racing/42_Car_Racing_Nascar_42_945.jpg,302.0,164.0,767.0,749.0,0.0,0.0,0.0,0.0,0.0,0.0,1024.0,1036.0,0.2564183533421815,Female,White,True,Female_White,9.0
10365,42--Car_Racing/42_Car_Racing_Nascar_42_762.jpg,552.0,76.0,714.0,294.0,0.0,0.0,0.0,0.0,0.0,0.0,1024.0,640.0,0.053887939453125,Female,White,True,Female_White,1.0
10366,43--Row_Boat/43_Row_Boat_Canoe_43_908.jpg,146.0,66.0,508.0,536.0,0.0,0.0,0.0,0.0,0.0,0.0,1024.0,577.0,0.2879590012998267,Female,White,True,Female_White,10.0
10391,43--Row_Boat/43_Row_Boat_Rowboat_43_912.jpg,330.0,240.0,702.0,763.0,0.0,0.0,0.0,0.0,0.0,0.0,1024.0,1538.0,0.1235345212938881,Female,White,True,Female_White,4.0
10393,43--Row_Boat/43_Row_Boat_Canoe_43_305.jpg,382.0,203.0,441.0,277.0,0.0,0.0,0.0,0.0,0.0,0.0,1024.0,768.0,0.0055516560872395,Female,White,True,Female_White,0.0
10394,43--Row_Boat/43_Row_Boat_Canoe_43_305.jpg,637.0,169.0,675.0,221.0,0.0,0.0,0.0,0.0,0.0,0.0,1024.0,768.0,0.0025126139322916,Female,White,True,Female_White,0.0
10411,43--Row_Boat/43_Row_Boat_Rowboat_43_653.jpg,370.0,404.0,446.0,516.0,0.0,0.0,0.0,0.0,0.0,0.0,1024.0,985.0,0.0084390862944162,Female,White,True,Female_White,0.0
10412,43--Row_Boat/43_Row_Boat_Rowboat_43_423.jpg,220.0,84.0,388.0,300.0,0.0,0.0,0.0,0.0,0.0,0.0,1024.0,541.0,0.0655036968576709,Female,White,True,Female_White,2.0
10452,43--Row_Boat/43_Row_Boat_Rowboat_43_783.jpg,618.0,180.0,730.0,340.0,0.0,0.0,0.0,0.0,0.0,0.0,1024.0,768.0,0.0227864583333333,Female,White,True,Female_White,0.0
10453,43--Row_Boat/43_Row_Boat_Rowboat_43_783.jpg,204.0,102.0,330.0,296.0,0.0,0.0,0.0,0.0,0.0,0.0,1024.0,768.0,0.0310821533203125,Female,White,True,Female_White,1.0
10473,43--Row_Boat/43_Row_Boat_Rowboat_43_931.jpg,804.0,76.0,856.0,160.0,1.0,0.0,0.0,0.0,0.0,0.0,1024.0,571.0,0.0074704465849387,Female,White,True,Female_White,0.0
10474,43--Row_Boat/43_Row_Boat_Rowboat_43_931.jpg,480.0,120.0,538.0,196.0,0.0,1.0,0.0,0.0,0.0,0.0,1024.0,571.0,0.0075388572679509,Female,White,True,Female_White,0.0
10475,43--Row_Boat/43_Row_Boat_Rowboat_43_931.jpg,248.0,152.0,302.0,226.0,0.0,0.0,0.0,0.0,0.0,0.0,1024.0,571.0,0.0068342272329246,Female,White,True,Female_White,0.0
10491,43--Row_Boat/43_Row_Boat_Rowboat_43_915.jpg,371.0,188.0,471.0,351.0,0.0,0.0,0.0,0.0,0.0,0.0,1024.0,1285.0,0.0123875243190661,Female,White,True,Female_White,0.0
10494,43--Row_Boat/43_Row_Boat_Rowboat_43_1015.jpg,397.0,102.0,519.0,264.0,0.0,0.0,0.0,0.0,0.0,0.0,1024.0,1280.0,0.0150787353515625,Female,White,True,Female_White,0.0
10509,44--Aerobics/44_Aerobics_Aerobics_44_528.jpg,866.0,105.0,907.0,160.0,0.0,0.0,0.0,0.0,0.0,0.0,1024.0,693.0,0.0031777033730158,Female,White,True,Female_White,0.0
10510,44--Aerobics/44_Aerobics_Aerobics_44_528.jpg,549.0,135.0,601.0,193.0,0.0,0.0,0.0,0.0,0.0,0.0,1024.0,693.0,0.0042500901875901,Female,White,True,Female_White,0.0
10511,44--Aerobics/44_Aerobics_Aerobics_44_528.jpg,310.0,108.0,346.0,153.0,0.0,0.0,0.0,0.0,0.0,0.0,1024.0,693.0,0.0022828733766233,Female,White,True,Female_White,0.0
10512,44--Aerobics/44_Aerobics_Aerobics_44_528.jpg,81.0,150.0,124.0,193.0,0.0,0.0,0.0,0.0,0.0,0.0,1024.0,693.0,0.0026055758477633,Female,White,True,Female_White,0.0
10516,44--Aerobics/44_Aerobics_Aerobics_44_415.jpg,602.0,123.0,639.0,192.0,0.0,0.0,0.0,0.0,0.0,0.0,1024.0,768.0,0.0032463073730468,Female,White,True,Female_White,0.0
10517,44--Aerobics/44_Aerobics_Aerobics_44_472.jpg,564.0,304.0,634.0,408.0,1.0,0.0,0.0,0.0,0.0,1.0,1024.0,683.0,0.0104090409956076,Female,White,True,Female_White,0.0
10519,44--Aerobics/44_Aerobics_Aerobics_44_683.jpg,786.0,108.0,866.0,160.0,1.0,0.0,0.0,0.0,0.0,1.0,1024.0,362.0,0.0112223756906077,Female,White,True,Female_White,0.0
10520,44--Aerobics/44_Aerobics_Aerobics_44_271.jpg,716.0,114.0,798.0,228.0,1.0,0.0,0.0,0.0,0.0,1.0,1024.0,596.0,0.015316956795302,Female,White,True,Female_White,0.0
10521,44--Aerobics/44_Aerobics_Aerobics_44_438.jpg,512.0,155.0,593.0,277.0,0.0,0.0,0.0,0.0,0.0,0.0,1024.0,754.0,0.0127989265583554,Female,White,True,Female_White,0.0
10522,44--Aerobics/44_Aerobics_Aerobics_44_438.jpg,368.0,203.0,435.0,300.0,0.0,0.0,0.0,0.0,0.0,0.0,1024.0,754.0,0.0084173470656498,Female,White,True,Female_White,0.0
10523,44--Aerobics/44_Aerobics_Aerobics_44_438.jpg,182.0,235.0,232.0,315.0,0.0,0.0,0.0,0.0,0.0,0.0,1024.0,754.0,0.0051807029177718,Female,White,True,Female_White,0.0
10524,44--Aerobics/44_Aerobics_Aerobics_44_386.jpg,464.0,84.0,528.0,190.0,0.0,0.0,0.0,0.0,0.0,0.0,1024.0,683.0,0.0096998535871156,Female,White,True,Female_White,0.0
10526,44--Aerobics/44_Aerobics_Aerobics_44_929.jpg,339.0,372.0,717.0,825.0,0.0,0.0,0.0,0.0,0.0,0.0,1024.0,1323.0,0.1263950892857142,Female,White,True,Female_White,4.0
10536,44--Aerobics/44_Aerobics_Aerobics_44_479.jpg,321.0,198.0,447.0,339.0,1.0,0.0,0.0,0.0,0.0,0.0,1024.0,1538.0,0.0112806302828348,Female,White,True,Female_White,0.0
10537,44--Aerobics/44_Aerobics_Aerobics_44_434.jpg,698.0,118.0,816.0,264.0,0.0,0.0,0.0,0.0,0.0,0.0,1024.0,860.0,0.0195630450581395,Female,White,True,Female_White,0.0
10538,44--Aerobics/44_Aerobics_Aerobics_44_434.jpg,462.0,82.0,588.0,228.0,0.0,0.0,0.0,0.0,0.0,0.0,1024.0,860.0,0.0208893531976744,Female,Asian,True,Female_Asian,0.0
10539,44--Aerobics/44_Aerobics_Aerobics_44_434.jpg,236.0,76.0,362.0,250.0,0.0,0.0,0.0,0.0,0.0,0.0,1024.0,860.0,0.0248955305232558,Female,White,True,Female_White,0.0
10559,44--Aerobics/44_Aerobics_Aerobics_44_210.jpg,444.0,414.0,732.0,741.0,0.0,0.0,0.0,0.0,0.0,1.0,1024.0,1536.0,0.05987548828125,Female,White,True,Female_White,2.0
10571,44--Aerobics/44_Aerobics_Aerobics_44_660.jpg,198.0,320.0,306.0,452.0,0.0,0.0,0.0,0.0,0.0,0.0,1024.0,1024.0,0.0135955810546875,Female,White,True,Female_White,0.0
10572,44--Aerobics/44_Aerobics_Aerobics_44_660.jpg,362.0,294.0,448.0,396.0,0.0,0.0,0.0,0.0,0.0,0.0,1024.0,1024.0,0.0083656311035156,Female,White,True,Female_White,0.0
10573,44--Aerobics/44_Aerobics_Aerobics_44_660.jpg,522.0,264.0,610.0,384.0,0.0,0.0,0.0,0.0,0.0,0.0,1024.0,1024.0,0.01007080078125,Female,White,True,Female_White,0.0
10574,44--Aerobics/44_Aerobics_Aerobics_44_660.jpg,656.0,318.0,738.0,420.0,1.0,0.0,0.0,0.0,0.0,0.0,1024.0,1024.0,0.0079765319824218,Female,White,True,Female_White,0.0
10575,44--Aerobics/44_Aerobics_Aerobics_44_660.jpg,772.0,296.0,846.0,402.0,1.0,0.0,0.0,0.0,0.0,0.0,1024.0,1024.0,0.0074806213378906,Female,White,True,Female_White,0.0
10576,44--Aerobics/44_Aerobics_Aerobics_44_533.jpg,362.0,189.0,635.0,492.0,0.0,0.0,0.0,0.0,0.0,0.0,1024.0,1383.0,0.0584094529555314,Female,White,True,Female_White,2.0
10581,44--Aerobics/44_Aerobics_Aerobics_44_664.jpg,612.0,74.0,692.0,168.0,0.0,0.0,0.0,0.0,0.0,0.0,1024.0,942.0,0.0077959129511677,Female,White,True,Female_White,0.0
10583,44--Aerobics/44_Aerobics_Aerobics_44_973.jpg,280.0,400.0,378.0,550.0,0.0,0.0,0.0,0.0,0.0,0.0,1024.0,966.0,0.0148607336956521,Female,White,True,Female_White,0.0
10584,44--Aerobics/44_Aerobics_Aerobics_44_765.jpg,815.0,120.0,855.0,226.0,0.0,0.0,0.0,0.0,0.0,0.0,1024.0,1024.0,0.0040435791015625,Female,White,True,Female_White,0.0
10585,44--Aerobics/44_Aerobics_Aerobics_44_765.jpg,335.0,55.0,485.0,272.0,0.0,0.0,0.0,0.0,0.0,0.0,1024.0,1024.0,0.0310420989990234,Female,White,True,Female_White,1.0
10592,44--Aerobics/44_Aerobics_Aerobics_44_849.jpg,613.0,21.0,744.0,101.0,1.0,0.0,0.0,0.0,0.0,1.0,1024.0,1366.0,0.0074922218155197,Female,White,True,Female_White,0.0
10593,44--Aerobics/44_Aerobics_Aerobics_44_492.jpg,224.0,222.0,306.0,334.0,0.0,0.0,0.0,0.0,0.0,0.0,1024.0,768.0,0.0116780598958333,Female,White,True,Female_White,0.0
10594,44--Aerobics/44_Aerobics_Aerobics_44_492.jpg,400.0,222.0,480.0,334.0,0.0,0.0,0.0,0.0,0.0,0.0,1024.0,768.0,0.0113932291666666,Female,White,True,Female_White,0.0
10595,44--Aerobics/44_Aerobics_Aerobics_44_492.jpg,586.0,226.0,676.0,340.0,0.0,0.0,0.0,0.0,0.0,0.0,1024.0,768.0,0.0130462646484375,Female,White,True,Female_White,0.0
10596,44--Aerobics/44_Aerobics_Aerobics_44_492.jpg,756.0,226.0,842.0,344.0,0.0,0.0,0.0,0.0,0.0,0.0,1024.0,768.0,0.0129038492838541,Female,White,True,Female_White,0.0
10597,44--Aerobics/44_Aerobics_Aerobics_44_977.jpg,810.0,106.0,912.0,240.0,0.0,0.0,0.0,0.0,0.0,0.0,1024.0,640.0,0.020855712890625,Female,White,True,Female_White,0.0
10598,44--Aerobics/44_Aerobics_Aerobics_44_940.jpg,438.0,164.0,652.0,508.0,0.0,0.0,0.0,0.0,0.0,0.0,1024.0,768.0,0.0936075846354166,Female,White,True,Female_White,3.0
10599,44--Aerobics/44_Aerobics_Aerobics_44_940.jpg,858.0,140.0,956.0,270.0,0.0,0.0,0.0,0.0,0.0,0.0,1024.0,768.0,0.0161997477213541,Female,White,True,Female_White,0.0
10600,44--Aerobics/44_Aerobics_Aerobics_44_543.jpg,127.0,245.0,202.0,355.0,1.0,0.0,0.0,0.0,0.0,0.0,1024.0,1280.0,0.0062942504882812,Female,White,True,Female_White,0.0
10601,44--Aerobics/44_Aerobics_Aerobics_44_543.jpg,292.0,275.0,359.0,380.0,1.0,0.0,0.0,0.0,0.0,0.0,1024.0,1280.0,0.0053672790527343,Female,White,True,Female_White,0.0
10602,44--Aerobics/44_Aerobics_Aerobics_44_543.jpg,425.0,210.0,495.0,315.0,1.0,0.0,0.0,0.0,0.0,0.0,1024.0,1280.0,0.0056076049804687,Female,White,True,Female_White,0.0
10603,44--Aerobics/44_Aerobics_Aerobics_44_543.jpg,582.0,300.0,644.0,390.0,1.0,0.0,0.0,0.0,0.0,0.0,1024.0,1280.0,0.0042572021484375,Female,White,True,Female_White,0.0
10604,44--Aerobics/44_Aerobics_Aerobics_44_543.jpg,699.0,250.0,754.0,342.0,1.0,0.0,0.0,0.0,0.0,0.0,1024.0,1280.0,0.0038604736328125,Female,White,True,Female_White,0.0
10605,44--Aerobics/44_Aerobics_Aerobics_44_543.jpg,814.0,225.0,886.0,325.0,1.0,0.0,0.0,0.0,0.0,0.0,1024.0,1280.0,0.0054931640625,Female,White,True,Female_White,0.0
10606,44--Aerobics/44_Aerobics_Aerobics_44_543.jpg,809.0,582.0,901.0,697.0,1.0,0.0,0.0,0.0,0.0,0.0,1024.0,1280.0,0.0080718994140625,Female,White,True,Female_White,0.0
10607,44--Aerobics/44_Aerobics_Aerobics_44_543.jpg,592.0,604.0,677.0,719.0,1.0,0.0,0.0,0.0,0.0,0.0,1024.0,1280.0,0.0074577331542968,Female,White,True,Female_White,0.0
10608,44--Aerobics/44_Aerobics_Aerobics_44_543.jpg,395.0,674.0,480.0,781.0,1.0,0.0,0.0,0.0,0.0,0.0,1024.0,1280.0,0.0069389343261718,Female,White,True,Female_White,0.0
10609,44--Aerobics/44_Aerobics_Aerobics_44_543.jpg,180.0,617.0,262.0,727.0,1.0,0.0,0.0,0.0,0.0,0.0,1024.0,1280.0,0.0068817138671875,Female,White,True,Female_White,0.0
10610,44--Aerobics/44_Aerobics_Aerobics_44_886.jpg,354.0,123.0,660.0,542.0,0.0,0.0,0.0,0.0,0.0,0.0,1024.0,1341.0,0.0933698615771812,Female,White,True,Female_White,3.0
10611,44--Aerobics/44_Aerobics_Aerobics_44_263.jpg,138.0,70.0,216.0,156.0,1.0,0.0,0.0,0.0,0.0,0.0,1024.0,690.0,0.0094938858695652,Female,White,True,Female_White,0.0
10612,44--Aerobics/44_Aerobics_Aerobics_44_263.jpg,352.0,88.0,416.0,170.0,1.0,0.0,0.0,0.0,0.0,0.0,1024.0,690.0,0.007427536231884,Female,White,True,Female_White,0.0
10613,44--Aerobics/44_Aerobics_Aerobics_44_263.jpg,504.0,70.0,568.0,148.0,1.0,0.0,0.0,0.0,0.0,0.0,1024.0,690.0,0.0070652173913043,Female,White,True,Female_White,0.0
10614,44--Aerobics/44_Aerobics_Aerobics_44_263.jpg,664.0,38.0,718.0,102.0,1.0,0.0,0.0,0.0,0.0,0.0,1024.0,690.0,0.004891304347826,Female,White,True,Female_White,0.0
10615,44--Aerobics/44_Aerobics_Aerobics_44_263.jpg,834.0,24.0,894.0,98.0,1.0,0.0,0.0,0.0,0.0,0.0,1024.0,690.0,0.0062839673913043,Female,White,True,Female_White,0.0
10616,44--Aerobics/44_Aerobics_Aerobics_44_263.jpg,744.0,84.0,810.0,168.0,1.0,0.0,0.0,0.0,0.0,0.0,1024.0,690.0,0.0078464673913043,Female,White,True,Female_White,0.0
10617,44--Aerobics/44_Aerobics_Aerobics_44_263.jpg,818.0,342.0,882.0,434.0,1.0,0.0,0.0,0.0,0.0,0.0,1024.0,690.0,0.0083333333333333,Female,White,True,Female_White,0.0
10618,44--Aerobics/44_Aerobics_Aerobics_44_263.jpg,656.0,362.0,734.0,454.0,0.0,0.0,0.0,0.0,0.0,0.0,1024.0,690.0,0.01015625,Female,White,True,Female_White,0.0
10619,44--Aerobics/44_Aerobics_Aerobics_44_263.jpg,748.0,414.0,816.0,504.0,0.0,0.0,0.0,0.0,0.0,0.0,1024.0,690.0,0.0086616847826086,Female,White,True,Female_White,0.0
10620,44--Aerobics/44_Aerobics_Aerobics_44_263.jpg,554.0,424.0,624.0,514.0,1.0,0.0,0.0,0.0,0.0,0.0,1024.0,690.0,0.0089164402173913,Female,White,True,Female_White,0.0
10621,44--Aerobics/44_Aerobics_Aerobics_44_263.jpg,484.0,354.0,546.0,436.0,1.0,0.0,0.0,0.0,0.0,0.0,1024.0,690.0,0.0071954257246376,Female,White,True,Female_White,0.0
10622,44--Aerobics/44_Aerobics_Aerobics_44_263.jpg,344.0,458.0,418.0,550.0,1.0,0.0,0.0,0.0,0.0,0.0,1024.0,690.0,0.0096354166666666,Female,White,True,Female_White,0.0
10623,44--Aerobics/44_Aerobics_Aerobics_44_263.jpg,398.0,342.0,470.0,430.0,1.0,0.0,0.0,0.0,0.0,0.0,1024.0,690.0,0.0089673913043478,Female,White,True,Female_White,0.0
10624,44--Aerobics/44_Aerobics_Aerobics_44_263.jpg,268.0,298.0,338.0,394.0,1.0,0.0,0.0,0.0,0.0,0.0,1024.0,690.0,0.0095108695652173,Female,White,True,Female_White,0.0
10625,44--Aerobics/44_Aerobics_Aerobics_44_263.jpg,50.0,322.0,128.0,420.0,1.0,0.0,0.0,0.0,0.0,0.0,1024.0,690.0,0.0108186141304347,Female,White,True,Female_White,0.0
10626,44--Aerobics/44_Aerobics_Aerobics_44_263.jpg,100.0,446.0,170.0,550.0,1.0,0.0,0.0,0.0,0.0,0.0,1024.0,690.0,0.0103034420289855,Female,White,True,Female_White,0.0
10627,44--Aerobics/44_Aerobics_Aerobics_44_605.jpg,893.0,111.0,923.0,145.0,1.0,0.0,0.0,0.0,0.0,0.0,1024.0,427.0,0.0023327722482435,Female,White,True,Female_White,0.0
10628,44--Aerobics/44_Aerobics_Aerobics_44_605.jpg,777.0,129.0,812.0,161.0,1.0,0.0,0.0,0.0,0.0,0.0,1024.0,427.0,0.002561475409836,Female,White,True,Female_White,0.0
10629,44--Aerobics/44_Aerobics_Aerobics_44_605.jpg,605.0,120.0,642.0,173.0,1.0,0.0,0.0,0.0,0.0,1.0,1024.0,427.0,0.004484868998829,Female,White,True,Female_White,0.0
10630,44--Aerobics/44_Aerobics_Aerobics_44_605.jpg,363.0,121.0,414.0,179.0,1.0,0.0,0.0,0.0,0.0,0.0,1024.0,427.0,0.0067650395199063,Female,White,True,Female_White,0.0
10636,44--Aerobics/44_Aerobics_Aerobics_44_474.jpg,566.0,186.0,726.0,374.0,0.0,0.0,0.0,0.0,0.0,0.0,1024.0,754.0,0.0389588859416445,Female,White,True,Female_White,1.0
10637,44--Aerobics/44_Aerobics_Aerobics_44_474.jpg,402.0,138.0,504.0,276.0,1.0,0.0,0.0,0.0,0.0,0.0,1024.0,754.0,0.0182308935676392,Female,White,True,Female_White,0.0
10638,44--Aerobics/44_Aerobics_Aerobics_44_474.jpg,274.0,204.0,364.0,316.0,1.0,0.0,0.0,0.0,0.0,0.0,1024.0,754.0,0.0130553713527851,Female,White,True,Female_White,0.0
10639,44--Aerobics/44_Aerobics_Aerobics_44_80.jpg,452.0,324.0,568.0,456.0,0.0,0.0,0.0,0.0,0.0,0.0,1024.0,754.0,0.0198317307692307,Female,White,True,Female_White,0.0
10640,44--Aerobics/44_Aerobics_Aerobics_44_80.jpg,296.0,230.0,396.0,350.0,0.0,0.0,0.0,0.0,0.0,0.0,1024.0,754.0,0.0155421087533156,Female,White,True,Female_White,0.0
10641,44--Aerobics/44_Aerobics_Aerobics_44_80.jpg,168.0,128.0,248.0,222.0,0.0,0.0,0.0,0.0,0.0,0.0,1024.0,754.0,0.0097397214854111,Female,White,True,Female_White,0.0
10647,44--Aerobics/44_Aerobics_Aerobics_44_551.jpg,535.0,78.0,682.0,255.0,0.0,0.0,0.0,0.0,0.0,0.0,1024.0,1536.0,0.0165424346923828,Female,White,True,Female_White,0.0
10660,44--Aerobics/44_Aerobics_Aerobics_44_768.jpg,232.0,152.0,290.0,232.0,1.0,0.0,0.0,0.0,1.0,0.0,1024.0,1024.0,0.004425048828125,Female,White,True,Female_White,0.0
10661,44--Aerobics/44_Aerobics_Aerobics_44_768.jpg,68.0,174.0,124.0,248.0,1.0,0.0,0.0,0.0,0.0,0.0,1024.0,1024.0,0.0039520263671875,Female,White,True,Female_White,0.0
10662,44--Aerobics/44_Aerobics_Aerobics_44_768.jpg,568.0,74.0,646.0,170.0,1.0,0.0,0.0,0.0,0.0,0.0,1024.0,1024.0,0.00714111328125,Female,White,True,Female_White,0.0
10663,44--Aerobics/44_Aerobics_Aerobics_44_768.jpg,880.0,164.0,932.0,236.0,1.0,0.0,0.0,0.0,0.0,0.0,1024.0,1024.0,0.003570556640625,Female,White,True,Female_White,0.0
10664,44--Aerobics/44_Aerobics_Aerobics_44_205.jpg,740.0,228.0,810.0,362.0,0.0,0.0,0.0,0.0,0.0,0.0,1024.0,662.0,0.0138370940332326,Female,White,True,Female_White,0.0
10665,44--Aerobics/44_Aerobics_Aerobics_44_67.jpg,312.0,98.0,430.0,248.0,1.0,0.0,0.0,0.0,0.0,0.0,1024.0,1009.0,0.0171309774529236,Female,White,True,Female_White,0.0
10674,44--Aerobics/44_Aerobics_Aerobics_44_946.jpg,324.0,80.0,426.0,242.0,0.0,0.0,0.0,0.0,0.0,0.0,1024.0,1001.0,0.0161205981518481,Female,White,True,Female_White,0.0
10675,44--Aerobics/44_Aerobics_Aerobics_44_946.jpg,644.0,56.0,722.0,164.0,1.0,0.0,0.0,0.0,0.0,0.0,1024.0,1001.0,0.0082183441558441,Female,White,True,Female_White,0.0
10676,44--Aerobics/44_Aerobics_Aerobics_44_946.jpg,54.0,112.0,110.0,190.0,1.0,0.0,0.0,0.0,0.0,0.0,1024.0,1001.0,0.0042613636363636,Female,White,True,Female_White,0.0
10678,44--Aerobics/44_Aerobics_Aerobics_44_94.jpg,566.0,156.0,684.0,312.0,0.0,0.0,0.0,0.0,0.0,0.0,1024.0,754.0,0.0238415948275862,Female,White,True,Female_White,0.0
10679,44--Aerobics/44_Aerobics_Aerobics_44_94.jpg,394.0,268.0,480.0,372.0,0.0,0.0,0.0,0.0,0.0,0.0,1024.0,754.0,0.0115840517241379,Female,White,True,Female_White,0.0
10680,44--Aerobics/44_Aerobics_Aerobics_44_94.jpg,260.0,266.0,328.0,364.0,0.0,0.0,0.0,0.0,0.0,0.0,1024.0,754.0,0.0086310510610079,Female,Indian,True,Female_Indian,0.0
10685,44--Aerobics/44_Aerobics_Aerobics_44_113.jpg,400.0,88.0,694.0,500.0,0.0,0.0,0.0,0.0,0.0,0.0,1024.0,681.0,0.173699063876652,Female,White,True,Female_White,6.0
10686,44--Aerobics/44_Aerobics_Aerobics_44_476.jpg,456.0,75.0,573.0,203.0,1.0,0.0,0.0,0.0,0.0,0.0,1024.0,1366.0,0.0107064421669106,Female,White,True,Female_White,0.0
10687,44--Aerobics/44_Aerobics_Aerobics_44_342.jpg,474.0,102.0,592.0,246.0,1.0,0.0,0.0,0.0,0.0,0.0,1024.0,768.0,0.0216064453125,Female,White,True,Female_White,0.0
10688,44--Aerobics/44_Aerobics_Aerobics_44_342.jpg,90.0,204.0,276.0,334.0,0.0,0.0,0.0,0.0,0.0,1.0,1024.0,768.0,0.0307464599609375,Female,White,True,Female_White,1.0
10689,44--Aerobics/44_Aerobics_Aerobics_44_900.jpg,246.0,312.0,672.0,919.0,0.0,0.0,0.0,0.0,0.0,0.0,1024.0,1536.0,0.1644020080566406,Female,White,True,Female_White,6.0
10691,44--Aerobics/44_Aerobics_Aerobics_44_848.jpg,326.0,48.0,462.0,244.0,0.0,0.0,0.0,0.0,0.0,0.0,1024.0,534.0,0.0487476591760299,Female,White,True,Female_White,1.0
10695,44--Aerobics/44_Aerobics_Aerobics_44_156.jpg,162.0,232.0,232.0,330.0,0.0,0.0,0.0,0.0,0.0,0.0,1024.0,839.0,0.007984766090584,Female,White,True,Female_White,0.0
10696,44--Aerobics/44_Aerobics_Aerobics_44_156.jpg,306.0,240.0,370.0,328.0,0.0,0.0,0.0,0.0,0.0,0.0,1024.0,839.0,0.0065554231227651,Female,White,True,Female_White,0.0
10697,44--Aerobics/44_Aerobics_Aerobics_44_156.jpg,520.0,150.0,582.0,228.0,0.0,0.0,0.0,0.0,0.0,0.0,1024.0,839.0,0.0056289109058402,Female,Asian,True,Female_Asian,0.0
10698,44--Aerobics/44_Aerobics_Aerobics_44_156.jpg,612.0,206.0,680.0,298.0,0.0,0.0,0.0,0.0,0.0,0.0,1024.0,839.0,0.0072817342073897,Female,Asian,True,Female_Asian,0.0
10699,44--Aerobics/44_Aerobics_Aerobics_44_156.jpg,824.0,160.0,902.0,264.0,0.0,0.0,0.0,0.0,0.0,0.0,1024.0,839.0,0.0094420441001191,Female,White,True,Female_White,0.0
10700,44--Aerobics/44_Aerobics_Aerobics_44_156.jpg,452.0,482.0,546.0,592.0,0.0,0.0,0.0,0.0,0.0,0.0,1024.0,839.0,0.0120353471394517,Female,White,True,Female_White,0.0
10701,44--Aerobics/44_Aerobics_Aerobics_44_826.jpg,318.0,186.0,806.0,836.0,0.0,0.0,0.0,0.0,0.0,0.0,1024.0,991.0,0.3125788345105953,Female,White,True,Female_White,11.0
10702,44--Aerobics/44_Aerobics_Aerobics_44_152.jpg,527.0,323.0,596.0,414.0,0.0,0.0,0.0,0.0,0.0,0.0,1024.0,754.0,0.0081324084051724,Female,White,True,Female_White,0.0
10703,44--Aerobics/44_Aerobics_Aerobics_44_152.jpg,440.0,166.0,509.0,260.0,0.0,0.0,0.0,0.0,0.0,0.0,1024.0,754.0,0.0084005097811671,Female,White,True,Female_White,0.0
10704,44--Aerobics/44_Aerobics_Aerobics_44_152.jpg,296.0,92.0,354.0,179.0,1.0,0.0,0.0,0.0,0.0,0.0,1024.0,754.0,0.0065354567307692,Female,White,True,Female_White,0.0
10705,44--Aerobics/44_Aerobics_Aerobics_44_751.jpg,292.0,192.0,408.0,308.0,0.0,0.0,1.0,0.0,0.0,1.0,1024.0,682.0,0.0192677785923753,Female,White,True,Female_White,0.0
10706,44--Aerobics/44_Aerobics_Aerobics_44_751.jpg,662.0,200.0,750.0,308.0,0.0,0.0,0.0,0.0,0.0,1.0,1024.0,682.0,0.0136088709677419,Female,White,True,Female_White,0.0
10708,44--Aerobics/44_Aerobics_Aerobics_44_321.jpg,206.0,353.0,529.0,755.0,0.0,0.0,0.0,0.0,0.0,0.0,1024.0,1392.0,0.0910939183728448,Female,White,True,Female_White,3.0
10709,44--Aerobics/44_Aerobics_Aerobics_44_665.jpg,362.0,40.0,514.0,232.0,0.0,0.0,0.0,0.0,0.0,0.0,1024.0,523.0,0.0544933078393881,Female,White,True,Female_White,1.0
10712,44--Aerobics/44_Aerobics_Aerobics_44_905.jpg,775.0,203.0,803.0,246.0,0.0,0.0,0.0,0.0,0.0,0.0,1024.0,681.0,0.0017265510279001,Female,Asian,True,Female_Asian,0.0
10713,44--Aerobics/44_Aerobics_Aerobics_44_905.jpg,614.0,237.0,644.0,286.0,0.0,0.0,0.0,0.0,0.0,0.0,1024.0,681.0,0.0021079983480176,Female,White,True,Female_White,0.0
10714,44--Aerobics/44_Aerobics_Aerobics_44_905.jpg,470.0,272.0,501.0,308.0,0.0,0.0,0.0,0.0,0.0,1.0,1024.0,681.0,0.0016003579295154,Female,White,True,Female_White,0.0
10715,44--Aerobics/44_Aerobics_Aerobics_44_905.jpg,463.0,207.0,494.0,243.0,0.0,0.0,0.0,0.0,0.0,1.0,1024.0,681.0,0.0016003579295154,Female,White,True,Female_White,0.0
10716,44--Aerobics/44_Aerobics_Aerobics_44_905.jpg,243.0,232.0,273.0,277.0,0.0,0.0,0.0,0.0,0.0,0.0,1024.0,681.0,0.0019359168502202,Female,White,True,Female_White,0.0
10717,44--Aerobics/44_Aerobics_Aerobics_44_905.jpg,160.0,195.0,189.0,242.0,0.0,0.0,0.0,0.0,0.0,0.0,1024.0,681.0,0.0019545590124816,Female,Asian,True,Female_Asian,0.0
10719,44--Aerobics/44_Aerobics_Aerobics_44_943.jpg,415.0,221.0,546.0,392.0,0.0,1.0,0.0,0.0,0.0,0.0,1024.0,1156.0,0.0189238551578719,Female,White,True,Female_White,0.0
10727,44--Aerobics/44_Aerobics_Aerobics_44_177.jpg,48.0,354.0,204.0,522.0,0.0,0.0,0.0,0.0,0.0,0.0,1024.0,918.0,0.0278799019607843,Female,White,True,Female_White,0.0
10739,44--Aerobics/44_Aerobics_Aerobics_44_419.jpg,488.0,260.0,550.0,340.0,0.0,0.0,0.0,0.0,0.0,0.0,1024.0,768.0,0.0063069661458333,Female,White,True,Female_White,0.0
10740,44--Aerobics/44_Aerobics_Aerobics_44_259.jpg,526.0,417.0,718.0,663.0,0.0,0.0,0.0,0.0,0.0,0.0,1024.0,1538.0,0.0299902470741222,Female,White,True,Female_White,1.0
10745,44--Aerobics/44_Aerobics_Aerobics_44_773.jpg,207.0,90.0,380.0,309.0,0.0,0.0,0.0,0.0,0.0,0.0,1024.0,1070.0,0.0345785265771028,Female,White,True,Female_White,1.0
10746,44--Aerobics/44_Aerobics_Aerobics_44_773.jpg,428.0,107.0,572.0,335.0,0.0,0.0,0.0,0.0,0.0,0.0,1024.0,1070.0,0.029964953271028,Female,White,True,Female_White,1.0
10748,44--Aerobics/44_Aerobics_Aerobics_44_317.jpg,915.0,174.0,952.0,220.0,1.0,0.0,0.0,0.0,0.0,0.0,1024.0,684.0,0.0024299844663742,Female,White,True,Female_White,0.0
10749,44--Aerobics/44_Aerobics_Aerobics_44_317.jpg,823.0,174.0,856.0,225.0,1.0,0.0,0.0,0.0,0.0,0.0,1024.0,684.0,0.0024028577302631,Female,White,True,Female_White,0.0
10750,44--Aerobics/44_Aerobics_Aerobics_44_317.jpg,705.0,168.0,738.0,213.0,1.0,0.0,0.0,0.0,0.0,0.0,1024.0,684.0,0.0021201685855263,Female,White,True,Female_White,0.0
10751,44--Aerobics/44_Aerobics_Aerobics_44_317.jpg,813.0,293.0,845.0,337.0,1.0,0.0,0.0,0.0,0.0,0.0,1024.0,684.0,0.0020102339181286,Female,White,True,Female_White,0.0
10752,44--Aerobics/44_Aerobics_Aerobics_44_317.jpg,690.0,295.0,727.0,342.0,1.0,0.0,0.0,0.0,0.0,0.0,1024.0,684.0,0.0024828102156432,Female,White,True,Female_White,0.0
10753,44--Aerobics/44_Aerobics_Aerobics_44_317.jpg,601.0,291.0,635.0,336.0,1.0,0.0,0.0,0.0,0.0,0.0,1024.0,684.0,0.002184416118421,Female,White,True,Female_White,0.0
10754,44--Aerobics/44_Aerobics_Aerobics_44_317.jpg,596.0,180.0,630.0,220.0,1.0,0.0,0.0,0.0,0.0,0.0,1024.0,684.0,0.0019417032163742,Female,White,True,Female_White,0.0
10755,44--Aerobics/44_Aerobics_Aerobics_44_317.jpg,507.0,174.0,540.0,219.0,1.0,0.0,0.0,0.0,0.0,0.0,1024.0,684.0,0.0021201685855263,Female,White,True,Female_White,0.0
10756,44--Aerobics/44_Aerobics_Aerobics_44_317.jpg,491.0,287.0,523.0,334.0,1.0,0.0,0.0,0.0,0.0,0.0,1024.0,684.0,0.0021472953216374,Female,White,True,Female_White,0.0
10757,44--Aerobics/44_Aerobics_Aerobics_44_317.jpg,389.0,291.0,424.0,336.0,1.0,0.0,0.0,0.0,0.0,0.0,1024.0,684.0,0.0022486636513157,Female,White,True,Female_White,0.0
10758,44--Aerobics/44_Aerobics_Aerobics_44_317.jpg,407.0,149.0,439.0,197.0,1.0,0.0,0.0,0.0,0.0,0.0,1024.0,684.0,0.0021929824561403,Female,White,True,Female_White,0.0
10759,44--Aerobics/44_Aerobics_Aerobics_44_317.jpg,277.0,291.0,312.0,338.0,1.0,0.0,0.0,0.0,0.0,0.0,1024.0,684.0,0.0023486042580409,Female,White,True,Female_White,0.0
10760,44--Aerobics/44_Aerobics_Aerobics_44_317.jpg,185.0,282.0,220.0,327.0,1.0,0.0,0.0,0.0,0.0,0.0,1024.0,684.0,0.0022486636513157,Female,White,True,Female_White,0.0
10761,44--Aerobics/44_Aerobics_Aerobics_44_317.jpg,103.0,290.0,136.0,338.0,1.0,0.0,0.0,0.0,0.0,0.0,1024.0,684.0,0.0022615131578947,Female,White,True,Female_White,0.0
10762,44--Aerobics/44_Aerobics_Aerobics_44_317.jpg,108.0,171.0,141.0,215.0,1.0,0.0,0.0,0.0,0.0,0.0,1024.0,684.0,0.0020730537280701,Female,White,True,Female_White,0.0
10763,44--Aerobics/44_Aerobics_Aerobics_44_317.jpg,209.0,168.0,240.0,212.0,1.0,0.0,0.0,0.0,0.0,0.0,1024.0,684.0,0.0019474141081871,Female,White,True,Female_White,0.0
10764,44--Aerobics/44_Aerobics_Aerobics_44_317.jpg,305.0,167.0,335.0,212.0,1.0,0.0,0.0,0.0,0.0,0.0,1024.0,684.0,0.0019274259868421,Female,White,True,Female_White,0.0
10765,44--Aerobics/44_Aerobics_Aerobics_44_317.jpg,464.0,408.0,501.0,456.0,1.0,0.0,0.0,0.0,0.0,0.0,1024.0,684.0,0.0025356359649122,Female,White,True,Female_White,0.0
10772,44--Aerobics/44_Aerobics_Aerobics_44_709.jpg,541.0,627.0,617.0,718.0,1.0,0.0,0.0,0.0,0.0,0.0,1024.0,1294.0,0.0052194020479134,Female,White,True,Female_White,0.0
10773,44--Aerobics/44_Aerobics_Aerobics_44_709.jpg,688.0,311.0,759.0,377.0,1.0,0.0,0.0,0.0,0.0,0.0,1024.0,1294.0,0.0035364543083462,Female,White,True,Female_White,0.0
10774,44--Aerobics/44_Aerobics_Aerobics_44_709.jpg,491.0,109.0,552.0,177.0,1.0,0.0,0.0,0.0,0.0,0.0,1024.0,1294.0,0.003130433732612,Female,White,True,Female_White,0.0
10779,44--Aerobics/44_Aerobics_Aerobics_44_523.jpg,566.0,122.0,708.0,300.0,0.0,0.0,0.0,0.0,0.0,0.0,1024.0,754.0,0.0327368617374005,Female,White,True,Female_White,1.0
10780,44--Aerobics/44_Aerobics_Aerobics_44_523.jpg,122.0,142.0,228.0,284.0,1.0,0.0,0.0,0.0,0.0,0.0,1024.0,754.0,0.0194949850795755,Female,White,True,Female_White,0.0
10781,44--Aerobics/44_Aerobics_Aerobics_44_56.jpg,283.0,93.0,385.0,235.0,1.0,0.0,0.0,0.0,0.0,0.0,1024.0,1542.0,0.0091728477626459,Female,White,True,Female_White,0.0
10782,44--Aerobics/44_Aerobics_Aerobics_44_56.jpg,220.0,584.0,371.0,777.0,0.0,0.0,0.0,0.0,0.0,1.0,1024.0,1542.0,0.0184565246027885,Female,White,True,Female_White,0.0
10783,44--Aerobics/44_Aerobics_Aerobics_44_613.jpg,26.0,36.0,346.0,448.0,0.0,0.0,0.0,0.0,0.0,0.0,1024.0,683.0,0.188506588579795,Female,White,True,Female_White,7.0
10784,44--Aerobics/44_Aerobics_Aerobics_44_613.jpg,340.0,130.0,614.0,496.0,0.0,0.0,0.0,0.0,0.0,0.0,1024.0,683.0,0.143387399341142,Female,White,True,Female_White,5.0
10785,44--Aerobics/44_Aerobics_Aerobics_44_613.jpg,642.0,90.0,1004.0,512.0,0.0,0.0,0.0,0.0,0.0,0.0,1024.0,683.0,0.2184240025622254,Female,White,True,Female_White,8.0
10786,44--Aerobics/44_Aerobics_Aerobics_44_203.jpg,650.0,236.0,706.0,314.0,0.0,0.0,0.0,0.0,0.0,0.0,1024.0,754.0,0.0056573275862068,Female,White,True,Female_White,0.0
10787,44--Aerobics/44_Aerobics_Aerobics_44_737.jpg,336.0,138.0,660.0,591.0,0.0,0.0,0.0,0.0,0.0,0.0,1024.0,1536.0,0.0933151245117187,Female,White,True,Female_White,3.0
10788,44--Aerobics/44_Aerobics_Aerobics_44_274.jpg,444.0,249.0,549.0,396.0,0.0,0.0,0.0,0.0,0.0,0.0,1024.0,1536.0,0.0098133087158203,Female,White,True,Female_White,0.0
10789,44--Aerobics/44_Aerobics_Aerobics_44_251.jpg,477.0,252.0,609.0,456.0,0.0,0.0,0.0,0.0,0.0,0.0,1024.0,1537.0,0.0171092225113858,Female,White,True,Female_White,0.0
10790,44--Aerobics/44_Aerobics_Aerobics_44_757.jpg,195.0,88.0,329.0,240.0,1.0,0.0,0.0,0.0,0.0,0.0,1024.0,1560.0,0.0127504006410256,Female,White,True,Female_White,0.0
10791,44--Aerobics/44_Aerobics_Aerobics_44_757.jpg,475.0,94.0,594.0,262.0,1.0,0.0,0.0,0.0,0.0,0.0,1024.0,1560.0,0.0125150240384615,Female,White,True,Female_White,0.0
10792,44--Aerobics/44_Aerobics_Aerobics_44_757.jpg,731.0,94.0,868.0,271.0,1.0,0.0,0.0,0.0,0.0,0.0,1024.0,1560.0,0.0151799128605769,Female,White,True,Female_White,0.0
10793,44--Aerobics/44_Aerobics_Aerobics_44_714.jpg,602.0,32.0,700.0,132.0,0.0,0.0,0.0,0.0,0.0,1.0,1024.0,534.0,0.0179219335205992,Female,White,True,Female_White,0.0
10794,44--Aerobics/44_Aerobics_Aerobics_44_207.jpg,498.0,132.0,610.0,288.0,0.0,0.0,0.0,0.0,0.0,0.0,1024.0,754.0,0.0226293103448275,Female,White,True,Female_White,0.0
10795,44--Aerobics/44_Aerobics_Aerobics_44_424.jpg,307.0,346.0,731.0,977.0,0.0,0.0,0.0,0.0,0.0,0.0,1024.0,1429.0,0.1828365552834149,Female,White,True,Female_White,6.0
10804,44--Aerobics/44_Aerobics_Aerobics_44_161.jpg,742.0,161.0,787.0,233.0,1.0,0.0,0.0,0.0,0.0,0.0,1024.0,768.0,0.004119873046875,Female,White,True,Female_White,0.0
10805,44--Aerobics/44_Aerobics_Aerobics_44_161.jpg,605.0,215.0,650.0,279.0,1.0,0.0,0.0,0.0,0.0,0.0,1024.0,768.0,0.003662109375,Female,White,True,Female_White,0.0
10806,44--Aerobics/44_Aerobics_Aerobics_44_161.jpg,471.0,272.0,513.0,328.0,1.0,0.0,0.0,0.0,0.0,0.0,1024.0,768.0,0.00299072265625,Female,White,True,Female_White,0.0
10807,44--Aerobics/44_Aerobics_Aerobics_44_161.jpg,285.0,216.0,328.0,279.0,1.0,0.0,0.0,0.0,1.0,1.0,1024.0,768.0,0.0034446716308593,Female,White,True,Female_White,0.0
10808,44--Aerobics/44_Aerobics_Aerobics_44_161.jpg,164.0,199.0,212.0,263.0,1.0,0.0,0.0,0.0,1.0,0.0,1024.0,768.0,0.00390625,Female,White,True,Female_White,0.0
10817,44--Aerobics/44_Aerobics_Aerobics_44_625.jpg,473.0,50.0,554.0,153.0,0.0,0.0,0.0,0.0,0.0,0.0,1024.0,1424.0,0.0057215315572331,Female,White,True,Female_White,0.0
10818,44--Aerobics/44_Aerobics_Aerobics_44_961.jpg,356.0,97.0,645.0,513.0,0.0,0.0,0.0,0.0,0.0,0.0,1024.0,1721.0,0.0682197850087158,Female,White,True,Female_White,2.0
10820,44--Aerobics/44_Aerobics_Aerobics_44_513.jpg,254.0,18.0,352.0,196.0,0.0,0.0,0.0,0.0,0.0,0.0,1024.0,740.0,0.0230204814189189,Female,White,True,Female_White,0.0
10821,44--Aerobics/44_Aerobics_Aerobics_44_513.jpg,400.0,120.0,522.0,300.0,0.0,0.0,0.0,0.0,0.0,0.0,1024.0,740.0,0.028980152027027,Female,Asian,True,Female_Asian,1.0
10822,44--Aerobics/44_Aerobics_Aerobics_44_168.jpg,544.0,309.0,670.0,492.0,0.0,0.0,0.0,0.0,0.0,0.0,1024.0,1216.0,0.0185177451685855,Female,White,True,Female_White,0.0
10823,44--Aerobics/44_Aerobics_Aerobics_44_168.jpg,418.0,157.0,501.0,271.0,0.0,0.0,0.0,0.0,0.0,0.0,1024.0,1216.0,0.007598876953125,Female,Black,True,Female_Black,0.0
10824,44--Aerobics/44_Aerobics_Aerobics_44_168.jpg,271.0,461.0,390.0,566.0,0.0,0.0,0.0,0.0,0.0,1.0,1024.0,1216.0,0.0100346615439967,Female,Asian,True,Female_Asian,0.0
10825,44--Aerobics/44_Aerobics_Aerobics_44_168.jpg,133.0,273.0,209.0,363.0,0.0,0.0,0.0,0.0,0.0,0.0,1024.0,1216.0,0.0054931640625,Female,White,True,Female_White,0.0
10826,44--Aerobics/44_Aerobics_Aerobics_44_595.jpg,731.0,80.0,774.0,143.0,1.0,0.0,0.0,0.0,0.0,0.0,1024.0,396.0,0.0066805752840909,Female,White,True,Female_White,0.0
10827,44--Aerobics/44_Aerobics_Aerobics_44_595.jpg,355.0,27.0,407.0,103.0,1.0,0.0,0.0,0.0,0.0,0.0,1024.0,396.0,0.0097458964646464,Female,White,True,Female_White,0.0
10828,44--Aerobics/44_Aerobics_Aerobics_44_595.jpg,187.0,89.0,225.0,147.0,1.0,1.0,0.0,0.0,0.0,0.0,1024.0,396.0,0.0054352114898989,Female,White,True,Female_White,0.0
10830,44--Aerobics/44_Aerobics_Aerobics_44_752.jpg,756.0,360.0,856.0,492.0,0.0,0.0,0.0,0.0,0.0,0.0,1024.0,768.0,0.01678466796875,Female,White,True,Female_White,0.0
10831,44--Aerobics/44_Aerobics_Aerobics_44_752.jpg,536.0,378.0,630.0,496.0,0.0,0.0,0.0,0.0,0.0,0.0,1024.0,768.0,0.0141042073567708,Female,White,True,Female_White,0.0
10832,44--Aerobics/44_Aerobics_Aerobics_44_752.jpg,366.0,348.0,458.0,468.0,0.0,0.0,0.0,0.0,0.0,0.0,1024.0,768.0,0.0140380859375,Female,White,True,Female_White,0.0
10833,44--Aerobics/44_Aerobics_Aerobics_44_752.jpg,174.0,166.0,260.0,268.0,0.0,0.0,0.0,0.0,0.0,0.0,1024.0,768.0,0.0111541748046875,Female,White,True,Female_White,0.0
10834,44--Aerobics/44_Aerobics_Aerobics_44_752.jpg,300.0,108.0,372.0,212.0,0.0,0.0,0.0,0.0,0.0,0.0,1024.0,768.0,0.009521484375,Female,White,True,Female_White,0.0
10835,44--Aerobics/44_Aerobics_Aerobics_44_752.jpg,378.0,116.0,444.0,200.0,0.0,0.0,0.0,0.0,0.0,0.0,1024.0,768.0,0.007049560546875,Female,White,True,Female_White,0.0
10836,44--Aerobics/44_Aerobics_Aerobics_44_752.jpg,454.0,58.0,524.0,158.0,0.0,0.0,0.0,0.0,0.0,0.0,1024.0,768.0,0.0089009602864583,Female,White,True,Female_White,0.0
10837,44--Aerobics/44_Aerobics_Aerobics_44_752.jpg,582.0,132.0,650.0,218.0,0.0,0.0,0.0,0.0,0.0,0.0,1024.0,768.0,0.0074361165364583,Female,White,True,Female_White,0.0
10838,44--Aerobics/44_Aerobics_Aerobics_44_752.jpg,676.0,128.0,762.0,226.0,0.0,0.0,0.0,0.0,0.0,0.0,1024.0,768.0,0.0107167561848958,Female,White,True,Female_White,0.0
10839,44--Aerobics/44_Aerobics_Aerobics_44_189.jpg,558.0,152.0,702.0,332.0,0.0,0.0,0.0,0.0,0.0,0.0,1024.0,754.0,0.0335709549071618,Female,Indian,True,Female_Indian,1.0
10840,44--Aerobics/44_Aerobics_Aerobics_44_189.jpg,408.0,106.0,508.0,248.0,0.0,0.0,0.0,0.0,0.0,0.0,1024.0,754.0,0.0183914953580901,Female,White,True,Female_White,0.0
10841,44--Aerobics/44_Aerobics_Aerobics_44_189.jpg,266.0,176.0,352.0,274.0,1.0,0.0,0.0,0.0,0.0,0.0,1024.0,754.0,0.0109157410477453,Female,White,True,Female_White,0.0
10845,45--Balloonist/45_Balloonist_Balloonist_45_362.jpg,554.0,342.0,764.0,652.0,0.0,0.0,0.0,0.0,0.0,0.0,1024.0,1279.0,0.0497061913604378,Female,White,True,Female_White,1.0
10862,45--Balloonist/45_Balloonist_Balloonist_45_182.jpg,256.0,120.0,410.0,302.0,0.0,0.0,0.0,0.0,0.0,0.0,1024.0,790.0,0.034646954113924,Female,White,True,Female_White,1.0
10883,45--Balloonist/45_Balloonist_Balloonist_45_1029.jpg,377.0,183.0,649.0,605.0,0.0,0.0,0.0,0.0,0.0,0.0,1024.0,1341.0,0.0835896718866517,Female,White,True,Female_White,3.0
10890,45--Balloonist/45_Balloonist_Balloonist_45_1038.jpg,200.0,392.0,483.0,709.0,0.0,0.0,0.0,0.0,0.0,1.0,1024.0,1366.0,0.0641349915355051,Female,White,True,Female_White,2.0
10901,45--Balloonist/45_Balloonist_Balloonist_45_467.jpg,298.0,94.0,456.0,304.0,0.0,0.0,0.0,0.0,0.0,0.0,1024.0,576.0,0.0562540690104166,Female,Asian,True,Female_Asian,2.0
10902,45--Balloonist/45_Balloonist_Balloonist_45_467.jpg,528.0,64.0,712.0,322.0,0.0,0.0,0.0,0.0,0.0,0.0,1024.0,576.0,0.0804850260416666,Female,Asian,True,Female_Asian,2.0
10906,45--Balloonist/45_Balloonist_Balloonist_45_919.jpg,664.0,94.0,770.0,210.0,0.0,0.0,0.0,0.0,0.0,0.0,1024.0,673.0,0.0178422176820208,Female,White,True,Female_White,0.0
10908,45--Balloonist/45_Balloonist_Balloonist_45_141.jpg,674.0,354.0,752.0,464.0,0.0,0.0,0.0,0.0,0.0,0.0,1024.0,1024.0,0.0081825256347656,Female,White,True,Female_White,0.0
10910,45--Balloonist/45_Balloonist_Balloonist_45_882.jpg,494.0,1087.0,754.0,1414.0,0.0,0.0,0.0,0.0,0.0,1.0,1024.0,1707.0,0.0486393343585237,Female,White,True,Female_White,1.0
10931,45--Balloonist/45_Balloonist_Balloonist_45_679.jpg,725.0,763.0,778.0,832.0,0.0,0.0,1.0,0.0,0.0,0.0,1024.0,1366.0,0.0026144136621522,Female,White,True,Female_White,0.0
10932,45--Balloonist/45_Balloonist_Balloonist_45_744.jpg,442.0,134.0,530.0,270.0,0.0,0.0,0.0,0.0,0.0,0.0,1024.0,768.0,0.0152180989583333,Female,White,True,Female_White,0.0
10937,45--Balloonist/45_Balloonist_Balloonist_45_33.jpg,550.0,148.0,696.0,346.0,0.0,0.0,0.0,0.0,0.0,0.0,1024.0,577.0,0.0489262889948006,Female,White,True,Female_White,1.0
10956,45--Balloonist/45_Balloonist_Balloonist_45_894.jpg,510.0,57.0,539.0,93.0,1.0,0.0,0.0,0.0,0.0,0.0,1024.0,490.0,0.0020806760204081,Female,White,True,Female_White,0.0
10969,46--Jockey/46_Jockey_Jockey_46_122.jpg,290.0,52.0,352.0,136.0,0.0,0.0,0.0,0.0,0.0,1.0,1024.0,561.0,0.0090658422459893,Female,White,True,Female_White,0.0
10970,46--Jockey/46_Jockey_Jockey_46_301.jpg,476.0,138.0,692.0,429.0,0.0,0.0,0.0,0.0,0.0,0.0,1024.0,1417.0,0.0433188514467184,Female,White,True,Female_White,1.0
10977,46--Jockey/46_Jockey_Jockey_46_536.jpg,400.0,28.0,730.0,488.0,0.0,0.0,0.0,0.0,0.0,0.0,1024.0,640.0,0.23162841796875,Female,White,True,Female_White,8.0
10978,46--Jockey/46_Jockey_Jockey_46_948.jpg,184.0,0.0,386.0,242.0,0.0,0.0,0.0,0.0,0.0,0.0,1024.0,640.0,0.074591064453125,Female,White,True,Female_White,2.0
10984,46--Jockey/46_Jockey_Jockey_46_706.jpg,418.0,238.0,812.0,790.0,0.0,0.0,0.0,0.0,0.0,0.0,1024.0,1021.0,0.2080221596474045,Female,White,True,Female_White,7.0
10986,46--Jockey/46_Jockey_Jockey_46_366.jpg,505.0,119.0,753.0,480.0,0.0,0.0,0.0,0.0,0.0,0.0,1024.0,1529.0,0.0571809597776324,Female,White,True,Female_White,2.0
10992,46--Jockey/46_Jockey_Jockey_46_386.jpg,420.0,104.0,558.0,302.0,0.0,0.0,0.0,0.0,1.0,0.0,1024.0,1333.0,0.0200176997374343,Female,White,True,Female_White,0.0
10996,46--Jockey/46_Jockey_Jockey_46_15.jpg,483.0,74.0,518.0,111.0,0.0,0.0,0.0,0.0,0.0,0.0,1024.0,686.0,0.0018435108418367,Female,White,True,Female_White,0.0
10997,46--Jockey/46_Jockey_Jockey_46_1003.jpg,224.0,158.0,368.0,328.0,0.0,0.0,0.0,0.0,1.0,0.0,1024.0,640.0,0.037353515625,Female,White,True,Female_White,1.0
10998,46--Jockey/46_Jockey_Jockey_46_408.jpg,259.0,330.0,374.0,518.0,0.0,0.0,0.0,0.0,0.0,0.0,1024.0,1397.0,0.0151133008231925,Female,White,True,Female_White,0.0
11005,46--Jockey/46_Jockey_Jockey_46_222.jpg,472.0,166.0,548.0,276.0,0.0,0.0,0.0,0.0,0.0,0.0,1024.0,741.0,0.0110176282051282,Female,White,True,Female_White,0.0
11020,46--Jockey/46_Jockey_Jockey_46_857.jpg,718.0,4.0,884.0,184.0,0.0,0.0,0.0,0.0,0.0,0.0,1024.0,640.0,0.04559326171875,Female,White,True,Female_White,1.0
11021,46--Jockey/46_Jockey_Jockey_46_857.jpg,110.0,8.0,220.0,114.0,0.0,0.0,0.0,0.0,0.0,0.0,1024.0,640.0,0.017791748046875,Female,White,True,Female_White,0.0
11022,46--Jockey/46_Jockey_Jockey_46_838.jpg,184.0,60.0,498.0,440.0,0.0,0.0,0.0,0.0,0.0,1.0,1024.0,576.0,0.2022976345486111,Female,White,True,Female_White,7.0
11023,46--Jockey/46_Jockey_Jockey_46_600.jpg,480.0,62.0,532.0,123.0,0.0,0.0,0.0,0.0,0.0,0.0,1024.0,640.0,0.004840087890625,Female,White,True,Female_White,0.0
11024,46--Jockey/46_Jockey_Jockey_46_114.jpg,201.0,519.0,315.0,698.0,0.0,0.0,0.0,0.0,0.0,0.0,1024.0,1392.0,0.0143159011314655,Female,White,True,Female_White,0.0
11027,46--Jockey/46_Jockey_Jockey_46_913.jpg,388.0,230.0,458.0,340.0,0.0,0.0,0.0,0.0,0.0,0.0,1024.0,676.0,0.0111235669378698,Female,White,True,Female_White,0.0
11044,46--Jockey/46_Jockey_Jockey_46_439.jpg,518.0,25.0,734.0,327.0,0.0,0.0,0.0,0.0,0.0,0.0,1024.0,1417.0,0.0449563338038108,Female,White,True,Female_White,1.0
11052,46--Jockey/46_Jockey_Jockey_46_826.jpg,148.0,150.0,388.0,384.0,0.0,0.0,0.0,0.0,0.0,0.0,1024.0,640.0,0.085693359375,Female,White,True,Female_White,3.0
11062,46--Jockey/46_Jockey_Jockey_46_668.jpg,392.0,104.0,576.0,388.0,0.0,0.0,0.0,0.0,0.0,0.0,1024.0,881.0,0.0579242338251986,Female,White,True,Female_White,2.0
11064,46--Jockey/46_Jockey_Jockey_46_749.jpg,466.0,84.0,560.0,216.0,0.0,0.0,0.0,0.0,0.0,0.0,1024.0,640.0,0.01893310546875,Female,White,True,Female_White,0.0
11065,46--Jockey/46_Jockey_Jockey_46_749.jpg,908.0,68.0,1000.0,198.0,0.0,0.0,0.0,0.0,0.0,0.0,1024.0,640.0,0.01824951171875,Female,White,True,Female_White,0.0
11075,47--Matador_Bullfighter/47_Matador_Bullfighter_matadorbullfighting_47_900.jpg,254.0,194.0,605.0,606.0,0.0,0.0,0.0,0.0,0.0,0.0,1024.0,3109.0,0.0454238199581859,Female,White,True,Female_White,1.0
11131,47--Matador_Bullfighter/47_Matador_Bullfighter_matadorbullfighting_47_615.jpg,564.0,264.0,683.0,353.0,0.0,0.0,0.0,0.0,0.0,1.0,1024.0,682.0,0.0151653569464809,Female,White,True,Female_White,0.0
11132,47--Matador_Bullfighter/47_Matador_Bullfighter_matadorbullfighting_47_615.jpg,472.0,388.0,538.0,479.0,0.0,0.0,0.0,0.0,0.0,0.0,1024.0,682.0,0.0086000504032258,Female,White,True,Female_White,0.0
11133,47--Matador_Bullfighter/47_Matador_Bullfighter_matadorbullfighting_47_615.jpg,407.0,221.0,491.0,341.0,0.0,0.0,0.0,0.0,0.0,0.0,1024.0,682.0,0.0144336510263929,Female,White,True,Female_White,0.0
11134,47--Matador_Bullfighter/47_Matador_Bullfighter_matadorbullfighting_47_615.jpg,198.0,365.0,255.0,428.0,1.0,0.0,0.0,0.0,1.0,0.0,1024.0,682.0,0.0051419881781524,Female,White,True,Female_White,0.0
11139,47--Matador_Bullfighter/47_Matador_Bullfighter_Matador_Bullfighter_47_191.jpg,832.0,47.0,877.0,113.0,1.0,0.0,0.0,0.0,0.0,0.0,1024.0,683.0,0.0042465455710102,Female,White,True,Female_White,0.0
11140,47--Matador_Bullfighter/47_Matador_Bullfighter_Matador_Bullfighter_47_191.jpg,136.0,40.0,184.0,103.0,1.0,0.0,1.0,0.0,0.0,0.0,1024.0,683.0,0.0043237554904831,Female,White,True,Female_White,0.0
11146,47--Matador_Bullfighter/47_Matador_Bullfighter_Matador_Bullfighter_47_377.jpg,361.0,233.0,470.0,368.0,0.0,0.0,0.0,0.0,0.0,0.0,1024.0,1134.0,0.0126720610119047,Female,White,True,Female_White,0.0
11148,47--Matador_Bullfighter/47_Matador_Bullfighter_Matador_Bullfighter_47_32.jpg,418.0,64.0,478.0,160.0,0.0,1.0,0.0,0.0,0.0,0.0,1024.0,922.0,0.0061008676789587,Female,White,True,Female_White,0.0
11154,47--Matador_Bullfighter/47_Matador_Bullfighter_matadorbullfighting_47_767.jpg,374.0,84.0,452.0,156.0,1.0,0.0,0.0,0.0,0.0,0.0,1024.0,833.0,0.0065838835534213,Female,White,True,Female_White,0.0
11172,47--Matador_Bullfighter/47_Matador_Bullfighter_Matador_Bullfighter_47_231.jpg,504.0,580.0,551.0,640.0,1.0,0.0,0.0,0.0,0.0,0.0,1024.0,1644.0,0.0016751254562043,Female,White,True,Female_White,0.0
11179,47--Matador_Bullfighter/47_Matador_Bullfighter_Matador_Bullfighter_47_12.jpg,284.0,42.0,336.0,143.0,1.0,0.0,0.0,0.0,0.0,1.0,1024.0,836.0,0.0061350553229665,Female,White,True,Female_White,0.0
11181,47--Matador_Bullfighter/47_Matador_Bullfighter_Matador_Bullfighter_47_590.jpg,437.0,334.0,511.0,440.0,0.0,0.0,0.0,0.0,0.0,0.0,1024.0,1644.0,0.0046594624391727,Female,White,True,Female_White,0.0
11186,47--Matador_Bullfighter/47_Matador_Bullfighter_Matador_Bullfighter_47_572.jpg,721.0,62.0,829.0,229.0,0.0,0.0,0.0,0.0,0.0,0.0,1024.0,1029.0,0.0171168913994169,Female,White,True,Female_White,0.0
11254,47--Matador_Bullfighter/47_Matador_Bullfighter_matadorbullfighting_47_666.jpg,502.0,114.0,602.0,258.0,0.0,0.0,0.0,0.0,0.0,0.0,1024.0,842.0,0.0167013064133016,Female,White,True,Female_White,0.0
11310,48--Parachutist_Paratrooper/48_Parachutist_Paratrooper_Parachutist_Paratrooper_48_733.jpg,730.0,134.0,890.0,276.0,0.0,0.0,0.0,0.0,0.0,0.0,1024.0,686.0,0.0323432944606414,Female,Indian,True,Female_Indian,1.0
11311,48--Parachutist_Paratrooper/48_Parachutist_Paratrooper_Parachutist_Paratrooper_48_733.jpg,508.0,240.0,608.0,336.0,1.0,0.0,0.0,0.0,0.0,0.0,1024.0,686.0,0.0136661807580174,Female,Indian,True,Female_Indian,0.0
11312,48--Parachutist_Paratrooper/48_Parachutist_Paratrooper_Parachutist_Paratrooper_48_733.jpg,362.0,214.0,448.0,318.0,1.0,0.0,0.0,0.0,0.0,0.0,1024.0,686.0,0.0127323250728862,Female,Indian,True,Female_Indian,0.0
11313,48--Parachutist_Paratrooper/48_Parachutist_Paratrooper_Parachutist_Paratrooper_48_733.jpg,274.0,206.0,350.0,298.0,1.0,0.0,0.0,0.0,0.0,0.0,1024.0,686.0,0.0099535349854227,Female,Indian,True,Female_Indian,0.0
11314,48--Parachutist_Paratrooper/48_Parachutist_Paratrooper_Parachutist_Paratrooper_48_733.jpg,214.0,212.0,276.0,282.0,1.0,0.0,0.0,0.0,0.0,0.0,1024.0,686.0,0.0061782525510204,Female,Indian,True,Female_Indian,0.0
11315,48--Parachutist_Paratrooper/48_Parachutist_Paratrooper_Parachutist_Paratrooper_48_733.jpg,124.0,206.0,176.0,270.0,1.0,0.0,0.0,0.0,0.0,0.0,1024.0,686.0,0.004737609329446,Female,Indian,True,Female_Indian,0.0
11328,48--Parachutist_Paratrooper/48_Parachutist_Paratrooper_Parachutist_Paratrooper_48_88.jpg,358.0,228.0,426.0,300.0,0.0,0.0,0.0,0.0,0.0,0.0,1024.0,680.0,0.00703125,Female,White,True,Female_White,0.0
11397,49--Greeting/49_Greeting_peoplegreeting_49_951.jpg,484.0,358.0,722.0,628.0,0.0,0.0,0.0,0.0,0.0,0.0,1024.0,1024.0,0.0612831115722656,Female,White,True,Female_White,2.0
11406,49--Greeting/49_Greeting_peoplegreeting_49_108.jpg,282.0,124.0,350.0,210.0,0.0,0.0,0.0,0.0,0.0,0.0,1024.0,576.0,0.0099148220486111,Female,Asian,True,Female_Asian,0.0
11407,49--Greeting/49_Greeting_peoplegreeting_49_108.jpg,472.0,84.0,542.0,180.0,0.0,1.0,0.0,0.0,0.0,0.0,1024.0,576.0,0.0113932291666666,Female,White,True,Female_White,0.0
11408,49--Greeting/49_Greeting_peoplegreeting_49_108.jpg,664.0,48.0,740.0,148.0,0.0,1.0,0.0,0.0,0.0,0.0,1024.0,576.0,0.0128851996527777,Female,White,True,Female_White,0.0
11422,49--Greeting/49_Greeting_peoplegreeting_49_168.jpg,310.0,84.0,374.0,178.0,0.0,0.0,0.0,0.0,0.0,0.0,1024.0,576.0,0.0101996527777777,Female,White,True,Female_White,0.0
11423,49--Greeting/49_Greeting_peoplegreeting_49_168.jpg,662.0,54.0,730.0,152.0,0.0,0.0,0.0,0.0,0.0,0.0,1024.0,576.0,0.0112982855902777,Female,White,True,Female_White,0.0
11450,49--Greeting/49_Greeting_peoplegreeting_49_196.jpg,190.0,178.0,286.0,328.0,1.0,0.0,1.0,0.0,0.0,0.0,1024.0,802.0,0.0175342892768079,Female,White,True,Female_White,0.0
11451,49--Greeting/49_Greeting_peoplegreeting_49_196.jpg,594.0,294.0,702.0,446.0,1.0,0.0,0.0,0.0,0.0,0.0,1024.0,802.0,0.019989089775561,Female,White,True,Female_White,0.0
11486,49--Greeting/49_Greeting_peoplegreeting_49_145.jpg,148.0,160.0,312.0,406.0,0.0,0.0,0.0,0.0,0.0,0.0,1024.0,682.0,0.0577689699413489,Female,Asian,True,Female_Asian,2.0
11487,49--Greeting/49_Greeting_peoplegreeting_49_145.jpg,410.0,252.0,574.0,472.0,0.0,0.0,0.0,0.0,0.0,0.0,1024.0,682.0,0.0516633064516129,Female,Asian,True,Female_Asian,1.0
11488,49--Greeting/49_Greeting_peoplegreeting_49_145.jpg,340.0,26.0,482.0,216.0,0.0,0.0,0.0,0.0,0.0,0.0,1024.0,682.0,0.0386329270527859,Female,Asian,True,Female_Asian,1.0
11489,49--Greeting/49_Greeting_peoplegreeting_49_145.jpg,570.0,110.0,746.0,326.0,0.0,0.0,0.0,0.0,0.0,0.0,1024.0,682.0,0.0544354838709677,Female,Asian,True,Female_Asian,1.0
11490,49--Greeting/49_Greeting_peoplegreeting_49_308.jpg,468.0,351.0,603.0,504.0,1.0,0.0,0.0,0.0,0.0,0.0,1024.0,1536.0,0.013132095336914,Female,White,True,Female_White,0.0
11491,49--Greeting/49_Greeting_peoplegreeting_49_866.jpg,80.0,154.0,156.0,254.0,0.0,0.0,0.0,0.0,0.0,0.0,1024.0,683.0,0.0108665812591508,Female,White,True,Female_White,0.0
11492,49--Greeting/49_Greeting_peoplegreeting_49_866.jpg,276.0,140.0,348.0,238.0,0.0,0.0,0.0,0.0,0.0,0.0,1024.0,683.0,0.0100887628111273,Female,White,True,Female_White,0.0
11493,49--Greeting/49_Greeting_peoplegreeting_49_866.jpg,436.0,168.0,514.0,272.0,0.0,0.0,0.0,0.0,0.0,0.0,1024.0,683.0,0.0115986456808199,Female,White,True,Female_White,0.0
11494,49--Greeting/49_Greeting_peoplegreeting_49_88.jpg,272.0,214.0,386.0,374.0,0.0,0.0,0.0,0.0,0.0,0.0,1024.0,680.0,0.0261948529411764,Female,Asian,True,Female_Asian,0.0
11495,49--Greeting/49_Greeting_peoplegreeting_49_88.jpg,558.0,244.0,700.0,434.0,0.0,0.0,0.0,0.0,0.0,0.0,1024.0,680.0,0.0387465533088235,Female,Asian,True,Female_Asian,1.0
11517,49--Greeting/49_Greeting_peoplegreeting_49_610.jpg,528.0,388.0,584.0,472.0,0.0,0.0,1.0,0.0,0.0,0.0,1024.0,768.0,0.0059814453125,Female,White,True,Female_White,0.0
11560,49--Greeting/49_Greeting_peoplegreeting_49_645.jpg,233.0,25.0,725.0,673.0,0.0,0.0,0.0,0.0,0.0,0.0,1024.0,1286.0,0.2421024494556765,Female,Asian,True,Female_Asian,9.0
11574,49--Greeting/49_Greeting_peoplegreeting_49_54.jpg,294.0,86.0,366.0,194.0,0.0,0.0,0.0,0.0,0.0,0.0,1024.0,576.0,0.01318359375,Female,White,True,Female_White,0.0
11575,49--Greeting/49_Greeting_peoplegreeting_49_54.jpg,492.0,114.0,562.0,208.0,0.0,0.0,0.0,0.0,0.0,0.0,1024.0,576.0,0.0111558702256944,Female,Asian,True,Female_Asian,0.0
11576,49--Greeting/49_Greeting_peoplegreeting_49_54.jpg,684.0,66.0,756.0,170.0,0.0,0.0,0.0,0.0,0.0,0.0,1024.0,576.0,0.0126953125,Female,White,True,Female_White,0.0
11582,49--Greeting/49_Greeting_peoplegreeting_49_814.jpg,280.0,32.0,662.0,548.0,0.0,0.0,0.0,0.0,0.0,0.0,1024.0,576.0,0.3341878255208333,Female,Black,True,Female_Black,12.0
11594,49--Greeting/49_Greeting_peoplegreeting_49_877.jpg,484.0,527.0,626.0,709.0,1.0,0.0,0.0,0.0,0.0,0.0,1024.0,1579.0,0.0159837120012666,Female,White,True,Female_White,0.0
11597,49--Greeting/49_Greeting_peoplegreeting_49_905.jpg,384.0,90.0,484.0,226.0,0.0,0.0,0.0,0.0,0.0,0.0,1024.0,462.0,0.0287472943722943,Female,White,True,Female_White,1.0
11598,49--Greeting/49_Greeting_peoplegreeting_49_21.jpg,294.0,78.0,368.0,190.0,0.0,0.0,0.0,0.0,0.0,0.0,1024.0,576.0,0.0140516493055555,Female,White,True,Female_White,0.0
11599,49--Greeting/49_Greeting_peoplegreeting_49_21.jpg,500.0,104.0,572.0,200.0,0.0,0.0,0.0,0.0,0.0,0.0,1024.0,576.0,0.01171875,Female,Asian,True,Female_Asian,0.0
11600,49--Greeting/49_Greeting_peoplegreeting_49_21.jpg,682.0,44.0,752.0,148.0,0.0,1.0,0.0,0.0,0.0,0.0,1024.0,576.0,0.0123426649305555,Female,White,True,Female_White,0.0
11621,5--Car_Accident/5_Car_Accident_Accident_5_638.jpg,384.0,52.0,500.0,210.0,0.0,0.0,0.0,0.0,0.0,1.0,1024.0,482.0,0.0371336877593361,Female,White,True,Female_White,1.0
11625,5--Car_Accident/5_Car_Accident_Car_Crash_5_430.jpg,517.0,408.0,575.0,460.0,1.0,0.0,0.0,0.0,0.0,0.0,1024.0,677.0,0.0043505354505169,Female,White,True,Female_White,0.0
11626,5--Car_Accident/5_Car_Accident_Car_Crash_5_555.jpg,521.0,194.0,556.0,251.0,1.0,0.0,0.0,0.0,0.0,0.0,1024.0,684.0,0.0028483072916666,Female,White,True,Female_White,0.0
11633,5--Car_Accident/5_Car_Accident_Car_Crash_5_878.jpg,318.0,246.0,728.0,807.0,0.0,0.0,0.0,0.0,0.0,0.0,1024.0,1614.0,0.1391692321096654,Female,White,True,Female_White,5.0
11640,5--Car_Accident/5_Car_Accident_Car_Crash_5_1011.jpg,487.0,228.0,680.0,520.0,0.0,0.0,0.0,0.0,0.0,0.0,1024.0,1496.0,0.0367882060494652,Female,White,True,Female_White,1.0
11646,5--Car_Accident/5_Car_Accident_Accident_5_810.jpg,256.0,404.0,376.0,482.0,1.0,0.0,0.0,0.0,0.0,1.0,1024.0,889.0,0.0102819178852643,Female,Black,True,Female_Black,0.0
11654,5--Car_Accident/5_Car_Accident_Accident_5_620.jpg,638.0,384.0,732.0,504.0,1.0,0.0,0.0,0.0,0.0,1.0,1024.0,682.0,0.0161519428152492,Female,White,True,Female_White,0.0
11655,5--Car_Accident/5_Car_Accident_Car_Crash_5_383.jpg,611.0,249.0,737.0,486.0,0.0,0.0,0.0,0.0,0.0,0.0,1024.0,1534.0,0.0190105015482398,Female,White,True,Female_White,0.0
11662,5--Car_Accident/5_Car_Accident_Accident_5_938.jpg,503.0,212.0,632.0,379.0,1.0,0.0,0.0,0.0,0.0,0.0,1024.0,1296.0,0.0162330910011574,Female,White,True,Female_White,0.0
11667,5--Car_Accident/5_Car_Accident_Accident_5_771.jpg,430.0,450.0,520.0,588.0,0.0,0.0,0.0,0.0,1.0,0.0,1024.0,1024.0,0.0118446350097656,Female,White,True,Female_White,0.0
11687,5--Car_Accident/5_Car_Accident_Accident_5_793.jpg,527.0,129.0,607.0,267.0,0.0,0.0,0.0,0.0,0.0,0.0,1024.0,1243.0,0.008673572003218,Female,White,True,Female_White,0.0
11695,50--Celebration_Or_Party/50_Celebration_Or_Party_houseparty_50_896.jpg,254.0,305.0,773.0,1114.0,0.0,0.0,0.0,0.0,0.0,0.0,1024.0,1249.0,0.3282868482285828,Female,White,True,Female_White,12.0
11738,50--Celebration_Or_Party/50_Celebration_Or_Party_houseparty_50_216.jpg,230.0,138.0,312.0,240.0,0.0,0.0,0.0,0.0,0.0,0.0,1024.0,770.0,0.0106077516233766,Female,White,True,Female_White,0.0
11748,50--Celebration_Or_Party/50_Celebration_Or_Party_houseparty_50_478.jpg,387.0,181.0,722.0,637.0,0.0,0.0,0.0,0.0,0.0,0.0,1024.0,1404.0,0.1062533386752136,Female,White,True,Female_White,3.0
11757,50--Celebration_Or_Party/50_Celebration_Or_Party_houseparty_50_186.jpg,464.0,102.0,676.0,358.0,0.0,0.0,0.0,0.0,0.0,0.0,1024.0,827.0,0.0640870616686819,Female,White,True,Female_White,2.0
11770,50--Celebration_Or_Party/50_Celebration_Or_Party_houseparty_50_893.jpg,482.0,144.0,784.0,542.0,0.0,0.0,0.0,0.0,0.0,0.0,1024.0,755.0,0.15546875,Female,White,True,Female_White,5.0
11771,50--Celebration_Or_Party/50_Celebration_Or_Party_birthdayparty_50_322.jpg,125.0,296.0,344.0,600.0,0.0,0.0,0.0,0.0,0.0,0.0,1024.0,1367.0,0.0475608083394294,Female,White,True,Female_White,1.0
11774,50--Celebration_Or_Party/50_Celebration_Or_Party_houseparty_50_334.jpg,266.0,327.0,521.0,642.0,0.0,0.0,0.0,0.0,0.0,0.0,1024.0,1482.0,0.0529300828694331,Female,Indian,True,Female_Indian,1.0
11794,50--Celebration_Or_Party/50_Celebration_Or_Party_houseparty_50_879.jpg,538.0,303.0,718.0,501.0,0.0,1.0,0.0,0.0,0.0,1.0,1024.0,1536.0,0.0226593017578125,Female,Black,True,Female_Black,0.0
11795,50--Celebration_Or_Party/50_Celebration_Or_Party_houseparty_50_1042.jpg,318.0,237.0,677.0,739.0,0.0,0.0,0.0,0.0,0.0,0.0,1024.0,1304.0,0.134964831767638,Female,White,True,Female_White,5.0
11799,50--Celebration_Or_Party/50_Celebration_Or_Party_houseparty_50_44.jpg,206.0,32.0,316.0,178.0,0.0,0.0,0.0,0.0,0.0,0.0,1024.0,768.0,0.0204213460286458,Female,White,True,Female_White,0.0
11800,50--Celebration_Or_Party/50_Celebration_Or_Party_houseparty_50_44.jpg,638.0,166.0,732.0,312.0,0.0,0.0,0.0,0.0,0.0,0.0,1024.0,768.0,0.0174509684244791,Female,White,True,Female_White,0.0
11801,50--Celebration_Or_Party/50_Celebration_Or_Party_houseparty_50_458.jpg,484.0,270.0,620.0,446.0,0.0,0.0,0.0,0.0,0.0,0.0,1024.0,629.0,0.0371621621621621,Female,White,True,Female_White,1.0
11802,50--Celebration_Or_Party/50_Celebration_Or_Party_houseparty_50_92.jpg,372.0,72.0,490.0,248.0,0.0,0.0,0.0,0.0,0.0,0.0,1024.0,768.0,0.0264078776041666,Female,White,True,Female_White,0.0
11803,50--Celebration_Or_Party/50_Celebration_Or_Party_houseparty_50_92.jpg,158.0,256.0,318.0,438.0,0.0,0.0,0.0,0.0,0.0,0.0,1024.0,768.0,0.0370279947916666,Female,White,True,Female_White,1.0
11804,50--Celebration_Or_Party/50_Celebration_Or_Party_houseparty_50_92.jpg,372.0,270.0,514.0,488.0,0.0,0.0,0.0,0.0,0.0,0.0,1024.0,768.0,0.0393625895182291,Female,White,True,Female_White,1.0
11805,50--Celebration_Or_Party/50_Celebration_Or_Party_houseparty_50_92.jpg,526.0,228.0,666.0,418.0,0.0,0.0,0.0,0.0,0.0,0.0,1024.0,768.0,0.0338236490885416,Female,Asian,True,Female_Asian,1.0
11806,50--Celebration_Or_Party/50_Celebration_Or_Party_houseparty_50_92.jpg,758.0,234.0,924.0,422.0,0.0,0.0,0.0,0.0,0.0,0.0,1024.0,768.0,0.0396830240885416,Female,White,True,Female_White,1.0
11811,50--Celebration_Or_Party/50_Celebration_Or_Party_houseparty_50_592.jpg,312.0,48.0,612.0,456.0,0.0,0.0,0.0,0.0,0.0,0.0,1024.0,732.0,0.1632940573770492,Female,White,True,Female_White,6.0
11812,50--Celebration_Or_Party/50_Celebration_Or_Party_houseparty_50_592.jpg,604.0,120.0,890.0,560.0,0.0,1.0,0.0,0.0,0.0,0.0,1024.0,732.0,0.1678833674863388,Female,White,True,Female_White,6.0
11826,50--Celebration_Or_Party/50_Celebration_Or_Party_houseparty_50_887.jpg,395.0,175.0,576.0,428.0,0.0,0.0,0.0,0.0,0.0,0.0,1024.0,1543.0,0.0289823244086195,Female,Indian,True,Female_Indian,1.0
11827,50--Celebration_Or_Party/50_Celebration_Or_Party_houseparty_50_762.jpg,345.0,217.0,662.0,696.0,0.0,0.0,0.0,0.0,0.0,0.0,1024.0,1461.0,0.1014949895191649,Female,White,True,Female_White,3.0
11833,50--Celebration_Or_Party/50_Celebration_Or_Party_houseparty_50_409.jpg,423.0,338.0,576.0,544.0,0.0,0.0,1.0,0.0,0.0,0.0,1024.0,1819.0,0.0169209988317757,Female,White,True,Female_White,0.0
11835,50--Celebration_Or_Party/50_Celebration_Or_Party_houseparty_50_614.jpg,372.0,230.0,580.0,530.0,0.0,0.0,0.0,0.0,0.0,0.0,1024.0,1024.0,0.05950927734375,Female,White,True,Female_White,2.0
11840,50--Celebration_Or_Party/50_Celebration_Or_Party_birthdayparty_50_343.jpg,338.0,152.0,544.0,386.0,0.0,0.0,0.0,0.0,0.0,0.0,1024.0,1024.0,0.0459709167480468,Female,White,True,Female_White,1.0
11859,50--Celebration_Or_Party/50_Celebration_Or_Party_birthdayparty_50_154.jpg,196.0,744.0,240.0,805.0,1.0,0.0,0.0,0.0,0.0,0.0,1024.0,1259.0,0.0020818854249404,Female,White,True,Female_White,0.0
11860,50--Celebration_Or_Party/50_Celebration_Or_Party_houseparty_50_856.jpg,413.0,144.0,533.0,303.0,0.0,0.0,0.0,0.0,0.0,0.0,1024.0,1532.0,0.0121624102480417,Female,White,True,Female_White,0.0
11861,50--Celebration_Or_Party/50_Celebration_Or_Party_houseparty_50_1020.jpg,424.0,121.0,592.0,344.0,0.0,0.0,0.0,0.0,0.0,0.0,1024.0,1872.0,0.0195437700320512,Female,White,True,Female_White,0.0
11886,50--Celebration_Or_Party/50_Celebration_Or_Party_houseparty_50_121.jpg,526.0,244.0,708.0,518.0,0.0,0.0,0.0,0.0,0.0,0.0,1024.0,732.0,0.0665289873633879,Female,White,True,Female_White,2.0
11887,50--Celebration_Or_Party/50_Celebration_Or_Party_houseparty_50_121.jpg,688.0,138.0,918.0,464.0,0.0,1.0,0.0,0.0,0.0,0.0,1024.0,732.0,0.1000309511612021,Female,White,True,Female_White,3.0
11904,50--Celebration_Or_Party/50_Celebration_Or_Party_houseparty_50_787.jpg,378.0,196.0,666.0,600.0,0.0,0.0,0.0,0.0,0.0,0.0,1024.0,1477.0,0.076929587000677,Female,White,True,Female_White,2.0
11920,50--Celebration_Or_Party/50_Celebration_Or_Party_houseparty_50_588.jpg,319.0,159.0,593.0,504.0,0.0,0.0,0.0,0.0,0.0,0.0,1024.0,1509.0,0.0611759132703777,Female,White,True,Female_White,2.0
11921,50--Celebration_Or_Party/50_Celebration_Or_Party_houseparty_50_588.jpg,118.0,593.0,207.0,693.0,0.0,0.0,0.0,0.0,0.0,0.0,1024.0,1509.0,0.0057597125579854,Female,White,True,Female_White,0.0
11924,50--Celebration_Or_Party/50_Celebration_Or_Party_birthdayparty_50_320.jpg,629.0,157.0,1015.0,738.0,0.0,0.0,0.0,0.0,0.0,0.0,1024.0,1541.0,0.1421218466093445,Female,White,True,Female_White,5.0
11931,50--Celebration_Or_Party/50_Celebration_Or_Party_houseparty_50_941.jpg,377.0,104.0,537.0,306.0,0.0,0.0,0.0,0.0,0.0,0.0,1024.0,1520.0,0.0207648026315789,Female,White,True,Female_White,0.0
11932,50--Celebration_Or_Party/50_Celebration_Or_Party_houseparty_50_279.jpg,143.0,245.0,180.0,286.0,0.0,0.0,0.0,0.0,0.0,0.0,1024.0,679.0,0.0021818045839469,Female,White,True,Female_White,0.0
11933,50--Celebration_Or_Party/50_Celebration_Or_Party_houseparty_50_279.jpg,304.0,265.0,339.0,305.0,0.0,0.0,0.0,0.0,0.0,0.0,1024.0,679.0,0.002013530927835,Female,White,True,Female_White,0.0
11934,50--Celebration_Or_Party/50_Celebration_Or_Party_houseparty_50_279.jpg,46.0,250.0,85.0,286.0,0.0,0.0,0.0,0.0,0.0,0.0,1024.0,679.0,0.0020192838733431,Female,White,True,Female_White,0.0
11935,50--Celebration_Or_Party/50_Celebration_Or_Party_houseparty_50_279.jpg,211.0,371.0,253.0,418.0,0.0,0.0,0.0,0.0,0.0,0.0,1024.0,679.0,0.0028390786082474,Female,White,True,Female_White,0.0
11936,50--Celebration_Or_Party/50_Celebration_Or_Party_houseparty_50_279.jpg,223.0,260.0,261.0,306.0,0.0,0.0,0.0,0.0,0.0,0.0,1024.0,679.0,0.0025140371870397,Female,White,True,Female_White,0.0
11937,50--Celebration_Or_Party/50_Celebration_Or_Party_houseparty_50_279.jpg,285.0,223.0,318.0,264.0,0.0,0.0,0.0,0.0,0.0,0.0,1024.0,679.0,0.0019459338181148,Female,White,True,Female_White,0.0
11938,50--Celebration_Or_Party/50_Celebration_Or_Party_houseparty_50_279.jpg,366.0,214.0,399.0,254.0,0.0,0.0,0.0,0.0,0.0,0.0,1024.0,679.0,0.001898472017673,Female,White,True,Female_White,0.0
11939,50--Celebration_Or_Party/50_Celebration_Or_Party_houseparty_50_279.jpg,385.0,266.0,424.0,310.0,0.0,0.0,0.0,0.0,0.0,0.0,1024.0,679.0,0.0024680136229749,Female,White,True,Female_White,0.0
11940,50--Celebration_Or_Party/50_Celebration_Or_Party_houseparty_50_279.jpg,429.0,242.0,462.0,283.0,0.0,0.0,0.0,0.0,0.0,0.0,1024.0,679.0,0.0019459338181148,Female,White,True,Female_White,0.0
11941,50--Celebration_Or_Party/50_Celebration_Or_Party_houseparty_50_279.jpg,405.0,211.0,435.0,247.0,0.0,0.0,0.0,0.0,0.0,0.0,1024.0,679.0,0.001553295287187,Female,White,True,Female_White,0.0
11942,50--Celebration_Or_Party/50_Celebration_Or_Party_houseparty_50_279.jpg,463.0,218.0,498.0,261.0,0.0,0.0,0.0,0.0,0.0,0.0,1024.0,679.0,0.0021645457474226,Female,White,True,Female_White,0.0
11943,50--Celebration_Or_Party/50_Celebration_Or_Party_houseparty_50_279.jpg,532.0,165.0,565.0,212.0,0.0,0.0,0.0,0.0,0.0,0.0,1024.0,679.0,0.0022307046207658,Female,White,True,Female_White,0.0
11944,50--Celebration_Or_Party/50_Celebration_Or_Party_houseparty_50_279.jpg,845.0,226.0,889.0,281.0,0.0,0.0,0.0,0.0,0.0,0.0,1024.0,679.0,0.0034805320324005,Female,Black,True,Female_Black,0.0
11945,50--Celebration_Or_Party/50_Celebration_Or_Party_houseparty_50_279.jpg,767.0,219.0,804.0,269.0,0.0,0.0,0.0,0.0,0.0,0.0,1024.0,679.0,0.0026607372974963,Female,White,True,Female_White,0.0
11946,50--Celebration_Or_Party/50_Celebration_Or_Party_houseparty_50_279.jpg,693.0,230.0,729.0,275.0,0.0,0.0,0.0,0.0,0.0,0.0,1024.0,679.0,0.0023299429307805,Female,White,True,Female_White,0.0
11947,50--Celebration_Or_Party/50_Celebration_Or_Party_houseparty_50_279.jpg,517.0,255.0,550.0,298.0,0.0,0.0,0.0,0.0,0.0,0.0,1024.0,679.0,0.0020408574189985,Female,White,True,Female_White,0.0
11948,50--Celebration_Or_Party/50_Celebration_Or_Party_houseparty_50_279.jpg,500.0,364.0,542.0,418.0,0.0,0.0,0.0,0.0,0.0,0.0,1024.0,679.0,0.0032619201030927,Female,White,True,Female_White,0.0
11949,50--Celebration_Or_Party/50_Celebration_Or_Party_houseparty_50_279.jpg,590.0,273.0,625.0,314.0,0.0,0.0,0.0,0.0,0.0,0.0,1024.0,679.0,0.0020638692010309,Female,White,True,Female_White,0.0
11950,50--Celebration_Or_Party/50_Celebration_Or_Party_houseparty_50_279.jpg,646.0,297.0,681.0,346.0,0.0,0.0,0.0,0.0,0.0,0.0,1024.0,679.0,0.0024665753865979,Female,White,True,Female_White,0.0
11951,50--Celebration_Or_Party/50_Celebration_Or_Party_houseparty_50_279.jpg,719.0,303.0,754.0,346.0,0.0,0.0,0.0,0.0,0.0,0.0,1024.0,679.0,0.0021645457474226,Female,White,True,Female_White,0.0
11952,50--Celebration_Or_Party/50_Celebration_Or_Party_houseparty_50_279.jpg,602.0,354.0,644.0,408.0,0.0,0.0,0.0,0.0,0.0,0.0,1024.0,679.0,0.0032619201030927,Female,White,True,Female_White,0.0
11953,50--Celebration_Or_Party/50_Celebration_Or_Party_houseparty_50_279.jpg,708.0,411.0,753.0,471.0,0.0,0.0,0.0,0.0,0.0,0.0,1024.0,679.0,0.0038832382179675,Female,Black,True,Female_Black,0.0
11954,50--Celebration_Or_Party/50_Celebration_Or_Party_houseparty_50_279.jpg,629.0,142.0,666.0,193.0,0.0,0.0,0.0,0.0,0.0,0.0,1024.0,679.0,0.0027139520434462,Female,White,True,Female_White,0.0
11955,50--Celebration_Or_Party/50_Celebration_Or_Party_houseparty_50_279.jpg,392.0,363.0,438.0,423.0,0.0,0.0,0.0,0.0,0.0,0.0,1024.0,679.0,0.0039695324005891,Female,Black,True,Female_Black,0.0
11956,50--Celebration_Or_Party/50_Celebration_Or_Party_houseparty_50_279.jpg,680.0,509.0,730.0,568.0,0.0,0.0,0.0,0.0,0.0,0.0,1024.0,679.0,0.0042427973122238,Female,White,True,Female_White,0.0
11957,50--Celebration_Or_Party/50_Celebration_Or_Party_houseparty_50_279.jpg,598.0,491.0,646.0,547.0,0.0,0.0,0.0,0.0,0.0,0.0,1024.0,679.0,0.0038659793814432,Female,White,True,Female_White,0.0
11958,50--Celebration_Or_Party/50_Celebration_Or_Party_houseparty_50_279.jpg,522.0,522.0,567.0,576.0,0.0,0.0,0.0,0.0,0.0,0.0,1024.0,679.0,0.0034949143961708,Female,White,True,Female_White,0.0
11959,50--Celebration_Or_Party/50_Celebration_Or_Party_houseparty_50_279.jpg,435.0,521.0,477.0,574.0,0.0,0.0,0.0,0.0,0.0,0.0,1024.0,679.0,0.0032015141752577,Female,White,True,Female_White,0.0
11960,50--Celebration_Or_Party/50_Celebration_Or_Party_houseparty_50_279.jpg,342.0,527.0,383.0,580.0,0.0,0.0,0.0,0.0,0.0,0.0,1024.0,679.0,0.0031252876472754,Female,White,True,Female_White,0.0
11962,50--Celebration_Or_Party/50_Celebration_Or_Party_birthdayparty_50_137.jpg,35.0,193.0,78.0,249.0,0.0,0.0,0.0,0.0,0.0,0.0,1024.0,683.0,0.0034429904831625,Female,White,True,Female_White,0.0
11963,50--Celebration_Or_Party/50_Celebration_Or_Party_birthdayparty_50_137.jpg,82.0,223.0,127.0,283.0,0.0,0.0,0.0,0.0,0.0,0.0,1024.0,683.0,0.0038604959736456,Female,White,True,Female_White,0.0
11964,50--Celebration_Or_Party/50_Celebration_Or_Party_birthdayparty_50_137.jpg,165.0,243.0,212.0,305.0,0.0,0.0,0.0,0.0,0.0,0.0,1024.0,683.0,0.0041664760248901,Female,White,True,Female_White,0.0
11965,50--Celebration_Or_Party/50_Celebration_Or_Party_birthdayparty_50_137.jpg,234.0,209.0,276.0,266.0,0.0,0.0,0.0,0.0,0.0,0.0,1024.0,683.0,0.0034229730966325,Female,White,True,Female_White,0.0
11966,50--Celebration_Or_Party/50_Celebration_Or_Party_birthdayparty_50_137.jpg,318.0,219.0,363.0,280.0,0.0,0.0,0.0,0.0,0.0,0.0,1024.0,683.0,0.0039248375732064,Female,White,True,Female_White,0.0
11967,50--Celebration_Or_Party/50_Celebration_Or_Party_birthdayparty_50_137.jpg,381.0,187.0,427.0,245.0,0.0,0.0,0.0,0.0,0.0,0.0,1024.0,683.0,0.0038147419472913,Female,White,True,Female_White,0.0
11968,50--Celebration_Or_Party/50_Celebration_Or_Party_birthdayparty_50_137.jpg,479.0,229.0,521.0,290.0,0.0,0.0,0.0,0.0,0.0,0.0,1024.0,683.0,0.0036631817349926,Female,White,True,Female_White,0.0
11969,50--Celebration_Or_Party/50_Celebration_Or_Party_birthdayparty_50_137.jpg,588.0,200.0,638.0,264.0,0.0,0.0,0.0,0.0,0.0,0.0,1024.0,683.0,0.0045754026354319,Female,White,True,Female_White,0.0
11970,50--Celebration_Or_Party/50_Celebration_Or_Party_birthdayparty_50_137.jpg,690.0,200.0,730.0,258.0,0.0,0.0,0.0,0.0,0.0,0.0,1024.0,683.0,0.0033171669106881,Female,White,True,Female_White,0.0
11971,50--Celebration_Or_Party/50_Celebration_Or_Party_birthdayparty_50_137.jpg,750.0,215.0,798.0,282.0,0.0,0.0,0.0,0.0,0.0,0.0,1024.0,683.0,0.004598279648609,Female,White,True,Female_White,0.0
11972,50--Celebration_Or_Party/50_Celebration_Or_Party_birthdayparty_50_137.jpg,842.0,215.0,895.0,287.0,0.0,0.0,0.0,0.0,0.0,0.0,1024.0,683.0,0.0054561676427525,Female,White,True,Female_White,0.0
11997,50--Celebration_Or_Party/50_Celebration_Or_Party_birthdayparty_50_85.jpg,16.0,324.0,148.0,516.0,0.0,0.0,0.0,0.0,0.0,0.0,1024.0,847.0,0.0292207792207792,Female,White,True,Female_White,1.0
11998,50--Celebration_Or_Party/50_Celebration_Or_Party_birthdayparty_50_85.jpg,150.0,216.0,292.0,402.0,0.0,0.0,0.0,0.0,0.0,0.0,1024.0,847.0,0.0304521472845336,Female,White,True,Female_White,1.0
11999,50--Celebration_Or_Party/50_Celebration_Or_Party_birthdayparty_50_85.jpg,420.0,298.0,574.0,500.0,0.0,0.0,0.0,0.0,0.0,0.0,1024.0,847.0,0.0358664772727272,Female,White,True,Female_White,1.0
12000,50--Celebration_Or_Party/50_Celebration_Or_Party_birthdayparty_50_85.jpg,636.0,386.0,780.0,564.0,0.0,0.0,0.0,0.0,0.0,0.0,1024.0,847.0,0.0295528335301062,Female,White,True,Female_White,1.0
12001,50--Celebration_Or_Party/50_Celebration_Or_Party_birthdayparty_50_85.jpg,834.0,370.0,952.0,558.0,0.0,0.0,0.0,0.0,0.0,0.0,1024.0,847.0,0.0255774055489964,Female,White,True,Female_White,0.0
12011,51--Dresses/51_Dresses_wearingdress_51_120.jpg,352.0,91.0,552.0,350.0,0.0,0.0,0.0,0.0,0.0,0.0,1024.0,1366.0,0.037032165080527,Female,White,True,Female_White,1.0
12016,51--Dresses/51_Dresses_wearingdress_51_932.jpg,424.0,103.0,564.0,313.0,0.0,0.0,0.0,0.0,0.0,0.0,1024.0,1709.0,0.0167998464014043,Female,White,True,Female_White,0.0
12017,51--Dresses/51_Dresses_wearingdress_51_375.jpg,136.0,66.0,206.0,154.0,1.0,0.0,0.0,0.0,0.0,0.0,1024.0,978.0,0.0061509458077709,Female,White,True,Female_White,0.0
12018,51--Dresses/51_Dresses_wearingdress_51_375.jpg,502.0,56.0,576.0,168.0,0.0,0.0,0.0,0.0,0.0,0.0,1024.0,978.0,0.00827581799591,Female,White,True,Female_White,0.0
12019,51--Dresses/51_Dresses_wearingdress_51_375.jpg,820.0,60.0,890.0,160.0,0.0,0.0,0.0,0.0,0.0,0.0,1024.0,978.0,0.0069897111451942,Female,White,True,Female_White,0.0
12020,51--Dresses/51_Dresses_wearingdress_51_514.jpg,423.0,228.0,634.0,504.0,0.0,0.0,0.0,0.0,0.0,0.0,1024.0,1663.0,0.0341978916115454,Female,White,True,Female_White,1.0
12021,51--Dresses/51_Dresses_wearingdress_51_832.jpg,399.0,43.0,514.0,201.0,0.0,0.0,1.0,0.0,0.0,0.0,1024.0,1374.0,0.0129142217066957,Female,White,True,Female_White,0.0
12022,51--Dresses/51_Dresses_wearingdress_51_10.jpg,412.0,83.0,543.0,265.0,0.0,0.0,0.0,0.0,0.0,0.0,1024.0,1631.0,0.0142754157725321,Female,White,True,Female_White,0.0
12023,51--Dresses/51_Dresses_wearingdress_51_208.jpg,467.0,130.0,594.0,324.0,0.0,0.0,0.0,0.0,0.0,0.0,1024.0,1552.0,0.0155029296875,Female,White,True,Female_White,0.0
12025,51--Dresses/51_Dresses_wearingdress_51_308.jpg,494.0,65.0,614.0,247.0,0.0,0.0,1.0,0.0,0.0,0.0,1024.0,1391.0,0.0153329439252336,Female,White,True,Female_White,0.0
12027,51--Dresses/51_Dresses_wearingdress_51_50.jpg,411.0,78.0,699.0,369.0,0.0,0.0,0.0,0.0,0.0,0.0,1024.0,1536.0,0.05328369140625,Female,White,True,Female_White,1.0
12028,51--Dresses/51_Dresses_wearingdress_51_411.jpg,491.0,122.0,634.0,374.0,0.0,0.0,0.0,0.0,0.0,0.0,1024.0,1358.0,0.0259141430412371,Female,White,True,Female_White,0.0
12029,51--Dresses/51_Dresses_wearingdress_51_411.jpg,817.0,772.0,944.0,942.0,1.0,0.0,0.0,0.0,1.0,0.0,1024.0,1358.0,0.0155257616899852,Female,White,True,Female_White,0.0
12035,51--Dresses/51_Dresses_wearingdress_51_54.jpg,453.0,302.0,630.0,572.0,0.0,0.0,0.0,0.0,0.0,0.0,1024.0,1643.0,0.0284053085057821,Female,White,True,Female_White,1.0
12039,51--Dresses/51_Dresses_wearingdress_51_1009.jpg,319.0,220.0,626.0,604.0,0.0,0.0,0.0,0.0,0.0,0.0,1024.0,1524.0,0.0755413385826771,Female,White,True,Female_White,2.0
12040,51--Dresses/51_Dresses_wearingdress_51_119.jpg,325.0,215.0,424.0,363.0,0.0,0.0,0.0,0.0,0.0,0.0,1024.0,1486.0,0.0096289325370121,Female,White,True,Female_White,0.0
12041,51--Dresses/51_Dresses_wearingdress_51_119.jpg,804.0,102.0,917.0,264.0,0.0,0.0,0.0,0.0,0.0,0.0,1024.0,1486.0,0.0120302510935397,Female,White,True,Female_White,0.0
12042,51--Dresses/51_Dresses_wearingdress_51_303.jpg,383.0,108.0,526.0,305.0,0.0,0.0,0.0,0.0,0.0,0.0,1024.0,1379.0,0.0199497767857142,Female,White,True,Female_White,0.0
12043,51--Dresses/51_Dresses_wearingdress_51_637.jpg,466.0,159.0,560.0,289.0,0.0,0.0,0.0,0.0,0.0,0.0,1024.0,1512.0,0.0078925884589947,Female,White,True,Female_White,0.0
12049,51--Dresses/51_Dresses_wearingdress_51_489.jpg,518.0,62.0,676.0,290.0,0.0,0.0,0.0,0.0,0.0,0.0,1024.0,1980.0,0.0177675189393939,Female,White,True,Female_White,0.0
12052,51--Dresses/51_Dresses_wearingdress_51_840.jpg,422.0,165.0,546.0,367.0,0.0,0.0,0.0,0.0,0.0,0.0,1024.0,1480.0,0.0165276604729729,Female,White,True,Female_White,0.0
12053,51--Dresses/51_Dresses_wearingdress_51_404.jpg,472.0,65.0,597.0,213.0,0.0,0.0,0.0,0.0,0.0,0.0,1024.0,1518.0,0.0119014533926218,Female,White,True,Female_White,0.0
12054,51--Dresses/51_Dresses_wearingdress_51_6.jpg,392.0,109.0,509.0,293.0,0.0,0.0,0.0,0.0,0.0,0.0,1024.0,1366.0,0.0153905106149341,Female,White,True,Female_White,0.0
12055,51--Dresses/51_Dresses_wearingdress_51_201.jpg,323.0,231.0,510.0,486.0,0.0,0.0,0.0,0.0,0.0,0.0,1024.0,1392.0,0.033453579606681,Female,White,True,Female_White,1.0
12056,51--Dresses/51_Dresses_wearingdress_51_754.jpg,382.0,85.0,519.0,297.0,0.0,0.0,0.0,0.0,0.0,0.0,1024.0,1280.0,0.0221588134765625,Female,White,True,Female_White,0.0
12057,51--Dresses/51_Dresses_wearingdress_51_714.jpg,402.0,212.0,545.0,396.0,0.0,0.0,0.0,0.0,0.0,0.0,1024.0,1469.0,0.017491703539823,Female,White,True,Female_White,0.0
12058,51--Dresses/51_Dresses_wearingdress_51_419.jpg,142.0,46.0,236.0,178.0,0.0,0.0,0.0,0.0,0.0,0.0,1024.0,1024.0,0.0118331909179687,Female,White,True,Female_White,0.0
12059,51--Dresses/51_Dresses_wearingdress_51_419.jpg,588.0,94.0,762.0,334.0,0.0,0.0,0.0,0.0,0.0,0.0,1024.0,1024.0,0.039825439453125,Female,White,True,Female_White,1.0
12060,51--Dresses/51_Dresses_wearingdress_51_550.jpg,206.0,59.0,279.0,156.0,0.0,0.0,0.0,0.0,0.0,0.0,1024.0,1076.0,0.0064266162290892,Female,White,True,Female_White,0.0
12061,51--Dresses/51_Dresses_wearingdress_51_550.jpg,726.0,63.0,804.0,162.0,0.0,0.0,0.0,0.0,0.0,0.0,1024.0,1076.0,0.0070083788336431,Female,White,True,Female_White,0.0
12064,51--Dresses/51_Dresses_wearingdress_51_511.jpg,240.0,48.0,298.0,130.0,0.0,0.0,0.0,0.0,0.0,0.0,1024.0,1024.0,0.0045356750488281,Female,White,True,Female_White,0.0
12065,51--Dresses/51_Dresses_wearingdress_51_511.jpg,738.0,74.0,800.0,150.0,0.0,0.0,0.0,0.0,0.0,0.0,1024.0,1024.0,0.0044937133789062,Female,White,True,Female_White,0.0
12066,51--Dresses/51_Dresses_wearingdress_51_511.jpg,930.0,844.0,988.0,916.0,0.0,0.0,0.0,0.0,0.0,0.0,1024.0,1024.0,0.0039825439453125,Female,White,True,Female_White,0.0
12068,51--Dresses/51_Dresses_wearingdress_51_429.jpg,213.0,60.0,333.0,222.0,0.0,0.0,0.0,0.0,0.0,0.0,1024.0,1535.0,0.0123676710097719,Female,White,True,Female_White,0.0
12069,51--Dresses/51_Dresses_wearingdress_51_429.jpg,653.0,48.0,749.0,207.0,0.0,0.0,0.0,0.0,0.0,0.0,1024.0,1535.0,0.0097109120521172,Female,White,True,Female_White,0.0
12071,51--Dresses/51_Dresses_wearingdress_51_65.jpg,318.0,102.0,510.0,345.0,0.0,0.0,0.0,0.0,0.0,0.0,1024.0,1536.0,0.0296630859375,Female,White,True,Female_White,1.0
12073,51--Dresses/51_Dresses_wearingdress_51_99.jpg,438.0,219.0,699.0,567.0,0.0,0.0,0.0,0.0,0.0,0.0,1024.0,1536.0,0.0577468872070312,Female,White,True,Female_White,2.0
12076,51--Dresses/51_Dresses_wearingdress_51_481.jpg,223.0,55.0,297.0,162.0,0.0,0.0,0.0,0.0,0.0,0.0,1024.0,1077.0,0.0071795931987,Female,White,True,Female_White,0.0
12077,51--Dresses/51_Dresses_wearingdress_51_481.jpg,751.0,114.0,909.0,349.0,0.0,0.0,0.0,0.0,0.0,0.0,1024.0,1077.0,0.033667377553389,Female,White,True,Female_White,1.0
12078,51--Dresses/51_Dresses_wearingdress_51_155.jpg,384.0,107.0,496.0,250.0,0.0,0.0,0.0,0.0,0.0,0.0,1024.0,1438.0,0.0108766515994436,Female,White,True,Female_White,0.0
12079,51--Dresses/51_Dresses_wearingdress_51_446.jpg,182.0,40.0,266.0,154.0,0.0,0.0,0.0,0.0,0.0,0.0,1024.0,1024.0,0.0091323852539062,Female,White,True,Female_White,0.0
12080,51--Dresses/51_Dresses_wearingdress_51_446.jpg,754.0,72.0,914.0,298.0,0.0,0.0,0.0,0.0,0.0,0.0,1024.0,1024.0,0.03448486328125,Female,White,True,Female_White,1.0
12084,51--Dresses/51_Dresses_wearingdress_51_53.jpg,308.0,263.0,461.0,479.0,0.0,0.0,0.0,0.0,0.0,0.0,1024.0,1536.0,0.0210113525390625,Female,White,True,Female_White,0.0
12085,51--Dresses/51_Dresses_wearingdress_51_53.jpg,171.0,575.0,321.0,782.0,0.0,0.0,0.0,0.0,0.0,0.0,1024.0,1536.0,0.0197410583496093,Female,White,True,Female_White,0.0
12086,51--Dresses/51_Dresses_wearingdress_51_53.jpg,623.0,428.0,782.0,644.0,0.0,0.0,0.0,0.0,0.0,0.0,1024.0,1536.0,0.0218353271484375,Female,White,True,Female_White,0.0
12087,51--Dresses/51_Dresses_wearingdress_51_53.jpg,425.0,686.0,551.0,923.0,0.0,1.0,0.0,0.0,0.0,0.0,1024.0,1536.0,0.0189857482910156,Female,White,True,Female_White,0.0
12088,51--Dresses/51_Dresses_wearingdress_51_53.jpg,219.0,925.0,366.0,1117.0,0.0,0.0,0.0,0.0,0.0,0.0,1024.0,1536.0,0.0179443359375,Female,White,True,Female_White,0.0
12091,51--Dresses/51_Dresses_wearingdress_51_360.jpg,484.0,84.0,606.0,290.0,0.0,0.0,1.0,0.0,0.0,0.0,1024.0,1528.0,0.0160621523232984,Female,White,True,Female_White,0.0
12092,51--Dresses/51_Dresses_wearingdress_51_133.jpg,422.0,89.0,589.0,323.0,0.0,0.0,0.0,0.0,0.0,0.0,1024.0,1815.0,0.0210259555785123,Female,White,True,Female_White,0.0
12093,51--Dresses/51_Dresses_wearingdress_51_728.jpg,408.0,198.0,472.0,300.0,0.0,0.0,0.0,0.0,0.0,0.0,1024.0,1024.0,0.0062255859375,Female,White,True,Female_White,0.0
12094,51--Dresses/51_Dresses_wearingdress_51_728.jpg,540.0,130.0,608.0,232.0,1.0,0.0,0.0,0.0,0.0,0.0,1024.0,1024.0,0.0066146850585937,Female,White,True,Female_White,0.0
12100,51--Dresses/51_Dresses_wearingdress_51_747.jpg,338.0,19.0,573.0,307.0,0.0,0.0,0.0,0.0,0.0,0.0,1024.0,1603.0,0.0412312850904554,Female,White,True,Female_White,1.0
12110,51--Dresses/51_Dresses_wearingdress_51_595.jpg,370.0,232.0,611.0,575.0,0.0,0.0,1.0,0.0,0.0,0.0,1024.0,1543.0,0.0523172948395981,Female,Indian,True,Female_Indian,1.0
12111,51--Dresses/51_Dresses_wearingdress_51_353.jpg,365.0,82.0,442.0,194.0,0.0,0.0,0.0,0.0,0.0,0.0,1024.0,1309.0,0.0064338235294117,Female,White,True,Female_White,0.0
12112,51--Dresses/51_Dresses_wearingdress_51_825.jpg,310.0,232.0,412.0,395.0,0.0,0.0,0.0,0.0,0.0,0.0,1024.0,1541.0,0.010536228504218,Female,White,True,Female_White,0.0
12113,51--Dresses/51_Dresses_wearingdress_51_825.jpg,569.0,154.0,683.0,311.0,0.0,0.0,0.0,0.0,0.0,0.0,1024.0,1541.0,0.0113423203277092,Female,White,True,Female_White,0.0
12116,51--Dresses/51_Dresses_wearingdress_51_781.jpg,288.0,151.0,579.0,590.0,0.0,0.0,0.0,0.0,0.0,0.0,1024.0,1521.0,0.0820216192061144,Female,White,True,Female_White,3.0
12117,51--Dresses/51_Dresses_wearingdress_51_931.jpg,214.0,42.0,276.0,130.0,0.0,0.0,0.0,0.0,0.0,0.0,1024.0,864.0,0.0061668113425925,Female,White,True,Female_White,0.0
12118,51--Dresses/51_Dresses_wearingdress_51_931.jpg,786.0,68.0,850.0,164.0,1.0,0.0,0.0,0.0,1.0,0.0,1024.0,864.0,0.0069444444444444,Female,White,True,Female_White,0.0
12124,51--Dresses/51_Dresses_wearingdress_51_899.jpg,138.0,34.0,206.0,124.0,0.0,0.0,0.0,0.0,0.0,0.0,1024.0,854.0,0.0069983167447306,Female,White,True,Female_White,0.0
12125,51--Dresses/51_Dresses_wearingdress_51_899.jpg,444.0,12.0,510.0,108.0,0.0,1.0,0.0,0.0,0.0,0.0,1024.0,854.0,0.0072453161592505,Female,White,True,Female_White,0.0
12126,51--Dresses/51_Dresses_wearingdress_51_899.jpg,808.0,32.0,870.0,124.0,0.0,0.0,0.0,0.0,0.0,0.0,1024.0,854.0,0.0065226141686182,Female,White,True,Female_White,0.0
12127,51--Dresses/51_Dresses_wearingdress_51_1036.jpg,334.0,92.0,602.0,478.0,0.0,0.0,0.0,0.0,0.0,0.0,1024.0,640.0,0.15784912109375,Female,White,True,Female_White,5.0
12138,51--Dresses/51_Dresses_wearingdress_51_262.jpg,417.0,162.0,525.0,312.0,0.0,0.0,0.0,0.0,1.0,0.0,1024.0,1536.0,0.0102996826171875,Female,White,True,Female_White,0.0
12145,51--Dresses/51_Dresses_wearingdress_51_55.jpg,410.0,250.0,709.0,671.0,0.0,0.0,0.0,0.0,0.0,0.0,1024.0,1392.0,0.0883108555585488,Female,White,True,Female_White,3.0
12148,51--Dresses/51_Dresses_wearingdress_51_434.jpg,336.0,144.0,410.0,238.0,0.0,0.0,0.0,0.0,0.0,0.0,1024.0,761.0,0.0089263715505913,Female,White,True,Female_White,0.0
12149,51--Dresses/51_Dresses_wearingdress_51_434.jpg,676.0,10.0,760.0,120.0,1.0,0.0,0.0,0.0,0.0,0.0,1024.0,761.0,0.0118573423127463,Female,White,True,Female_White,0.0
12151,51--Dresses/51_Dresses_wearingdress_51_951.jpg,920.0,37.0,959.0,88.0,0.0,0.0,0.0,0.0,0.0,0.0,1024.0,552.0,0.0035188094429347,Female,White,True,Female_White,0.0
12152,51--Dresses/51_Dresses_wearingdress_51_951.jpg,745.0,35.0,785.0,84.0,0.0,0.0,0.0,0.0,0.0,0.0,1024.0,552.0,0.0034675045289855,Female,Black,True,Female_Black,0.0
12153,51--Dresses/51_Dresses_wearingdress_51_951.jpg,583.0,33.0,624.0,83.0,1.0,0.0,0.0,0.0,0.0,0.0,1024.0,552.0,0.0036267266757246,Female,White,True,Female_White,0.0
12154,51--Dresses/51_Dresses_wearingdress_51_951.jpg,401.0,28.0,442.0,79.0,0.0,0.0,0.0,0.0,0.0,0.0,1024.0,552.0,0.0036992612092391,Female,White,True,Female_White,0.0
12155,51--Dresses/51_Dresses_wearingdress_51_951.jpg,241.0,39.0,280.0,91.0,0.0,0.0,0.0,0.0,0.0,0.0,1024.0,552.0,0.0035878057065217,Female,White,True,Female_White,0.0
12156,51--Dresses/51_Dresses_wearingdress_51_951.jpg,63.0,42.0,104.0,97.0,1.0,1.0,0.0,0.0,0.0,0.0,1024.0,552.0,0.0039893993432971,Female,Black,True,Female_Black,0.0
12160,51--Dresses/51_Dresses_wearingdress_51_586.jpg,281.0,219.0,673.0,656.0,0.0,0.0,0.0,0.0,0.0,0.0,1024.0,1535.0,0.1089831026058631,Female,Asian,True,Female_Asian,4.0
12171,51--Dresses/51_Dresses_wearingdress_51_499.jpg,369.0,195.0,582.0,504.0,0.0,0.0,0.0,0.0,0.0,0.0,1024.0,1536.0,0.0418453216552734,Female,White,True,Female_White,1.0
12172,51--Dresses/51_Dresses_wearingdress_51_80.jpg,216.0,171.0,549.0,597.0,0.0,0.0,0.0,0.0,0.0,0.0,1024.0,1537.0,0.090132207628497,Female,White,True,Female_White,3.0
12173,51--Dresses/51_Dresses_wearingdress_51_332.jpg,756.0,55.0,810.0,121.0,1.0,0.0,0.0,0.0,0.0,0.0,1024.0,764.0,0.0045555873691099,Female,White,True,Female_White,0.0
12174,51--Dresses/51_Dresses_wearingdress_51_332.jpg,197.0,39.0,265.0,112.0,1.0,0.0,0.0,0.0,0.0,0.0,1024.0,764.0,0.0063450998036649,Female,White,True,Female_White,0.0
12175,51--Dresses/51_Dresses_wearingdress_51_509.jpg,202.0,72.0,280.0,178.0,0.0,0.0,0.0,0.0,0.0,0.0,1024.0,978.0,0.008255847392638,Female,White,True,Female_White,0.0
12176,51--Dresses/51_Dresses_wearingdress_51_509.jpg,728.0,60.0,800.0,170.0,0.0,0.0,0.0,0.0,0.0,0.0,1024.0,978.0,0.0079083588957055,Female,White,True,Female_White,0.0
12179,51--Dresses/51_Dresses_wearingdress_51_52.jpg,226.0,211.0,458.0,515.0,0.0,0.0,0.0,0.0,0.0,0.0,1024.0,1543.0,0.0446370706416072,Female,White,True,Female_White,1.0
12180,51--Dresses/51_Dresses_wearingdress_51_881.jpg,324.0,186.0,702.0,709.0,0.0,0.0,0.0,0.0,0.0,0.0,1024.0,1536.0,0.1256904602050781,Female,White,True,Female_White,4.0
12182,51--Dresses/51_Dresses_wearingdress_51_214.jpg,362.0,200.0,594.0,484.0,0.0,0.0,0.0,0.0,0.0,0.0,1024.0,683.0,0.0942075402635432,Female,White,True,Female_White,3.0
12183,51--Dresses/51_Dresses_wearingdress_51_970.jpg,441.0,180.0,738.0,618.0,0.0,0.0,0.0,0.0,0.0,0.0,1024.0,1536.0,0.0827064514160156,Female,White,True,Female_White,3.0
12184,51--Dresses/51_Dresses_wearingdress_51_627.jpg,170.0,26.0,232.0,118.0,0.0,0.0,0.0,0.0,0.0,0.0,1024.0,840.0,0.0066313244047619,Female,White,True,Female_White,0.0
12185,51--Dresses/51_Dresses_wearingdress_51_627.jpg,606.0,16.0,802.0,302.0,0.0,0.0,0.0,0.0,0.0,0.0,1024.0,840.0,0.0651692708333333,Female,White,True,Female_White,2.0
12186,51--Dresses/51_Dresses_wearingdress_51_381.jpg,146.0,54.0,226.0,166.0,0.0,0.0,0.0,0.0,1.0,0.0,1024.0,993.0,0.0088116817724068,Female,White,True,Female_White,0.0
12187,51--Dresses/51_Dresses_wearingdress_51_381.jpg,608.0,48.0,744.0,220.0,0.0,0.0,0.0,0.0,0.0,0.0,1024.0,993.0,0.0230047834843907,Female,White,True,Female_White,0.0
12189,51--Dresses/51_Dresses_wearingdress_51_910.jpg,399.0,96.0,507.0,261.0,0.0,0.0,0.0,0.0,0.0,0.0,1024.0,1536.0,0.0113296508789062,Female,White,True,Female_White,0.0
12192,51--Dresses/51_Dresses_wearingdress_51_217.jpg,866.0,29.0,909.0,80.0,1.0,0.0,0.0,0.0,0.0,0.0,1024.0,475.0,0.004508634868421,Female,White,True,Female_White,0.0
12193,51--Dresses/51_Dresses_wearingdress_51_217.jpg,612.0,35.0,653.0,85.0,1.0,0.0,0.0,0.0,0.0,0.0,1024.0,475.0,0.0042146381578947,Female,White,True,Female_White,0.0
12194,51--Dresses/51_Dresses_wearingdress_51_217.jpg,333.0,50.0,373.0,97.0,0.0,0.0,0.0,0.0,0.0,0.0,1024.0,475.0,0.0038651315789473,Female,White,True,Female_White,0.0
12195,51--Dresses/51_Dresses_wearingdress_51_217.jpg,109.0,42.0,151.0,102.0,0.0,0.0,0.0,0.0,0.0,0.0,1024.0,475.0,0.0051809210526315,Female,White,True,Female_White,0.0
12196,51--Dresses/51_Dresses_wearingdress_51_466.jpg,773.0,30.0,822.0,93.0,0.0,0.0,0.0,0.0,0.0,0.0,1024.0,792.0,0.0038063742897727,Female,White,True,Female_White,0.0
12197,51--Dresses/51_Dresses_wearingdress_51_466.jpg,232.0,56.0,295.0,139.0,0.0,0.0,0.0,0.0,0.0,0.0,1024.0,792.0,0.0064475319602272,Female,White,True,Female_White,0.0
12200,51--Dresses/51_Dresses_wearingdress_51_918.jpg,596.0,100.0,699.0,219.0,0.0,0.0,0.0,0.0,0.0,0.0,1024.0,1648.0,0.00726318359375,Female,White,True,Female_White,0.0
12206,51--Dresses/51_Dresses_wearingdress_51_244.jpg,250.0,74.0,392.0,266.0,0.0,0.0,0.0,0.0,0.0,0.0,1024.0,1024.0,0.0260009765625,Female,White,True,Female_White,0.0
12207,51--Dresses/51_Dresses_wearingdress_51_244.jpg,766.0,70.0,878.0,222.0,0.0,0.0,0.0,0.0,0.0,0.0,1024.0,1024.0,0.0162353515625,Female,White,True,Female_White,0.0
12208,51--Dresses/51_Dresses_wearingdress_51_244.jpg,800.0,626.0,902.0,744.0,0.0,0.0,0.0,0.0,0.0,0.0,1024.0,1024.0,0.0114784240722656,Female,White,True,Female_White,0.0
12209,51--Dresses/51_Dresses_wearingdress_51_212.jpg,361.0,99.0,551.0,379.0,0.0,0.0,0.0,0.0,0.0,0.0,1024.0,1542.0,0.0336920395590142,Female,Indian,True,Female_Indian,1.0
12210,51--Dresses/51_Dresses_wearingdress_51_796.jpg,98.0,48.0,162.0,144.0,0.0,1.0,0.0,0.0,0.0,0.0,1024.0,721.0,0.0083217753120665,Female,White,True,Female_White,0.0
12211,51--Dresses/51_Dresses_wearingdress_51_796.jpg,392.0,50.0,454.0,144.0,0.0,1.0,0.0,0.0,0.0,0.0,1024.0,721.0,0.0078937673370319,Female,White,True,Female_White,0.0
12212,51--Dresses/51_Dresses_wearingdress_51_796.jpg,828.0,66.0,910.0,184.0,0.0,1.0,0.0,0.0,0.0,0.0,1024.0,721.0,0.013105712552011,Female,White,True,Female_White,0.0
12214,51--Dresses/51_Dresses_wearingdress_51_228.jpg,456.0,116.0,634.0,373.0,0.0,0.0,0.0,0.0,0.0,0.0,1024.0,2127.0,0.0210032102139163,Female,White,True,Female_White,0.0
12218,51--Dresses/51_Dresses_wearingdress_51_254.jpg,491.0,250.0,602.0,395.0,0.0,0.0,0.0,0.0,0.0,0.0,1024.0,1541.0,0.0101997231911096,Female,White,True,Female_White,0.0
12219,51--Dresses/51_Dresses_wearingdress_51_390.jpg,448.0,88.0,604.0,300.0,0.0,0.0,0.0,0.0,0.0,0.0,1024.0,2048.0,0.0157699584960937,Female,White,True,Female_White,0.0
12232,51--Dresses/51_Dresses_wearingdress_51_850.jpg,326.0,250.0,692.0,741.0,0.0,0.0,0.0,0.0,0.0,0.0,1024.0,1452.0,0.1208637332128099,Female,White,True,Female_White,4.0
12234,51--Dresses/51_Dresses_wearingdress_51_809.jpg,218.0,44.0,278.0,140.0,0.0,0.0,0.0,0.0,0.0,0.0,1024.0,820.0,0.0068597560975609,Female,White,True,Female_White,0.0
12235,51--Dresses/51_Dresses_wearingdress_51_809.jpg,726.0,58.0,816.0,182.0,0.0,0.0,0.0,0.0,0.0,0.0,1024.0,820.0,0.0132907774390243,Female,White,True,Female_White,0.0
12236,51--Dresses/51_Dresses_wearingdress_51_634.jpg,881.0,22.0,921.0,82.0,1.0,0.0,0.0,0.0,0.0,0.0,1024.0,659.0,0.0035565250379362,Female,White,True,Female_White,0.0
12237,51--Dresses/51_Dresses_wearingdress_51_634.jpg,581.0,66.0,629.0,128.0,1.0,0.0,0.0,0.0,0.0,0.0,1024.0,659.0,0.0044100910470409,Female,Asian,True,Female_Asian,0.0
12238,51--Dresses/51_Dresses_wearingdress_51_634.jpg,353.0,69.0,404.0,115.0,1.0,0.0,0.0,0.0,0.0,1.0,1024.0,659.0,0.0034765032245827,Female,White,True,Female_White,0.0
12239,51--Dresses/51_Dresses_wearingdress_51_634.jpg,72.0,10.0,120.0,71.0,1.0,0.0,0.0,0.0,0.0,0.0,1024.0,659.0,0.0043389605462822,Female,White,True,Female_White,0.0
12240,51--Dresses/51_Dresses_wearingdress_51_60.jpg,306.0,81.0,421.0,238.0,0.0,0.0,0.0,0.0,0.0,0.0,1024.0,1436.0,0.0122784372823816,Female,White,True,Female_White,0.0
12241,51--Dresses/51_Dresses_wearingdress_51_505.jpg,182.0,24.0,262.0,136.0,0.0,0.0,0.0,0.0,0.0,0.0,1024.0,1000.0,0.00875,Female,White,True,Female_White,0.0
12242,51--Dresses/51_Dresses_wearingdress_51_505.jpg,474.0,36.0,558.0,156.0,0.0,0.0,0.0,0.0,0.0,0.0,1024.0,1000.0,0.00984375,Female,White,True,Female_White,0.0
12243,51--Dresses/51_Dresses_wearingdress_51_505.jpg,818.0,52.0,898.0,172.0,0.0,0.0,0.0,0.0,0.0,0.0,1024.0,1000.0,0.009375,Female,White,True,Female_White,0.0
12244,51--Dresses/51_Dresses_wearingdress_51_876.jpg,457.0,73.0,578.0,240.0,0.0,0.0,0.0,0.0,0.0,0.0,1024.0,1553.0,0.0127066313184159,Female,White,True,Female_White,0.0
12245,51--Dresses/51_Dresses_wearingdress_51_121.jpg,409.0,79.0,509.0,227.0,0.0,0.0,1.0,0.0,0.0,0.0,1024.0,1308.0,0.0110497897553516,Female,White,True,Female_White,0.0
12246,51--Dresses/51_Dresses_wearingdress_51_257.jpg,197.0,69.0,322.0,221.0,0.0,0.0,0.0,0.0,0.0,0.0,1024.0,1363.0,0.013613123624358,Female,White,True,Female_White,0.0
12247,51--Dresses/51_Dresses_wearingdress_51_257.jpg,702.0,74.0,822.0,271.0,0.0,0.0,1.0,0.0,0.0,0.0,1024.0,1363.0,0.0169375917094644,Female,White,True,Female_White,0.0
12252,51--Dresses/51_Dresses_wearingdress_51_631.jpg,389.0,139.0,494.0,287.0,0.0,0.0,0.0,0.0,0.0,0.0,1024.0,1542.0,0.009841622081712,Female,White,True,Female_White,0.0
12253,51--Dresses/51_Dresses_wearingdress_51_267.jpg,818.0,108.0,904.0,210.0,0.0,0.0,0.0,0.0,0.0,0.0,1024.0,768.0,0.0111541748046875,Female,White,True,Female_White,0.0
12254,51--Dresses/51_Dresses_wearingdress_51_560.jpg,408.0,51.0,543.0,231.0,0.0,0.0,0.0,0.0,0.0,0.0,1024.0,1646.0,0.0144170527035236,Female,White,True,Female_White,0.0
12255,51--Dresses/51_Dresses_wearingdress_51_449.jpg,161.0,120.0,261.0,249.0,0.0,0.0,0.0,0.0,0.0,0.0,1024.0,1504.0,0.0083761012300531,Female,White,True,Female_White,0.0
12256,51--Dresses/51_Dresses_wearingdress_51_449.jpg,402.0,135.0,490.0,282.0,0.0,0.0,0.0,0.0,0.0,0.0,1024.0,1504.0,0.0083994763962765,Female,White,True,Female_White,0.0
12257,51--Dresses/51_Dresses_wearingdress_51_449.jpg,763.0,94.0,851.0,217.0,0.0,0.0,0.0,0.0,0.0,0.0,1024.0,1504.0,0.0070281333111702,Female,White,True,Female_White,0.0
12265,51--Dresses/51_Dresses_wearingdress_51_864.jpg,179.0,93.0,301.0,272.0,0.0,0.0,0.0,0.0,0.0,0.0,1024.0,1639.0,0.013011697300183,Female,White,True,Female_White,0.0
12266,51--Dresses/51_Dresses_wearingdress_51_864.jpg,691.0,102.0,816.0,281.0,0.0,0.0,0.0,0.0,0.0,0.0,1024.0,1639.0,0.0133316570698596,Female,White,True,Female_White,0.0
12267,51--Dresses/51_Dresses_wearingdress_51_841.jpg,113.0,212.0,230.0,357.0,1.0,0.0,0.0,0.0,0.0,0.0,1024.0,1809.0,0.0091583100124378,Female,White,True,Female_White,0.0
12268,51--Dresses/51_Dresses_wearingdress_51_841.jpg,385.0,148.0,519.0,314.0,0.0,0.0,0.0,0.0,0.0,0.0,1024.0,1809.0,0.0120081018518518,Female,White,True,Female_White,0.0
12269,51--Dresses/51_Dresses_wearingdress_51_779.jpg,244.0,54.0,320.0,158.0,0.0,0.0,0.0,0.0,0.0,0.0,1024.0,978.0,0.0078923824130879,Female,White,True,Female_White,0.0
12270,51--Dresses/51_Dresses_wearingdress_51_779.jpg,714.0,52.0,790.0,160.0,0.0,0.0,0.0,0.0,0.0,0.0,1024.0,978.0,0.008195935582822,Female,White,True,Female_White,0.0
12271,51--Dresses/51_Dresses_wearingdress_51_240.jpg,302.0,6.0,824.0,514.0,0.0,0.0,0.0,0.0,0.0,0.0,1024.0,968.0,0.2675216296487603,Female,White,True,Female_White,10.0
12274,51--Dresses/51_Dresses_wearingdress_51_956.jpg,206.0,40.0,282.0,144.0,0.0,0.0,0.0,0.0,0.0,0.0,1024.0,947.0,0.0081507391763463,Female,White,True,Female_White,0.0
12275,51--Dresses/51_Dresses_wearingdress_51_956.jpg,760.0,32.0,878.0,224.0,0.0,0.0,0.0,0.0,0.0,0.0,1024.0,947.0,0.0233632523759239,Female,White,True,Female_White,0.0
12278,51--Dresses/51_Dresses_wearingdress_51_235.jpg,491.0,256.0,584.0,398.0,0.0,0.0,0.0,0.0,0.0,0.0,1024.0,1543.0,0.0083580585709656,Female,White,True,Female_White,0.0
12282,51--Dresses/51_Dresses_wearingdress_51_165.jpg,196.0,3.0,514.0,312.0,0.0,0.0,0.0,0.0,0.0,0.0,1024.0,1452.0,0.066087454803719,Female,White,True,Female_White,2.0
12283,51--Dresses/51_Dresses_wearingdress_51_2.jpg,392.0,98.0,545.0,303.0,0.0,0.0,0.0,0.0,0.0,0.0,1024.0,1570.0,0.0195094794984076,Female,White,True,Female_White,0.0
12284,51--Dresses/51_Dresses_wearingdress_51_207.jpg,417.0,114.0,546.0,291.0,0.0,0.0,0.0,0.0,0.0,0.0,1024.0,1536.0,0.0145168304443359,Female,White,True,Female_White,0.0
12286,51--Dresses/51_Dresses_wearingdress_51_19.jpg,448.0,64.0,520.0,146.0,0.0,0.0,0.0,0.0,0.0,1.0,1024.0,576.0,0.010009765625,Female,White,True,Female_White,0.0
12288,51--Dresses/51_Dresses_wearingdress_51_620.jpg,395.0,73.0,506.0,214.0,0.0,0.0,0.0,0.0,0.0,0.0,1024.0,1289.0,0.0118573930857253,Female,White,True,Female_White,0.0
12289,51--Dresses/51_Dresses_wearingdress_51_325.jpg,474.0,69.0,590.0,243.0,0.0,0.0,0.0,0.0,0.0,0.0,1024.0,1481.0,0.0133092083051991,Female,White,True,Female_White,0.0
12290,51--Dresses/51_Dresses_wearingdress_51_834.jpg,238.0,306.0,735.0,971.0,0.0,0.0,0.0,0.0,0.0,0.0,1024.0,1506.0,0.2143152649817397,Female,White,True,Female_White,8.0
12291,51--Dresses/51_Dresses_wearingdress_51_743.jpg,228.0,116.0,370.0,307.0,0.0,0.0,0.0,0.0,0.0,0.0,1024.0,1917.0,0.0138165509259259,Female,White,True,Female_White,0.0
12292,51--Dresses/51_Dresses_wearingdress_51_624.jpg,373.0,111.0,686.0,590.0,0.0,0.0,0.0,0.0,0.0,0.0,1024.0,1542.0,0.0949501205820363,Female,Black,True,Female_Black,3.0
12294,51--Dresses/51_Dresses_wearingdress_51_450.jpg,461.0,187.0,741.0,615.0,0.0,0.0,0.0,0.0,0.0,0.0,1024.0,1541.0,0.0759450032446463,Female,White,True,Female_White,2.0
12296,51--Dresses/51_Dresses_wearingdress_51_468.jpg,443.0,132.0,563.0,326.0,0.0,0.0,0.0,0.0,0.0,0.0,1024.0,1576.0,0.0144253648477157,Female,White,True,Female_White,0.0
12298,51--Dresses/51_Dresses_wearingdress_51_459.jpg,421.0,76.0,559.0,290.0,0.0,0.0,0.0,0.0,1.0,0.0,1024.0,1862.0,0.0154886378893662,Female,White,True,Female_White,0.0
12299,51--Dresses/51_Dresses_wearingdress_51_543.jpg,220.0,14.0,306.0,128.0,0.0,0.0,0.0,0.0,0.0,0.0,1024.0,811.0,0.0118054485203452,Female,White,True,Female_White,0.0
12300,51--Dresses/51_Dresses_wearingdress_51_543.jpg,738.0,30.0,820.0,140.0,0.0,0.0,0.0,0.0,0.0,0.0,1024.0,811.0,0.0108613979654747,Female,White,True,Female_White,0.0
12302,51--Dresses/51_Dresses_wearingdress_51_855.jpg,98.0,16.0,162.0,88.0,1.0,0.0,0.0,0.0,0.0,0.0,1024.0,859.0,0.0052386495925494,Female,White,True,Female_White,0.0
12303,51--Dresses/51_Dresses_wearingdress_51_855.jpg,342.0,42.0,404.0,118.0,1.0,0.0,0.0,0.0,0.0,0.0,1024.0,859.0,0.0053568830034924,Female,White,True,Female_White,0.0
12304,51--Dresses/51_Dresses_wearingdress_51_855.jpg,622.0,44.0,688.0,132.0,1.0,0.0,0.0,0.0,0.0,0.0,1024.0,859.0,0.0066028812572759,Female,White,True,Female_White,0.0
12305,51--Dresses/51_Dresses_wearingdress_51_855.jpg,900.0,42.0,960.0,138.0,1.0,0.0,0.0,0.0,0.0,0.0,1024.0,859.0,0.0065483119906868,Female,White,True,Female_White,0.0
12309,51--Dresses/51_Dresses_wearingdress_51_198.jpg,439.0,85.0,563.0,282.0,0.0,0.0,0.0,0.0,0.0,0.0,1024.0,1553.0,0.0153608942369607,Female,White,True,Female_White,0.0
12310,51--Dresses/51_Dresses_wearingdress_51_433.jpg,406.0,74.0,590.0,308.0,0.0,0.0,0.0,0.0,1.0,0.0,1024.0,768.0,0.05474853515625,Female,White,True,Female_White,2.0
12311,51--Dresses/51_Dresses_wearingdress_51_271.jpg,467.0,57.0,580.0,230.0,0.0,0.0,0.0,0.0,0.0,0.0,1024.0,1450.0,0.0131660829741379,Female,White,True,Female_White,0.0
12312,51--Dresses/51_Dresses_wearingdress_51_239.jpg,416.0,145.0,592.0,382.0,0.0,0.0,0.0,0.0,0.0,0.0,1024.0,1580.0,0.02578125,Female,White,True,Female_White,0.0
12313,51--Dresses/51_Dresses_wearingdress_51_471.jpg,357.0,168.0,496.0,357.0,0.0,0.0,0.0,0.0,0.0,0.0,1024.0,1365.0,0.0187950721153846,Female,White,True,Female_White,0.0
12314,51--Dresses/51_Dresses_wearingdress_51_756.jpg,348.0,86.0,461.0,230.0,0.0,0.0,0.0,0.0,0.0,0.0,1024.0,1565.0,0.0101537539936102,Female,White,True,Female_White,0.0
12315,51--Dresses/51_Dresses_wearingdress_51_204.jpg,437.0,175.0,612.0,463.0,0.0,0.0,0.0,0.0,0.0,0.0,1024.0,2638.0,0.01865760045489,Female,White,True,Female_White,0.0
12318,51--Dresses/51_Dresses_wearingdress_51_655.jpg,122.0,108.0,320.0,360.0,0.0,0.0,0.0,0.0,0.0,0.0,1024.0,853.0,0.0571237543962485,Female,White,True,Female_White,2.0
12319,51--Dresses/51_Dresses_wearingdress_51_655.jpg,748.0,54.0,818.0,158.0,0.0,0.0,0.0,0.0,0.0,0.0,1024.0,853.0,0.0083345545134818,Female,White,True,Female_White,0.0
12320,51--Dresses/51_Dresses_wearingdress_51_219.jpg,436.0,56.0,539.0,205.0,0.0,0.0,0.0,0.0,0.0,0.0,1024.0,1316.0,0.0113885293977963,Female,White,True,Female_White,0.0
12322,51--Dresses/51_Dresses_wearingdress_51_786.jpg,414.0,51.0,549.0,237.0,0.0,0.0,0.0,0.0,0.0,0.0,1024.0,1539.0,0.0159333881578947,Female,White,True,Female_White,0.0
12323,51--Dresses/51_Dresses_wearingdress_51_503.jpg,193.0,64.0,285.0,202.0,0.0,0.0,0.0,0.0,0.0,0.0,1024.0,1180.0,0.0105071504237288,Female,White,True,Female_White,0.0
12324,51--Dresses/51_Dresses_wearingdress_51_503.jpg,782.0,18.0,863.0,147.0,0.0,0.0,0.0,0.0,0.0,0.0,1024.0,1180.0,0.0086475436970338,Female,White,True,Female_White,0.0
12327,51--Dresses/51_Dresses_wearingdress_51_368.jpg,439.0,276.0,579.0,448.0,0.0,0.0,0.0,0.0,0.0,0.0,1024.0,1663.0,0.0141404840649428,Female,White,True,Female_White,0.0
12328,51--Dresses/51_Dresses_wearingdress_51_263.jpg,429.0,168.0,544.0,328.0,0.0,0.0,0.0,0.0,0.0,0.0,1024.0,1365.0,0.0131639194139194,Female,White,True,Female_White,0.0
12332,51--Dresses/51_Dresses_wearingdress_51_746.jpg,218.0,32.0,284.0,128.0,0.0,0.0,0.0,0.0,0.0,0.0,1024.0,820.0,0.007545731707317,Female,White,True,Female_White,0.0
12333,51--Dresses/51_Dresses_wearingdress_51_746.jpg,714.0,58.0,816.0,202.0,0.0,0.0,0.0,0.0,0.0,0.0,1024.0,820.0,0.0174923780487804,Female,White,True,Female_White,0.0
12337,51--Dresses/51_Dresses_wearingdress_51_688.jpg,329.0,153.0,681.0,620.0,0.0,0.0,0.0,0.0,0.0,0.0,1024.0,1307.0,0.1228242157612853,Female,Black,True,Female_Black,4.0
12339,51--Dresses/51_Dresses_wearingdress_51_500.jpg,873.0,336.0,915.0,383.0,1.0,0.0,0.0,0.0,0.0,0.0,1024.0,584.0,0.0033009150256849,Female,White,True,Female_White,0.0
12340,51--Dresses/51_Dresses_wearingdress_51_500.jpg,580.0,82.0,626.0,141.0,1.0,0.0,0.0,0.0,0.0,0.0,1024.0,584.0,0.0045383401113013,Female,White,True,Female_White,0.0
12341,51--Dresses/51_Dresses_wearingdress_51_500.jpg,184.0,141.0,215.0,180.0,1.0,0.0,0.0,0.0,0.0,0.0,1024.0,584.0,0.0020216850385273,Female,White,True,Female_White,0.0
12342,51--Dresses/51_Dresses_wearingdress_51_112.jpg,395.0,139.0,515.0,286.0,0.0,0.0,0.0,0.0,0.0,0.0,1024.0,1427.0,0.0120718728100911,Female,White,True,Female_White,0.0
12343,51--Dresses/51_Dresses_wearingdress_51_57.jpg,435.0,147.0,558.0,312.0,0.0,0.0,0.0,0.0,0.0,0.0,1024.0,1536.0,0.0129032135009765,Female,White,True,Female_White,0.0
12354,51--Dresses/51_Dresses_wearingdress_51_74.jpg,461.0,123.0,690.0,466.0,0.0,0.0,0.0,0.0,0.0,0.0,1024.0,2248.0,0.0341219104481761,Female,White,True,Female_White,1.0
12356,51--Dresses/51_Dresses_wearingdress_51_880.jpg,175.0,186.0,506.0,598.0,0.0,0.0,0.0,0.0,0.0,0.0,1024.0,1425.0,0.0934566885964912,Female,White,True,Female_White,3.0
12357,51--Dresses/51_Dresses_wearingdress_51_168.jpg,690.0,74.0,772.0,180.0,0.0,0.0,0.0,0.0,0.0,0.0,1024.0,681.0,0.0124644364904552,Female,White,True,Female_White,0.0
12362,51--Dresses/51_Dresses_wearingdress_51_76.jpg,404.0,143.0,549.0,315.0,0.0,0.0,0.0,0.0,0.0,0.0,1024.0,1350.0,0.0180410879629629,Female,White,True,Female_White,0.0
12366,51--Dresses/51_Dresses_wearingdress_51_164.jpg,415.0,89.0,598.0,312.0,0.0,0.0,0.0,0.0,0.0,0.0,1024.0,1463.0,0.0272402864405331,Female,White,True,Female_White,0.0
12373,51--Dresses/51_Dresses_wearingdress_51_231.jpg,390.0,81.0,513.0,246.0,0.0,0.0,0.0,0.0,0.0,0.0,1024.0,1536.0,0.0129032135009765,Female,White,True,Female_White,0.0
12374,51--Dresses/51_Dresses_wearingdress_51_281.jpg,456.0,141.0,576.0,294.0,0.0,0.0,0.0,0.0,0.0,0.0,1024.0,1539.0,0.0116502192982456,Female,White,True,Female_White,0.0
12375,51--Dresses/51_Dresses_wearingdress_51_61.jpg,370.0,271.0,620.0,587.0,0.0,0.0,0.0,0.0,1.0,0.0,1024.0,1543.0,0.0499989873622812,Female,White,True,Female_White,1.0
12376,51--Dresses/51_Dresses_wearingdress_51_865.jpg,446.0,42.0,524.0,148.0,0.0,0.0,0.0,0.0,0.0,0.0,1024.0,985.0,0.008197176395939,Female,White,True,Female_White,0.0
12377,51--Dresses/51_Dresses_wearingdress_51_865.jpg,620.0,144.0,688.0,238.0,0.0,0.0,0.0,0.0,0.0,0.0,1024.0,985.0,0.0063372461928934,Female,White,True,Female_White,0.0
12379,51--Dresses/51_Dresses_wearingdress_51_828.jpg,285.0,237.0,670.0,739.0,0.0,0.0,0.0,0.0,0.0,0.0,1024.0,1461.0,0.1291856498117727,Female,Black,True,Female_Black,4.0
12380,51--Dresses/51_Dresses_wearingdress_51_456.jpg,425.0,122.0,581.0,335.0,0.0,0.0,0.0,0.0,0.0,0.0,1024.0,1455.0,0.022301868556701,Female,White,True,Female_White,0.0
12384,52--Photographers/52_Photographers_photographertakingphoto_52_694.jpg,468.0,96.0,590.0,270.0,0.0,0.0,0.0,0.0,0.0,0.0,1024.0,683.0,0.0303520772327964,Female,White,True,Female_White,1.0
12392,52--Photographers/52_Photographers_photographertakingphoto_52_714.jpg,322.0,102.0,540.0,490.0,0.0,0.0,0.0,0.0,0.0,0.0,1024.0,648.0,0.1274715470679012,Female,Black,True,Female_Black,4.0
12394,52--Photographers/52_Photographers_photographertakingphoto_52_103.jpg,204.0,72.0,400.0,432.0,0.0,0.0,0.0,0.0,0.0,0.0,1024.0,754.0,0.091387599469496,Female,White,True,Female_White,3.0
12402,52--Photographers/52_Photographers_taketouristphotos_52_285.jpg,688.0,192.0,764.0,270.0,1.0,0.0,0.0,0.0,0.0,1.0,1024.0,706.0,0.0081998052407932,Female,Asian,True,Female_Asian,0.0
12408,52--Photographers/52_Photographers_taketouristphotos_52_90.jpg,450.0,512.0,502.0,558.0,1.0,0.0,0.0,0.0,0.0,0.0,1024.0,766.0,0.003049526762402,Female,White,True,Female_White,0.0
12409,52--Photographers/52_Photographers_photographertakingphoto_52_689.jpg,273.0,258.0,850.0,967.0,0.0,0.0,0.0,0.0,0.0,0.0,1024.0,1537.0,0.2599251026756669,Female,White,True,Female_White,9.0
12418,52--Photographers/52_Photographers_taketouristphotos_52_590.jpg,218.0,322.0,298.0,422.0,1.0,0.0,0.0,0.0,0.0,0.0,1024.0,766.0,0.0101990861618798,Female,White,True,Female_White,0.0
12419,52--Photographers/52_Photographers_photographertakingphoto_52_829.jpg,300.0,66.0,706.0,626.0,0.0,0.0,0.0,0.0,0.0,0.0,1024.0,792.0,0.2803424873737373,Female,Black,True,Female_Black,10.0
12420,52--Photographers/52_Photographers_photographertakingphoto_52_785.jpg,334.0,197.0,846.0,900.0,0.0,0.0,0.0,0.0,0.0,0.0,1024.0,1324.0,0.2654833836858006,Female,Black,True,Female_Black,9.0
12422,52--Photographers/52_Photographers_photographertakingphoto_52_46.jpg,535.0,225.0,641.0,369.0,0.0,0.0,0.0,0.0,0.0,0.0,1024.0,1392.0,0.0107085129310344,Female,White,True,Female_White,0.0
12423,52--Photographers/52_Photographers_photographertakingphoto_52_126.jpg,448.0,154.0,678.0,492.0,0.0,0.0,0.0,0.0,1.0,0.0,1024.0,755.0,0.1005536009933774,Female,White,True,Female_White,3.0
12435,52--Photographers/52_Photographers_photographertakingphoto_52_839.jpg,205.0,185.0,617.0,782.0,0.0,0.0,0.0,0.0,0.0,0.0,1024.0,1280.0,0.1876556396484375,Female,White,True,Female_White,7.0
12440,52--Photographers/52_Photographers_photographertakingphoto_52_548.jpg,509.0,370.0,738.0,698.0,0.0,0.0,0.0,0.0,1.0,0.0,1024.0,1543.0,0.0475382777057679,Female,White,True,Female_White,1.0
12451,52--Photographers/52_Photographers_photographertakingphoto_52_517.jpg,415.0,603.0,609.0,863.0,0.0,0.0,0.0,0.0,0.0,0.0,1024.0,1530.0,0.0321946486928104,Female,White,True,Female_White,1.0
12463,52--Photographers/52_Photographers_photographertakingphoto_52_844.jpg,315.0,5.0,964.0,801.0,0.0,0.0,0.0,0.0,0.0,0.0,1024.0,1324.0,0.3810393457326284,Female,White,True,Female_White,14.0
12464,52--Photographers/52_Photographers_photographertakingphoto_52_417.jpg,422.0,269.0,515.0,397.0,1.0,0.0,0.0,0.0,0.0,0.0,1024.0,1639.0,0.0070927394752898,Female,White,True,Female_White,0.0
12465,52--Photographers/52_Photographers_taketouristphotos_52_543.jpg,425.0,524.0,685.0,844.0,0.0,1.0,0.0,0.0,0.0,0.0,1024.0,1533.0,0.0530006523157208,Female,White,True,Female_White,1.0
12469,52--Photographers/52_Photographers_photographertakingphoto_52_830.jpg,338.0,120.0,538.0,412.0,0.0,0.0,0.0,0.0,0.0,0.0,1024.0,684.0,0.0833790204678362,Female,White,True,Female_White,3.0
12481,52--Photographers/52_Photographers_photographertakingphoto_52_998.jpg,286.0,184.0,422.0,356.0,0.0,0.0,0.0,0.0,0.0,0.0,1024.0,1542.0,0.014814364461738,Female,White,True,Female_White,0.0
12482,52--Photographers/52_Photographers_photographertakingphoto_52_758.jpg,459.0,215.0,618.0,450.0,0.0,0.0,0.0,0.0,0.0,0.0,1024.0,1434.0,0.0254457864801255,Female,White,True,Female_White,0.0
12496,52--Photographers/52_Photographers_photographertakingphoto_52_401.jpg,450.0,10.0,748.0,364.0,0.0,0.0,0.0,0.0,0.0,0.0,1024.0,576.0,0.1788533528645833,Female,White,True,Female_White,6.0
12502,52--Photographers/52_Photographers_photographertakingphoto_52_530.jpg,242.0,114.0,464.0,422.0,0.0,0.0,0.0,0.0,1.0,0.0,1024.0,576.0,0.1159261067708333,Female,White,True,Female_White,4.0
12503,52--Photographers/52_Photographers_photographertakingphoto_52_530.jpg,502.0,94.0,694.0,386.0,0.0,0.0,0.0,0.0,0.0,0.0,1024.0,576.0,0.0950520833333333,Female,Indian,True,Female_Indian,3.0
12511,52--Photographers/52_Photographers_photographertakingphoto_52_775.jpg,246.0,30.0,314.0,112.0,1.0,0.0,0.0,0.0,0.0,1.0,1024.0,857.0,0.006353923570595,Female,White,True,Female_White,0.0
12512,52--Photographers/52_Photographers_photographertakingphoto_52_775.jpg,758.0,34.0,832.0,142.0,1.0,0.0,0.0,0.0,0.0,1.0,1024.0,857.0,0.0091069865810968,Female,White,True,Female_White,0.0
12513,52--Photographers/52_Photographers_photographertakingphoto_52_788.jpg,185.0,260.0,650.0,859.0,0.0,0.0,0.0,0.0,0.0,0.0,1024.0,1280.0,0.2125053405761718,Female,White,True,Female_White,7.0
12522,52--Photographers/52_Photographers_photographertakingphoto_52_717.jpg,592.0,82.0,744.0,260.0,0.0,0.0,0.0,0.0,0.0,0.0,1024.0,577.0,0.0457918110918544,Female,White,True,Female_White,1.0
12538,52--Photographers/52_Photographers_photographertakingphoto_52_812.jpg,544.0,162.0,800.0,492.0,0.0,0.0,0.0,0.0,0.0,0.0,1024.0,794.0,0.103904282115869,Female,White,True,Female_White,3.0
12540,52--Photographers/52_Photographers_photographertakingphoto_52_162.jpg,544.0,98.0,866.0,504.0,0.0,0.0,0.0,0.0,1.0,0.0,1024.0,757.0,0.168649892668428,Female,White,True,Female_White,6.0
12546,52--Photographers/52_Photographers_photographertakingphoto_52_580.jpg,847.0,420.0,890.0,469.0,1.0,0.0,0.0,0.0,0.0,0.0,1024.0,777.0,0.0026481559684684,Female,White,True,Female_White,0.0
12547,52--Photographers/52_Photographers_photographertakingphoto_52_611.jpg,354.0,306.0,412.0,380.0,1.0,0.0,0.0,0.0,0.0,0.0,1024.0,769.0,0.0054504632639791,Female,White,True,Female_White,0.0
12549,52--Photographers/52_Photographers_photographertakingphoto_52_108.jpg,378.0,473.0,473.0,565.0,0.0,0.0,0.0,0.0,0.0,0.0,1024.0,1392.0,0.0061315777658045,Female,White,True,Female_White,0.0
12550,52--Photographers/52_Photographers_photographertakingphoto_52_593.jpg,724.0,184.0,784.0,252.0,0.0,0.0,0.0,0.0,0.0,0.0,1024.0,683.0,0.0058336383601756,Female,White,True,Female_White,0.0
12561,52--Photographers/52_Photographers_taketouristphotos_52_40.jpg,244.0,120.0,354.0,266.0,0.0,0.0,0.0,0.0,0.0,0.0,1024.0,684.0,0.0229292306286549,Female,White,True,Female_White,0.0
12564,52--Photographers/52_Photographers_photographertakingphoto_52_586.jpg,588.0,202.0,840.0,466.0,0.0,0.0,0.0,0.0,0.0,0.0,1024.0,688.0,0.0944313226744186,Female,White,True,Female_White,3.0
12567,52--Photographers/52_Photographers_photographertakingphoto_52_231.jpg,326.0,148.0,476.0,362.0,0.0,0.0,0.0,0.0,0.0,0.0,1024.0,678.0,0.0462354811946902,Female,Indian,True,Female_Indian,1.0
12576,52--Photographers/52_Photographers_taketouristphotos_52_27.jpg,688.0,108.0,858.0,336.0,0.0,0.0,0.0,0.0,0.0,0.0,1024.0,640.0,0.05914306640625,Female,White,True,Female_White,2.0
12579,52--Photographers/52_Photographers_photographertakingphoto_52_121.jpg,316.0,206.0,460.0,412.0,0.0,0.0,0.0,0.0,0.0,0.0,1024.0,723.0,0.0400674273858921,Female,White,True,Female_White,1.0
12590,52--Photographers/52_Photographers_photographertakingphoto_52_97.jpg,491.0,212.0,604.0,357.0,0.0,0.0,0.0,0.0,1.0,0.0,1024.0,1181.0,0.0135486677074513,Female,White,True,Female_White,0.0
12596,52--Photographers/52_Photographers_photographertakingphoto_52_700.jpg,270.0,185.0,765.0,859.0,0.0,0.0,0.0,0.0,0.0,0.0,1024.0,1280.0,0.2545394897460937,Female,Indian,True,Female_Indian,9.0
12614,53--Raid/53_Raid_policeraid_53_913.jpg,410.0,126.0,586.0,366.0,0.0,0.0,0.0,0.0,0.0,0.0,1024.0,683.0,0.0603953147877013,Female,White,True,Female_White,2.0
12639,53--Raid/53_Raid_policeraid_53_531.jpg,318.0,32.0,742.0,644.0,0.0,0.0,0.0,0.0,0.0,0.0,1024.0,768.0,0.3299560546875,Female,White,True,Female_White,12.0
12652,53--Raid/53_Raid_policeraid_53_782.jpg,66.0,160.0,164.0,288.0,0.0,0.0,0.0,0.0,0.0,0.0,1024.0,683.0,0.0179355783308931,Female,White,True,Female_White,0.0
12653,53--Raid/53_Raid_policeraid_53_782.jpg,282.0,176.0,346.0,286.0,0.0,0.0,0.0,0.0,0.0,0.0,1024.0,683.0,0.0100658857979502,Female,White,True,Female_White,0.0
12654,53--Raid/53_Raid_policeraid_53_782.jpg,402.0,110.0,480.0,212.0,0.0,0.0,0.0,0.0,0.0,0.0,1024.0,683.0,0.0113755948023426,Female,White,True,Female_White,0.0
12655,53--Raid/53_Raid_policeraid_53_782.jpg,564.0,84.0,630.0,184.0,0.0,0.0,0.0,0.0,0.0,0.0,1024.0,683.0,0.0094367679355783,Female,White,True,Female_White,0.0
12656,53--Raid/53_Raid_policeraid_53_782.jpg,676.0,120.0,756.0,218.0,0.0,0.0,0.0,0.0,0.0,0.0,1024.0,683.0,0.0112097364568081,Female,Asian,True,Female_Asian,0.0
12657,53--Raid/53_Raid_policeraid_53_782.jpg,822.0,202.0,904.0,308.0,0.0,0.0,0.0,0.0,0.0,0.0,1024.0,683.0,0.0124279374084919,Female,White,True,Female_White,0.0
12658,53--Raid/53_Raid_policeraid_53_782.jpg,688.0,240.0,778.0,364.0,0.0,0.0,0.0,0.0,0.0,0.0,1024.0,683.0,0.0159567166910688,Female,White,True,Female_White,0.0
12659,53--Raid/53_Raid_policeraid_53_782.jpg,506.0,248.0,602.0,362.0,0.0,0.0,0.0,0.0,0.0,0.0,1024.0,683.0,0.0156478770131771,Female,White,True,Female_White,0.0
12660,53--Raid/53_Raid_policeraid_53_782.jpg,390.0,326.0,466.0,448.0,0.0,0.0,0.0,0.0,0.0,0.0,1024.0,683.0,0.0132572291361639,Female,White,True,Female_White,0.0
12687,53--Raid/53_Raid_policeraid_53_404.jpg,545.0,143.0,595.0,217.0,1.0,0.0,1.0,0.0,0.0,0.0,1024.0,577.0,0.0062621858752166,Female,Black,True,Female_Black,0.0
12693,53--Raid/53_Raid_policeraid_53_429.jpg,432.0,114.0,544.0,258.0,0.0,0.0,0.0,0.0,0.0,0.0,1024.0,683.0,0.0230600292825768,Female,White,True,Female_White,0.0
12753,54--Rescue/54_Rescue_rescuepeople_54_658.jpg,310.0,254.0,707.0,824.0,0.0,0.0,0.0,0.0,0.0,0.0,1024.0,1529.0,0.1445299726128188,Female,White,True,Female_White,5.0
12757,54--Rescue/54_Rescue_rescuepeople_54_567.jpg,176.0,305.0,295.0,493.0,0.0,0.0,0.0,0.0,0.0,0.0,1024.0,1529.0,0.0142888530085022,Female,White,True,Female_White,0.0
12760,54--Rescue/54_Rescue_rescuepeople_54_969.jpg,525.0,253.0,669.0,429.0,0.0,0.0,0.0,0.0,0.0,0.0,1024.0,1366.0,0.0181185944363103,Female,White,True,Female_White,0.0
12768,54--Rescue/54_Rescue_rescuepeople_54_1033.jpg,371.0,187.0,503.0,374.0,0.0,0.0,0.0,0.0,0.0,0.0,1024.0,1572.0,0.0153342676526717,Female,White,True,Female_White,0.0
12788,54--Rescue/54_Rescue_rescuepeople_54_874.jpg,409.0,164.0,615.0,461.0,0.0,0.0,1.0,0.0,0.0,0.0,1024.0,1333.0,0.0448222407164291,Female,White,True,Female_White,1.0
12799,54--Rescue/54_Rescue_rescuepeople_54_224.jpg,345.0,250.0,725.0,782.0,0.0,0.0,0.0,0.0,0.0,0.0,1024.0,1280.0,0.15423583984375,Female,White,True,Female_White,5.0
12814,54--Rescue/54_Rescue_rescuepeople_54_12.jpg,470.0,116.0,544.0,234.0,1.0,0.0,0.0,0.0,0.0,0.0,1024.0,576.0,0.0148044162326388,Female,White,True,Female_White,0.0
12815,54--Rescue/54_Rescue_rescuepeople_54_623.jpg,504.0,98.0,614.0,252.0,0.0,0.0,0.0,0.0,0.0,0.0,1024.0,768.0,0.0215403238932291,Female,White,True,Female_White,0.0
12838,54--Rescue/54_Rescue_rescuepeople_54_395.jpg,294.0,36.0,605.0,479.0,0.0,0.0,0.0,0.0,0.0,0.0,1024.0,1215.0,0.1107357574588477,Female,White,True,Female_White,4.0
12846,54--Rescue/54_Rescue_firemanrescue_54_627.jpg,512.0,370.0,783.0,705.0,0.0,0.0,0.0,0.0,0.0,0.0,1024.0,1372.0,0.0646189697977405,Female,White,True,Female_White,2.0
12879,54--Rescue/54_Rescue_rescuepeople_54_779.jpg,476.0,94.0,596.0,282.0,0.0,0.0,0.0,0.0,0.0,0.0,1024.0,684.0,0.0322094298245614,Female,White,True,Female_White,1.0
12880,54--Rescue/54_Rescue_rescuepeople_54_340.jpg,358.0,226.0,472.0,344.0,1.0,0.0,0.0,0.0,0.0,1.0,1024.0,1146.0,0.0114631053664921,Female,Asian,True,Female_Asian,0.0
12887,54--Rescue/54_Rescue_rescuepeople_54_262.jpg,732.0,184.0,788.0,250.0,0.0,0.0,0.0,0.0,0.0,0.0,1024.0,819.0,0.0044070512820512,Female,White,True,Female_White,0.0
12911,54--Rescue/54_Rescue_rescuepeople_54_563.jpg,250.0,214.0,364.0,316.0,0.0,0.0,0.0,0.0,0.0,1.0,1024.0,768.0,0.0147857666015625,Female,White,True,Female_White,0.0
12957,54--Rescue/54_Rescue_rescuepeople_54_269.jpg,314.0,8.0,708.0,532.0,0.0,0.0,0.0,0.0,0.0,0.0,1024.0,538.0,0.3747531366171003,Female,White,True,Female_White,14.0
12967,55--Sports_Coach_Trainer/55_Sports_Coach_Trainer_sportcoaching_55_233.jpg,618.0,52.0,770.0,250.0,0.0,0.0,0.0,0.0,0.0,0.0,1024.0,682.0,0.0430947580645161,Female,White,True,Female_White,1.0
12983,55--Sports_Coach_Trainer/55_Sports_Coach_Trainer_sportcoaching_55_685.jpg,338.0,178.0,372.0,224.0,1.0,0.0,0.0,0.0,0.0,0.0,1024.0,738.0,0.0020695714769647,Female,White,True,Female_White,0.0
12984,55--Sports_Coach_Trainer/55_Sports_Coach_Trainer_sportcoaching_55_685.jpg,240.0,182.0,279.0,231.0,1.0,0.0,0.0,0.0,0.0,0.0,1024.0,738.0,0.0025287411077235,Female,White,True,Female_White,0.0
12985,55--Sports_Coach_Trainer/55_Sports_Coach_Trainer_sportcoaching_55_685.jpg,134.0,171.0,172.0,217.0,1.0,0.0,0.0,0.0,0.0,0.0,1024.0,738.0,0.0023130504742547,Female,White,True,Female_White,0.0
12986,55--Sports_Coach_Trainer/55_Sports_Coach_Trainer_sportcoaching_55_685.jpg,313.0,363.0,354.0,412.0,1.0,0.0,0.0,0.0,0.0,0.0,1024.0,738.0,0.0026584201388888,Female,White,True,Female_White,0.0
12987,55--Sports_Coach_Trainer/55_Sports_Coach_Trainer_sportcoaching_55_685.jpg,203.0,349.0,248.0,402.0,1.0,0.0,0.0,0.0,0.0,0.0,1024.0,738.0,0.0031559641768292,Female,White,True,Female_White,0.0
12988,55--Sports_Coach_Trainer/55_Sports_Coach_Trainer_sportcoaching_55_685.jpg,74.0,350.0,126.0,408.0,1.0,0.0,0.0,0.0,0.0,0.0,1024.0,738.0,0.0039909383468834,Female,White,True,Female_White,0.0
12989,55--Sports_Coach_Trainer/55_Sports_Coach_Trainer_sportcoaching_55_685.jpg,836.0,174.0,872.0,223.0,1.0,0.0,0.0,0.0,0.0,0.0,1024.0,738.0,0.0023342225609756,Female,White,True,Female_White,0.0
12990,55--Sports_Coach_Trainer/55_Sports_Coach_Trainer_sportcoaching_55_685.jpg,725.0,142.0,764.0,195.0,1.0,0.0,0.0,0.0,0.0,0.0,1024.0,738.0,0.002735168953252,Female,White,True,Female_White,0.0
12991,55--Sports_Coach_Trainer/55_Sports_Coach_Trainer_sportcoaching_55_685.jpg,626.0,173.0,663.0,221.0,1.0,0.0,0.0,0.0,0.0,0.0,1024.0,738.0,0.0023501016260162,Female,White,True,Female_White,0.0
12992,55--Sports_Coach_Trainer/55_Sports_Coach_Trainer_sportcoaching_55_685.jpg,518.0,159.0,554.0,204.0,1.0,0.0,0.0,0.0,0.0,0.0,1024.0,738.0,0.0021436737804878,Female,White,True,Female_White,0.0
12993,55--Sports_Coach_Trainer/55_Sports_Coach_Trainer_sportcoaching_55_685.jpg,417.0,187.0,452.0,230.0,1.0,0.0,0.0,0.0,0.0,0.0,1024.0,738.0,0.0019914994071815,Female,White,True,Female_White,0.0
12994,55--Sports_Coach_Trainer/55_Sports_Coach_Trainer_sportcoaching_55_685.jpg,420.0,341.0,458.0,394.0,1.0,0.0,0.0,0.0,0.0,0.0,1024.0,738.0,0.0026650364159891,Female,Asian,True,Female_Asian,0.0
12995,55--Sports_Coach_Trainer/55_Sports_Coach_Trainer_sportcoaching_55_685.jpg,519.0,342.0,562.0,398.0,1.0,0.0,0.0,0.0,0.0,0.0,1024.0,738.0,0.0031863990514905,Female,White,True,Female_White,0.0
12996,55--Sports_Coach_Trainer/55_Sports_Coach_Trainer_sportcoaching_55_685.jpg,633.0,362.0,676.0,417.0,1.0,0.0,0.0,0.0,0.0,0.0,1024.0,738.0,0.0031294990684281,Female,White,True,Female_White,0.0
12997,55--Sports_Coach_Trainer/55_Sports_Coach_Trainer_sportcoaching_55_685.jpg,765.0,386.0,811.0,439.0,1.0,0.0,0.0,0.0,0.0,0.0,1024.0,738.0,0.0032260967140921,Female,White,True,Female_White,0.0
12998,55--Sports_Coach_Trainer/55_Sports_Coach_Trainer_sportcoaching_55_685.jpg,890.0,357.0,944.0,421.0,1.0,0.0,0.0,0.0,0.0,0.0,1024.0,738.0,0.0045731707317073,Female,White,True,Female_White,0.0
12999,55--Sports_Coach_Trainer/55_Sports_Coach_Trainer_sportcoaching_55_341.jpg,374.0,138.0,480.0,262.0,0.0,0.0,0.0,0.0,0.0,0.0,1024.0,386.0,0.0332537240932642,Female,White,True,Female_White,1.0
13003,55--Sports_Coach_Trainer/55_Sports_Coach_Trainer_sportcoaching_55_328.jpg,228.0,140.0,450.0,476.0,0.0,0.0,0.0,0.0,0.0,0.0,1024.0,576.0,0.12646484375,Female,White,True,Female_White,4.0
13009,55--Sports_Coach_Trainer/55_Sports_Coach_Trainer_sportcoaching_55_327.jpg,218.0,258.0,340.0,436.0,0.0,0.0,0.0,0.0,0.0,0.0,1024.0,1024.0,0.0207099914550781,Female,White,True,Female_White,0.0
13010,55--Sports_Coach_Trainer/55_Sports_Coach_Trainer_sportcoaching_55_327.jpg,538.0,160.0,646.0,384.0,0.0,0.0,0.0,0.0,0.0,0.0,1024.0,1024.0,0.0230712890625,Female,White,True,Female_White,0.0
13018,55--Sports_Coach_Trainer/55_Sports_Coach_Trainer_sportcoaching_55_464.jpg,162.0,34.0,228.0,128.0,0.0,0.0,0.0,0.0,0.0,0.0,1024.0,696.0,0.0087048760775862,Female,White,True,Female_White,0.0
13019,55--Sports_Coach_Trainer/55_Sports_Coach_Trainer_sportcoaching_55_464.jpg,372.0,60.0,430.0,150.0,0.0,0.0,0.0,0.0,0.0,0.0,1024.0,696.0,0.00732421875,Female,White,True,Female_White,0.0
13020,55--Sports_Coach_Trainer/55_Sports_Coach_Trainer_sportcoaching_55_464.jpg,584.0,64.0,652.0,152.0,0.0,0.0,0.0,0.0,0.0,0.0,1024.0,696.0,0.0083961925287356,Female,White,True,Female_White,0.0
13021,55--Sports_Coach_Trainer/55_Sports_Coach_Trainer_sportcoaching_55_464.jpg,790.0,58.0,870.0,140.0,0.0,0.0,0.0,0.0,0.0,1.0,1024.0,696.0,0.009204382183908,Female,White,True,Female_White,0.0
13037,55--Sports_Coach_Trainer/55_Sports_Coach_Trainer_sportcoaching_55_144.jpg,502.0,159.0,535.0,197.0,0.0,0.0,0.0,0.0,0.0,1.0,1024.0,653.0,0.0018753589203675,Female,White,True,Female_White,0.0
13053,55--Sports_Coach_Trainer/55_Sports_Coach_Trainer_sportcoaching_55_754.jpg,468.0,168.0,902.0,450.0,0.0,0.0,1.0,0.0,0.0,1.0,1024.0,658.0,0.181640625,Female,White,True,Female_White,6.0
13076,55--Sports_Coach_Trainer/55_Sports_Coach_Trainer_sportcoaching_55_758.jpg,282.0,160.0,356.0,258.0,1.0,0.0,0.0,0.0,0.0,0.0,1024.0,682.0,0.0103842100439882,Female,White,True,Female_White,0.0
13077,55--Sports_Coach_Trainer/55_Sports_Coach_Trainer_sportcoaching_55_758.jpg,442.0,170.0,526.0,284.0,1.0,0.0,0.0,0.0,0.0,0.0,1024.0,682.0,0.0137119684750733,Female,White,True,Female_White,0.0
13078,55--Sports_Coach_Trainer/55_Sports_Coach_Trainer_sportcoaching_55_758.jpg,706.0,200.0,826.0,356.0,1.0,0.0,0.0,0.0,0.0,0.0,1024.0,682.0,0.0268053519061583,Female,White,True,Female_White,0.0
13081,55--Sports_Coach_Trainer/55_Sports_Coach_Trainer_sportcoaching_55_507.jpg,620.0,132.0,778.0,338.0,0.0,0.0,0.0,0.0,0.0,0.0,1024.0,765.0,0.0415492238562091,Female,White,True,Female_White,1.0
13082,55--Sports_Coach_Trainer/55_Sports_Coach_Trainer_sportcoaching_55_962.jpg,352.0,301.0,629.0,690.0,0.0,0.0,0.0,0.0,0.0,0.0,1024.0,1366.0,0.0770333375274524,Female,White,True,Female_White,2.0
13089,55--Sports_Coach_Trainer/55_Sports_Coach_Trainer_sportcoaching_55_873.jpg,395.0,101.0,629.0,468.0,0.0,0.0,0.0,0.0,0.0,0.0,1024.0,1619.0,0.0518006388974675,Female,White,True,Female_White,1.0
13090,55--Sports_Coach_Trainer/55_Sports_Coach_Trainer_sportcoaching_55_344.jpg,786.0,106.0,890.0,246.0,0.0,0.0,0.0,0.0,0.0,0.0,1024.0,427.0,0.0332991803278688,Female,White,True,Female_White,1.0
13091,55--Sports_Coach_Trainer/55_Sports_Coach_Trainer_sportcoaching_55_379.jpg,532.0,98.0,592.0,176.0,1.0,0.0,0.0,0.0,0.0,0.0,1024.0,685.0,0.0066719890510948,Female,White,True,Female_White,0.0
13092,55--Sports_Coach_Trainer/55_Sports_Coach_Trainer_sportcoaching_55_279.jpg,316.0,138.0,434.0,304.0,0.0,0.0,0.0,0.0,0.0,0.0,1024.0,1024.0,0.0186805725097656,Female,White,True,Female_White,0.0
13093,55--Sports_Coach_Trainer/55_Sports_Coach_Trainer_sportcoaching_55_279.jpg,544.0,134.0,666.0,308.0,0.0,0.0,0.0,0.0,0.0,0.0,1024.0,1024.0,0.0202445983886718,Female,White,True,Female_White,0.0
13094,55--Sports_Coach_Trainer/55_Sports_Coach_Trainer_sportcoaching_55_730.jpg,326.0,96.0,432.0,168.0,0.0,0.0,0.0,0.0,0.0,1.0,1024.0,629.0,0.0118491653418124,Female,White,True,Female_White,0.0
13097,55--Sports_Coach_Trainer/55_Sports_Coach_Trainer_sportcoaching_55_1004.jpg,378.0,167.0,656.0,524.0,0.0,0.0,0.0,0.0,0.0,0.0,1024.0,1186.0,0.0817200015809443,Female,White,True,Female_White,3.0
13117,55--Sports_Coach_Trainer/55_Sports_Coach_Trainer_sportcoaching_55_223.jpg,424.0,98.0,624.0,348.0,0.0,1.0,0.0,0.0,0.0,0.0,1024.0,683.0,0.0714906661786237,Female,White,True,Female_White,2.0
13121,55--Sports_Coach_Trainer/55_Sports_Coach_Trainer_sportcoaching_55_776.jpg,406.0,215.0,619.0,520.0,0.0,0.0,0.0,0.0,0.0,0.0,1024.0,1283.0,0.049448466728371,Female,White,True,Female_White,1.0
13131,55--Sports_Coach_Trainer/55_Sports_Coach_Trainer_sportcoaching_55_837.jpg,347.0,133.0,688.0,653.0,0.0,0.0,0.0,0.0,0.0,0.0,1024.0,1366.0,0.1267672492679356,Female,White,True,Female_White,4.0
13133,55--Sports_Coach_Trainer/55_Sports_Coach_Trainer_sportcoaching_55_887.jpg,312.0,182.0,677.0,665.0,0.0,0.0,0.0,0.0,0.0,0.0,1024.0,1505.0,0.1143940770348837,Female,White,True,Female_White,4.0
13159,55--Sports_Coach_Trainer/55_Sports_Coach_Trainer_sportcoaching_55_1018.jpg,304.0,200.0,763.0,878.0,0.0,0.0,0.0,0.0,0.0,0.0,1024.0,1440.0,0.21104736328125,Female,White,True,Female_White,7.0
13165,55--Sports_Coach_Trainer/55_Sports_Coach_Trainer_sportcoaching_55_680.jpg,622.0,8.0,780.0,208.0,0.0,0.0,0.0,0.0,0.0,0.0,1024.0,496.0,0.0622164818548387,Female,White,True,Female_White,2.0
13170,55--Sports_Coach_Trainer/55_Sports_Coach_Trainer_sportcoaching_55_19.jpg,246.0,46.0,354.0,208.0,0.0,0.0,1.0,0.0,0.0,0.0,1024.0,414.0,0.0412703804347826,Female,White,True,Female_White,1.0
13171,55--Sports_Coach_Trainer/55_Sports_Coach_Trainer_sportcoaching_55_19.jpg,804.0,172.0,898.0,304.0,0.0,1.0,1.0,0.0,0.0,0.0,1024.0,414.0,0.0292685688405797,Female,White,True,Female_White,1.0
13184,55--Sports_Coach_Trainer/55_Sports_Coach_Trainer_sportcoaching_55_55.jpg,130.0,84.0,228.0,232.0,0.0,1.0,0.0,0.0,0.0,0.0,1024.0,681.0,0.0207989170337738,Female,White,True,Female_White,0.0
13185,55--Sports_Coach_Trainer/55_Sports_Coach_Trainer_sportcoaching_55_55.jpg,540.0,80.0,634.0,212.0,0.0,0.0,0.0,0.0,0.0,0.0,1024.0,681.0,0.0177932268722466,Female,White,True,Female_White,0.0
13186,55--Sports_Coach_Trainer/55_Sports_Coach_Trainer_sportcoaching_55_55.jpg,646.0,134.0,732.0,272.0,0.0,1.0,0.0,0.0,0.0,0.0,1024.0,681.0,0.0170188601321585,Female,White,True,Female_White,0.0
13187,55--Sports_Coach_Trainer/55_Sports_Coach_Trainer_sportcoaching_55_55.jpg,858.0,56.0,944.0,192.0,0.0,0.0,0.0,0.0,0.0,0.0,1024.0,681.0,0.0167722099853157,Female,White,True,Female_White,0.0
13226,55--Sports_Coach_Trainer/55_Sports_Coach_Trainer_sportcoaching_55_675.jpg,124.0,148.0,272.0,286.0,0.0,0.0,0.0,0.0,0.0,0.0,1024.0,496.0,0.0402123235887096,Female,White,True,Female_White,1.0
13227,55--Sports_Coach_Trainer/55_Sports_Coach_Trainer_sportcoaching_55_829.jpg,328.0,174.0,440.0,334.0,0.0,0.0,0.0,0.0,0.0,0.0,1024.0,686.0,0.0255102040816326,Female,White,True,Female_White,0.0
13228,55--Sports_Coach_Trainer/55_Sports_Coach_Trainer_sportcoaching_55_829.jpg,496.0,174.0,566.0,292.0,0.0,0.0,1.0,0.0,0.0,0.0,1024.0,686.0,0.0117586096938775,Female,White,True,Female_White,0.0
13240,55--Sports_Coach_Trainer/55_Sports_Coach_Trainer_sportcoaching_55_611.jpg,184.0,342.0,272.0,404.0,1.0,0.0,0.0,0.0,0.0,1.0,1024.0,549.0,0.0097051457194899,Female,White,True,Female_White,0.0
13241,55--Sports_Coach_Trainer/55_Sports_Coach_Trainer_sportcoaching_55_611.jpg,756.0,182.0,822.0,246.0,1.0,0.0,0.0,0.0,0.0,1.0,1024.0,549.0,0.0075136612021857,Female,White,True,Female_White,0.0
13248,55--Sports_Coach_Trainer/55_Sports_Coach_Trainer_sportcoaching_55_976.jpg,361.0,223.0,595.0,575.0,0.0,0.0,0.0,0.0,0.0,0.0,1024.0,1069.0,0.0752455565949485,Female,White,True,Female_White,2.0
13270,56--Voter/56_Voter_peoplevoting_56_418.jpg,214.0,200.0,770.0,886.0,0.0,0.0,0.0,0.0,0.0,0.0,1024.0,1008.0,0.3695203993055556,Female,White,True,Female_White,13.0
13271,56--Voter/56_Voter_peoplevoting_56_480.jpg,390.0,196.0,642.0,546.0,0.0,0.0,0.0,0.0,0.0,0.0,1024.0,820.0,0.1050400152439024,Female,Asian,True,Female_Asian,3.0
13272,56--Voter/56_Voter_peoplevoting_56_949.jpg,266.0,150.0,691.0,644.0,0.0,0.0,1.0,0.0,0.0,0.0,1024.0,1535.0,0.1335695745114006,Female,White,True,Female_White,4.0
13275,56--Voter/56_Voter_peoplevoting_56_862.jpg,408.0,417.0,716.0,855.0,0.0,0.0,0.0,0.0,0.0,0.0,1024.0,1547.0,0.0851597850678733,Female,Indian,True,Female_Indian,3.0
13281,56--Voter/56_Voter_peoplevoting_56_864.jpg,117.0,227.0,685.0,966.0,0.0,0.0,0.0,0.0,0.0,0.0,1024.0,1366.0,0.3000835010980966,Female,White,True,Female_White,11.0
13285,56--Voter/56_Voter_peoplevoting_56_740.jpg,322.0,66.0,410.0,258.0,0.0,0.0,0.0,0.0,0.0,0.0,1024.0,576.0,0.0286458333333333,Female,White,True,Female_White,1.0
13296,56--Voter/56_Voter_peoplevoting_56_599.jpg,534.0,70.0,644.0,210.0,1.0,0.0,0.0,0.0,0.0,0.0,1024.0,931.0,0.0161536654135338,Female,White,True,Female_White,0.0
13297,56--Voter/56_Voter_peoplevoting_56_948.jpg,268.0,202.0,807.0,905.0,0.0,0.0,0.0,0.0,0.0,0.0,1024.0,1360.0,0.272085391773897,Female,White,True,Female_White,10.0
13302,56--Voter/56_Voter_peoplevoting_56_988.jpg,542.0,146.0,776.0,466.0,0.0,0.0,0.0,0.0,0.0,0.0,1024.0,834.0,0.0876798561151079,Female,White,True,Female_White,3.0
13305,56--Voter/56_Voter_peoplevoting_56_843.jpg,424.0,220.0,684.0,557.0,0.0,0.0,0.0,0.0,0.0,0.0,1024.0,1360.0,0.0629164751838235,Female,White,True,Female_White,2.0
13313,56--Voter/56_Voter_peoplevoting_56_1013.jpg,364.0,180.0,650.0,574.0,0.0,0.0,0.0,0.0,0.0,0.0,1024.0,768.0,0.1432851155598958,Female,White,True,Female_White,5.0
13317,56--Voter/56_Voter_peoplevoting_56_821.jpg,80.0,232.0,541.0,891.0,0.0,0.0,0.0,0.0,0.0,0.0,1024.0,1366.0,0.217187928943997,Female,White,True,Female_White,8.0
13322,56--Voter/56_Voter_peoplevoting_56_942.jpg,233.0,154.0,637.0,660.0,0.0,0.0,0.0,0.0,0.0,0.0,1024.0,1269.0,0.15731506107171,Female,White,True,Female_White,5.0
13325,56--Voter/56_Voter_peoplevoting_56_1002.jpg,302.0,284.0,643.0,694.0,0.0,0.0,0.0,0.0,0.0,0.0,1024.0,1532.0,0.0891208897682767,Female,White,True,Female_White,3.0
13327,56--Voter/56_Voter_peoplevoting_56_830.jpg,272.0,310.0,691.0,872.0,0.0,0.0,0.0,0.0,0.0,0.0,1024.0,1301.0,0.1767555606264412,Female,White,True,Female_White,6.0
13339,56--Voter/56_Voter_peoplevoting_56_643.jpg,322.0,122.0,472.0,310.0,0.0,0.0,0.0,0.0,0.0,0.0,1024.0,721.0,0.038195648404993,Female,White,True,Female_White,1.0
13340,56--Voter/56_Voter_peoplevoting_56_643.jpg,418.0,178.0,638.0,354.0,0.0,0.0,0.0,0.0,0.0,0.0,1024.0,721.0,0.0524445214979195,Female,White,True,Female_White,1.0
13341,56--Voter/56_Voter_peoplevoting_56_1021.jpg,299.0,245.0,736.0,848.0,0.0,0.0,0.0,0.0,0.0,0.0,1024.0,1366.0,0.1883857693539531,Female,White,True,Female_White,7.0
13342,56--Voter/56_Voter_peoplevoting_56_886.jpg,56.0,302.0,270.0,616.0,0.0,0.0,0.0,0.0,0.0,0.0,1024.0,902.0,0.0727506582594235,Female,Asian,True,Female_Asian,2.0
13343,56--Voter/56_Voter_peoplevoting_56_886.jpg,274.0,258.0,498.0,594.0,0.0,0.0,0.0,0.0,0.0,0.0,1024.0,902.0,0.0814855875831485,Female,Asian,True,Female_Asian,3.0
13344,56--Voter/56_Voter_peoplevoting_56_886.jpg,496.0,248.0,724.0,590.0,0.0,0.0,0.0,0.0,0.0,0.0,1024.0,902.0,0.0844217710643015,Female,Asian,True,Female_Asian,3.0
13345,56--Voter/56_Voter_peoplevoting_56_886.jpg,750.0,266.0,996.0,586.0,0.0,0.0,0.0,0.0,0.0,0.0,1024.0,902.0,0.0852272727272727,Female,Asian,True,Female_Asian,3.0
13355,56--Voter/56_Voter_peoplevoting_56_922.jpg,229.0,272.0,760.0,1083.0,0.0,0.0,1.0,0.0,0.0,0.0,1024.0,1366.0,0.307868119738287,Female,White,True,Female_White,11.0
13362,56--Voter/56_Voter_peoplevoting_56_924.jpg,275.0,205.0,843.0,944.0,0.0,0.0,1.0,0.0,0.0,0.0,1024.0,1366.0,0.3000835010980966,Female,White,True,Female_White,11.0
13366,56--Voter/56_Voter_peoplevoting_56_871.jpg,577.0,84.0,662.0,187.0,0.0,0.0,0.0,0.0,0.0,0.0,1024.0,768.0,0.0111325581868489,Female,White,True,Female_White,0.0
13367,56--Voter/56_Voter_peoplevoting_56_871.jpg,54.0,298.0,98.0,358.0,1.0,0.0,0.0,0.0,0.0,0.0,1024.0,768.0,0.00335693359375,Female,White,True,Female_White,0.0
13369,56--Voter/56_Voter_peoplevoting_56_925.jpg,366.0,130.0,724.0,546.0,0.0,0.0,0.0,0.0,0.0,0.0,1024.0,768.0,0.1893717447916666,Female,White,True,Female_White,7.0
13371,56--Voter/56_Voter_peoplevoting_56_906.jpg,252.0,159.0,820.0,955.0,0.0,0.0,1.0,0.0,0.0,0.0,1024.0,1360.0,0.3246553308823529,Female,White,True,Female_White,12.0
13372,56--Voter/56_Voter_peoplevoting_56_931.jpg,272.0,245.0,771.0,912.0,0.0,0.0,0.0,0.0,0.0,0.0,1024.0,1366.0,0.2379445289622986,Female,White,True,Female_White,8.0
13376,56--Voter/56_Voter_peoplevoting_56_839.jpg,294.0,241.0,679.0,769.0,0.0,0.0,0.0,0.0,0.0,0.0,1024.0,1360.0,0.1459673713235294,Female,White,True,Female_White,5.0
13377,56--Voter/56_Voter_peoplevoting_56_631.jpg,208.0,169.0,512.0,551.0,0.0,0.0,0.0,0.0,0.0,0.0,1024.0,1541.0,0.0735926346528228,Female,White,True,Female_White,2.0
13378,56--Voter/56_Voter_peoplevoting_56_972.jpg,251.0,208.0,712.0,832.0,0.0,0.0,1.0,0.0,0.0,0.0,1024.0,1366.0,0.2056529099560761,Female,White,True,Female_White,7.0
13386,56--Voter/56_Voter_peoplevoting_56_205.jpg,158.0,70.0,332.0,300.0,0.0,0.0,0.0,0.0,0.0,0.0,1024.0,771.0,0.0506900535019455,Female,Indian,True,Female_Indian,1.0
13387,56--Voter/56_Voter_peoplevoting_56_205.jpg,468.0,90.0,710.0,408.0,0.0,0.0,0.0,0.0,0.0,0.0,1024.0,771.0,0.097473857003891,Female,Indian,True,Female_Indian,3.0
13401,56--Voter/56_Voter_peoplevoting_56_791.jpg,440.0,75.0,624.0,323.0,0.0,0.0,0.0,0.0,0.0,0.0,1024.0,1366.0,0.0326226207906295,Female,White,True,Female_White,1.0
13402,56--Voter/56_Voter_peoplevoting_56_1037.jpg,256.0,174.0,658.0,680.0,0.0,0.0,1.0,0.0,0.0,0.0,1024.0,768.0,0.2586517333984375,Female,White,True,Female_White,9.0
13407,56--Voter/56_Voter_peoplevoting_56_1027.jpg,259.0,277.0,720.0,837.0,0.0,0.0,0.0,0.0,0.0,0.0,1024.0,1366.0,0.184560303806735,Female,White,True,Female_White,6.0
13408,56--Voter/56_Voter_peoplevoting_56_760.jpg,379.0,157.0,681.0,601.0,0.0,0.0,0.0,0.0,0.0,0.0,1024.0,1323.0,0.0989760487528344,Female,White,True,Female_White,3.0
13412,56--Voter/56_Voter_peoplevoting_56_866.jpg,297.0,229.0,778.0,819.0,0.0,0.0,0.0,0.0,0.0,0.0,1024.0,1434.0,0.1932626721582984,Female,Asian,True,Female_Asian,7.0
13413,56--Voter/56_Voter_peoplevoting_56_328.jpg,216.0,92.0,306.0,252.0,1.0,0.0,0.0,0.0,0.0,0.0,1024.0,562.0,0.0250222419928825,Female,White,True,Female_White,0.0
13418,56--Voter/56_Voter_peoplevoting_56_408.jpg,317.0,126.0,429.0,273.0,0.0,0.0,0.0,0.0,0.0,0.0,1024.0,1400.0,0.011484375,Female,White,True,Female_White,0.0
13429,56--Voter/56_Voter_peoplevoting_56_784.jpg,338.0,216.0,424.0,370.0,1.0,0.0,0.0,0.0,0.0,1.0,1024.0,768.0,0.0168406168619791,Female,White,True,Female_White,0.0
13431,56--Voter/56_Voter_peoplevoting_56_676.jpg,246.0,18.0,342.0,210.0,1.0,0.0,0.0,0.0,0.0,0.0,1024.0,576.0,0.03125,Female,White,True,Female_White,1.0
13436,56--Voter/56_Voter_peoplevoting_56_589.jpg,198.0,252.0,546.0,659.0,0.0,0.0,1.0,0.0,0.0,0.0,1024.0,1092.0,0.1266633756868131,Female,White,True,Female_White,4.0
13444,56--Voter/56_Voter_peoplevoting_56_1048.jpg,212.0,268.0,776.0,887.0,0.0,0.0,0.0,0.0,0.0,0.0,1024.0,1428.0,0.2387490152310924,Female,White,True,Female_White,8.0
13461,57--Angler/57_Angler_peoplefishing_57_853.jpg,494.0,168.0,758.0,554.0,0.0,0.0,0.0,0.0,0.0,0.0,1024.0,744.0,0.1337575604838709,Female,White,True,Female_White,4.0
13467,57--Angler/57_Angler_peoplefishing_57_807.jpg,288.0,224.0,364.0,314.0,0.0,0.0,0.0,0.0,0.0,0.0,1024.0,768.0,0.008697509765625,Female,White,True,Female_White,0.0
13468,57--Angler/57_Angler_peoplefishing_57_807.jpg,412.0,232.0,490.0,330.0,0.0,0.0,0.0,0.0,0.0,0.0,1024.0,768.0,0.0097198486328125,Female,White,True,Female_White,0.0
13469,57--Angler/57_Angler_peoplefishing_57_807.jpg,614.0,252.0,672.0,328.0,0.0,0.0,0.0,0.0,0.0,0.0,1024.0,768.0,0.0056050618489583,Female,White,True,Female_White,0.0
13470,57--Angler/57_Angler_peoplefishing_57_807.jpg,676.0,330.0,732.0,398.0,0.0,0.0,0.0,0.0,0.0,0.0,1024.0,768.0,0.0048421223958333,Female,White,True,Female_White,0.0
13485,57--Angler/57_Angler_peoplefishing_57_632.jpg,438.0,210.0,598.0,366.0,1.0,0.0,0.0,0.0,0.0,0.0,1024.0,919.0,0.0265233949945593,Female,White,True,Female_White,0.0
13519,57--Angler/57_Angler_peoplefishing_57_622.jpg,496.0,74.0,640.0,304.0,0.0,0.0,0.0,0.0,0.0,0.0,1024.0,768.0,0.0421142578125,Female,White,True,Female_White,1.0
13525,57--Angler/57_Angler_peoplefishing_57_893.jpg,488.0,627.0,576.0,740.0,1.0,0.0,0.0,0.0,0.0,0.0,1024.0,1455.0,0.0066741838487972,Female,White,True,Female_White,0.0
13555,57--Angler/57_Angler_peoplefishing_57_766.jpg,534.0,391.0,636.0,504.0,1.0,0.0,0.0,0.0,0.0,0.0,1024.0,1380.0,0.0081564198369565,Female,White,True,Female_White,0.0
13591,58--Hockey/58_Hockey_icehockey_puck_58_394.jpg,550.0,22.0,620.0,108.0,1.0,0.0,0.0,0.0,0.0,0.0,1024.0,637.0,0.0092290521978021,Female,White,True,Female_White,0.0
13592,58--Hockey/58_Hockey_icehockey_puck_58_394.jpg,686.0,190.0,760.0,282.0,1.0,0.0,0.0,0.0,0.0,0.0,1024.0,637.0,0.0104371075353218,Female,White,True,Female_White,0.0
13593,58--Hockey/58_Hockey_icehockey_puck_58_394.jpg,674.0,228.0,730.0,302.0,1.0,0.0,0.0,0.0,0.0,0.0,1024.0,637.0,0.0063530219780219,Female,White,True,Female_White,0.0
13594,58--Hockey/58_Hockey_icehockey_puck_58_394.jpg,414.0,224.0,490.0,314.0,1.0,0.0,0.0,0.0,0.0,0.0,1024.0,637.0,0.0104861656200941,Female,White,True,Female_White,0.0
13595,58--Hockey/58_Hockey_icehockey_puck_58_394.jpg,230.0,264.0,310.0,352.0,1.0,0.0,0.0,0.0,0.0,0.0,1024.0,637.0,0.0107927786499215,Female,White,True,Female_White,0.0
13598,58--Hockey/58_Hockey_icehockey_puck_58_293.jpg,576.0,114.0,840.0,390.0,0.0,0.0,0.0,0.0,0.0,0.0,1024.0,782.0,0.0909926470588235,Female,White,True,Female_White,3.0
13673,58--Hockey/58_Hockey_icehockey_puck_58_30.jpg,463.0,153.0,579.0,269.0,1.0,0.0,0.0,0.0,1.0,0.0,1024.0,1267.0,0.0103714483030781,Female,White,True,Female_White,0.0
13770,58--Hockey/58_Hockey_icehockey_puck_58_1030.jpg,914.0,66.0,1002.0,186.0,1.0,0.0,0.0,0.0,0.0,0.0,1024.0,800.0,0.012890625,Female,White,True,Female_White,0.0
13771,58--Hockey/58_Hockey_icehockey_puck_58_1030.jpg,670.0,102.0,768.0,222.0,1.0,0.0,0.0,0.0,0.0,0.0,1024.0,800.0,0.01435546875,Female,White,True,Female_White,0.0
13772,58--Hockey/58_Hockey_icehockey_puck_58_1030.jpg,354.0,112.0,456.0,258.0,1.0,0.0,0.0,0.0,0.0,0.0,1024.0,800.0,0.0181787109375,Female,White,True,Female_White,0.0
13773,58--Hockey/58_Hockey_icehockey_puck_58_1030.jpg,550.0,146.0,640.0,260.0,1.0,0.0,0.0,0.0,0.0,0.0,1024.0,800.0,0.0125244140625,Female,White,True,Female_White,0.0
13778,59--people--driving--car/59_peopledrivingcar_peopledrivingcar_59_358.jpg,662.0,68.0,764.0,230.0,0.0,0.0,0.0,0.0,0.0,0.0,1024.0,684.0,0.0235916940789473,Female,White,True,Female_White,0.0
13783,59--people--driving--car/59_peopledrivingcar_peopledrivingcar_59_451.jpg,510.0,156.0,664.0,358.0,0.0,0.0,0.0,0.0,0.0,0.0,1024.0,682.0,0.0445438508064516,Female,White,True,Female_White,1.0
13784,59--people--driving--car/59_peopledrivingcar_peopledrivingcar_59_366.jpg,162.0,144.0,348.0,374.0,0.0,0.0,0.0,0.0,0.0,0.0,1024.0,751.0,0.0556289530625832,Female,White,True,Female_White,2.0
13791,59--people--driving--car/59_peopledrivingcar_peopledrivingcar_59_16.jpg,394.0,182.0,562.0,394.0,0.0,0.0,0.0,0.0,0.0,1.0,1024.0,679.0,0.0512242268041237,Female,White,True,Female_White,1.0
13793,59--people--driving--car/59_peopledrivingcar_peopledrivingcar_59_268.jpg,476.0,22.0,770.0,330.0,0.0,0.0,0.0,0.0,0.0,0.0,1024.0,700.0,0.126328125,Female,White,True,Female_White,4.0
13802,59--people--driving--car/59_peopledrivingcar_peopledrivingcar_59_57.jpg,668.0,224.0,846.0,476.0,0.0,0.0,0.0,0.0,0.0,0.0,1024.0,713.0,0.0614371493688639,Female,White,True,Female_White,2.0
13803,59--people--driving--car/59_peopledrivingcar_peopledrivingcar_59_57.jpg,328.0,208.0,512.0,434.0,0.0,0.0,1.0,0.0,0.0,0.0,1024.0,713.0,0.0569556451612903,Female,White,True,Female_White,2.0
13805,59--people--driving--car/59_peopledrivingcar_peopledrivingcar_59_4.jpg,260.0,224.0,442.0,452.0,0.0,0.0,0.0,0.0,0.0,0.0,1024.0,768.0,0.052764892578125,Female,White,True,Female_White,1.0
13806,59--people--driving--car/59_peopledrivingcar_peopledrivingcar_59_144.jpg,572.0,138.0,694.0,342.0,0.0,0.0,0.0,0.0,0.0,0.0,1024.0,727.0,0.0334314821182943,Female,White,True,Female_White,1.0
13808,59--people--driving--car/59_peopledrivingcar_peopledrivingcar_59_1.jpg,844.0,8.0,956.0,128.0,0.0,0.0,0.0,0.0,0.0,0.0,1024.0,691.0,0.0189942112879884,Female,White,True,Female_White,0.0
13809,59--people--driving--car/59_peopledrivingcar_peopledrivingcar_59_1.jpg,222.0,160.0,422.0,424.0,0.0,0.0,0.0,0.0,0.0,0.0,1024.0,691.0,0.0746201157742402,Female,White,True,Female_White,2.0
13810,59--people--driving--car/59_peopledrivingcar_peopledrivingcar_59_121.jpg,236.0,118.0,356.0,334.0,0.0,0.0,0.0,0.0,0.0,0.0,1024.0,642.0,0.0394275700934579,Female,White,True,Female_White,1.0
13812,59--people--driving--car/59_peopledrivingcar_peopledrivingcar_59_241.jpg,322.0,178.0,804.0,907.0,0.0,0.0,0.0,0.0,0.0,0.0,1024.0,1543.0,0.2223866352073882,Female,White,True,Female_White,8.0
13817,59--people--driving--car/59_peopledrivingcar_peopledrivingcar_59_370.jpg,364.0,172.0,530.0,368.0,0.0,0.0,0.0,0.0,0.0,0.0,1024.0,683.0,0.046520406295754,Female,White,True,Female_White,1.0
13820,59--people--driving--car/59_peopledrivingcar_peopledrivingcar_59_1000.jpg,118.0,98.0,288.0,362.0,0.0,0.0,0.0,0.0,0.0,0.0,1024.0,687.0,0.0637963973799126,Female,White,True,Female_White,2.0
13824,59--people--driving--car/59_peopledrivingcar_peopledrivingcar_59_788.jpg,316.0,190.0,630.0,492.0,0.0,0.0,0.0,0.0,1.0,1.0,1024.0,683.0,0.1355863378477306,Female,White,True,Female_White,5.0
13828,59--people--driving--car/59_peopledrivingcar_peopledrivingcar_59_26.jpg,426.0,124.0,630.0,360.0,0.0,0.0,0.0,0.0,0.0,0.0,1024.0,683.0,0.0688369326500732,Female,White,True,Female_White,2.0
13831,59--people--driving--car/59_peopledrivingcar_peopledrivingcar_59_595.jpg,522.0,38.0,894.0,544.0,0.0,0.0,0.0,0.0,0.0,0.0,1024.0,708.0,0.2596332097457627,Female,White,True,Female_White,9.0
13839,59--people--driving--car/59_peopledrivingcar_peopledrivingcar_59_682.jpg,334.0,314.0,442.0,436.0,0.0,0.0,1.0,0.0,0.0,0.0,1024.0,694.0,0.0185406159942363,Female,White,True,Female_White,0.0
13840,59--people--driving--car/59_peopledrivingcar_peopledrivingcar_59_165.jpg,254.0,98.0,342.0,218.0,1.0,0.0,0.0,0.0,0.0,0.0,1024.0,680.0,0.0151654411764705,Female,White,True,Female_White,0.0
13841,59--people--driving--car/59_peopledrivingcar_peopledrivingcar_59_245.jpg,552.0,0.0,754.0,240.0,0.0,0.0,0.0,0.0,0.0,0.0,1024.0,411.0,0.115191605839416,Female,White,True,Female_White,4.0
13862,59--people--driving--car/59_peopledrivingcar_peopledrivingcar_59_374.jpg,472.0,254.0,740.0,556.0,0.0,0.0,0.0,0.0,0.0,0.0,1024.0,768.0,0.1029154459635416,Female,White,True,Female_White,3.0
13872,59--people--driving--car/59_peopledrivingcar_peopledrivingcar_59_126.jpg,650.0,156.0,804.0,412.0,0.0,0.0,0.0,0.0,0.0,0.0,1024.0,680.0,0.0566176470588235,Female,White,True,Female_White,2.0
13876,59--people--driving--car/59_peopledrivingcar_peopledrivingcar_59_726.jpg,578.0,140.0,636.0,230.0,0.0,0.0,0.0,0.0,0.0,0.0,1024.0,738.0,0.0069073932926829,Female,White,True,Female_White,0.0
13882,59--people--driving--car/59_peopledrivingcar_peopledrivingcar_59_819.jpg,230.0,36.0,649.0,512.0,0.0,0.0,0.0,0.0,0.0,0.0,1024.0,1326.0,0.146885016025641,Female,White,True,Female_White,5.0
13886,59--people--driving--car/59_peopledrivingcar_peopledrivingcar_59_46.jpg,452.0,156.0,630.0,418.0,0.0,0.0,0.0,0.0,0.0,0.0,1024.0,768.0,0.0593007405598958,Female,White,True,Female_White,2.0
13887,59--people--driving--car/59_peopledrivingcar_peopledrivingcar_59_46.jpg,348.0,336.0,568.0,638.0,0.0,1.0,0.0,0.0,0.0,0.0,1024.0,768.0,0.0844828287760416,Female,White,True,Female_White,3.0
13914,59--people--driving--car/59_peopledrivingcar_peopledrivingcar_59_328.jpg,330.0,204.0,470.0,466.0,0.0,0.0,0.0,0.0,0.0,0.0,1024.0,683.0,0.0524455527086383,Female,White,True,Female_White,1.0
13916,6--Funeral/6_Funeral_Funeral_6_915.jpg,401.0,416.0,747.0,884.0,0.0,0.0,0.0,0.0,0.0,0.0,1024.0,1489.0,0.1062006799865681,Female,Indian,True,Female_Indian,3.0
13932,6--Funeral/6_Funeral_Funeral_6_675.jpg,866.0,104.0,934.0,188.0,1.0,0.0,0.0,0.0,0.0,0.0,1024.0,743.0,0.0075075706594885,Female,White,True,Female_White,0.0
13933,6--Funeral/6_Funeral_Funeral_6_651.jpg,356.0,56.0,430.0,164.0,1.0,0.0,0.0,0.0,0.0,0.0,1024.0,674.0,0.0115796550445103,Female,White,True,Female_White,0.0
13947,6--Funeral/6_Funeral_Funeral_6_873.jpg,682.0,72.0,866.0,316.0,1.0,0.0,0.0,0.0,0.0,0.0,1024.0,927.0,0.0472963861920172,Female,White,True,Female_White,1.0
13948,6--Funeral/6_Funeral_Funeral_6_873.jpg,124.0,272.0,232.0,422.0,1.0,0.0,0.0,0.0,0.0,0.0,1024.0,927.0,0.017066140776699,Female,White,True,Female_White,0.0
13950,6--Funeral/6_Funeral_Funeral_6_374.jpg,600.0,155.0,708.0,313.0,0.0,0.0,0.0,0.0,0.0,0.0,1024.0,1347.0,0.0123712416481069,Female,White,True,Female_White,0.0
13951,6--Funeral/6_Funeral_Funeral_6_374.jpg,197.0,103.0,323.0,274.0,0.0,0.0,0.0,0.0,0.0,0.0,1024.0,1347.0,0.0156206500556792,Female,White,True,Female_White,0.0
13957,6--Funeral/6_Funeral_Funeral_6_868.jpg,108.0,253.0,614.0,949.0,0.0,0.0,0.0,0.0,0.0,0.0,1024.0,1542.0,0.2230362354085603,Female,White,True,Female_White,8.0
14086,6--Funeral/6_Funeral_Funeral_6_890.jpg,423.0,336.0,691.0,705.0,0.0,0.0,0.0,0.0,0.0,0.0,1024.0,1399.0,0.0690308926018584,Female,White,True,Female_White,2.0
14153,61--Street_Battle/61_Street_Battle_streetfight_61_346.jpg,392.0,204.0,517.0,414.0,0.0,0.0,1.0,0.0,0.0,0.0,1024.0,1554.0,0.0164959881756756,Female,White,True,Female_White,0.0
14171,61--Street_Battle/61_Street_Battle_streetfight_61_674.jpg,406.0,72.0,494.0,198.0,0.0,0.0,0.0,0.0,0.0,0.0,1024.0,683.0,0.0158537701317715,Female,White,True,Female_White,0.0
14172,61--Street_Battle/61_Street_Battle_streetfight_61_724.jpg,383.0,261.0,671.0,634.0,0.0,0.0,0.0,0.0,0.0,0.0,1024.0,1736.0,0.0604298675115207,Female,White,True,Female_White,2.0
14173,61--Street_Battle/61_Street_Battle_streetfight_61_722.jpg,457.0,134.0,701.0,460.0,0.0,0.0,0.0,0.0,0.0,0.0,1024.0,1560.0,0.0497946714743589,Female,Asian,True,Female_Asian,1.0
14182,61--Street_Battle/61_Street_Battle_streetfight_61_556.jpg,398.0,92.0,474.0,202.0,0.0,0.0,0.0,0.0,0.0,0.0,1024.0,682.0,0.0119707661290322,Female,White,True,Female_White,0.0
14207,61--Street_Battle/61_Street_Battle_streetfight_61_635.jpg,384.0,199.0,541.0,423.0,0.0,0.0,0.0,0.0,0.0,0.0,1024.0,1435.0,0.0239329268292682,Female,White,True,Female_White,0.0
14238,7--Cheering/7_Cheering_Cheering_7_678.jpg,246.0,134.0,290.0,193.0,0.0,0.0,0.0,0.0,0.0,0.0,1024.0,790.0,0.0032090585443037,Female,White,True,Female_White,0.0
14239,7--Cheering/7_Cheering_Cheering_7_678.jpg,379.0,155.0,416.0,213.0,0.0,0.0,0.0,0.0,0.0,0.0,1024.0,790.0,0.0026527887658227,Female,White,True,Female_White,0.0
14240,7--Cheering/7_Cheering_Cheering_7_678.jpg,493.0,155.0,534.0,208.0,0.0,0.0,0.0,0.0,0.0,0.0,1024.0,790.0,0.0026861649525316,Female,White,True,Female_White,0.0
14241,7--Cheering/7_Cheering_Cheering_7_678.jpg,606.0,158.0,647.0,210.0,0.0,0.0,0.0,0.0,0.0,0.0,1024.0,790.0,0.0026354825949367,Female,White,True,Female_White,0.0
14242,7--Cheering/7_Cheering_Cheering_7_678.jpg,703.0,136.0,745.0,192.0,0.0,0.0,0.0,0.0,0.0,0.0,1024.0,790.0,0.0029074367088607,Female,White,True,Female_White,0.0
14243,7--Cheering/7_Cheering_Cheering_7_678.jpg,134.0,281.0,178.0,338.0,0.0,0.0,0.0,0.0,0.0,0.0,1024.0,790.0,0.0031002768987341,Female,White,True,Female_White,0.0
14244,7--Cheering/7_Cheering_Cheering_7_678.jpg,251.0,298.0,294.0,358.0,0.0,0.0,0.0,0.0,0.0,0.0,1024.0,790.0,0.0031892800632911,Female,White,True,Female_White,0.0
14245,7--Cheering/7_Cheering_Cheering_7_678.jpg,349.0,320.0,395.0,380.0,0.0,0.0,0.0,0.0,0.0,0.0,1024.0,790.0,0.0034117879746835,Female,Asian,True,Female_Asian,0.0
14246,7--Cheering/7_Cheering_Cheering_7_678.jpg,478.0,320.0,516.0,378.0,0.0,0.0,0.0,0.0,0.0,0.0,1024.0,790.0,0.0027244857594936,Female,White,True,Female_White,0.0
14247,7--Cheering/7_Cheering_Cheering_7_678.jpg,256.0,438.0,299.0,496.0,0.0,0.0,0.0,0.0,0.0,0.0,1024.0,790.0,0.0030829707278481,Female,White,True,Female_White,0.0
14248,7--Cheering/7_Cheering_Cheering_7_678.jpg,423.0,429.0,469.0,485.0,0.0,0.0,0.0,0.0,0.0,0.0,1024.0,790.0,0.0031843354430379,Female,White,True,Female_White,0.0
14249,7--Cheering/7_Cheering_Cheering_7_678.jpg,573.0,313.0,616.0,369.0,0.0,0.0,0.0,0.0,0.0,0.0,1024.0,790.0,0.002976661392405,Female,Asian,True,Female_Asian,0.0
14250,7--Cheering/7_Cheering_Cheering_7_678.jpg,678.0,313.0,722.0,364.0,0.0,0.0,0.0,0.0,0.0,0.0,1024.0,790.0,0.0027739319620253,Female,White,True,Female_White,0.0
14251,7--Cheering/7_Cheering_Cheering_7_678.jpg,794.0,302.0,836.0,360.0,0.0,0.0,0.0,0.0,0.0,0.0,1024.0,790.0,0.0030112737341772,Female,White,True,Female_White,0.0
14252,7--Cheering/7_Cheering_Cheering_7_678.jpg,748.0,448.0,791.0,502.0,0.0,0.0,0.0,0.0,0.0,0.0,1024.0,790.0,0.002870352056962,Female,Asian,True,Female_Asian,0.0
14253,7--Cheering/7_Cheering_Cheering_7_678.jpg,557.0,432.0,606.0,491.0,0.0,0.0,0.0,0.0,0.0,0.0,1024.0,790.0,0.0035737242879746,Female,Asian,True,Female_Asian,0.0
14254,7--Cheering/7_Cheering_Cheering_7_698.jpg,422.0,241.0,677.0,585.0,0.0,0.0,0.0,0.0,0.0,0.0,1024.0,1208.0,0.0709139590231788,Female,White,True,Female_White,2.0
14277,7--Cheering/7_Cheering_Cheering_7_457.jpg,59.0,174.0,396.0,717.0,0.0,0.0,1.0,0.0,0.0,0.0,1024.0,1368.0,0.1306302254660087,Female,White,True,Female_White,4.0
14278,7--Cheering/7_Cheering_Cheering_7_457.jpg,377.0,246.0,743.0,725.0,0.0,0.0,1.0,0.0,0.0,0.0,1024.0,1368.0,0.1251499109100877,Female,White,True,Female_White,4.0
14279,7--Cheering/7_Cheering_Cheering_7_773.jpg,353.0,228.0,541.0,478.0,0.0,0.0,0.0,0.0,0.0,0.0,1024.0,1282.0,0.0358022133385335,Female,White,True,Female_White,1.0
14282,7--Cheering/7_Cheering_Cheering_7_810.jpg,228.0,303.0,681.0,850.0,0.0,0.0,0.0,0.0,0.0,0.0,1024.0,1536.0,0.157541275024414,Female,White,True,Female_White,5.0
14287,7--Cheering/7_Cheering_Cheering_7_754.jpg,342.0,183.0,624.0,562.0,0.0,0.0,0.0,0.0,0.0,0.0,1024.0,1339.0,0.0779485040141896,Female,White,True,Female_White,2.0
14288,7--Cheering/7_Cheering_Cheering_7_875.jpg,453.0,183.0,801.0,606.0,0.0,0.0,0.0,0.0,0.0,0.0,1024.0,1536.0,0.0935897827148437,Female,White,True,Female_White,3.0
14310,7--Cheering/7_Cheering_Cheering_7_734.jpg,628.0,179.0,681.0,253.0,0.0,0.0,0.0,0.0,0.0,0.0,1024.0,1530.0,0.0025033190359477,Female,White,True,Female_White,0.0
14311,7--Cheering/7_Cheering_Cheering_7_734.jpg,284.0,1413.0,343.0,1481.0,0.0,0.0,0.0,0.0,0.0,1.0,1024.0,1530.0,0.0025607638888888,Female,White,True,Female_White,0.0
14321,7--Cheering/7_Cheering_Cheering_7_817.jpg,74.0,8.0,374.0,370.0,0.0,0.0,0.0,0.0,0.0,0.0,1024.0,768.0,0.138092041015625,Female,Black,True,Female_Black,5.0
14322,7--Cheering/7_Cheering_Cheering_7_817.jpg,370.0,2.0,592.0,330.0,0.0,0.0,0.0,0.0,0.0,0.0,1024.0,768.0,0.09259033203125,Female,White,True,Female_White,3.0
14339,7--Cheering/7_Cheering_Cheering_7_178.jpg,438.0,196.0,600.0,364.0,0.0,0.0,0.0,0.0,0.0,1.0,1024.0,933.0,0.0284867363344051,Female,Indian,True,Female_Indian,1.0
14340,7--Cheering/7_Cheering_Cheering_7_205.jpg,290.0,56.0,452.0,270.0,0.0,0.0,0.0,0.0,0.0,0.0,1024.0,576.0,0.05877685546875,Female,Indian,True,Female_Indian,2.0
14341,7--Cheering/7_Cheering_Cheering_7_322.jpg,405.0,625.0,581.0,925.0,0.0,1.0,0.0,0.0,0.0,0.0,1024.0,1585.0,0.0325315457413249,Female,Black,True,Female_Black,1.0
14363,7--Cheering/7_Cheering_Cheering_7_809.jpg,608.0,60.0,700.0,172.0,1.0,1.0,0.0,0.0,0.0,0.0,1024.0,707.0,0.0142326732673267,Female,White,True,Female_White,0.0
14385,7--Cheering/7_Cheering_Cheering_7_649.jpg,70.0,218.0,230.0,418.0,0.0,1.0,0.0,0.0,0.0,0.0,1024.0,750.0,0.0416666666666666,Female,White,True,Female_White,1.0
14386,7--Cheering/7_Cheering_Cheering_7_649.jpg,682.0,252.0,770.0,358.0,1.0,0.0,0.0,0.0,0.0,0.0,1024.0,750.0,0.0121458333333333,Female,White,True,Female_White,0.0
14388,7--Cheering/7_Cheering_Cheering_7_367.jpg,144.0,104.0,276.0,278.0,0.0,0.0,0.0,0.0,0.0,0.0,1024.0,694.0,0.0323194344380403,Female,White,True,Female_White,1.0
14391,7--Cheering/7_Cheering_Cheering_7_702.jpg,312.0,119.0,363.0,188.0,0.0,0.0,0.0,0.0,0.0,0.0,1024.0,768.0,0.0044746398925781,Female,White,True,Female_White,0.0
14392,7--Cheering/7_Cheering_Cheering_7_702.jpg,228.0,411.0,290.0,487.0,0.0,0.0,0.0,0.0,0.0,0.0,1024.0,768.0,0.0059916178385416,Female,White,True,Female_White,0.0
14393,7--Cheering/7_Cheering_Cheering_7_702.jpg,434.0,152.0,487.0,214.0,0.0,0.0,0.0,0.0,0.0,0.0,1024.0,768.0,0.0041783650716145,Female,White,True,Female_White,0.0
14394,7--Cheering/7_Cheering_Cheering_7_702.jpg,500.0,357.0,556.0,432.0,0.0,0.0,0.0,0.0,0.0,0.0,1024.0,768.0,0.005340576171875,Female,White,True,Female_White,0.0
14395,7--Cheering/7_Cheering_Cheering_7_702.jpg,597.0,136.0,647.0,198.0,0.0,0.0,0.0,0.0,0.0,0.0,1024.0,768.0,0.0039418538411458,Female,White,True,Female_White,0.0
14396,7--Cheering/7_Cheering_Cheering_7_702.jpg,749.0,139.0,803.0,209.0,0.0,0.0,0.0,0.0,0.0,0.0,1024.0,768.0,0.0048065185546875,Female,White,True,Female_White,0.0
14412,7--Cheering/7_Cheering_Cheering_7_783.jpg,250.0,214.0,522.0,570.0,0.0,0.0,0.0,0.0,0.0,0.0,1024.0,935.0,0.1011363636363636,Female,White,True,Female_White,3.0
14413,7--Cheering/7_Cheering_Cheering_7_783.jpg,542.0,192.0,800.0,528.0,0.0,0.0,0.0,0.0,0.0,0.0,1024.0,935.0,0.0905414438502673,Female,White,True,Female_White,3.0
14414,7--Cheering/7_Cheering_Cheering_7_250.jpg,288.0,74.0,452.0,332.0,0.0,0.0,0.0,0.0,0.0,0.0,1024.0,754.0,0.0548014754641909,Female,White,True,Female_White,2.0
14427,7--Cheering/7_Cheering_Cheering_7_769.jpg,405.0,219.0,581.0,443.0,0.0,0.0,0.0,0.0,0.0,0.0,1024.0,1366.0,0.0281844802342606,Female,White,True,Female_White,1.0
14439,7--Cheering/7_Cheering_Cheering_7_279.jpg,480.0,208.0,616.0,374.0,0.0,0.0,0.0,0.0,0.0,0.0,1024.0,754.0,0.0292398872679045,Female,White,True,Female_White,1.0
14441,7--Cheering/7_Cheering_Cheering_7_104.jpg,298.0,284.0,372.0,380.0,0.0,0.0,0.0,0.0,0.0,0.0,1024.0,537.0,0.0129189944134078,Female,White,True,Female_White,0.0
14442,7--Cheering/7_Cheering_Cheering_7_104.jpg,640.0,256.0,720.0,352.0,0.0,0.0,0.0,0.0,0.0,0.0,1024.0,537.0,0.0139664804469273,Female,White,True,Female_White,0.0
14443,7--Cheering/7_Cheering_Cheering_7_74.jpg,152.0,141.0,196.0,193.0,0.0,0.0,0.0,0.0,0.0,0.0,1024.0,683.0,0.0032714128843338,Female,White,True,Female_White,0.0
14444,7--Cheering/7_Cheering_Cheering_7_74.jpg,255.0,103.0,298.0,158.0,0.0,0.0,0.0,0.0,0.0,0.0,1024.0,683.0,0.0033815085102489,Female,White,True,Female_White,0.0
14445,7--Cheering/7_Cheering_Cheering_7_74.jpg,364.0,95.0,402.0,145.0,0.0,0.0,0.0,0.0,0.0,0.0,1024.0,683.0,0.0027166453147877,Female,White,True,Female_White,0.0
14446,7--Cheering/7_Cheering_Cheering_7_74.jpg,492.0,70.0,532.0,118.0,0.0,0.0,0.0,0.0,0.0,0.0,1024.0,683.0,0.0027452415812591,Female,White,True,Female_White,0.0
14447,7--Cheering/7_Cheering_Cheering_7_74.jpg,600.0,82.0,642.0,131.0,0.0,0.0,0.0,0.0,0.0,0.0,1024.0,683.0,0.0029425558199121,Female,White,True,Female_White,0.0
14448,7--Cheering/7_Cheering_Cheering_7_74.jpg,707.0,87.0,750.0,146.0,0.0,0.0,0.0,0.0,0.0,0.0,1024.0,683.0,0.0036274364019033,Female,White,True,Female_White,0.0
14449,7--Cheering/7_Cheering_Cheering_7_74.jpg,838.0,109.0,878.0,162.0,0.0,0.0,0.0,0.0,0.0,0.0,1024.0,683.0,0.0030312042459736,Female,White,True,Female_White,0.0
14450,7--Cheering/7_Cheering_Cheering_7_74.jpg,667.0,264.0,705.0,318.0,0.0,0.0,0.0,0.0,0.0,0.0,1024.0,683.0,0.0029339769399707,Female,White,True,Female_White,0.0
14451,7--Cheering/7_Cheering_Cheering_7_74.jpg,577.0,237.0,623.0,288.0,0.0,0.0,0.0,0.0,0.0,0.0,1024.0,683.0,0.003354342057101,Female,White,True,Female_White,0.0
14452,7--Cheering/7_Cheering_Cheering_7_74.jpg,490.0,231.0,531.0,280.0,0.0,0.0,0.0,0.0,0.0,0.0,1024.0,683.0,0.0028724949670571,Female,White,True,Female_White,0.0
14453,7--Cheering/7_Cheering_Cheering_7_74.jpg,373.0,232.0,416.0,290.0,0.0,0.0,0.0,0.0,0.0,0.0,1024.0,683.0,0.0035659544289897,Female,White,True,Female_White,0.0
14454,7--Cheering/7_Cheering_Cheering_7_74.jpg,288.0,265.0,326.0,313.0,0.0,0.0,0.0,0.0,0.0,0.0,1024.0,683.0,0.0026079795021961,Female,White,True,Female_White,0.0
14463,7--Cheering/7_Cheering_Cheering_7_182.jpg,316.0,182.0,474.0,444.0,0.0,1.0,0.0,0.0,0.0,0.0,1024.0,754.0,0.0536150944960212,Female,Black,True,Female_Black,1.0
14464,7--Cheering/7_Cheering_Cheering_7_657.jpg,461.0,198.0,568.0,331.0,0.0,0.0,0.0,0.0,0.0,1.0,1024.0,1450.0,0.0095844558189655,Female,White,True,Female_White,0.0
14465,7--Cheering/7_Cheering_Cheering_7_657.jpg,311.0,1117.0,438.0,1219.0,0.0,0.0,0.0,0.0,0.0,1.0,1024.0,1450.0,0.0087244073275862,Female,White,True,Female_White,0.0
14466,7--Cheering/7_Cheering_Cheering_7_657.jpg,659.0,1049.0,738.0,1148.0,0.0,0.0,0.0,0.0,1.0,1.0,1024.0,1450.0,0.0052673760775862,Female,White,True,Female_White,0.0
14467,7--Cheering/7_Cheering_Cheering_7_657.jpg,750.0,1075.0,832.0,1233.0,0.0,0.0,0.0,0.0,0.0,0.0,1024.0,1450.0,0.0087257543103448,Female,White,True,Female_White,0.0
14493,7--Cheering/7_Cheering_Cheering_7_664.jpg,121.0,1188.0,229.0,1361.0,1.0,0.0,0.0,0.0,1.0,0.0,1024.0,1585.0,0.0115117310725552,Female,Asian,True,Female_Asian,0.0
14513,8--Election_Campain/8_Election_Campain_Election_Campaign_8_461.jpg,278.0,100.0,480.0,330.0,0.0,0.0,1.0,0.0,0.0,0.0,1024.0,769.0,0.0590001219115734,Female,Indian,True,Female_Indian,2.0
14532,8--Election_Campain/8_Election_Campain_Election_Campaign_8_537.jpg,200.0,51.0,670.0,602.0,0.0,0.0,0.0,0.0,0.0,0.0,1024.0,1442.0,0.1753816855929265,Female,White,True,Female_White,6.0
14533,8--Election_Campain/8_Election_Campain_Election_Campaign_8_384.jpg,382.0,172.0,698.0,546.0,0.0,0.0,0.0,0.0,0.0,0.0,1024.0,754.0,0.153069048408488,Female,White,True,Female_White,5.0
14535,8--Election_Campain/8_Election_Campain_Election_Campaign_8_592.jpg,304.0,218.0,440.0,420.0,0.0,0.0,1.0,0.0,0.0,0.0,1024.0,695.0,0.0386016187050359,Female,White,True,Female_White,1.0
14579,8--Election_Campain/8_Election_Campain_Election_Campaign_8_241.jpg,468.0,192.0,564.0,306.0,0.0,0.0,1.0,0.0,0.0,0.0,1024.0,683.0,0.0156478770131771,Female,White,True,Female_White,0.0
14583,8--Election_Campain/8_Election_Campain_Election_Campaign_8_326.jpg,284.0,272.0,721.0,886.0,0.0,0.0,0.0,0.0,0.0,0.0,1024.0,1536.0,0.1705919901529947,Female,White,True,Female_White,6.0
14600,8--Election_Campain/8_Election_Campain_Election_Campaign_8_64.jpg,364.0,164.0,638.0,502.0,0.0,0.0,0.0,0.0,0.0,0.0,1024.0,683.0,0.132417871522694,Female,White,True,Female_White,4.0
14603,8--Election_Campain/8_Election_Campain_Election_Campaign_8_380.jpg,644.0,186.0,812.0,376.0,0.0,0.0,0.0,0.0,0.0,0.0,1024.0,942.0,0.0330911624203821,Female,Indian,True,Female_Indian,1.0
14610,8--Election_Campain/8_Election_Campain_Election_Campaign_8_428.jpg,597.0,50.0,652.0,133.0,1.0,0.0,0.0,0.0,0.0,1.0,1024.0,528.0,0.0084431966145833,Female,Indian,True,Female_Indian,0.0
14611,8--Election_Campain/8_Election_Campain_Election_Campaign_8_428.jpg,298.0,250.0,354.0,312.0,1.0,0.0,0.0,0.0,0.0,0.0,1024.0,528.0,0.0064216382575757,Female,Indian,True,Female_Indian,0.0
14620,8--Election_Campain/8_Election_Campain_Election_Campaign_8_522.jpg,360.0,150.0,595.0,432.0,0.0,0.0,0.0,0.0,0.0,0.0,1024.0,1826.0,0.0354418383762322,Female,Indian,True,Female_Indian,1.0
14625,9--Press_Conference/9_Press_Conference_Press_Conference_9_321.jpg,360.0,182.0,620.0,516.0,0.0,0.0,0.0,0.0,0.0,0.0,1024.0,1024.0,0.0828170776367187,Female,White,True,Female_White,3.0
14627,9--Press_Conference/9_Press_Conference_Press_Conference_9_939.jpg,12.0,174.0,334.0,512.0,0.0,0.0,0.0,0.0,1.0,0.0,1024.0,683.0,0.1556151628843338,Female,Asian,True,Female_Asian,5.0
14628,9--Press_Conference/9_Press_Conference_Press_Conference_9_939.jpg,356.0,178.0,736.0,506.0,0.0,0.0,0.0,0.0,1.0,0.0,1024.0,683.0,0.1782119326500732,Female,Black,True,Female_Black,6.0
14629,9--Press_Conference/9_Press_Conference_Press_Conference_9_840.jpg,291.0,199.0,666.0,705.0,0.0,0.0,0.0,0.0,0.0,0.0,1024.0,1434.0,0.1292208747384937,Female,White,True,Female_White,4.0
14630,9--Press_Conference/9_Press_Conference_Press_Conference_9_848.jpg,366.0,162.0,771.0,727.0,0.0,0.0,0.0,0.0,0.0,0.0,1024.0,1536.0,0.1454830169677734,Female,White,True,Female_White,5.0
14631,9--Press_Conference/9_Press_Conference_Press_Conference_9_685.jpg,348.0,128.0,584.0,464.0,0.0,0.0,0.0,0.0,0.0,0.0,1024.0,862.0,0.089834686774942,Female,White,True,Female_White,3.0
14635,9--Press_Conference/9_Press_Conference_Press_Conference_9_430.jpg,390.0,156.0,667.0,527.0,0.0,0.0,0.0,0.0,0.0,0.0,1024.0,1406.0,0.071378661762091,Female,White,True,Female_White,2.0
14636,9--Press_Conference/9_Press_Conference_Press_Conference_9_507.jpg,291.0,148.0,742.0,753.0,0.0,0.0,1.0,0.0,0.0,0.0,1024.0,1463.0,0.182132577537594,Female,White,True,Female_White,6.0
14653,9--Press_Conference/9_Press_Conference_Press_Conference_9_622.jpg,205.0,120.0,639.0,740.0,0.0,0.0,0.0,0.0,0.0,0.0,1024.0,1540.0,0.1706321022727272,Female,White,True,Female_White,6.0
14655,9--Press_Conference/9_Press_Conference_Press_Conference_9_804.jpg,235.0,252.0,663.0,822.0,0.0,0.0,0.0,0.0,0.0,0.0,1024.0,1454.0,0.1638529487620357,Female,White,True,Female_White,6.0
14657,9--Press_Conference/9_Press_Conference_Press_Conference_9_427.jpg,354.0,204.0,603.0,492.0,0.0,0.0,0.0,0.0,0.0,0.0,1024.0,1536.0,0.04559326171875,Female,Indian,True,Female_Indian,1.0
14658,9--Press_Conference/9_Press_Conference_Press_Conference_9_801.jpg,375.0,246.0,708.0,696.0,0.0,0.0,0.0,0.0,0.0,0.0,1024.0,1434.0,0.1020487382322175,Female,White,True,Female_White,3.0
14668,9--Press_Conference/9_Press_Conference_Press_Conference_9_709.jpg,416.0,250.0,856.0,840.0,0.0,0.0,0.0,0.0,0.0,0.0,1024.0,1541.0,0.1645137086307592,Female,White,True,Female_White,6.0
14669,9--Press_Conference/9_Press_Conference_Press_Conference_9_454.jpg,344.0,244.0,637.0,661.0,0.0,0.0,0.0,0.0,0.0,0.0,1024.0,1386.0,0.0860875777867965,Female,White,True,Female_White,3.0
14675,9--Press_Conference/9_Press_Conference_Press_Conference_9_845.jpg,342.0,212.0,644.0,634.0,0.0,0.0,0.0,0.0,0.0,0.0,1024.0,1280.0,0.0972320556640625,Female,White,True,Female_White,3.0
14682,9--Press_Conference/9_Press_Conference_Press_Conference_9_800.jpg,319.0,207.0,789.0,850.0,0.0,0.0,0.0,0.0,0.0,0.0,1024.0,1434.0,0.2058068013423988,Female,White,True,Female_White,7.0
14685,9--Press_Conference/9_Press_Conference_Press_Conference_9_902.jpg,321.0,207.0,720.0,823.0,0.0,0.0,0.0,0.0,0.0,0.0,1024.0,1539.0,0.1559606481481481,Female,White,True,Female_White,5.0
14692,9--Press_Conference/9_Press_Conference_Press_Conference_9_301.jpg,439.0,319.0,681.0,650.0,0.0,0.0,0.0,0.0,0.0,0.0,1024.0,1530.0,0.0511271956699346,Female,White,True,Female_White,1.0
14693,9--Press_Conference/9_Press_Conference_Press_Conference_9_946.jpg,333.0,175.0,701.0,694.0,0.0,0.0,0.0,0.0,0.0,0.0,1024.0,1493.0,0.1249267414601473,Female,White,True,Female_White,4.0
14695,9--Press_Conference/9_Press_Conference_Press_Conference_9_884.jpg,319.0,201.0,768.0,848.0,0.0,0.0,0.0,0.0,0.0,0.0,1024.0,1471.0,0.1928581481560163,Female,White,True,Female_White,7.0
14700,9--Press_Conference/9_Press_Conference_Press_Conference_9_651.jpg,361.0,271.0,665.0,660.0,0.0,0.0,0.0,0.0,0.0,0.0,1024.0,1543.0,0.0748440537913156,Female,Indian,True,Female_Indian,2.0
14701,9--Press_Conference/9_Press_Conference_Press_Conference_9_742.jpg,179.0,204.0,739.0,931.0,0.0,0.0,0.0,0.0,0.0,0.0,1024.0,1582.0,0.2513136061946903,Female,White,True,Female_White,9.0
14704,9--Press_Conference/9_Press_Conference_Press_Conference_9_918.jpg,338.0,236.0,690.0,672.0,0.0,0.0,0.0,0.0,0.0,0.0,1024.0,820.0,0.1827743902439024,Female,Indian,True,Female_Indian,6.0
14714,9--Press_Conference/9_Press_Conference_Press_Conference_9_599.jpg,329.0,111.0,600.0,443.0,0.0,0.0,0.0,0.0,0.0,0.0,1024.0,1491.0,0.0589290954057679,Female,Indian,True,Female_Indian,2.0
14715,9--Press_Conference/9_Press_Conference_Press_Conference_9_665.jpg,373.0,270.0,828.0,858.0,0.0,0.0,0.0,0.0,0.0,0.0,1024.0,1233.0,0.2118974300486618,Female,Indian,True,Female_Indian,7.0
14716,9--Press_Conference/9_Press_Conference_Press_Conference_9_927.jpg,336.0,219.0,735.0,781.0,0.0,0.0,0.0,0.0,0.0,0.0,1024.0,1536.0,0.1425666809082031,Female,White,True,Female_White,5.0
14717,9--Press_Conference/9_Press_Conference_Press_Conference_9_524.jpg,249.0,95.0,700.0,709.0,0.0,0.0,0.0,0.0,0.0,0.0,1024.0,1521.0,0.177793443869165,Female,White,True,Female_White,6.0
14729,9--Press_Conference/9_Press_Conference_Press_Conference_9_817.jpg,389.0,186.0,646.0,555.0,0.0,0.0,0.0,0.0,0.0,0.0,1024.0,1465.0,0.0632152570392491,Female,Indian,True,Female_Indian,2.0
14730,9--Press_Conference/9_Press_Conference_Press_Conference_9_384.jpg,337.0,252.0,692.0,736.0,0.0,0.0,0.0,0.0,0.0,0.0,1024.0,1504.0,0.1115644739029255,Female,White,True,Female_White,4.0
14732,9--Press_Conference/9_Press_Conference_Press_Conference_9_637.jpg,327.0,252.0,724.0,831.0,0.0,0.0,0.0,0.0,0.0,0.0,1024.0,1434.0,0.1565380655073222,Female,White,True,Female_White,5.0
14737,9--Press_Conference/9_Press_Conference_Press_Conference_9_475.jpg,393.0,167.0,723.0,596.0,0.0,0.0,0.0,0.0,0.0,0.0,1024.0,1397.0,0.0989634596456692,Female,White,True,Female_White,3.0
14739,9--Press_Conference/9_Press_Conference_Press_Conference_9_629.jpg,318.0,231.0,726.0,778.0,0.0,0.0,0.0,0.0,0.0,0.0,1024.0,1536.0,0.1418914794921875,Female,White,True,Female_White,5.0
14741,9--Press_Conference/9_Press_Conference_Press_Conference_9_350.jpg,364.0,343.0,728.0,782.0,0.0,0.0,0.0,0.0,0.0,0.0,1024.0,1530.0,0.1019939746732026,Female,White,True,Female_White,3.0
14743,9--Press_Conference/9_Press_Conference_Press_Conference_9_736.jpg,300.0,414.0,726.0,1021.0,0.0,0.0,0.0,0.0,0.0,0.0,1024.0,1572.0,0.1606370765744274,Female,White,True,Female_White,5.0
14746,9--Press_Conference/9_Press_Conference_Press_Conference_9_226.jpg,332.0,158.0,588.0,518.0,0.0,0.0,0.0,0.0,0.0,0.0,1024.0,684.0,0.131578947368421,Female,White,True,Female_White,4.0
14751,9--Press_Conference/9_Press_Conference_Press_Conference_9_555.jpg,190.0,188.0,576.0,686.0,0.0,0.0,0.0,0.0,0.0,0.0,1024.0,1024.0,0.1833229064941406,Female,White,True,Female_White,6.0
14753,9--Press_Conference/9_Press_Conference_Press_Conference_9_523.jpg,235.0,346.0,660.0,927.0,0.0,0.0,0.0,0.0,0.0,0.0,1024.0,1540.0,0.1565829190340909,Female,White,True,Female_White,5.0
14758,9--Press_Conference/9_Press_Conference_Press_Conference_9_737.jpg,312.0,192.0,791.0,834.0,0.0,0.0,0.0,0.0,0.0,0.0,1024.0,1388.0,0.216362065471902,Female,White,True,Female_White,8.0
14760,9--Press_Conference/9_Press_Conference_Press_Conference_9_740.jpg,416.0,116.0,666.0,433.0,0.0,0.0,0.0,0.0,0.0,0.0,1024.0,1059.0,0.0730808103163361,Female,Indian,True,Female_Indian,2.0
14762,9--Press_Conference/9_Press_Conference_Press_Conference_9_903.jpg,213.0,322.0,659.0,837.0,0.0,0.0,0.0,0.0,0.0,0.0,1024.0,1472.0,0.1523822286854619,Female,White,True,Female_White,5.0
14764,9--Press_Conference/9_Press_Conference_Press_Conference_9_750.jpg,292.0,239.0,611.0,646.0,0.0,0.0,1.0,0.0,0.0,0.0,1024.0,1374.0,0.0922780488082241,Female,White,True,Female_White,3.0
14766,9--Press_Conference/9_Press_Conference_Press_Conference_9_937.jpg,267.0,257.0,682.0,824.0,0.0,0.0,0.0,0.0,0.0,0.0,1024.0,1280.0,0.1795234680175781,Female,White,True,Female_White,6.0
14778,9--Press_Conference/9_Press_Conference_Press_Conference_9_720.jpg,320.0,248.0,682.0,737.0,0.0,0.0,0.0,0.0,0.0,0.0,1024.0,1416.0,0.1220827264300847,Female,Indian,True,Female_Indian,4.0
14780,9--Press_Conference/9_Press_Conference_Press_Conference_9_868.jpg,308.0,175.0,658.0,667.0,0.0,0.0,0.0,0.0,0.0,0.0,1024.0,1549.0,0.108562984183344,Female,White,True,Female_White,4.0
14781,9--Press_Conference/9_Press_Conference_Press_Conference_9_625.jpg,324.0,205.0,761.0,769.0,0.0,0.0,0.0,0.0,0.0,0.0,1024.0,1481.0,0.1625195180621202,Female,White,True,Female_White,6.0
14782,9--Press_Conference/9_Press_Conference_Press_Conference_9_677.jpg,144.0,270.0,605.0,893.0,0.0,0.0,0.0,0.0,0.0,0.0,1024.0,1135.0,0.2471116120594713,Female,White,True,Female_White,9.0
14785,9--Press_Conference/9_Press_Conference_Press_Conference_9_856.jpg,293.0,214.0,735.0,773.0,0.0,0.0,0.0,0.0,0.0,0.0,1024.0,1500.0,0.1608580729166666,Female,White,True,Female_White,5.0
14786,9--Press_Conference/9_Press_Conference_Press_Conference_9_669.jpg,398.0,229.0,729.0,678.0,0.0,0.0,0.0,0.0,0.0,0.0,1024.0,1543.0,0.0940607531999351,Female,Indian,True,Female_Indian,3.0
14787,9--Press_Conference/9_Press_Conference_Press_Conference_9_671.jpg,228.0,225.0,657.0,853.0,0.0,0.0,0.0,0.0,0.0,0.0,1024.0,1539.0,0.1709536427875243,Female,White,True,Female_White,6.0
14789,9--Press_Conference/9_Press_Conference_Press_Conference_9_708.jpg,312.0,228.0,714.0,735.0,0.0,0.0,1.0,0.0,0.0,0.0,1024.0,1536.0,0.1295814514160156,Female,Indian,True,Female_Indian,4.0
14790,9--Press_Conference/9_Press_Conference_Press_Conference_9_773.jpg,394.0,148.0,666.0,480.0,0.0,0.0,0.0,0.0,0.0,0.0,1024.0,708.0,0.124558615819209,Female,White,True,Female_White,4.0
14791,9--Press_Conference/9_Press_Conference_Press_Conference_9_713.jpg,342.0,180.0,576.0,492.0,0.0,0.0,0.0,0.0,0.0,0.0,1024.0,680.0,0.1048483455882352,Female,Indian,True,Female_Indian,3.0
14792,9--Press_Conference/9_Press_Conference_Press_Conference_9_313.jpg,303.0,297.0,687.0,835.0,0.0,0.0,0.0,0.0,0.0,0.0,1024.0,1489.0,0.1354936198791134,Female,White,True,Female_White,5.0
14795,9--Press_Conference/9_Press_Conference_Press_Conference_9_739.jpg,286.0,186.0,701.0,798.0,0.0,0.0,1.0,0.0,0.0,0.0,1024.0,1463.0,0.1695333860218728,Female,White,True,Female_White,6.0
14797,9--Press_Conference/9_Press_Conference_Press_Conference_9_395.jpg,402.0,198.0,766.0,704.0,0.0,0.0,0.0,0.0,0.0,0.0,1024.0,1607.0,0.1119273102053515,Female,White,True,Female_White,4.0
14802,9--Press_Conference/9_Press_Conference_Press_Conference_9_943.jpg,413.0,122.0,627.0,419.0,0.0,0.0,1.0,0.0,0.0,0.0,1024.0,1522.0,0.0407807880256241,Female,White,True,Female_White,1.0
14803,9--Press_Conference/9_Press_Conference_Press_Conference_9_145.jpg,317.0,263.0,640.0,694.0,0.0,0.0,0.0,0.0,0.0,0.0,1024.0,1535.0,0.0885669024837133,Female,White,True,Female_White,3.0
14810,9--Press_Conference/9_Press_Conference_Press_Conference_9_302.jpg,335.0,125.0,589.0,469.0,0.0,0.0,0.0,0.0,0.0,0.0,1024.0,1492.0,0.05719043230563,Female,Indian,True,Female_Indian,2.0
14811,9--Press_Conference/9_Press_Conference_Press_Conference_9_308.jpg,410.0,126.0,647.0,461.0,0.0,0.0,0.0,0.0,0.0,0.0,1024.0,1532.0,0.0506097778639033,Female,Indian,True,Female_Indian,1.0
14812,9--Press_Conference/9_Press_Conference_Press_Conference_9_798.jpg,301.0,249.0,725.0,795.0,0.0,0.0,0.0,0.0,0.0,0.0,1024.0,1276.0,0.1771772139498432,Female,White,True,Female_White,6.0
14813,9--Press_Conference/9_Press_Conference_Press_Conference_9_509.jpg,318.0,261.0,694.0,763.0,0.0,0.0,0.0,0.0,0.0,0.0,1024.0,1470.0,0.1253932823129251,Female,White,True,Female_White,4.0
14815,9--Press_Conference/9_Press_Conference_Press_Conference_9_400.jpg,368.0,135.0,608.0,449.0,0.0,0.0,1.0,0.0,0.0,0.0,1024.0,1532.0,0.0480376958224543,Female,Indian,True,Female_Indian,1.0
14824,9--Press_Conference/9_Press_Conference_Press_Conference_9_803.jpg,352.0,188.0,578.0,502.0,0.0,0.0,0.0,0.0,0.0,0.0,1024.0,1501.0,0.046169741005996,Female,White,True,Female_White,1.0
14825,9--Press_Conference/9_Press_Conference_Press_Conference_9_811.jpg,297.0,303.0,756.0,919.0,0.0,0.0,0.0,0.0,0.0,0.0,1024.0,1538.0,0.1795300308842652,Female,White,True,Female_White,6.0
14826,9--Press_Conference/9_Press_Conference_Press_Conference_9_153.jpg,145.0,237.0,790.0,1105.0,0.0,0.0,0.0,0.0,1.0,0.0,1024.0,1429.0,0.3826020162701189,Female,White,True,Female_White,14.0
14827,9--Press_Conference/9_Press_Conference_Press_Conference_9_944.jpg,68.0,32.0,514.0,562.0,0.0,0.0,1.0,0.0,0.0,0.0,1024.0,646.0,0.3573372194272445,Female,White,True,Female_White,13.0
14829,9--Press_Conference/9_Press_Conference_Press_Conference_9_719.jpg,393.0,321.0,708.0,756.0,0.0,0.0,0.0,0.0,0.0,0.0,1024.0,1536.0,0.0871181488037109,Female,White,True,Female_White,3.0
14832,9--Press_Conference/9_Press_Conference_Press_Conference_9_753.jpg,381.0,227.0,700.0,697.0,0.0,0.0,0.0,0.0,0.0,0.0,1024.0,1434.0,0.1021032187064156,Female,White,True,Female_White,3.0
14834,9--Press_Conference/9_Press_Conference_Press_Conference_9_696.jpg,232.0,34.0,294.0,106.0,1.0,0.0,0.0,0.0,0.0,0.0,1024.0,790.0,0.0055181962025316,Female,White,True,Female_White,0.0
14835,9--Press_Conference/9_Press_Conference_Press_Conference_9_696.jpg,714.0,36.0,784.0,130.0,1.0,0.0,0.0,0.0,0.0,0.0,1024.0,790.0,0.0081339003164556,Female,White,True,Female_White,0.0
14841,9--Press_Conference/9_Press_Conference_Press_Conference_9_388.jpg,255.0,231.0,687.0,811.0,0.0,0.0,0.0,0.0,0.0,0.0,1024.0,1536.0,0.1593017578125,Female,White,True,Female_White,5.0
14842,9--Press_Conference/9_Press_Conference_Press_Conference_9_417.jpg,404.0,162.0,646.0,460.0,0.0,0.0,0.0,0.0,0.0,0.0,1024.0,680.0,0.103567325367647,Female,Indian,True,Female_Indian,3.0
14843,9--Press_Conference/9_Press_Conference_Press_Conference_9_770.jpg,207.0,174.0,777.0,805.0,0.0,0.0,0.0,0.0,0.0,0.0,1024.0,1563.0,0.2247218390115163,Female,White,True,Female_White,8.0
14850,9--Press_Conference/9_Press_Conference_Press_Conference_9_919.jpg,341.0,236.0,728.0,771.0,0.0,0.0,0.0,0.0,0.0,0.0,1024.0,1546.0,0.1307842062176584,Female,White,True,Female_White,4.0
14851,9--Press_Conference/9_Press_Conference_Press_Conference_9_626.jpg,420.0,345.0,720.0,819.0,0.0,0.0,0.0,0.0,0.0,0.0,1024.0,1536.0,0.0904083251953125,Female,White,True,Female_White,3.0
14852,9--Press_Conference/9_Press_Conference_Press_Conference_9_857.jpg,318.0,200.0,711.0,787.0,0.0,0.0,0.0,0.0,0.0,0.0,1024.0,1482.0,0.1520136165232793,Female,White,True,Female_White,5.0
14853,9--Press_Conference/9_Press_Conference_Press_Conference_9_239.jpg,368.0,322.0,840.0,947.0,0.0,0.0,0.0,0.0,0.0,0.0,1024.0,1572.0,0.1832607744910941,Female,White,True,Female_White,6.0
14863,9--Press_Conference/9_Press_Conference_Press_Conference_9_466.jpg,159.0,360.0,763.0,1195.0,0.0,0.0,0.0,0.0,0.0,0.0,1024.0,1536.0,0.3206507364908854,Female,White,True,Female_White,12.0
14864,9--Press_Conference/9_Press_Conference_Press_Conference_9_331.jpg,192.0,245.0,795.0,1060.0,0.0,0.0,0.0,0.0,0.0,0.0,1024.0,1231.0,0.3898673905869212,Female,White,True,Female_White,14.0
14865,9--Press_Conference/9_Press_Conference_Press_Conference_9_422.jpg,48.0,44.0,488.0,648.0,0.0,0.0,0.0,0.0,0.0,0.0,1024.0,687.0,0.3777747452692867,Female,White,True,Female_White,14.0
14868,9--Press_Conference/9_Press_Conference_Press_Conference_9_515.jpg,404.0,292.0,690.0,684.0,0.0,0.0,0.0,0.0,0.0,0.0,1024.0,1545.0,0.0708636731391585,Female,Indian,True,Female_Indian,2.0
14872,9--Press_Conference/9_Press_Conference_Press_Conference_9_829.jpg,276.0,183.0,438.0,378.0,0.0,0.0,0.0,0.0,0.0,0.0,1024.0,1537.0,0.0200713138418998,Female,White,True,Female_White,0.0
14873,9--Press_Conference/9_Press_Conference_Press_Conference_9_829.jpg,661.0,153.0,826.0,360.0,0.0,0.0,0.0,0.0,0.0,0.0,1024.0,1537.0,0.0217010359059856,Female,White,True,Female_White,0.0
14875,9--Press_Conference/9_Press_Conference_Press_Conference_9_722.jpg,420.0,195.0,697.0,587.0,0.0,0.0,0.0,0.0,0.0,0.0,1024.0,1280.0,0.082843017578125,Female,White,True,Female_White,3.0
14882,9--Press_Conference/9_Press_Conference_Press_Conference_9_323.jpg,377.0,281.0,608.0,568.0,0.0,0.0,0.0,0.0,0.0,0.0,1024.0,1535.0,0.0421779570439739,Female,Indian,True,Female_Indian,1.0
14884,9--Press_Conference/9_Press_Conference_Press_Conference_9_873.jpg,333.0,227.0,607.0,613.0,0.0,0.0,0.0,0.0,0.0,0.0,1024.0,1596.0,0.0647150101817042,Female,White,True,Female_White,2.0
14885,9--Press_Conference/9_Press_Conference_Press_Conference_9_229.jpg,276.0,148.0,740.0,776.0,0.0,0.0,1.0,0.0,0.0,0.0,1024.0,1024.0,0.27789306640625,Female,White,True,Female_White,10.0
14895,9--Press_Conference/9_Press_Conference_Press_Conference_9_177.jpg,401.0,108.0,655.0,472.0,0.0,0.0,0.0,0.0,0.0,0.0,1024.0,1182.0,0.0763866857021996,Female,Indian,True,Female_Indian,2.0
14900,9--Press_Conference/9_Press_Conference_Press_Conference_9_394.jpg,182.0,370.0,625.0,1004.0,0.0,0.0,0.0,0.0,0.0,0.0,1024.0,1502.0,0.1826093854027962,Female,White,True,Female_White,6.0
14922,9--Press_Conference/9_Press_Conference_Press_Conference_9_935.jpg,224.0,314.0,665.0,855.0,0.0,0.0,0.0,0.0,0.0,0.0,1024.0,1547.0,0.1506071479072398,Female,White,True,Female_White,5.0
14933,9--Press_Conference/9_Press_Conference_Press_Conference_9_895.jpg,284.0,86.0,512.0,386.0,0.0,0.0,0.0,0.0,0.0,0.0,1024.0,732.0,0.0912525614754098,Female,White,True,Female_White,3.0
14934,9--Press_Conference/9_Press_Conference_Press_Conference_9_568.jpg,282.0,234.0,774.0,829.0,0.0,0.0,0.0,0.0,0.0,0.0,1024.0,1539.0,0.1857562743664717,Female,White,True,Female_White,6.0
14938,9--Press_Conference/9_Press_Conference_Press_Conference_9_107.jpg,307.0,172.0,591.0,610.0,0.0,0.0,0.0,0.0,0.0,0.0,1024.0,1297.0,0.0936596472629144,Female,White,True,Female_White,3.0
14939,9--Press_Conference/9_Press_Conference_Press_Conference_9_284.jpg,240.0,249.0,767.0,884.0,0.0,0.0,1.0,0.0,0.0,0.0,1024.0,1532.0,0.2133170742901436,Female,White,True,Female_White,7.0
14941,9--Press_Conference/9_Press_Conference_Press_Conference_9_491.jpg,385.0,221.0,682.0,627.0,0.0,0.0,0.0,0.0,0.0,0.0,1024.0,1216.0,0.0968387001439144,Female,Asian,True,Female_Asian,3.0
14950,9--Press_Conference/9_Press_Conference_Press_Conference_9_194.jpg,284.0,154.0,598.0,548.0,0.0,0.0,0.0,0.0,0.0,0.0,1024.0,1024.0,0.1179847717285156,Female,White,True,Female_White,4.0
14956,9--Press_Conference/9_Press_Conference_Press_Conference_9_723.jpg,170.0,142.0,512.0,580.0,0.0,0.0,1.0,0.0,0.0,0.0,1024.0,976.0,0.1498823322233606,Female,White,True,Female_White,5.0
14958,9--Press_Conference/9_Press_Conference_Press_Conference_9_273.jpg,297.0,105.0,648.0,619.0,0.0,0.0,1.0,0.0,0.0,0.0,1024.0,1536.0,0.1147041320800781,Female,White,True,Female_White,4.0
14961,9--Press_Conference/9_Press_Conference_Press_Conference_9_745.jpg,420.0,357.0,720.0,807.0,0.0,0.0,0.0,0.0,0.0,0.0,1024.0,1539.0,0.0856633771929824,Female,White,True,Female_White,3.0
14962,9--Press_Conference/9_Press_Conference_Press_Conference_9_627.jpg,267.0,593.0,392.0,735.0,0.0,0.0,0.0,0.0,0.0,0.0,1024.0,1688.0,0.0102689480894549,Female,White,True,Female_White,0.0
14963,9--Press_Conference/9_Press_Conference_Press_Conference_9_627.jpg,504.0,263.0,642.0,470.0,0.0,0.0,0.0,0.0,0.0,0.0,1024.0,1688.0,0.0165263533027251,Female,White,True,Female_White,0.0
14966,9--Press_Conference/9_Press_Conference_Press_Conference_9_139.jpg,246.0,240.0,657.0,789.0,0.0,0.0,0.0,0.0,0.0,0.0,1024.0,1087.0,0.2027144304852806,Female,White,True,Female_White,7.0
14967,9--Press_Conference/9_Press_Conference_Press_Conference_9_537.jpg,355.0,209.0,842.0,869.0,0.0,0.0,0.0,0.0,0.0,0.0,1024.0,1530.0,0.2051547181372549,Female,White,True,Female_White,7.0
14972,9--Press_Conference/9_Press_Conference_Press_Conference_9_664.jpg,357.0,346.0,664.0,745.0,0.0,0.0,0.0,0.0,0.0,0.0,1024.0,1431.0,0.0835933405398322,Female,White,True,Female_White,3.0
14975,9--Press_Conference/9_Press_Conference_Press_Conference_9_642.jpg,208.0,38.0,266.0,122.0,1.0,0.0,0.0,0.0,0.0,0.0,1024.0,790.0,0.0060225474683544,Female,White,True,Female_White,0.0
14976,9--Press_Conference/9_Press_Conference_Press_Conference_9_642.jpg,656.0,76.0,826.0,314.0,0.0,0.0,0.0,0.0,0.0,0.0,1024.0,790.0,0.0500148338607594,Female,White,True,Female_White,1.0
14981,9--Press_Conference/9_Press_Conference_Press_Conference_9_554.jpg,496.0,164.0,774.0,584.0,0.0,0.0,0.0,0.0,0.0,0.0,1024.0,1024.0,0.1113510131835937,Female,White,True,Female_White,4.0
14982,9--Press_Conference/9_Press_Conference_Press_Conference_9_761.jpg,297.0,272.0,713.0,900.0,0.0,0.0,0.0,0.0,0.0,0.0,1024.0,1449.0,0.1760697032436163,Female,White,True,Female_White,6.0
14989,9--Press_Conference/9_Press_Conference_Press_Conference_9_878.jpg,208.0,186.0,688.0,768.0,0.0,0.0,0.0,0.0,0.0,0.0,1024.0,768.0,0.355224609375,Female,Indian,True,Female_Indian,13.0
14991,9--Press_Conference/9_Press_Conference_Press_Conference_9_861.jpg,337.0,296.0,745.0,866.0,0.0,0.0,0.0,0.0,0.0,0.0,1024.0,1473.0,0.1541815173116089,Female,White,True,Female_White,5.0
14992,9--Press_Conference/9_Press_Conference_Press_Conference_9_358.jpg,256.0,195.0,499.0,550.0,0.0,0.0,0.0,0.0,0.0,0.0,1024.0,1366.0,0.0616714231789897,Female,White,True,Female_White,2.0
14993,9--Press_Conference/9_Press_Conference_Press_Conference_9_940.jpg,390.0,170.0,642.0,550.0,0.0,0.0,0.0,0.0,0.0,0.0,1024.0,683.0,0.1369189238653001,Female,White,True,Female_White,5.0
14996,9--Press_Conference/9_Press_Conference_Press_Conference_9_472.jpg,322.0,253.0,680.0,671.0,0.0,0.0,0.0,0.0,0.0,0.0,1024.0,1408.0,0.103790283203125,Female,White,True,Female_White,3.0
15095,1--Handshaking/1_Handshaking_Handshaking_1_94.jpg,381.0,207.0,618.0,561.0,0.0,0.0,0.0,0.0,0.0,0.0,1024.0,1396.0,0.058690286980659,Female,White,True,Female_White,2.0
15107,1--Handshaking/1_Handshaking_Handshaking_1_35.jpg,440.0,141.0,633.0,399.0,0.0,0.0,0.0,0.0,0.0,0.0,1024.0,1392.0,0.0349331559806034,Female,White,True,Female_White,1.0
15127,10--People_Marching/10_People_Marching_People_Marching_2_316.jpg,36.0,2.0,238.0,222.0,1.0,0.0,0.0,0.0,0.0,0.0,1024.0,707.0,0.0613839285714285,Female,White,True,Female_White,2.0
15145,10--People_Marching/10_People_Marching_People_Marching_2_131.jpg,143.0,302.0,180.0,354.0,1.0,0.0,0.0,0.0,0.0,0.0,1024.0,874.0,0.0021497783180778,Female,White,True,Female_White,0.0
15146,10--People_Marching/10_People_Marching_People_Marching_2_131.jpg,201.0,368.0,242.0,416.0,1.0,0.0,0.0,0.0,0.0,0.0,1024.0,874.0,0.0021989416475972,Female,White,True,Female_White,0.0
15147,10--People_Marching/10_People_Marching_People_Marching_2_131.jpg,283.0,311.0,318.0,356.0,1.0,0.0,1.0,0.0,0.0,0.0,1024.0,874.0,0.0017598237271167,Female,White,True,Female_White,0.0
15148,10--People_Marching/10_People_Marching_People_Marching_2_131.jpg,327.0,212.0,361.0,258.0,1.0,0.0,0.0,0.0,0.0,0.0,1024.0,874.0,0.0017475328947368,Female,White,True,Female_White,0.0
15149,10--People_Marching/10_People_Marching_People_Marching_2_131.jpg,447.0,237.0,484.0,280.0,1.0,0.0,1.0,0.0,0.0,0.0,1024.0,874.0,0.0017777013014874,Female,White,True,Female_White,0.0
15150,10--People_Marching/10_People_Marching_People_Marching_2_131.jpg,408.0,297.0,443.0,343.0,1.0,0.0,0.0,0.0,0.0,0.0,1024.0,874.0,0.0017989309210526,Female,White,True,Female_White,0.0
15151,10--People_Marching/10_People_Marching_People_Marching_2_131.jpg,471.0,369.0,514.0,418.0,1.0,0.0,0.0,0.0,0.0,0.0,1024.0,874.0,0.0023542530749427,Female,White,True,Female_White,0.0
15152,10--People_Marching/10_People_Marching_People_Marching_2_131.jpg,512.0,301.0,548.0,348.0,1.0,0.0,1.0,0.0,0.0,0.0,1024.0,874.0,0.0018905534897025,Female,White,True,Female_White,0.0
15153,10--People_Marching/10_People_Marching_People_Marching_2_131.jpg,563.0,264.0,597.0,312.0,1.0,0.0,1.0,0.0,0.0,0.0,1024.0,874.0,0.0018235125858123,Female,Black,True,Female_Black,0.0
15154,10--People_Marching/10_People_Marching_People_Marching_2_131.jpg,620.0,314.0,659.0,362.0,1.0,0.0,0.0,0.0,0.0,0.0,1024.0,874.0,0.0020916762013729,Female,Black,True,Female_Black,0.0
15155,10--People_Marching/10_People_Marching_People_Marching_2_131.jpg,612.0,374.0,653.0,425.0,1.0,0.0,1.0,0.0,0.0,0.0,1024.0,874.0,0.002336375500572,Female,Asian,True,Female_Asian,0.0
15156,10--People_Marching/10_People_Marching_People_Marching_2_131.jpg,684.0,257.0,716.0,302.0,1.0,0.0,1.0,0.0,0.0,0.0,1024.0,874.0,0.0016089816933638,Female,White,True,Female_White,0.0
15157,10--People_Marching/10_People_Marching_People_Marching_2_131.jpg,730.0,322.0,764.0,366.0,1.0,0.0,1.0,0.0,0.0,0.0,1024.0,874.0,0.0016715532036613,Female,White,True,Female_White,0.0
15158,10--People_Marching/10_People_Marching_People_Marching_2_131.jpg,737.0,398.0,777.0,449.0,1.0,0.0,1.0,0.0,0.0,0.0,1024.0,874.0,0.0022793907322654,Female,White,True,Female_White,0.0
15159,10--People_Marching/10_People_Marching_People_Marching_2_131.jpg,839.0,327.0,875.0,370.0,1.0,0.0,1.0,0.0,0.0,0.0,1024.0,874.0,0.0017296553203661,Female,Asian,True,Female_Asian,0.0
15160,10--People_Marching/10_People_Marching_People_Marching_2_131.jpg,342.0,387.0,378.0,436.0,1.0,0.0,0.0,0.0,0.0,0.0,1024.0,874.0,0.0019710025743707,Female,White,True,Female_White,0.0
15190,11--Meeting/11_Meeting_Meeting_11_Meeting_Meeting_11_633.jpg,464.0,240.0,650.0,454.0,0.0,0.0,0.0,0.0,0.0,0.0,1024.0,856.0,0.04541015625,Female,White,True,Female_White,1.0
15191,11--Meeting/11_Meeting_Meeting_11_Meeting_Meeting_11_633.jpg,708.0,378.0,856.0,552.0,0.0,0.0,0.0,0.0,0.0,0.0,1024.0,856.0,0.029379015771028,Female,White,True,Female_White,1.0
15192,11--Meeting/11_Meeting_Meeting_11_Meeting_Meeting_11_633.jpg,178.0,494.0,340.0,626.0,0.0,0.0,0.0,0.0,0.0,0.0,1024.0,856.0,0.0243958089953271,Female,White,True,Female_White,0.0
15238,12--Group/12_Group_Group_12_Group_Group_12_101.jpg,166.0,436.0,217.0,510.0,0.0,0.0,1.0,0.0,0.0,0.0,1024.0,763.0,0.0048303366644823,Female,White,True,Female_White,0.0
15239,12--Group/12_Group_Group_12_Group_Group_12_101.jpg,350.0,207.0,401.0,270.0,0.0,0.0,1.0,0.0,0.0,0.0,1024.0,763.0,0.0041123136467889,Female,White,True,Female_White,0.0
15240,12--Group/12_Group_Group_12_Group_Group_12_101.jpg,321.0,140.0,373.0,202.0,0.0,0.0,1.0,0.0,0.0,0.0,1024.0,763.0,0.0041263925294888,Female,White,True,Female_White,0.0
15241,12--Group/12_Group_Group_12_Group_Group_12_101.jpg,479.0,128.0,529.0,187.0,0.0,0.0,1.0,0.0,0.0,0.0,1024.0,763.0,0.0037757003604193,Female,Asian,True,Female_Asian,0.0
15242,12--Group/12_Group_Group_12_Group_Group_12_101.jpg,520.0,186.0,569.0,254.0,0.0,0.0,1.0,0.0,0.0,0.0,1024.0,763.0,0.004264621559633,Female,White,True,Female_White,0.0
15243,12--Group/12_Group_Group_12_Group_Group_12_101.jpg,661.0,133.0,717.0,194.0,0.0,0.0,1.0,0.0,0.0,0.0,1024.0,763.0,0.0043721330275229,Female,Asian,True,Female_Asian,0.0
15244,12--Group/12_Group_Group_12_Group_Group_12_101.jpg,730.0,227.0,781.0,286.0,0.0,0.0,1.0,0.0,0.0,0.0,1024.0,763.0,0.0038512143676277,Female,White,True,Female_White,0.0
15245,12--Group/12_Group_Group_12_Group_Group_12_101.jpg,829.0,140.0,881.0,210.0,0.0,0.0,1.0,0.0,0.0,0.0,1024.0,763.0,0.0046588302752293,Female,White,True,Female_White,0.0
15246,12--Group/12_Group_Group_12_Group_Group_12_198.jpg,174.0,422.0,242.0,510.0,0.0,0.0,1.0,0.0,0.0,0.0,1024.0,1459.0,0.0040053118574366,Female,Asian,True,Female_Asian,0.0
15247,12--Group/12_Group_Group_12_Group_Group_12_198.jpg,351.0,396.0,431.0,493.0,0.0,0.0,1.0,0.0,0.0,0.0,1024.0,1459.0,0.0051940541466758,Female,Asian,True,Female_Asian,0.0
15248,12--Group/12_Group_Group_12_Group_Group_12_198.jpg,491.0,414.0,557.0,500.0,0.0,0.0,1.0,0.0,0.0,0.0,1024.0,1459.0,0.0037991561000685,Female,Asian,True,Female_Asian,0.0
15249,12--Group/12_Group_Group_12_Group_Group_12_198.jpg,667.0,425.0,730.0,513.0,0.0,0.0,1.0,0.0,1.0,0.0,1024.0,1459.0,0.003710803632625,Female,Asian,True,Female_Asian,0.0
15250,12--Group/12_Group_Group_12_Group_Group_12_198.jpg,847.0,411.0,915.0,497.0,0.0,0.0,1.0,0.0,0.0,0.0,1024.0,1459.0,0.0039142820424948,Female,Asian,True,Female_Asian,0.0
15438,12--Group/12_Group_Group_12_Group_Group_12_38.jpg,104.0,77.0,152.0,136.0,1.0,0.0,0.0,0.0,0.0,0.0,1024.0,606.0,0.0045637376237623,Female,Asian,True,Female_Asian,0.0
15439,12--Group/12_Group_Group_12_Group_Group_12_38.jpg,199.0,78.0,246.0,129.0,1.0,0.0,0.0,0.0,0.0,0.0,1024.0,606.0,0.0038627397896039,Female,Asian,True,Female_Asian,0.0
15440,12--Group/12_Group_Group_12_Group_Group_12_38.jpg,272.0,69.0,318.0,128.0,1.0,0.0,0.0,0.0,0.0,0.0,1024.0,606.0,0.0043735818894389,Female,Asian,True,Female_Asian,0.0
15441,12--Group/12_Group_Group_12_Group_Group_12_38.jpg,411.0,88.0,458.0,139.0,1.0,0.0,0.0,0.0,0.0,0.0,1024.0,606.0,0.0038627397896039,Female,Asian,True,Female_Asian,0.0
15442,12--Group/12_Group_Group_12_Group_Group_12_38.jpg,491.0,89.0,533.0,140.0,1.0,0.0,0.0,0.0,0.0,0.0,1024.0,606.0,0.0034518100247524,Female,Asian,True,Female_Asian,0.0
15443,12--Group/12_Group_Group_12_Group_Group_12_38.jpg,572.0,76.0,613.0,127.0,1.0,0.0,0.0,0.0,0.0,0.0,1024.0,606.0,0.0033696240717821,Female,Asian,True,Female_Asian,0.0
15444,12--Group/12_Group_Group_12_Group_Group_12_38.jpg,723.0,68.0,757.0,113.0,0.0,0.0,0.0,0.0,0.0,0.0,1024.0,606.0,0.0024655785891089,Female,Asian,True,Female_Asian,0.0
15445,12--Group/12_Group_Group_12_Group_Group_12_38.jpg,789.0,69.0,835.0,118.0,1.0,0.0,0.0,0.0,0.0,0.0,1024.0,606.0,0.0036322968234323,Female,Asian,True,Female_Asian,0.0
15479,12--Group/12_Group_Group_12_Group_Group_12_144.jpg,220.0,62.0,336.0,224.0,0.0,0.0,0.0,0.0,0.0,0.0,1024.0,683.0,0.0268690519765739,Female,White,True,Female_White,0.0
15480,12--Group/12_Group_Group_12_Group_Group_12_144.jpg,362.0,144.0,472.0,296.0,0.0,0.0,0.0,0.0,0.0,0.0,1024.0,683.0,0.0239064787701317,Female,White,True,Female_White,0.0
15481,12--Group/12_Group_Group_12_Group_Group_12_144.jpg,512.0,110.0,638.0,280.0,0.0,0.0,0.0,0.0,0.0,0.0,1024.0,683.0,0.0306266013909224,Female,White,True,Female_White,1.0
15482,12--Group/12_Group_Group_12_Group_Group_12_144.jpg,708.0,144.0,820.0,300.0,0.0,0.0,0.0,0.0,0.0,0.0,1024.0,683.0,0.0249816983894582,Female,White,True,Female_White,0.0
15583,12--Group/12_Group_Team_Organized_Group_12_Group_Team_Organized_Group_12_274.jpg,635.0,191.0,690.0,265.0,0.0,0.0,0.0,0.0,0.0,0.0,1024.0,684.0,0.0058108324195906,Female,White,True,Female_White,0.0
15584,12--Group/12_Group_Team_Organized_Group_12_Group_Team_Organized_Group_12_274.jpg,534.0,207.0,585.0,276.0,0.0,0.0,0.0,0.0,0.0,0.0,1024.0,684.0,0.0050241570723684,Female,White,True,Female_White,0.0
15585,12--Group/12_Group_Team_Organized_Group_12_Group_Team_Organized_Group_12_274.jpg,442.0,185.0,500.0,255.0,0.0,0.0,0.0,0.0,0.0,0.0,1024.0,684.0,0.0057965551900584,Female,White,True,Female_White,0.0
15586,12--Group/12_Group_Team_Organized_Group_12_Group_Team_Organized_Group_12_274.jpg,332.0,179.0,390.0,251.0,0.0,0.0,0.0,0.0,0.0,0.0,1024.0,684.0,0.0059621710526315,Female,White,True,Female_White,0.0
15587,12--Group/12_Group_Team_Organized_Group_12_Group_Team_Organized_Group_12_274.jpg,256.0,197.0,319.0,273.0,0.0,0.0,0.0,0.0,0.0,0.0,1024.0,684.0,0.0068359375,Female,White,True,Female_White,0.0
15620,13--Interview/13_Interview_Interview_Sequences_13_103.jpg,456.0,20.0,660.0,262.0,1.0,0.0,0.0,0.0,0.0,0.0,1024.0,579.0,0.0832658678756476,Female,White,True,Female_White,3.0
15623,13--Interview/13_Interview_Interview_Sequences_13_778.jpg,410.0,170.0,644.0,495.0,0.0,0.0,0.0,0.0,0.0,0.0,1024.0,1173.0,0.0633142183503836,Female,White,True,Female_White,2.0
15625,13--Interview/13_Interview_Interview_On_Location_13_537.jpg,112.0,325.0,643.0,1109.0,0.0,0.0,0.0,0.0,1.0,0.0,1024.0,1365.0,0.2978365384615384,Female,White,True,Female_White,11.0
15631,13--Interview/13_Interview_Interview_Sequences_13_31.jpg,666.0,248.0,812.0,448.0,0.0,0.0,0.0,0.0,0.0,0.0,1024.0,683.0,0.0417505490483162,Female,White,True,Female_White,1.0
15632,13--Interview/13_Interview_Interview_Sequences_13_31.jpg,198.0,134.0,336.0,320.0,0.0,0.0,0.0,0.0,0.0,0.0,1024.0,683.0,0.0367004483894582,Female,White,True,Female_White,1.0
15647,13--Interview/13_Interview_Interview_On_Location_13_569.jpg,283.0,369.0,622.0,838.0,0.0,0.0,0.0,0.0,0.0,0.0,1024.0,1306.0,0.1188856419888974,Female,White,True,Female_White,4.0
15650,13--Interview/13_Interview_Interview_On_Location_13_791.jpg,390.0,376.0,749.0,829.0,0.0,0.0,1.0,0.0,0.0,0.0,1024.0,1451.0,0.1094523981305995,Female,White,True,Female_White,4.0
15654,13--Interview/13_Interview_Interview_On_Location_13_736.jpg,209.0,220.0,557.0,762.0,0.0,0.0,0.0,0.0,0.0,0.0,1024.0,1128.0,0.1632937167553191,Female,White,True,Female_White,6.0
15670,13--Interview/13_Interview_Interview_On_Location_13_539.jpg,419.0,664.0,862.0,1243.0,0.0,0.0,0.0,0.0,0.0,0.0,1024.0,1366.0,0.1833714140281845,Female,White,True,Female_White,6.0
15675,13--Interview/13_Interview_Interview_On_Location_13_129.jpg,396.0,0.0,594.0,232.0,0.0,0.0,0.0,0.0,0.0,0.0,1024.0,576.0,0.077880859375,Female,Indian,True,Female_Indian,2.0
15701,13--Interview/13_Interview_Interview_Sequences_13_557.jpg,514.0,362.0,590.0,450.0,1.0,0.0,0.0,0.0,0.0,0.0,1024.0,666.0,0.0098066816816816,Female,White,True,Female_White,0.0
15707,13--Interview/13_Interview_Interview_Sequences_13_793.jpg,55.0,241.0,82.0,292.0,1.0,0.0,0.0,0.0,0.0,0.0,1024.0,820.0,0.0016399104420731,Female,White,True,Female_White,0.0
15708,13--Interview/13_Interview_Interview_Sequences_13_793.jpg,879.0,299.0,910.0,347.0,1.0,0.0,0.0,0.0,0.0,0.0,1024.0,820.0,0.0017721036585365,Female,White,True,Female_White,0.0
15711,13--Interview/13_Interview_Interview_Sequences_13_779.jpg,376.0,140.0,718.0,634.0,0.0,0.0,1.0,0.0,0.0,0.0,1024.0,712.0,0.2317251141151685,Female,Black,True,Female_Black,8.0
15724,13--Interview/13_Interview_Interview_On_Location_13_284.jpg,451.0,60.0,536.0,183.0,0.0,0.0,0.0,0.0,0.0,0.0,1024.0,576.0,0.0177256266276041,Female,White,True,Female_White,0.0
15725,13--Interview/13_Interview_Interview_On_Location_13_284.jpg,96.0,227.0,141.0,280.0,0.0,0.0,0.0,0.0,1.0,0.0,1024.0,576.0,0.0040435791015625,Female,White,True,Female_White,0.0
15791,15--Stock_Market/15_Stock_Market_Stock_Market_15_706.jpg,332.0,180.0,498.0,410.0,0.0,0.0,0.0,0.0,0.0,0.0,1024.0,680.0,0.0548311121323529,Female,White,True,Female_White,2.0
15803,15--Stock_Market/15_Stock_Market_Stock_Market_15_751.jpg,260.0,104.0,420.0,330.0,0.0,0.0,0.0,0.0,0.0,0.0,1024.0,786.0,0.044926844783715,Female,Indian,True,Female_Indian,1.0
15825,16--Award_Ceremony/16_Award_Ceremony_Awards_Ceremony_16_84.jpg,434.0,165.0,684.0,521.0,0.0,0.0,0.0,0.0,0.0,0.0,1024.0,1597.0,0.0544233328115216,Female,White,True,Female_White,1.0
15827,16--Award_Ceremony/16_Award_Ceremony_Awards_Ceremony_16_474.jpg,351.0,212.0,708.0,696.0,0.0,0.0,0.0,0.0,0.0,0.0,1024.0,1485.0,0.1136284722222222,Female,White,True,Female_White,4.0
15828,16--Award_Ceremony/16_Award_Ceremony_Awards_Ceremony_16_467.jpg,313.0,307.0,689.0,846.0,0.0,0.0,0.0,0.0,0.0,0.0,1024.0,1545.0,0.1280997168284789,Female,White,True,Female_White,4.0
15830,16--Award_Ceremony/16_Award_Ceremony_Awards_Ceremony_16_94.jpg,144.0,292.0,216.0,386.0,0.0,0.0,0.0,0.0,0.0,0.0,1024.0,768.0,0.00860595703125,Female,White,True,Female_White,0.0
15831,16--Award_Ceremony/16_Award_Ceremony_Awards_Ceremony_16_94.jpg,386.0,340.0,454.0,436.0,0.0,0.0,0.0,0.0,0.0,0.0,1024.0,768.0,0.00830078125,Female,White,True,Female_White,0.0
15832,16--Award_Ceremony/16_Award_Ceremony_Awards_Ceremony_16_94.jpg,560.0,350.0,632.0,448.0,0.0,0.0,0.0,0.0,0.0,0.0,1024.0,768.0,0.00897216796875,Female,White,True,Female_White,0.0
15833,16--Award_Ceremony/16_Award_Ceremony_Awards_Ceremony_16_94.jpg,782.0,384.0,846.0,484.0,0.0,0.0,0.0,0.0,0.0,0.0,1024.0,768.0,0.0081380208333333,Female,White,True,Female_White,0.0
15834,16--Award_Ceremony/16_Award_Ceremony_Awards_Ceremony_16_482.jpg,425.0,171.0,695.0,535.0,0.0,0.0,0.0,0.0,0.0,0.0,1024.0,1412.0,0.0679720697592068,Female,White,True,Female_White,2.0
15836,16--Award_Ceremony/16_Award_Ceremony_Awards_Ceremony_16_512.jpg,358.0,120.0,593.0,478.0,0.0,0.0,0.0,0.0,0.0,0.0,1024.0,1542.0,0.0532802873702983,Female,White,True,Female_White,1.0
15844,16--Award_Ceremony/16_Award_Ceremony_Awards_Ceremony_16_750.jpg,370.0,100.0,574.0,418.0,0.0,0.0,0.0,0.0,0.0,0.0,1024.0,747.0,0.0848079819277108,Female,White,True,Female_White,3.0
15852,16--Award_Ceremony/16_Award_Ceremony_Awards_Ceremony_16_490.jpg,337.0,179.0,690.0,652.0,0.0,0.0,0.0,0.0,0.0,0.0,1024.0,1370.0,0.1190187328923357,Female,White,True,Female_White,4.0
15853,16--Award_Ceremony/16_Award_Ceremony_Awards_Ceremony_16_317.jpg,217.0,105.0,254.0,155.0,0.0,0.0,0.0,0.0,0.0,0.0,1024.0,677.0,0.0026685976735598,Female,White,True,Female_White,0.0
15854,16--Award_Ceremony/16_Award_Ceremony_Awards_Ceremony_16_317.jpg,600.0,138.0,628.0,178.0,0.0,0.0,0.0,0.0,1.0,0.0,1024.0,677.0,0.0016155834564254,Female,White,True,Female_White,0.0
15855,16--Award_Ceremony/16_Award_Ceremony_Awards_Ceremony_16_317.jpg,844.0,117.0,873.0,161.0,0.0,0.0,0.0,0.0,0.0,0.0,1024.0,677.0,0.0018406111521418,Female,White,True,Female_White,0.0
15856,16--Award_Ceremony/16_Award_Ceremony_Awards_Ceremony_16_143.jpg,258.0,223.0,685.0,852.0,0.0,0.0,0.0,0.0,0.0,0.0,1024.0,1520.0,0.172557951274671,Female,White,True,Female_White,6.0
15857,16--Award_Ceremony/16_Award_Ceremony_Awards_Ceremony_16_338.jpg,361.0,136.0,629.0,517.0,0.0,0.0,0.0,0.0,0.0,0.0,1024.0,1697.0,0.0587594836476134,Female,Indian,True,Female_Indian,2.0
15858,16--Award_Ceremony/16_Award_Ceremony_Awards_Ceremony_16_116.jpg,392.0,163.0,522.0,353.0,0.0,0.0,0.0,0.0,0.0,0.0,1024.0,1541.0,0.0156528836794289,Female,White,True,Female_White,0.0
15859,16--Award_Ceremony/16_Award_Ceremony_Awards_Ceremony_16_116.jpg,548.0,117.0,681.0,301.0,0.0,0.0,0.0,0.0,0.0,0.0,1024.0,1541.0,0.015508395522388,Female,White,True,Female_White,0.0
15862,16--Award_Ceremony/16_Award_Ceremony_Awards_Ceremony_16_447.jpg,331.0,187.0,632.0,591.0,0.0,0.0,0.0,0.0,0.0,0.0,1024.0,1497.0,0.0793279266867067,Female,White,True,Female_White,2.0
15863,16--Award_Ceremony/16_Award_Ceremony_Awards_Ceremony_16_591.jpg,369.0,220.0,675.0,658.0,0.0,0.0,0.0,0.0,0.0,0.0,1024.0,1411.0,0.0927616716867469,Female,White,True,Female_White,3.0
15872,16--Award_Ceremony/16_Award_Ceremony_Awards_Ceremony_16_566.jpg,270.0,219.0,636.0,720.0,0.0,0.0,0.0,0.0,0.0,0.0,1024.0,1536.0,0.1165809631347656,Female,White,True,Female_White,4.0
15894,17--Ceremony/17_Ceremony_Ceremony_17_444.jpg,332.0,263.0,673.0,724.0,0.0,0.0,0.0,0.0,0.0,0.0,1024.0,1536.0,0.0999457041422526,Female,Asian,True,Female_Asian,3.0
15902,17--Ceremony/17_Ceremony_Ceremony_17_735.jpg,340.0,178.0,786.0,820.0,0.0,0.0,0.0,0.0,0.0,0.0,1024.0,1543.0,0.1812191145495787,Female,Indian,True,Female_Indian,6.0
15903,17--Ceremony/17_Ceremony_Ceremony_17_300.jpg,734.0,139.0,776.0,189.0,0.0,0.0,0.0,0.0,0.0,0.0,1024.0,681.0,0.0030114262114537,Female,White,True,Female_White,0.0
15904,17--Ceremony/17_Ceremony_Ceremony_17_300.jpg,600.0,152.0,641.0,204.0,0.0,0.0,0.0,0.0,0.0,0.0,1024.0,681.0,0.0030573146108663,Female,White,True,Female_White,0.0
15905,17--Ceremony/17_Ceremony_Ceremony_17_300.jpg,427.0,137.0,471.0,194.0,0.0,0.0,0.0,0.0,0.0,0.0,1024.0,681.0,0.0035965033039647,Female,White,True,Female_White,0.0
15906,17--Ceremony/17_Ceremony_Ceremony_17_300.jpg,314.0,155.0,357.0,208.0,0.0,0.0,0.0,0.0,0.0,0.0,1024.0,681.0,0.0032681144456681,Female,White,True,Female_White,0.0
15907,17--Ceremony/17_Ceremony_Ceremony_17_300.jpg,188.0,150.0,231.0,210.0,0.0,0.0,0.0,0.0,0.0,0.0,1024.0,681.0,0.0036997522026431,Female,White,True,Female_White,0.0
15957,18--Concerts/18_Concerts_Concerts_18_251.jpg,392.0,291.0,621.0,601.0,0.0,0.0,0.0,0.0,0.0,0.0,1024.0,1057.0,0.0655876744323557,Female,White,True,Female_White,2.0
15958,18--Concerts/18_Concerts_Concerts_18_910.jpg,273.0,254.0,770.0,910.0,0.0,0.0,0.0,0.0,0.0,0.0,1024.0,1429.0,0.2228065955213436,Female,White,True,Female_White,8.0
15971,18--Concerts/18_Concerts_Concerts_18_784.jpg,249.0,277.0,615.0,678.0,0.0,0.0,0.0,0.0,0.0,0.0,1024.0,1301.0,0.1101661582436587,Female,White,True,Female_White,4.0
16010,19--Couple/19_Couple_Couple_19_125.jpg,334.0,86.0,548.0,420.0,0.0,0.0,0.0,0.0,0.0,0.0,1024.0,683.0,0.1021973371156661,Female,White,True,Female_White,3.0
16011,19--Couple/19_Couple_Couple_19_125.jpg,678.0,114.0,878.0,426.0,0.0,0.0,0.0,0.0,0.0,0.0,1024.0,683.0,0.0892203513909224,Female,White,True,Female_White,3.0
16012,19--Couple/19_Couple_Couple_19_125.jpg,38.0,174.0,224.0,450.0,0.0,0.0,0.0,0.0,0.0,0.0,1024.0,683.0,0.0734008967789165,Female,Black,True,Female_Black,2.0
16050,2--Demonstration/2_Demonstration_Demonstration_Or_Protest_2_364.jpg,218.0,328.0,350.0,518.0,0.0,0.0,0.0,0.0,0.0,0.0,1024.0,768.0,0.031890869140625,Female,Indian,True,Female_Indian,1.0
16051,2--Demonstration/2_Demonstration_Demonstration_Or_Protest_2_364.jpg,472.0,286.0,596.0,462.0,0.0,0.0,0.0,0.0,0.0,0.0,1024.0,768.0,0.0277506510416666,Female,Indian,True,Female_Indian,0.0
16052,2--Demonstration/2_Demonstration_Demonstration_Or_Protest_2_364.jpg,678.0,344.0,806.0,538.0,0.0,0.0,0.0,0.0,0.0,0.0,1024.0,768.0,0.0315755208333333,Female,Indian,True,Female_Indian,1.0
16057,2--Demonstration/2_Demonstration_Demonstration_Or_Protest_2_942.jpg,219.0,99.0,692.0,758.0,0.0,1.0,1.0,0.0,0.0,0.0,1024.0,1535.0,0.1983070796009772,Female,Indian,True,Female_Indian,7.0
16063,2--Demonstration/2_Demonstration_Protesters_2_16.jpg,284.0,506.0,374.0,611.0,1.0,0.0,0.0,0.0,0.0,0.0,1024.0,1533.0,0.0060199058219178,Female,White,True,Female_White,0.0
16064,2--Demonstration/2_Demonstration_Protesters_2_16.jpg,626.0,584.0,707.0,695.0,1.0,0.0,0.0,0.0,0.0,0.0,1024.0,1533.0,0.0057275103962818,Female,White,True,Female_White,0.0
16159,20--Family_Group/20_Family_Group_Family_Group_20_739.jpg,372.0,232.0,506.0,424.0,0.0,0.0,0.0,0.0,0.0,0.0,1024.0,683.0,0.0367862371888726,Female,White,True,Female_White,1.0
16160,20--Family_Group/20_Family_Group_Family_Group_20_739.jpg,528.0,204.0,652.0,380.0,0.0,0.0,0.0,0.0,0.0,0.0,1024.0,683.0,0.0312042459736456,Female,White,True,Female_White,1.0
16306,21--Festival/21_Festival_Festival_21_491.jpg,444.0,523.0,651.0,778.0,0.0,0.0,0.0,0.0,0.0,0.0,1024.0,1536.0,0.0335597991943359,Female,White,True,Female_White,1.0
16311,21--Festival/21_Festival_Festival_21_881.jpg,519.0,49.0,739.0,311.0,0.0,0.0,0.0,0.0,0.0,0.0,1024.0,1199.0,0.0469466743119266,Female,White,True,Female_White,1.0
16324,22--Picnic/22_Picnic_Picnic_22_208.jpg,706.0,192.0,782.0,308.0,0.0,0.0,0.0,0.0,0.0,0.0,1024.0,792.0,0.0108704229797979,Female,White,True,Female_White,0.0
16325,22--Picnic/22_Picnic_Picnic_22_208.jpg,118.0,290.0,184.0,386.0,0.0,0.0,0.0,0.0,0.0,0.0,1024.0,792.0,0.0078125,Female,White,True,Female_White,0.0
16330,22--Picnic/22_Picnic_Picnic_22_483.jpg,534.0,414.0,591.0,494.0,1.0,0.0,0.0,0.0,1.0,0.0,1024.0,995.0,0.0044755025125628,Female,White,True,Female_White,0.0
16340,22--Picnic/22_Picnic_Picnic_22_594.jpg,497.0,275.0,550.0,343.0,0.0,0.0,0.0,0.0,0.0,0.0,1024.0,688.0,0.005115597747093,Female,White,True,Female_White,0.0
16341,22--Picnic/22_Picnic_Picnic_22_594.jpg,797.0,316.0,833.0,378.0,1.0,0.0,0.0,0.0,0.0,0.0,1024.0,688.0,0.0031681504360465,Female,White,True,Female_White,0.0
16348,23--Shoppers/23_Shoppers_Shoppers_23_854.jpg,292.0,144.0,586.0,512.0,0.0,0.0,0.0,0.0,0.0,0.0,1024.0,1024.0,0.103179931640625,Female,Black,True,Female_Black,3.0
16354,23--Shoppers/23_Shoppers_Shoppers_23_801.jpg,539.0,222.0,632.0,357.0,1.0,0.0,0.0,0.0,0.0,0.0,1024.0,1532.0,0.0080030954226501,Female,Black,True,Female_Black,0.0
16355,23--Shoppers/23_Shoppers_Shoppers_23_801.jpg,308.0,177.0,428.0,318.0,1.0,1.0,0.0,0.0,0.0,0.0,1024.0,1532.0,0.0107855336161879,Female,Black,True,Female_Black,0.0
16357,23--Shoppers/23_Shoppers_Shoppers_23_817.jpg,658.0,23.0,828.0,369.0,0.0,0.0,0.0,0.0,0.0,1.0,1024.0,1322.0,0.0434503829425113,Female,White,True,Female_White,1.0
16360,23--Shoppers/23_Shoppers_Shoppers_23_259.jpg,202.0,96.0,362.0,314.0,0.0,0.0,0.0,0.0,0.0,0.0,1024.0,787.0,0.0432814485387547,Female,White,True,Female_White,1.0
16361,23--Shoppers/23_Shoppers_Shoppers_23_259.jpg,518.0,80.0,668.0,268.0,0.0,0.0,0.0,0.0,0.0,0.0,1024.0,787.0,0.0349924555273189,Female,White,True,Female_White,1.0
16362,23--Shoppers/23_Shoppers_Shoppers_23_259.jpg,762.0,66.0,902.0,262.0,0.0,0.0,0.0,0.0,0.0,0.0,1024.0,787.0,0.0340493964421855,Female,White,True,Female_White,1.0
16363,23--Shoppers/23_Shoppers_Shoppers_23_364.jpg,580.0,184.0,680.0,300.0,0.0,0.0,0.0,0.0,0.0,0.0,1024.0,768.0,0.0147501627604166,Female,White,True,Female_White,0.0
16364,23--Shoppers/23_Shoppers_Shoppers_23_364.jpg,456.0,228.0,516.0,290.0,1.0,0.0,0.0,0.0,0.0,0.0,1024.0,768.0,0.004730224609375,Female,White,True,Female_White,0.0
16365,23--Shoppers/23_Shoppers_Shoppers_23_364.jpg,278.0,210.0,354.0,306.0,1.0,0.0,0.0,0.0,0.0,0.0,1024.0,768.0,0.00927734375,Female,White,True,Female_White,0.0
16366,23--Shoppers/23_Shoppers_Shoppers_23_665.jpg,346.0,180.0,526.0,360.0,0.0,0.0,0.0,0.0,0.0,0.0,1024.0,679.0,0.0465988586156111,Female,White,True,Female_White,1.0
16367,23--Shoppers/23_Shoppers_Shoppers_23_485.jpg,490.0,114.0,568.0,240.0,0.0,0.0,0.0,0.0,1.0,0.0,1024.0,679.0,0.014134987113402,Female,White,True,Female_White,0.0
16368,23--Shoppers/23_Shoppers_Shoppers_23_485.jpg,814.0,144.0,874.0,264.0,0.0,0.0,0.0,0.0,0.0,0.0,1024.0,679.0,0.0103553019145802,Female,White,True,Female_White,0.0
16369,23--Shoppers/23_Shoppers_Shoppers_23_485.jpg,312.0,128.0,394.0,262.0,0.0,0.0,0.0,0.0,0.0,0.0,1024.0,679.0,0.0158033413107511,Female,White,True,Female_White,0.0
16370,23--Shoppers/23_Shoppers_Shoppers_23_485.jpg,38.0,136.0,118.0,248.0,0.0,0.0,0.0,0.0,0.0,0.0,1024.0,679.0,0.0128865979381443,Female,White,True,Female_White,0.0
16372,23--Shoppers/23_Shoppers_Shoppers_23_802.jpg,348.0,188.0,599.0,504.0,0.0,0.0,0.0,0.0,0.0,0.0,1024.0,1036.0,0.0747654741795366,Female,White,True,Female_White,2.0
16373,23--Shoppers/23_Shoppers_Shoppers_23_802.jpg,585.0,340.0,793.0,563.0,0.0,0.0,0.0,0.0,0.0,0.0,1024.0,1036.0,0.0437228523166023,Female,White,True,Female_White,1.0
16383,24--Soldier_Firing/24_Soldier_Firing_Soldier_Firing_24_824.jpg,210.0,154.0,618.0,734.0,0.0,0.0,0.0,0.0,0.0,0.0,1024.0,768.0,0.3009033203125,Female,White,True,Female_White,11.0
16421,25--Soldier_Patrol/25_Soldier_Patrol_Soldier_Patrol_25_437.jpg,369.0,381.0,399.0,422.0,1.0,0.0,0.0,0.0,1.0,1.0,1024.0,683.0,0.0017586703879941,Female,Asian,True,Female_Asian,0.0
16422,25--Soldier_Patrol/25_Soldier_Patrol_Soldier_Patrol_25_437.jpg,703.0,283.0,728.0,330.0,1.0,0.0,0.0,0.0,0.0,0.0,1024.0,683.0,0.0016800306551976,Female,Asian,True,Female_Asian,0.0
16462,27--Spa/27_Spa_Spa_27_212.jpg,252.0,84.0,718.0,340.0,0.0,0.0,0.0,0.0,0.0,1.0,1024.0,683.0,0.1705710102489019,Female,White,True,Female_White,6.0
16463,27--Spa/27_Spa_Spa_27_360.jpg,162.0,260.0,480.0,478.0,0.0,0.0,0.0,0.0,0.0,1.0,1024.0,576.0,0.1175333658854166,Female,White,True,Female_White,4.0
16465,27--Spa/27_Spa_Spa_27_728.jpg,192.0,122.0,874.0,568.0,0.0,0.0,0.0,0.0,0.0,1.0,1024.0,782.0,0.3798503436700767,Female,White,True,Female_White,14.0
16467,27--Spa/27_Spa_Spa_27_329.jpg,449.0,87.0,798.0,521.0,0.0,0.0,0.0,0.0,0.0,0.0,1024.0,1540.0,0.0960493607954545,Female,Black,True,Female_Black,3.0
16472,27--Spa/27_Spa_Spa_27_157.jpg,246.0,42.0,506.0,162.0,0.0,0.0,0.0,0.0,0.0,1.0,1024.0,390.0,0.078125,Female,Black,True,Female_Black,2.0
16473,27--Spa/27_Spa_Spa_27_393.jpg,542.0,138.0,890.0,518.0,0.0,0.0,0.0,0.0,0.0,1.0,1024.0,805.0,0.1604231366459627,Female,White,True,Female_White,5.0
16479,27--Spa/27_Spa_Spa_27_38.jpg,510.0,204.0,698.0,452.0,0.0,0.0,0.0,0.0,0.0,0.0,1024.0,683.0,0.066663616398243,Female,White,True,Female_White,2.0
16481,27--Spa/27_Spa_Spa_27_486.jpg,460.0,189.0,504.0,270.0,1.0,0.0,0.0,0.0,0.0,0.0,1024.0,518.0,0.0067190516409266,Female,White,True,Female_White,0.0
16482,27--Spa/27_Spa_Spa_27_486.jpg,771.0,33.0,826.0,119.0,1.0,0.0,0.0,0.0,0.0,0.0,1024.0,518.0,0.0089172598938223,Female,Asian,True,Female_Asian,0.0
16483,27--Spa/27_Spa_Spa_27_322.jpg,38.0,196.0,480.0,524.0,0.0,0.0,0.0,0.0,0.0,1.0,1024.0,683.0,0.207288616398243,Female,White,True,Female_White,7.0
16487,28--Sports_Fan/28_Sports_Fan_Sports_Fan_28_656.jpg,270.0,250.0,787.0,734.0,0.0,0.0,0.0,0.0,0.0,1.0,1024.0,1293.0,0.1889893899845321,Female,White,True,Female_White,7.0
16504,28--Sports_Fan/28_Sports_Fan_Sports_Fan_28_448.jpg,366.0,180.0,454.0,298.0,0.0,0.0,0.0,0.0,0.0,0.0,1024.0,819.0,0.0123817155067155,Female,White,True,Female_White,0.0
16505,28--Sports_Fan/28_Sports_Fan_Sports_Fan_28_448.jpg,500.0,218.0,590.0,332.0,0.0,0.0,0.0,0.0,0.0,0.0,1024.0,819.0,0.0122338598901098,Female,White,True,Female_White,0.0
16509,28--Sports_Fan/28_Sports_Fan_Sports_Fan_28_198.jpg,325.0,203.0,405.0,326.0,1.0,0.0,0.0,0.0,0.0,0.0,1024.0,1366.0,0.0070346815519765,Female,White,True,Female_White,0.0
16510,28--Sports_Fan/28_Sports_Fan_Sports_Fan_28_198.jpg,736.0,309.0,811.0,421.0,1.0,0.0,0.0,0.0,0.0,0.0,1024.0,1366.0,0.0060052159590043,Female,Black,True,Female_Black,0.0
16511,28--Sports_Fan/28_Sports_Fan_Sports_Fan_28_198.jpg,837.0,309.0,920.0,418.0,1.0,0.0,0.0,0.0,0.0,0.0,1024.0,1366.0,0.00646776056918,Female,White,True,Female_White,0.0
16513,28--Sports_Fan/28_Sports_Fan_Sports_Fan_28_144.jpg,117.0,236.0,782.0,1062.0,0.0,0.0,0.0,0.0,0.0,0.0,1024.0,1392.0,0.3853563330639368,Female,White,True,Female_White,14.0
16526,28--Sports_Fan/28_Sports_Fan_Sports_Fan_28_265.jpg,92.0,168.0,362.0,520.0,0.0,0.0,0.0,0.0,0.0,0.0,1024.0,894.0,0.1038171140939597,Female,White,True,Female_White,3.0
16527,28--Sports_Fan/28_Sports_Fan_Sports_Fan_28_265.jpg,500.0,84.0,718.0,428.0,0.0,0.0,0.0,0.0,0.0,0.0,1024.0,894.0,0.0819176454138702,Female,White,True,Female_White,3.0
16549,29--Students_Schoolkids/29_Students_Schoolkids_Students_Schoolkids_29_632.jpg,798.0,261.0,876.0,369.0,0.0,0.0,0.0,0.0,0.0,0.0,1024.0,679.0,0.0121157032400589,Female,White,True,Female_White,0.0
16550,29--Students_Schoolkids/29_Students_Schoolkids_Students_Schoolkids_29_632.jpg,532.0,288.0,606.0,384.0,0.0,0.0,0.0,0.0,0.0,0.0,1024.0,679.0,0.0102172312223858,Female,White,True,Female_White,0.0
16551,29--Students_Schoolkids/29_Students_Schoolkids_Students_Schoolkids_29_632.jpg,356.0,301.0,411.0,390.0,0.0,0.0,0.0,0.0,0.0,0.0,1024.0,679.0,0.0070401670655375,Female,White,True,Female_White,0.0
16552,29--Students_Schoolkids/29_Students_Schoolkids_Students_Schoolkids_29_632.jpg,272.0,348.0,322.0,434.0,1.0,0.0,0.0,0.0,0.0,0.0,1024.0,679.0,0.0061844164212076,Female,White,True,Female_White,0.0
16553,29--Students_Schoolkids/29_Students_Schoolkids_Students_Schoolkids_29_632.jpg,90.0,290.0,144.0,362.0,0.0,0.0,0.0,0.0,0.0,0.0,1024.0,679.0,0.0055918630338733,Female,White,True,Female_White,0.0
16554,29--Students_Schoolkids/29_Students_Schoolkids_Students_Schoolkids_29_941.jpg,570.0,190.0,692.0,338.0,0.0,0.0,0.0,0.0,1.0,0.0,1024.0,685.0,0.0257413321167883,Female,Asian,True,Female_Asian,0.0
16555,29--Students_Schoolkids/29_Students_Schoolkids_Students_Schoolkids_29_941.jpg,308.0,228.0,408.0,330.0,0.0,0.0,0.0,0.0,0.0,0.0,1024.0,685.0,0.0145415145985401,Female,Asian,True,Female_Asian,0.0
16556,29--Students_Schoolkids/29_Students_Schoolkids_Students_Schoolkids_29_312.jpg,492.0,62.0,590.0,186.0,0.0,0.0,0.0,0.0,0.0,0.0,1024.0,577.0,0.0205670493934142,Female,White,True,Female_White,0.0
16565,29--Students_Schoolkids/29_Students_Schoolkids_Students_Schoolkids_29_761.jpg,650.0,56.0,774.0,222.0,0.0,0.0,0.0,0.0,0.0,0.0,1024.0,430.0,0.0467478197674418,Female,White,True,Female_White,1.0
16582,29--Students_Schoolkids/29_Students_Schoolkids_Students_Schoolkids_29_126.jpg,12.0,12.0,407.0,503.0,0.0,0.0,0.0,0.0,0.0,0.0,1024.0,1054.0,0.1796958387689753,Female,White,True,Female_White,6.0
16583,29--Students_Schoolkids/29_Students_Schoolkids_Students_Schoolkids_29_126.jpg,623.0,10.0,997.0,458.0,0.0,0.0,0.0,0.0,0.0,0.0,1024.0,1054.0,0.1552419354838709,Female,White,True,Female_White,5.0
16622,3--Riot/3_Riot_Riot_3_772.jpg,496.0,138.0,664.0,382.0,0.0,0.0,0.0,0.0,0.0,0.0,1024.0,686.0,0.0583545918367346,Female,White,True,Female_White,2.0
16623,3--Riot/3_Riot_Riot_3_436.jpg,260.0,52.0,402.0,260.0,0.0,0.0,0.0,0.0,0.0,0.0,1024.0,684.0,0.0421692251461988,Female,White,True,Female_White,1.0
16630,3--Riot/3_Riot_Riot_3_963.jpg,237.0,80.0,762.0,760.0,0.0,0.0,0.0,0.0,1.0,0.0,1024.0,1364.0,0.2555959035923754,Female,White,True,Female_White,9.0
16641,3--Riot/3_Riot_Riot_3_480.jpg,164.0,56.0,270.0,224.0,0.0,0.0,0.0,0.0,0.0,0.0,1024.0,783.0,0.0222102490421455,Female,White,True,Female_White,0.0
16642,3--Riot/3_Riot_Riot_3_480.jpg,502.0,140.0,598.0,292.0,0.0,0.0,0.0,0.0,0.0,0.0,1024.0,783.0,0.018199233716475,Female,White,True,Female_White,0.0
16643,3--Riot/3_Riot_Riot_3_480.jpg,750.0,242.0,826.0,334.0,0.0,0.0,0.0,0.0,0.0,0.0,1024.0,783.0,0.0087204661558109,Female,White,True,Female_White,0.0
16645,30--Surgeons/30_Surgeons_Surgeons_30_862.jpg,441.0,186.0,636.0,453.0,0.0,0.0,0.0,0.0,0.0,0.0,1024.0,1536.0,0.0331020355224609,Female,White,True,Female_White,1.0
16651,30--Surgeons/30_Surgeons_Surgeons_30_533.jpg,495.0,257.0,546.0,324.0,0.0,0.0,0.0,0.0,0.0,0.0,1024.0,683.0,0.0048856721266471,Female,White,True,Female_White,0.0
16662,30--Surgeons/30_Surgeons_Surgeons_30_696.jpg,490.0,187.0,703.0,497.0,0.0,0.0,0.0,0.0,0.0,0.0,1024.0,1708.0,0.0377531743998829,Female,White,True,Female_White,1.0
16695,30--Surgeons/30_Surgeons_Surgeons_30_979.jpg,326.0,206.0,759.0,819.0,0.0,0.0,0.0,0.0,0.0,0.0,1024.0,1211.0,0.2140445976981833,Female,White,True,Female_White,8.0
16702,30--Surgeons/30_Surgeons_Surgeons_30_865.jpg,682.0,4.0,800.0,124.0,0.0,0.0,0.0,0.0,0.0,0.0,1024.0,382.0,0.036199280104712,Female,White,True,Female_White,1.0
16733,31--Waiter_Waitress/31_Waiter_Waitress_Waiter_Waitress_31_118.jpg,366.0,84.0,536.0,294.0,0.0,0.0,0.0,0.0,0.0,0.0,1024.0,1019.0,0.0342132298822374,Female,White,True,Female_White,1.0
16750,31--Waiter_Waitress/31_Waiter_Waitress_Waiter_Waitress_31_683.jpg,552.0,92.0,684.0,242.0,1.0,0.0,0.0,0.0,0.0,1.0,1024.0,661.0,0.0292525529500756,Female,White,True,Female_White,1.0
16752,31--Waiter_Waitress/31_Waiter_Waitress_Waiter_Waitress_31_685.jpg,524.0,62.0,604.0,170.0,0.0,0.0,0.0,0.0,0.0,0.0,1024.0,1024.0,0.00823974609375,Female,White,True,Female_White,0.0
16753,31--Waiter_Waitress/31_Waiter_Waitress_Waiter_Waitress_31_685.jpg,828.0,58.0,912.0,168.0,0.0,0.0,0.0,0.0,0.0,0.0,1024.0,1024.0,0.0088119506835937,Female,White,True,Female_White,0.0
16754,31--Waiter_Waitress/31_Waiter_Waitress_Waiter_Waitress_31_685.jpg,150.0,50.0,228.0,154.0,0.0,0.0,1.0,0.0,0.0,0.0,1024.0,1024.0,0.0077362060546875,Female,White,True,Female_White,0.0
16764,31--Waiter_Waitress/31_Waiter_Waitress_Waiter_Waitress_31_176.jpg,116.0,52.0,370.0,368.0,0.0,0.0,0.0,0.0,0.0,0.0,1024.0,574.0,0.1365554224738676,Female,White,True,Female_White,5.0
16768,31--Waiter_Waitress/31_Waiter_Waitress_Waiter_Waitress_31_373.jpg,80.0,6.0,382.0,334.0,0.0,0.0,1.0,0.0,0.0,0.0,1024.0,576.0,0.1679416232638889,Female,White,True,Female_White,6.0
16789,32--Worker_Laborer/32_Worker_Laborer_Worker_Laborer_32_944.jpg,424.0,356.0,498.0,464.0,1.0,1.0,1.0,0.0,0.0,0.0,1024.0,1014.0,0.0076969304733727,Female,Black,True,Female_Black,0.0
16809,32--Worker_Laborer/32_Worker_Laborer_Worker_Laborer_32_1038.jpg,431.0,180.0,550.0,312.0,1.0,0.0,0.0,0.0,0.0,1.0,1024.0,1355.0,0.0113209178966789,Female,White,True,Female_White,0.0
16841,33--Running/33_Running_Running_33_341.jpg,510.0,249.0,580.0,356.0,1.0,0.0,0.0,0.0,0.0,0.0,1024.0,1273.0,0.0057458390612725,Female,White,True,Female_White,0.0
16842,33--Running/33_Running_Running_33_286.jpg,481.0,292.0,529.0,362.0,1.0,0.0,1.0,0.0,0.0,0.0,1024.0,1086.0,0.003021408839779,Female,White,True,Female_White,0.0
16843,33--Running/33_Running_Running_33_891.jpg,418.0,122.0,576.0,320.0,0.0,0.0,0.0,0.0,0.0,0.0,1024.0,768.0,0.0397796630859375,Female,White,True,Female_White,1.0
16849,33--Running/33_Running_Running_33_538.jpg,696.0,42.0,740.0,93.0,1.0,0.0,0.0,0.0,0.0,0.0,1024.0,620.0,0.0035345262096774,Female,White,True,Female_White,0.0
16888,35--Basketball/35_Basketball_playingbasketball_35_36.jpg,818.0,44.0,892.0,148.0,0.0,0.0,0.0,0.0,0.0,0.0,1024.0,685.0,0.0109717153284671,Female,White,True,Female_White,0.0
16894,35--Basketball/35_Basketball_playingbasketball_35_730.jpg,419.0,164.0,755.0,586.0,0.0,0.0,0.0,0.0,0.0,0.0,1024.0,1422.0,0.0973760548523206,Female,White,True,Female_White,3.0
16895,35--Basketball/35_Basketball_playingbasketball_35_350.jpg,488.0,148.0,644.0,332.0,0.0,0.0,0.0,0.0,0.0,0.0,1024.0,767.0,0.0365466101694915,Female,White,True,Female_White,1.0
16896,35--Basketball/35_Basketball_playingbasketball_35_350.jpg,210.0,142.0,342.0,344.0,0.0,0.0,0.0,0.0,0.0,0.0,1024.0,767.0,0.0339492340286831,Female,White,True,Female_White,1.0
16913,35--Basketball/35_Basketball_playingbasketball_35_612.jpg,357.0,141.0,504.0,324.0,0.0,0.0,0.0,0.0,0.0,0.0,1024.0,1538.0,0.0170809543644343,Female,White,True,Female_White,0.0
16914,35--Basketball/35_Basketball_playingbasketball_35_612.jpg,544.0,444.0,706.0,675.0,1.0,0.0,0.0,0.0,1.0,0.0,1024.0,1538.0,0.0237613276170351,Female,White,True,Female_White,0.0
16930,35--Basketball/35_Basketball_playingbasketball_35_644.jpg,334.0,192.0,520.0,421.0,0.0,0.0,0.0,0.0,0.0,0.0,1024.0,1584.0,0.0262599135890151,Female,White,True,Female_White,0.0
16942,35--Basketball/35_Basketball_playingbasketball_35_588.jpg,593.0,152.0,659.0,241.0,1.0,0.0,0.0,0.0,0.0,0.0,1024.0,1299.0,0.0044159569861431,Female,White,True,Female_White,0.0
16943,35--Basketball/35_Basketball_playingbasketball_35_588.jpg,613.0,477.0,719.0,685.0,1.0,0.0,0.0,0.0,1.0,0.0,1024.0,1299.0,0.0165752501924557,Female,White,True,Female_White,0.0
16948,35--Basketball/35_Basketball_basketballgame_ball_35_904.jpg,262.0,122.0,313.0,192.0,1.0,0.0,0.0,0.0,0.0,1.0,1024.0,726.0,0.0048021048553719,Female,White,True,Female_White,0.0
16949,35--Basketball/35_Basketball_basketballgame_ball_35_904.jpg,321.0,116.0,379.0,170.0,1.0,0.0,1.0,0.0,0.0,1.0,1024.0,726.0,0.0042129390495867,Female,Black,True,Female_Black,0.0
16950,35--Basketball/35_Basketball_basketballgame_ball_35_904.jpg,449.0,118.0,504.0,178.0,1.0,0.0,0.0,0.0,0.0,1.0,1024.0,726.0,0.0044389204545454,Female,Black,True,Female_Black,0.0
16951,35--Basketball/35_Basketball_basketballgame_ball_35_904.jpg,530.0,147.0,595.0,195.0,1.0,0.0,0.0,0.0,0.0,1.0,1024.0,726.0,0.0041967975206611,Female,White,True,Female_White,0.0
16952,35--Basketball/35_Basketball_basketballgame_ball_35_904.jpg,551.0,117.0,603.0,178.0,1.0,0.0,0.0,0.0,0.0,1.0,1024.0,726.0,0.0042667441460055,Female,Black,True,Female_Black,0.0
16957,35--Basketball/35_Basketball_playingbasketball_35_283.jpg,646.0,354.0,817.0,450.0,0.0,0.0,0.0,0.0,0.0,1.0,1024.0,1536.0,0.01043701171875,Female,White,True,Female_White,0.0
16964,35--Basketball/35_Basketball_playingbasketball_35_11.jpg,481.0,139.0,568.0,278.0,0.0,0.0,0.0,0.0,0.0,0.0,1024.0,1392.0,0.00848388671875,Female,White,True,Female_White,0.0
16965,35--Basketball/35_Basketball_basketballgame_ball_35_681.jpg,452.0,20.0,544.0,146.0,0.0,0.0,0.0,0.0,0.0,0.0,1024.0,683.0,0.0165743960468521,Female,White,True,Female_White,0.0
16986,35--Basketball/35_Basketball_playingbasketball_35_251.jpg,432.0,99.0,516.0,279.0,0.0,1.0,0.0,0.0,0.0,0.0,1024.0,1536.0,0.009613037109375,Female,White,True,Female_White,0.0
16997,35--Basketball/35_Basketball_playingbasketball_35_13.jpg,443.0,160.0,541.0,282.0,0.0,0.0,0.0,0.0,1.0,0.0,1024.0,1392.0,0.0083877738864942,Female,White,True,Female_White,0.0
17008,35--Basketball/35_Basketball_playingbasketball_35_91.jpg,272.0,378.0,606.0,775.0,0.0,0.0,0.0,0.0,0.0,0.0,1024.0,1392.0,0.0930245936602011,Female,White,True,Female_White,3.0
17030,36--Football/36_Football_americanfootball_ball_36_234.jpg,335.0,91.0,436.0,239.0,0.0,0.0,0.0,0.0,0.0,0.0,1024.0,1332.0,0.0109592013888888,Female,White,True,Female_White,0.0
17046,36--Football/36_Football_americanfootball_ball_36_456.jpg,524.0,78.0,672.0,262.0,0.0,0.0,0.0,0.0,0.0,0.0,1024.0,851.0,0.03125,Female,White,True,Female_White,1.0
17091,37--Soccer/37_Soccer_Soccer_37_3.jpg,316.0,144.0,368.0,224.0,0.0,0.0,0.0,0.0,0.0,0.0,1024.0,862.0,0.0047128770301624,Female,White,True,Female_White,0.0
17092,37--Soccer/37_Soccer_Soccer_37_3.jpg,844.0,96.0,902.0,182.0,0.0,0.0,0.0,0.0,0.0,0.0,1024.0,862.0,0.0056509208236658,Female,Asian,True,Female_Asian,0.0
17098,37--Soccer/37_Soccer_soccer_ball_37_803.jpg,342.0,131.0,751.0,720.0,0.0,0.0,0.0,0.0,0.0,0.0,1024.0,1487.0,0.1582077221334902,Female,White,True,Female_White,5.0
17125,37--Soccer/37_Soccer_soccer_ball_37_886.jpg,368.0,116.0,596.0,418.0,0.0,0.0,0.0,0.0,0.0,0.0,1024.0,768.0,0.087554931640625,Female,White,True,Female_White,3.0
17139,37--Soccer/37_Soccer_soccer_ball_37_8.jpg,242.0,140.0,294.0,208.0,0.0,0.0,0.0,0.0,0.0,0.0,1024.0,741.0,0.0046600877192982,Female,White,True,Female_White,0.0
17140,37--Soccer/37_Soccer_soccer_ball_37_8.jpg,662.0,80.0,720.0,150.0,0.0,0.0,0.0,0.0,0.0,0.0,1024.0,741.0,0.0053506663292847,Female,White,True,Female_White,0.0
17144,37--Soccer/37_Soccer_soccer_ball_37_851.jpg,124.0,235.0,181.0,318.0,1.0,0.0,0.0,0.0,1.0,0.0,1024.0,664.0,0.0069580078125,Female,White,True,Female_White,0.0
17145,37--Soccer/37_Soccer_soccer_ball_37_851.jpg,227.0,106.0,279.0,173.0,1.0,0.0,0.0,0.0,0.0,0.0,1024.0,664.0,0.0051240116716867,Female,White,True,Female_White,0.0
17146,37--Soccer/37_Soccer_soccer_ball_37_851.jpg,378.0,277.0,436.0,353.0,1.0,0.0,0.0,0.0,0.0,0.0,1024.0,664.0,0.0064829631024096,Female,White,True,Female_White,0.0
17147,37--Soccer/37_Soccer_soccer_ball_37_851.jpg,273.0,238.0,330.0,312.0,1.0,0.0,0.0,0.0,0.0,0.0,1024.0,664.0,0.0062035250376506,Female,White,True,Female_White,0.0
17148,37--Soccer/37_Soccer_soccer_ball_37_851.jpg,494.0,96.0,539.0,153.0,1.0,0.0,0.0,0.0,0.0,0.0,1024.0,664.0,0.0037724138742469,Female,White,True,Female_White,0.0
17149,37--Soccer/37_Soccer_soccer_ball_37_851.jpg,365.0,72.0,412.0,138.0,1.0,0.0,0.0,0.0,0.0,0.0,1024.0,664.0,0.0045621940888554,Female,White,True,Female_White,0.0
17150,37--Soccer/37_Soccer_soccer_ball_37_851.jpg,530.0,273.0,583.0,351.0,1.0,0.0,0.0,0.0,0.0,0.0,1024.0,664.0,0.0060799839984939,Female,White,True,Female_White,0.0
17151,37--Soccer/37_Soccer_soccer_ball_37_851.jpg,644.0,141.0,691.0,203.0,1.0,0.0,0.0,0.0,0.0,0.0,1024.0,664.0,0.0042856974774096,Female,White,True,Female_White,0.0
17152,37--Soccer/37_Soccer_soccer_ball_37_851.jpg,724.0,203.0,775.0,273.0,1.0,0.0,0.0,0.0,0.0,0.0,1024.0,664.0,0.0052504941641566,Female,Asian,True,Female_Asian,0.0
17153,37--Soccer/37_Soccer_soccer_ball_37_851.jpg,774.0,128.0,819.0,185.0,1.0,0.0,0.0,0.0,0.0,0.0,1024.0,664.0,0.0037724138742469,Female,White,True,Female_White,0.0
17154,37--Soccer/37_Soccer_soccer_ball_37_851.jpg,634.0,246.0,686.0,319.0,1.0,0.0,0.0,0.0,0.0,0.0,1024.0,664.0,0.0055828783885542,Female,White,True,Female_White,0.0
17155,37--Soccer/37_Soccer_soccer_ball_37_851.jpg,843.0,199.0,899.0,271.0,1.0,0.0,0.0,0.0,0.0,0.0,1024.0,664.0,0.005929969879518,Female,White,True,Female_White,0.0
17156,37--Soccer/37_Soccer_soccer_ball_37_851.jpg,826.0,95.0,868.0,149.0,1.0,0.0,0.0,0.0,0.0,0.0,1024.0,664.0,0.0033356080572289,Female,White,True,Female_White,0.0
17157,37--Soccer/37_Soccer_soccer_ball_37_851.jpg,866.0,120.0,912.0,182.0,1.0,0.0,0.0,0.0,1.0,0.0,1024.0,664.0,0.0041945124246987,Female,Black,True,Female_Black,0.0
17158,37--Soccer/37_Soccer_soccer_ball_37_815.jpg,298.0,184.0,428.0,374.0,0.0,0.0,0.0,0.0,0.0,0.0,1024.0,768.0,0.0314076741536458,Female,White,True,Female_White,1.0
17159,37--Soccer/37_Soccer_soccer_ball_37_815.jpg,686.0,228.0,838.0,422.0,0.0,0.0,0.0,0.0,0.0,0.0,1024.0,768.0,0.0374959309895833,Female,White,True,Female_White,1.0
17160,38--Tennis/38_Tennis_Tennis_38_558.jpg,480.0,182.0,651.0,379.0,0.0,0.0,0.0,0.0,0.0,0.0,1024.0,1123.0,0.0292942661954585,Female,White,True,Female_White,1.0
17161,38--Tennis/38_Tennis_Tennis_38_40.jpg,478.0,76.0,540.0,150.0,0.0,0.0,0.0,0.0,1.0,0.0,1024.0,700.0,0.0064006696428571,Female,White,True,Female_White,0.0
17164,38--Tennis/38_Tennis_Tennis_38_323.jpg,294.0,85.0,406.0,237.0,0.0,0.0,0.0,0.0,0.0,0.0,1024.0,1038.0,0.0160163776493256,Female,White,True,Female_White,0.0
17169,38--Tennis/38_Tennis_Tennis_38_131.jpg,220.0,98.0,410.0,362.0,0.0,0.0,0.0,0.0,0.0,0.0,1024.0,853.0,0.0574259964830011,Female,White,True,Female_White,2.0
17170,38--Tennis/38_Tennis_Tennis_38_332.jpg,290.0,38.0,396.0,110.0,0.0,0.0,0.0,0.0,0.0,1.0,1024.0,351.0,0.0212339743589743,Female,White,True,Female_White,0.0
17172,38--Tennis/38_Tennis_Tennis_38_604.jpg,672.0,70.0,786.0,184.0,0.0,0.0,0.0,0.0,0.0,0.0,1024.0,768.0,0.0165252685546875,Female,White,True,Female_White,0.0
17173,38--Tennis/38_Tennis_Tennis_38_94.jpg,468.0,64.0,548.0,166.0,0.0,0.0,1.0,0.0,0.0,0.0,1024.0,793.0,0.0100488650693568,Female,White,True,Female_White,0.0
17178,38--Tennis/38_Tennis_Tennis_38_758.jpg,44.0,230.0,312.0,604.0,0.0,0.0,0.0,0.0,0.0,0.0,1024.0,726.0,0.1348248106060606,Female,White,True,Female_White,5.0
17179,38--Tennis/38_Tennis_Tennis_38_758.jpg,584.0,162.0,842.0,542.0,0.0,0.0,0.0,0.0,0.0,0.0,1024.0,726.0,0.131876291322314,Female,White,True,Female_White,4.0
17180,38--Tennis/38_Tennis_Tennis_38_230.jpg,304.0,182.0,462.0,346.0,0.0,0.0,0.0,0.0,0.0,0.0,1024.0,788.0,0.0321125475888324,Female,White,True,Female_White,1.0
17181,38--Tennis/38_Tennis_Tennis_38_240.jpg,714.0,156.0,884.0,398.0,0.0,0.0,0.0,0.0,0.0,0.0,1024.0,661.0,0.0607803044629349,Female,White,True,Female_White,2.0
17183,38--Tennis/38_Tennis_Tennis_38_18.jpg,290.0,94.0,350.0,164.0,0.0,0.0,0.0,0.0,0.0,0.0,1024.0,598.0,0.006858800167224,Female,White,True,Female_White,0.0
17184,38--Tennis/38_Tennis_Tennis_38_128.jpg,532.0,108.0,666.0,260.0,0.0,0.0,0.0,0.0,0.0,0.0,1024.0,820.0,0.0242568597560975,Female,White,True,Female_White,0.0
17185,38--Tennis/38_Tennis_Tennis_38_452.jpg,46.0,114.0,83.0,165.0,1.0,0.0,0.0,0.0,0.0,0.0,1024.0,589.0,0.0031286476018675,Female,White,True,Female_White,0.0
17186,38--Tennis/38_Tennis_Tennis_38_452.jpg,185.0,127.0,224.0,179.0,1.0,0.0,0.0,0.0,0.0,0.0,1024.0,589.0,0.0033624257215619,Female,White,True,Female_White,0.0
17187,38--Tennis/38_Tennis_Tennis_38_452.jpg,282.0,79.0,319.0,130.0,1.0,0.0,0.0,0.0,0.0,0.0,1024.0,589.0,0.0031286476018675,Female,White,True,Female_White,0.0
17188,38--Tennis/38_Tennis_Tennis_38_452.jpg,393.0,63.0,426.0,114.0,1.0,0.0,0.0,0.0,0.0,0.0,1024.0,589.0,0.0027904154286926,Female,White,True,Female_White,0.0
17189,38--Tennis/38_Tennis_Tennis_38_452.jpg,510.0,55.0,544.0,107.0,1.0,0.0,0.0,0.0,0.0,0.0,1024.0,589.0,0.0029313455008488,Female,White,True,Female_White,0.0
17190,38--Tennis/38_Tennis_Tennis_38_452.jpg,614.0,60.0,652.0,109.0,1.0,0.0,0.0,0.0,0.0,0.0,1024.0,589.0,0.0030871975806451,Female,White,True,Female_White,0.0
17191,38--Tennis/38_Tennis_Tennis_38_452.jpg,722.0,79.0,758.0,129.0,1.0,0.0,0.0,0.0,0.0,0.0,1024.0,589.0,0.0029844015280135,Female,White,True,Female_White,0.0
17192,38--Tennis/38_Tennis_Tennis_38_452.jpg,807.0,99.0,845.0,150.0,1.0,0.0,0.0,0.0,0.0,0.0,1024.0,589.0,0.0032132056451612,Female,Asian,True,Female_Asian,0.0
17193,38--Tennis/38_Tennis_Tennis_38_452.jpg,913.0,112.0,946.0,164.0,1.0,0.0,0.0,0.0,0.0,0.0,1024.0,589.0,0.0028451294567062,Female,White,True,Female_White,0.0
17194,38--Tennis/38_Tennis_Tennis_38_754.jpg,236.0,106.0,404.0,324.0,0.0,0.0,0.0,0.0,0.0,0.0,1024.0,575.0,0.0622010869565217,Female,White,True,Female_White,2.0
17198,39--Ice_Skating/39_Ice_Skating_Ice_Skating_39_825.jpg,498.0,156.0,560.0,256.0,0.0,0.0,0.0,0.0,0.0,0.0,1024.0,683.0,0.0088648426061493,Female,White,True,Female_White,0.0
17199,39--Ice_Skating/39_Ice_Skating_Ice_Skating_39_487.jpg,506.0,253.0,560.0,319.0,1.0,0.0,0.0,0.0,0.0,0.0,1024.0,1159.0,0.0030029928817946,Female,White,True,Female_White,0.0
17200,39--Ice_Skating/39_Ice_Skating_iceskiing_39_416.jpg,402.0,272.0,468.0,360.0,0.0,0.0,0.0,0.0,0.0,0.0,1024.0,684.0,0.0082922149122807,Female,White,True,Female_White,0.0
17210,39--Ice_Skating/39_Ice_Skating_Ice_Skating_39_382.jpg,660.0,46.0,718.0,124.0,0.0,0.0,0.0,0.0,0.0,0.0,1024.0,691.0,0.0063935871924746,Female,White,True,Female_White,0.0
17213,39--Ice_Skating/39_Ice_Skating_Ice_Skating_39_616.jpg,351.0,219.0,519.0,387.0,0.0,0.0,0.0,0.0,0.0,0.0,1024.0,1536.0,0.0179443359375,Female,White,True,Female_White,0.0
17233,39--Ice_Skating/39_Ice_Skating_Ice_Skating_39_458.jpg,710.0,262.0,817.0,377.0,0.0,0.0,0.0,0.0,0.0,1.0,1024.0,1477.0,0.0081358169008124,Female,Asian,True,Female_Asian,0.0
17241,39--Ice_Skating/39_Ice_Skating_iceskiing_39_817.jpg,402.0,366.0,470.0,459.0,0.0,0.0,0.0,0.0,0.0,0.0,1024.0,1159.0,0.0053285429249352,Female,White,True,Female_White,0.0
17250,4--Dancing/4_Dancing_Dancing_4_1000.jpg,316.0,240.0,716.0,848.0,0.0,0.0,0.0,0.0,0.0,0.0,1024.0,1384.0,0.1716040462427745,Female,White,True,Female_White,6.0
17253,4--Dancing/4_Dancing_Dancing_4_384.jpg,468.0,130.0,596.0,316.0,0.0,0.0,1.0,0.0,0.0,0.0,1024.0,684.0,0.0339912280701754,Female,White,True,Female_White,1.0
17259,4--Dancing/4_Dancing_Dancing_4_718.jpg,462.0,162.0,558.0,303.0,0.0,0.0,0.0,0.0,0.0,0.0,1024.0,1536.0,0.00860595703125,Female,White,True,Female_White,0.0
17275,4--Dancing/4_Dancing_Dancing_4_228.jpg,444.0,115.0,485.0,170.0,1.0,0.0,0.0,0.0,0.0,0.0,1024.0,768.0,0.0028673807779947,Female,White,True,Female_White,0.0
17276,4--Dancing/4_Dancing_Dancing_4_228.jpg,273.0,156.0,312.0,208.0,1.0,0.0,0.0,0.0,0.0,0.0,1024.0,768.0,0.0025787353515625,Female,White,True,Female_White,0.0
17277,4--Dancing/4_Dancing_Dancing_4_228.jpg,607.0,100.0,655.0,159.0,1.0,0.0,0.0,0.0,0.0,0.0,1024.0,768.0,0.00360107421875,Female,White,True,Female_White,0.0
17278,4--Dancing/4_Dancing_Dancing_4_228.jpg,843.0,37.0,897.0,104.0,1.0,0.0,0.0,0.0,0.0,0.0,1024.0,768.0,0.0046005249023437,Female,White,True,Female_White,0.0
17295,4--Dancing/4_Dancing_Dancing_4_878.jpg,466.0,173.0,568.0,333.0,0.0,0.0,0.0,0.0,0.0,0.0,1024.0,1578.0,0.0100998098859315,Female,White,True,Female_White,0.0
17299,4--Dancing/4_Dancing_Dancing_4_1028.jpg,322.0,137.0,560.0,495.0,0.0,0.0,0.0,0.0,0.0,0.0,1024.0,1231.0,0.0675930391957757,Female,White,True,Female_White,2.0
17300,40--Gymnastics/40_Gymnastics_Gymnastics_40_460.jpg,495.0,163.0,587.0,306.0,0.0,0.0,0.0,0.0,0.0,0.0,1024.0,1466.0,0.0087637491473397,Female,White,True,Female_White,0.0
17305,40--Gymnastics/40_Gymnastics_Gymnastics_40_57.jpg,530.0,161.0,697.0,422.0,0.0,0.0,0.0,0.0,0.0,0.0,1024.0,1552.0,0.0274261789223582,Female,White,True,Female_White,0.0
17306,40--Gymnastics/40_Gymnastics_Gymnastics_40_1022.jpg,526.0,316.0,614.0,434.0,0.0,0.0,0.0,0.0,0.0,0.0,1024.0,768.0,0.0132039388020833,Female,White,True,Female_White,0.0
17308,40--Gymnastics/40_Gymnastics_Gymnastics_40_980.jpg,585.0,96.0,758.0,455.0,0.0,0.0,0.0,0.0,0.0,1.0,1024.0,1700.0,0.0356772748161764,Female,White,True,Female_White,1.0
17309,40--Gymnastics/40_Gymnastics_Gymnastics_40_361.jpg,514.0,466.0,606.0,590.0,0.0,0.0,0.0,0.0,0.0,1.0,1024.0,682.0,0.0163352272727272,Female,Asian,True,Female_Asian,0.0
17310,40--Gymnastics/40_Gymnastics_Gymnastics_40_771.jpg,394.0,192.0,504.0,334.0,0.0,0.0,0.0,0.0,0.0,0.0,1024.0,768.0,0.0198618570963541,Female,White,True,Female_White,0.0
17318,40--Gymnastics/40_Gymnastics_Gymnastics_40_869.jpg,802.0,472.0,874.0,587.0,0.0,0.0,0.0,0.0,0.0,0.0,1024.0,1280.0,0.006317138671875,Female,White,True,Female_White,0.0
17319,40--Gymnastics/40_Gymnastics_Gymnastics_40_869.jpg,594.0,539.0,661.0,631.0,0.0,0.0,0.0,0.0,0.0,0.0,1024.0,1280.0,0.0047027587890625,Female,White,True,Female_White,0.0
17320,40--Gymnastics/40_Gymnastics_Gymnastics_40_869.jpg,500.0,275.0,567.0,370.0,0.0,0.0,0.0,0.0,0.0,0.0,1024.0,1280.0,0.0048561096191406,Female,White,True,Female_White,0.0
17321,40--Gymnastics/40_Gymnastics_Gymnastics_40_869.jpg,302.0,267.0,367.0,357.0,0.0,0.0,0.0,0.0,0.0,0.0,1024.0,1280.0,0.0044631958007812,Female,White,True,Female_White,0.0
17322,40--Gymnastics/40_Gymnastics_Gymnastics_40_869.jpg,175.0,472.0,252.0,559.0,0.0,0.0,0.0,0.0,0.0,0.0,1024.0,1280.0,0.0051109313964843,Female,White,True,Female_White,0.0
17323,40--Gymnastics/40_Gymnastics_Gymnastics_40_869.jpg,345.0,834.0,420.0,926.0,0.0,0.0,0.0,0.0,0.0,0.0,1024.0,1280.0,0.0052642822265625,Female,White,True,Female_White,0.0
17324,40--Gymnastics/40_Gymnastics_Gymnastics_40_869.jpg,614.0,817.0,689.0,919.0,0.0,0.0,0.0,0.0,0.0,0.0,1024.0,1280.0,0.0058364868164062,Female,White,True,Female_White,0.0
17325,40--Gymnastics/40_Gymnastics_Gymnastics_40_869.jpg,417.0,547.0,492.0,644.0,0.0,0.0,0.0,0.0,0.0,0.0,1024.0,1280.0,0.0055503845214843,Female,White,True,Female_White,0.0
17326,40--Gymnastics/40_Gymnastics_Gymnastics_40_869.jpg,709.0,290.0,774.0,390.0,0.0,0.0,0.0,0.0,0.0,0.0,1024.0,1280.0,0.0049591064453125,Female,White,True,Female_White,0.0
17327,40--Gymnastics/40_Gymnastics_Gymnastics_40_740.jpg,404.0,769.0,620.0,1098.0,0.0,1.0,0.0,0.0,0.0,0.0,1024.0,1534.0,0.0452401808996088,Female,Indian,True,Female_Indian,1.0
17328,40--Gymnastics/40_Gymnastics_Gymnastics_40_1035.jpg,454.0,96.0,544.0,230.0,0.0,0.0,0.0,0.0,0.0,0.0,1024.0,768.0,0.0153350830078125,Female,White,True,Female_White,0.0
17330,40--Gymnastics/40_Gymnastics_Gymnastics_40_255.jpg,562.0,376.0,630.0,412.0,1.0,0.0,0.0,0.0,0.0,1.0,1024.0,576.0,0.004150390625,Female,Asian,True,Female_Asian,0.0
17331,40--Gymnastics/40_Gymnastics_Gymnastics_40_596.jpg,564.0,158.0,718.0,314.0,0.0,0.0,0.0,0.0,0.0,0.0,1024.0,675.0,0.0347569444444444,Female,White,True,Female_White,1.0
17333,40--Gymnastics/40_Gymnastics_Gymnastics_40_845.jpg,390.0,114.0,464.0,218.0,0.0,0.0,0.0,0.0,0.0,0.0,1024.0,685.0,0.0109717153284671,Female,White,True,Female_White,0.0
17334,40--Gymnastics/40_Gymnastics_Gymnastics_40_894.jpg,416.0,168.0,541.0,357.0,0.0,0.0,0.0,0.0,0.0,0.0,1024.0,1366.0,0.0168896698846998,Female,White,True,Female_White,0.0
17335,40--Gymnastics/40_Gymnastics_Gymnastics_40_488.jpg,452.0,147.0,587.0,333.0,0.0,0.0,1.0,0.0,0.0,0.0,1024.0,1532.0,0.0160061908453002,Female,White,True,Female_White,0.0
17336,40--Gymnastics/40_Gymnastics_Gymnastics_40_285.jpg,782.0,420.0,878.0,476.0,0.0,0.0,0.0,0.0,0.0,1.0,1024.0,683.0,0.0076866764275256,Female,White,True,Female_White,0.0
17338,40--Gymnastics/40_Gymnastics_Gymnastics_40_762.jpg,580.0,441.0,703.0,624.0,0.0,0.0,0.0,0.0,0.0,1.0,1024.0,1536.0,0.0143108367919921,Female,Asian,True,Female_Asian,0.0
17339,40--Gymnastics/40_Gymnastics_Gymnastics_40_887.jpg,95.0,151.0,141.0,204.0,0.0,0.0,0.0,0.0,0.0,0.0,1024.0,719.0,0.0033113482267037,Female,White,True,Female_White,0.0
17340,40--Gymnastics/40_Gymnastics_Gymnastics_40_887.jpg,189.0,89.0,229.0,136.0,0.0,0.0,0.0,0.0,0.0,0.0,1024.0,719.0,0.002553459666203,Female,White,True,Female_White,0.0
17341,40--Gymnastics/40_Gymnastics_Gymnastics_40_887.jpg,314.0,75.0,359.0,130.0,0.0,0.0,0.0,0.0,0.0,0.0,1024.0,719.0,0.0033616024860917,Female,Black,True,Female_Black,0.0
17342,40--Gymnastics/40_Gymnastics_Gymnastics_40_887.jpg,431.0,83.0,477.0,136.0,0.0,0.0,0.0,0.0,0.0,0.0,1024.0,719.0,0.0033113482267037,Female,Asian,True,Female_Asian,0.0
17343,40--Gymnastics/40_Gymnastics_Gymnastics_40_887.jpg,550.0,68.0,597.0,120.0,0.0,0.0,0.0,0.0,0.0,0.0,1024.0,719.0,0.0033194975660639,Female,White,True,Female_White,0.0
17344,40--Gymnastics/40_Gymnastics_Gymnastics_40_887.jpg,686.0,49.0,732.0,98.0,0.0,0.0,0.0,0.0,0.0,0.0,1024.0,719.0,0.0030614351529902,Female,White,True,Female_White,0.0
17345,40--Gymnastics/40_Gymnastics_Gymnastics_40_887.jpg,746.0,101.0,794.0,158.0,0.0,0.0,0.0,0.0,0.0,0.0,1024.0,719.0,0.0037160987482614,Female,White,True,Female_White,0.0
17346,40--Gymnastics/40_Gymnastics_Gymnastics_40_887.jpg,839.0,65.0,886.0,111.0,0.0,0.0,0.0,0.0,0.0,0.0,1024.0,719.0,0.0029364786161335,Female,Black,True,Female_Black,0.0
17347,40--Gymnastics/40_Gymnastics_Gymnastics_40_887.jpg,874.0,106.0,921.0,168.0,0.0,0.0,0.0,0.0,0.0,0.0,1024.0,719.0,0.0039578624826147,Female,Black,True,Female_Black,0.0
17348,40--Gymnastics/40_Gymnastics_Gymnastics_40_887.jpg,626.0,134.0,669.0,185.0,0.0,0.0,0.0,0.0,0.0,0.0,1024.0,719.0,0.0029785835361613,Female,White,True,Female_White,0.0
17349,40--Gymnastics/40_Gymnastics_Gymnastics_40_887.jpg,482.0,139.0,532.0,194.0,0.0,0.0,0.0,0.0,0.0,0.0,1024.0,719.0,0.0037351138734353,Female,Asian,True,Female_Asian,0.0
17350,40--Gymnastics/40_Gymnastics_Gymnastics_40_887.jpg,356.0,150.0,405.0,202.0,0.0,0.0,0.0,0.0,0.0,0.0,1024.0,719.0,0.0034607527816411,Female,Black,True,Female_Black,0.0
17351,40--Gymnastics/40_Gymnastics_Gymnastics_40_887.jpg,214.0,138.0,259.0,192.0,0.0,0.0,0.0,0.0,0.0,0.0,1024.0,719.0,0.0033004824408901,Female,White,True,Female_White,0.0
17352,40--Gymnastics/40_Gymnastics_Gymnastics_40_887.jpg,104.0,281.0,152.0,339.0,0.0,0.0,0.0,0.0,0.0,0.0,1024.0,719.0,0.0037812934631432,Female,Black,True,Female_Black,0.0
17353,40--Gymnastics/40_Gymnastics_Gymnastics_40_887.jpg,250.0,280.0,298.0,338.0,0.0,0.0,0.0,0.0,0.0,0.0,1024.0,719.0,0.0037812934631432,Female,Indian,True,Female_Indian,0.0
17354,40--Gymnastics/40_Gymnastics_Gymnastics_40_887.jpg,383.0,292.0,433.0,350.0,0.0,0.0,0.0,0.0,0.0,0.0,1024.0,719.0,0.0039388473574408,Female,Indian,True,Female_Indian,0.0
17355,40--Gymnastics/40_Gymnastics_Gymnastics_40_887.jpg,522.0,278.0,573.0,336.0,0.0,0.0,0.0,0.0,0.0,0.0,1024.0,719.0,0.0040176243045897,Female,Black,True,Female_Black,0.0
17356,40--Gymnastics/40_Gymnastics_Gymnastics_40_887.jpg,660.0,280.0,718.0,334.0,0.0,0.0,0.0,0.0,0.0,0.0,1024.0,719.0,0.0042539551460361,Female,White,True,Female_White,0.0
17357,40--Gymnastics/40_Gymnastics_Gymnastics_40_887.jpg,809.0,273.0,858.0,329.0,0.0,0.0,0.0,0.0,0.0,0.0,1024.0,719.0,0.0037269645340751,Female,White,True,Female_White,0.0
17358,40--Gymnastics/40_Gymnastics_Gymnastics_40_887.jpg,137.0,400.0,189.0,466.0,0.0,0.0,0.0,0.0,0.0,0.0,1024.0,719.0,0.0046614221140472,Female,White,True,Female_White,0.0
17359,40--Gymnastics/40_Gymnastics_Gymnastics_40_887.jpg,330.0,406.0,382.0,466.0,0.0,0.0,0.0,0.0,0.0,0.0,1024.0,719.0,0.0042376564673157,Female,White,True,Female_White,0.0
17360,40--Gymnastics/40_Gymnastics_Gymnastics_40_887.jpg,522.0,389.0,581.0,449.0,0.0,0.0,0.0,0.0,0.0,0.0,1024.0,719.0,0.0048081102225312,Female,White,True,Female_White,0.0
17361,40--Gymnastics/40_Gymnastics_Gymnastics_40_887.jpg,760.0,380.0,814.0,440.0,0.0,0.0,0.0,0.0,0.0,0.0,1024.0,719.0,0.0044006432545201,Female,White,True,Female_White,0.0
17364,40--Gymnastics/40_Gymnastics_Gymnastics_40_175.jpg,196.0,76.0,280.0,142.0,1.0,0.0,0.0,0.0,0.0,1.0,1024.0,768.0,0.007049560546875,Female,White,True,Female_White,0.0
17365,40--Gymnastics/40_Gymnastics_Gymnastics_40_175.jpg,556.0,204.0,630.0,282.0,0.0,0.0,0.0,0.0,0.0,1.0,1024.0,768.0,0.0073394775390625,Female,White,True,Female_White,0.0
17372,40--Gymnastics/40_Gymnastics_Gymnastics_40_749.jpg,834.0,282.0,968.0,360.0,0.0,0.0,0.0,0.0,0.0,1.0,1024.0,641.0,0.0159236056942277,Female,Asian,True,Female_Asian,0.0
17374,40--Gymnastics/40_Gymnastics_Gymnastics_40_401.jpg,406.0,418.0,552.0,621.0,0.0,0.0,0.0,0.0,0.0,0.0,1024.0,1623.0,0.0178332466882316,Female,White,True,Female_White,0.0
17375,40--Gymnastics/40_Gymnastics_Gymnastics_40_945.jpg,840.0,177.0,886.0,235.0,0.0,0.0,0.0,0.0,0.0,0.0,1024.0,768.0,0.0033925374348958,Female,White,True,Female_White,0.0
17376,40--Gymnastics/40_Gymnastics_Gymnastics_40_242.jpg,486.0,460.0,576.0,512.0,1.0,0.0,0.0,0.0,0.0,1.0,1024.0,683.0,0.0066915263543191,Female,White,True,Female_White,0.0
17377,40--Gymnastics/40_Gymnastics_Gymnastics_40_24.jpg,680.0,294.0,762.0,350.0,0.0,0.0,0.0,0.0,1.0,1.0,1024.0,684.0,0.0065561038011695,Female,White,True,Female_White,0.0
17378,40--Gymnastics/40_Gymnastics_Gymnastics_40_364.jpg,547.0,1228.0,688.0,1333.0,0.0,0.0,0.0,0.0,0.0,1.0,1024.0,1537.0,0.009406641387443,Female,Asian,True,Female_Asian,0.0
17380,40--Gymnastics/40_Gymnastics_Gymnastics_40_783.jpg,456.0,356.0,528.0,464.0,0.0,0.0,0.0,0.0,0.0,1.0,1024.0,683.0,0.0111182284040995,Female,Asian,True,Female_Asian,0.0
17381,40--Gymnastics/40_Gymnastics_Gymnastics_40_609.jpg,490.0,366.0,594.0,520.0,0.0,0.0,0.0,0.0,0.0,1.0,1024.0,576.0,0.0271538628472222,Female,Black,True,Female_Black,0.0
17382,40--Gymnastics/40_Gymnastics_Gymnastics_40_612.jpg,310.0,210.0,406.0,302.0,0.0,0.0,0.0,0.0,0.0,0.0,1024.0,631.0,0.0136687797147385,Female,White,True,Female_White,0.0
17383,40--Gymnastics/40_Gymnastics_Gymnastics_40_911.jpg,488.0,368.0,568.0,456.0,0.0,0.0,0.0,0.0,0.0,1.0,1024.0,654.0,0.0105122324159021,Female,White,True,Female_White,0.0
17384,40--Gymnastics/40_Gymnastics_Gymnastics_40_422.jpg,396.0,328.0,460.0,372.0,0.0,0.0,0.0,0.0,0.0,1.0,1024.0,665.0,0.0041353383458646,Female,Asian,True,Female_Asian,0.0
17385,40--Gymnastics/40_Gymnastics_Gymnastics_40_108.jpg,484.0,915.0,578.0,985.0,0.0,0.0,0.0,0.0,0.0,1.0,1024.0,1542.0,0.004167173313878,Female,White,True,Female_White,0.0
17386,40--Gymnastics/40_Gymnastics_Gymnastics_40_156.jpg,354.0,153.0,426.0,240.0,0.0,0.0,0.0,0.0,0.0,0.0,1024.0,1536.0,0.0039825439453125,Female,White,True,Female_White,0.0
17387,40--Gymnastics/40_Gymnastics_Gymnastics_40_156.jpg,459.0,420.0,528.0,504.0,0.0,0.0,0.0,0.0,0.0,0.0,1024.0,1536.0,0.0036849975585937,Female,White,True,Female_White,0.0
17388,40--Gymnastics/40_Gymnastics_Gymnastics_40_156.jpg,465.0,658.0,531.0,748.0,1.0,0.0,0.0,0.0,0.0,0.0,1024.0,1536.0,0.0037765502929687,Female,White,True,Female_White,0.0
17389,40--Gymnastics/40_Gymnastics_Gymnastics_40_115.jpg,224.0,180.0,280.0,280.0,0.0,0.0,0.0,0.0,0.0,0.0,1024.0,924.0,0.0059185606060606,Female,White,True,Female_White,0.0
17390,40--Gymnastics/40_Gymnastics_Gymnastics_40_484.jpg,498.0,270.0,568.0,374.0,0.0,0.0,0.0,0.0,0.0,0.0,1024.0,722.0,0.0098467797783933,Female,White,True,Female_White,0.0
17393,40--Gymnastics/40_Gymnastics_Gymnastics_40_805.jpg,477.0,755.0,653.0,996.0,0.0,0.0,0.0,0.0,0.0,0.0,1024.0,2368.0,0.0174923458614864,Female,White,True,Female_White,0.0
17404,41--Swimming/41_Swimming_Swimming_41_271.jpg,620.0,280.0,970.0,630.0,0.0,0.0,0.0,0.0,0.0,0.0,1024.0,768.0,0.1557668050130208,Female,White,True,Female_White,5.0
17408,41--Swimming/41_Swimming_Swimmer_41_976.jpg,448.0,296.0,581.0,472.0,0.0,0.0,0.0,0.0,0.0,0.0,1024.0,1366.0,0.0167345351390922,Female,White,True,Female_White,0.0
17411,41--Swimming/41_Swimming_Swimmer_41_56.jpg,102.0,160.0,194.0,218.0,1.0,0.0,0.0,0.0,0.0,1.0,1024.0,656.0,0.0079435022865853,Female,White,True,Female_White,0.0
17417,41--Swimming/41_Swimming_Swimmer_41_792.jpg,348.0,483.0,576.0,735.0,0.0,0.0,0.0,0.0,0.0,0.0,1024.0,1539.0,0.0364583333333333,Female,White,True,Female_White,1.0
17418,41--Swimming/41_Swimming_Swimmer_41_358.jpg,412.0,208.0,682.0,552.0,0.0,0.0,0.0,0.0,0.0,0.0,1024.0,768.0,0.11810302734375,Female,White,True,Female_White,4.0
17422,41--Swimming/41_Swimming_Swimmer_41_262.jpg,520.0,205.0,995.0,776.0,0.0,0.0,0.0,0.0,0.0,0.0,1024.0,1366.0,0.1939005593429721,Female,Asian,True,Female_Asian,7.0
17426,41--Swimming/41_Swimming_Swimming_41_275.jpg,442.0,346.0,588.0,532.0,0.0,0.0,0.0,0.0,0.0,0.0,1024.0,679.0,0.0390567470544919,Female,White,True,Female_White,1.0
17428,41--Swimming/41_Swimming_Swimmer_41_401.jpg,432.0,133.0,592.0,364.0,0.0,0.0,0.0,0.0,0.0,0.0,1024.0,1517.0,0.0237928477257745,Female,White,True,Female_White,0.0
17429,41--Swimming/41_Swimming_Swimmer_41_401.jpg,858.0,920.0,988.0,1142.0,0.0,0.0,0.0,0.0,0.0,0.0,1024.0,1517.0,0.0185785060975609,Female,White,True,Female_White,0.0
17434,41--Swimming/41_Swimming_Swimmer_41_488.jpg,460.0,234.0,574.0,414.0,0.0,0.0,0.0,0.0,0.0,0.0,1024.0,697.0,0.0287504483500717,Female,White,True,Female_White,1.0
17435,41--Swimming/41_Swimming_Swimmer_41_1028.jpg,354.0,162.0,602.0,432.0,0.0,0.0,0.0,0.0,0.0,0.0,1024.0,739.0,0.0884852841677943,Female,White,True,Female_White,3.0
17440,41--Swimming/41_Swimming_Swimmer_41_688.jpg,528.0,104.0,756.0,372.0,0.0,0.0,0.0,0.0,0.0,0.0,1024.0,682.0,0.087495417888563,Female,White,True,Female_White,3.0
17441,41--Swimming/41_Swimming_Swimmer_41_688.jpg,898.0,370.0,1020.0,528.0,1.0,0.0,0.0,0.0,0.0,0.0,1024.0,682.0,0.0276014937683284,Female,White,True,Female_White,0.0
17443,41--Swimming/41_Swimming_Swimmer_41_943.jpg,225.0,405.0,736.0,1076.0,0.0,0.0,0.0,0.0,0.0,0.0,1024.0,1393.0,0.2403766881281407,Female,White,True,Female_White,8.0
17447,41--Swimming/41_Swimming_Swimmer_41_113.jpg,78.0,498.0,217.0,658.0,0.0,0.0,0.0,0.0,0.0,0.0,1024.0,1818.0,0.011946507150715,Female,White,True,Female_White,0.0
17449,41--Swimming/41_Swimming_Swimmer_41_931.jpg,386.0,172.0,556.0,388.0,0.0,0.0,0.0,0.0,0.0,0.0,1024.0,683.0,0.0525027452415812,Female,White,True,Female_White,1.0
17458,41--Swimming/41_Swimming_Swimmer_41_1002.jpg,435.0,138.0,654.0,471.0,0.0,0.0,0.0,0.0,0.0,0.0,1024.0,1539.0,0.0462753563596491,Female,White,True,Female_White,1.0
17468,42--Car_Racing/42_Car_Racing_Nascar_42_482.jpg,393.0,183.0,696.0,588.0,0.0,0.0,0.0,0.0,0.0,0.0,1024.0,1536.0,0.0780200958251953,Female,White,True,Female_White,2.0
17477,42--Car_Racing/42_Car_Racing_Nascar_42_468.jpg,590.0,4.0,780.0,240.0,0.0,0.0,0.0,0.0,0.0,0.0,1024.0,818.0,0.0535318612469437,Female,White,True,Female_White,1.0
17505,43--Row_Boat/43_Row_Boat_Rowboat_43_1024.jpg,548.0,148.0,653.0,301.0,0.0,0.0,0.0,0.0,0.0,1.0,1024.0,1283.0,0.0122279630261106,Female,White,True,Female_White,0.0
17508,44--Aerobics/44_Aerobics_Aerobics_44_337.jpg,276.0,311.0,370.0,458.0,0.0,0.0,1.0,0.0,0.0,0.0,1024.0,1372.0,0.0098353794642857,Female,White,True,Female_White,0.0
17509,44--Aerobics/44_Aerobics_Aerobics_44_337.jpg,568.0,359.0,670.0,504.0,0.0,0.0,1.0,0.0,0.0,0.0,1024.0,1372.0,0.0105272298651603,Female,White,True,Female_White,0.0
17511,44--Aerobics/44_Aerobics_Aerobics_44_240.jpg,788.0,879.0,887.0,951.0,0.0,0.0,0.0,0.0,0.0,1.0,1024.0,1060.0,0.0065669221698113,Female,White,True,Female_White,0.0
17512,44--Aerobics/44_Aerobics_Aerobics_44_240.jpg,672.0,619.0,765.0,691.0,0.0,0.0,0.0,0.0,0.0,1.0,1024.0,1060.0,0.0061689268867924,Female,White,True,Female_White,0.0
17513,44--Aerobics/44_Aerobics_Aerobics_44_240.jpg,120.0,405.0,211.0,486.0,0.0,0.0,0.0,0.0,0.0,1.0,1024.0,1060.0,0.0067907945165094,Female,White,True,Female_White,0.0
17514,44--Aerobics/44_Aerobics_Aerobics_44_1032.jpg,368.0,255.0,652.0,698.0,0.0,0.0,0.0,0.0,0.0,0.0,1024.0,1534.0,0.0800934036831812,Female,White,True,Female_White,2.0
17521,44--Aerobics/44_Aerobics_Aerobics_44_610.jpg,378.0,111.0,474.0,231.0,0.0,0.0,0.0,0.0,1.0,0.0,1024.0,1256.0,0.0089570063694267,Female,White,True,Female_White,0.0
17522,44--Aerobics/44_Aerobics_Aerobics_44_755.jpg,467.0,251.0,643.0,451.0,1.0,0.0,0.0,0.0,0.0,0.0,1024.0,1366.0,0.0251647144948755,Female,White,True,Female_White,0.0
17523,44--Aerobics/44_Aerobics_Aerobics_44_184.jpg,522.0,54.0,594.0,188.0,0.0,0.0,0.0,0.0,1.0,0.0,1024.0,683.0,0.0137948389458272,Female,White,True,Female_White,0.0
17524,44--Aerobics/44_Aerobics_Aerobics_44_237.jpg,558.0,124.0,722.0,332.0,0.0,0.0,0.0,0.0,0.0,0.0,1024.0,754.0,0.0441810344827586,Female,White,True,Female_White,1.0
17525,44--Aerobics/44_Aerobics_Aerobics_44_237.jpg,344.0,206.0,458.0,362.0,0.0,0.0,0.0,0.0,0.0,0.0,1024.0,754.0,0.0230334051724137,Female,White,True,Female_White,0.0
17526,44--Aerobics/44_Aerobics_Aerobics_44_237.jpg,206.0,240.0,312.0,366.0,1.0,0.0,0.0,0.0,0.0,0.0,1024.0,754.0,0.0172983670424403,Female,Indian,True,Female_Indian,0.0
17535,44--Aerobics/44_Aerobics_Aerobics_44_936.jpg,736.0,416.0,803.0,499.0,1.0,0.0,0.0,0.0,0.0,0.0,1024.0,1364.0,0.0039814252657624,Female,Asian,True,Female_Asian,0.0
17536,44--Aerobics/44_Aerobics_Aerobics_44_936.jpg,533.0,432.0,602.0,512.0,1.0,0.0,0.0,0.0,0.0,0.0,1024.0,1364.0,0.0039520711143695,Female,White,True,Female_White,0.0
17537,44--Aerobics/44_Aerobics_Aerobics_44_936.jpg,432.0,411.0,507.0,507.0,1.0,0.0,0.0,0.0,0.0,0.0,1024.0,1364.0,0.0051548753665689,Female,White,True,Female_White,0.0
17538,44--Aerobics/44_Aerobics_Aerobics_44_936.jpg,283.0,531.0,363.0,619.0,1.0,0.0,0.0,0.0,0.0,0.0,1024.0,1364.0,0.0050403225806451,Female,White,True,Female_White,0.0
17539,44--Aerobics/44_Aerobics_Aerobics_44_936.jpg,387.0,821.0,456.0,925.0,0.0,0.0,0.0,0.0,0.0,0.0,1024.0,1364.0,0.0051376924486803,Female,White,True,Female_White,0.0
17540,44--Aerobics/44_Aerobics_Aerobics_44_936.jpg,544.0,827.0,616.0,939.0,0.0,0.0,0.0,0.0,0.0,0.0,1024.0,1364.0,0.0057734604105571,Female,White,True,Female_White,0.0
17541,44--Aerobics/44_Aerobics_Aerobics_44_231.jpg,436.0,104.0,570.0,274.0,0.0,0.0,0.0,0.0,0.0,0.0,1024.0,774.0,0.0287417231912144,Female,White,True,Female_White,1.0
17542,44--Aerobics/44_Aerobics_Aerobics_44_400.jpg,213.0,168.0,365.0,387.0,0.0,1.0,0.0,0.0,0.0,0.0,1024.0,1366.0,0.0237978129575402,Female,White,True,Female_White,0.0
17543,44--Aerobics/44_Aerobics_Aerobics_44_652.jpg,260.0,46.0,350.0,148.0,0.0,0.0,0.0,0.0,0.0,0.0,1024.0,1024.0,0.0087547302246093,Female,White,True,Female_White,0.0
17544,44--Aerobics/44_Aerobics_Aerobics_44_652.jpg,718.0,70.0,790.0,168.0,0.0,0.0,0.0,0.0,0.0,0.0,1024.0,1024.0,0.0067291259765625,Female,White,True,Female_White,0.0
17546,44--Aerobics/44_Aerobics_Aerobics_44_443.jpg,381.0,226.0,492.0,402.0,0.0,0.0,0.0,0.0,0.0,0.0,1024.0,1505.0,0.0126764950166112,Female,White,True,Female_White,0.0
17547,44--Aerobics/44_Aerobics_Aerobics_44_650.jpg,180.0,98.0,592.0,598.0,0.0,0.0,1.0,0.0,0.0,0.0,1024.0,769.0,0.2616019180754226,Female,White,True,Female_White,9.0
17548,44--Aerobics/44_Aerobics_Aerobics_44_937.jpg,310.0,166.0,558.0,504.0,0.0,0.0,0.0,0.0,0.0,0.0,1024.0,1311.0,0.0624404080854309,Female,White,True,Female_White,2.0
17549,44--Aerobics/44_Aerobics_Aerobics_44_707.jpg,172.0,448.0,302.0,530.0,1.0,0.0,0.0,0.0,0.0,1.0,1024.0,769.0,0.0135372643042912,Female,White,True,Female_White,0.0
17550,44--Aerobics/44_Aerobics_Aerobics_44_578.jpg,462.0,219.0,591.0,303.0,0.0,0.0,0.0,0.0,0.0,1.0,1024.0,1536.0,0.0068893432617187,Female,White,True,Female_White,0.0
17551,44--Aerobics/44_Aerobics_Aerobics_44_120.jpg,482.0,118.0,570.0,226.0,1.0,0.0,0.0,0.0,0.0,0.0,1024.0,694.0,0.0133735590778097,Female,White,True,Female_White,0.0
17568,44--Aerobics/44_Aerobics_Aerobics_44_583.jpg,361.0,214.0,707.0,660.0,0.0,0.0,0.0,0.0,0.0,0.0,1024.0,1540.0,0.097856635551948,Female,White,True,Female_White,3.0
17600,46--Jockey/46_Jockey_Jockey_46_172.jpg,832.0,160.0,942.0,314.0,0.0,0.0,0.0,0.0,0.0,0.0,1024.0,718.0,0.0230403464484679,Female,White,True,Female_White,0.0
17602,46--Jockey/46_Jockey_Jockey_46_166.jpg,419.0,187.0,510.0,307.0,1.0,1.0,0.0,0.0,0.0,0.0,1024.0,1366.0,0.0078067807467057,Female,White,True,Female_White,0.0
17604,46--Jockey/46_Jockey_Jockey_46_823.jpg,410.0,8.0,676.0,329.0,0.0,0.0,0.0,0.0,0.0,0.0,1024.0,1417.0,0.0588459884438955,Female,White,True,Female_White,2.0
17605,46--Jockey/46_Jockey_Jockey_46_106.jpg,422.0,130.0,508.0,270.0,0.0,0.0,0.0,0.0,0.0,0.0,1024.0,683.0,0.0172149524158125,Female,White,True,Female_White,0.0
17608,46--Jockey/46_Jockey_Jockey_46_308.jpg,708.0,48.0,770.0,126.0,1.0,0.0,0.0,0.0,0.0,0.0,1024.0,640.0,0.007379150390625,Female,White,True,Female_White,0.0
17609,46--Jockey/46_Jockey_Jockey_46_308.jpg,188.0,128.0,240.0,212.0,1.0,0.0,0.0,0.0,0.0,0.0,1024.0,640.0,0.0066650390625,Female,White,True,Female_White,0.0
17616,46--Jockey/46_Jockey_Jockey_46_728.jpg,370.0,208.0,556.0,448.0,0.0,0.0,0.0,0.0,0.0,1.0,1024.0,640.0,0.068115234375,Female,White,True,Female_White,2.0
17645,46--Jockey/46_Jockey_Jockey_46_758.jpg,363.0,147.0,590.0,443.0,0.0,0.0,0.0,0.0,0.0,0.0,1024.0,1417.0,0.0463071189131968,Female,White,True,Female_White,1.0
17646,46--Jockey/46_Jockey_Jockey_46_76.jpg,654.0,230.0,712.0,314.0,0.0,0.0,0.0,0.0,0.0,0.0,1024.0,1024.0,0.0046463012695312,Female,White,True,Female_White,0.0
17647,46--Jockey/46_Jockey_Jockey_46_76.jpg,560.0,236.0,616.0,318.0,0.0,0.0,0.0,0.0,0.0,0.0,1024.0,1024.0,0.0043792724609375,Female,White,True,Female_White,0.0
17648,46--Jockey/46_Jockey_Jockey_46_76.jpg,414.0,250.0,472.0,332.0,0.0,0.0,0.0,0.0,0.0,0.0,1024.0,1024.0,0.0045356750488281,Female,White,True,Female_White,0.0
17649,46--Jockey/46_Jockey_Jockey_46_76.jpg,300.0,246.0,358.0,336.0,0.0,0.0,0.0,0.0,0.0,0.0,1024.0,1024.0,0.0049781799316406,Female,White,True,Female_White,0.0
17650,46--Jockey/46_Jockey_Jockey_46_54.jpg,270.0,237.0,320.0,301.0,1.0,0.0,0.0,0.0,0.0,0.0,1024.0,768.0,0.0040690104166666,Female,White,True,Female_White,0.0
17651,46--Jockey/46_Jockey_Jockey_46_54.jpg,506.0,236.0,565.0,296.0,1.0,0.0,0.0,0.0,0.0,0.0,1024.0,768.0,0.0045013427734375,Female,White,True,Female_White,0.0
17652,46--Jockey/46_Jockey_Jockey_46_54.jpg,756.0,365.0,827.0,422.0,1.0,0.0,0.0,0.0,0.0,1.0,1024.0,768.0,0.0051460266113281,Female,White,True,Female_White,0.0
17676,47--Matador_Bullfighter/47_Matador_Bullfighter_Matador_Bullfighter_47_432.jpg,579.0,163.0,632.0,219.0,1.0,0.0,0.0,0.0,0.0,1.0,1024.0,706.0,0.0041054355524079,Female,White,True,Female_White,0.0
17702,47--Matador_Bullfighter/47_Matador_Bullfighter_Matador_Bullfighter_47_567.jpg,430.0,119.0,612.0,341.0,0.0,0.0,0.0,0.0,0.0,0.0,1024.0,1458.0,0.0270624356995884,Female,White,True,Female_White,0.0
17730,49--Greeting/49_Greeting_peoplegreeting_49_589.jpg,260.0,196.0,558.0,556.0,0.0,0.0,0.0,0.0,0.0,0.0,1024.0,710.0,0.1475572183098591,Female,White,True,Female_White,5.0
17732,49--Greeting/49_Greeting_peoplegreeting_49_73.jpg,256.0,106.0,330.0,204.0,0.0,1.0,0.0,0.0,0.0,0.0,1024.0,576.0,0.0122951931423611,Female,Asian,True,Female_Asian,0.0
17733,49--Greeting/49_Greeting_peoplegreeting_49_73.jpg,482.0,88.0,554.0,176.0,0.0,0.0,0.0,0.0,0.0,0.0,1024.0,576.0,0.0107421875,Female,White,True,Female_White,0.0
17734,49--Greeting/49_Greeting_peoplegreeting_49_73.jpg,660.0,58.0,742.0,148.0,0.0,0.0,0.0,0.0,1.0,0.0,1024.0,576.0,0.01251220703125,Female,White,True,Female_White,0.0
17752,49--Greeting/49_Greeting_peoplegreeting_49_124.jpg,490.0,294.0,554.0,394.0,0.0,1.0,0.0,0.0,0.0,0.0,1024.0,736.0,0.0084918478260869,Female,White,True,Female_White,0.0
17756,49--Greeting/49_Greeting_peoplegreeting_49_948.jpg,264.0,2.0,418.0,236.0,0.0,0.0,0.0,0.0,0.0,1.0,1024.0,713.0,0.0493568110098176,Female,White,True,Female_White,1.0
17757,49--Greeting/49_Greeting_peoplegreeting_49_948.jpg,528.0,208.0,694.0,426.0,0.0,0.0,0.0,0.0,0.0,0.0,1024.0,713.0,0.0495649982468443,Female,White,True,Female_White,1.0
17760,49--Greeting/49_Greeting_peoplegreeting_49_896.jpg,312.0,444.0,457.0,580.0,0.0,0.0,0.0,0.0,0.0,1.0,1024.0,1579.0,0.0121962080430652,Female,White,True,Female_White,0.0
17763,49--Greeting/49_Greeting_peoplegreeting_49_153.jpg,301.0,157.0,515.0,633.0,0.0,0.0,0.0,0.0,0.0,1.0,1024.0,1540.0,0.0645951704545454,Female,Black,True,Female_Black,2.0
17764,49--Greeting/49_Greeting_peoplegreeting_49_153.jpg,536.0,262.0,922.0,849.0,0.0,0.0,0.0,0.0,0.0,0.0,1024.0,1540.0,0.1436827820616883,Female,Black,True,Female_Black,5.0
17779,49--Greeting/49_Greeting_peoplegreeting_49_783.jpg,252.0,110.0,482.0,426.0,0.0,0.0,0.0,0.0,0.0,0.0,1024.0,576.0,0.1232231987847222,Female,White,True,Female_White,4.0
17780,5--Car_Accident/5_Car_Accident_Accident_5_869.jpg,373.0,173.0,615.0,501.0,0.0,0.0,0.0,0.0,0.0,0.0,1024.0,1528.0,0.0507301210732984,Female,Indian,True,Female_Indian,1.0
17791,5--Car_Accident/5_Car_Accident_Accident_5_796.jpg,64.0,110.0,136.0,216.0,1.0,0.0,0.0,0.0,0.0,0.0,1024.0,688.0,0.0108330305232558,Female,White,True,Female_White,0.0
17792,5--Car_Accident/5_Car_Accident_Accident_5_796.jpg,234.0,116.0,286.0,204.0,1.0,0.0,0.0,0.0,0.0,0.0,1024.0,688.0,0.0064952761627906,Female,White,True,Female_White,0.0
17793,5--Car_Accident/5_Car_Accident_Accident_5_796.jpg,408.0,158.0,466.0,254.0,1.0,0.0,0.0,0.0,0.0,0.0,1024.0,688.0,0.0079033430232558,Female,White,True,Female_White,0.0
17794,5--Car_Accident/5_Car_Accident_Accident_5_796.jpg,678.0,320.0,808.0,440.0,1.0,0.0,0.0,0.0,0.0,0.0,1024.0,688.0,0.0221429869186046,Female,White,True,Female_White,0.0
17795,50--Celebration_Or_Party/50_Celebration_Or_Party_houseparty_50_641.jpg,371.0,169.0,688.0,635.0,0.0,0.0,0.0,0.0,0.0,0.0,1024.0,1312.0,0.1099540896532012,Female,White,True,Female_White,4.0
17804,50--Celebration_Or_Party/50_Celebration_Or_Party_houseparty_50_303.jpg,721.0,1510.0,796.0,1611.0,1.0,0.0,0.0,0.0,0.0,0.0,1024.0,2384.0,0.0031029618026426,Female,White,True,Female_White,0.0
17805,50--Celebration_Or_Party/50_Celebration_Or_Party_houseparty_50_303.jpg,481.0,318.0,613.0,485.0,1.0,0.0,0.0,0.0,0.0,0.0,1024.0,2384.0,0.0090299260696308,Female,White,True,Female_White,0.0
17806,50--Celebration_Or_Party/50_Celebration_Or_Party_houseparty_50_303.jpg,226.0,1510.0,304.0,1612.0,1.0,0.0,0.0,0.0,0.0,0.0,1024.0,2384.0,0.0032590315645973,Female,White,True,Female_White,0.0
17807,50--Celebration_Or_Party/50_Celebration_Or_Party_houseparty_50_647.jpg,323.0,215.0,671.0,726.0,0.0,0.0,0.0,0.0,0.0,0.0,1024.0,1390.0,0.124935364208633,Female,Asian,True,Female_Asian,4.0
17821,50--Celebration_Or_Party/50_Celebration_Or_Party_birthdayparty_50_170.jpg,697.0,102.0,738.0,145.0,1.0,0.0,0.0,0.0,0.0,0.0,1024.0,733.0,0.002348812670532,Female,White,True,Female_White,0.0
17822,50--Celebration_Or_Party/50_Celebration_Or_Party_birthdayparty_50_170.jpg,943.0,248.0,975.0,289.0,1.0,0.0,0.0,0.0,0.0,0.0,1024.0,733.0,0.0017479536152796,Female,White,True,Female_White,0.0
17823,50--Celebration_Or_Party/50_Celebration_Or_Party_birthdayparty_50_449.jpg,334.0,374.0,464.0,514.0,0.0,0.0,0.0,0.0,0.0,0.0,1024.0,768.0,0.0231424967447916,Female,White,True,Female_White,0.0
17824,50--Celebration_Or_Party/50_Celebration_Or_Party_birthdayparty_50_449.jpg,142.0,450.0,298.0,616.0,0.0,0.0,0.0,0.0,0.0,0.0,1024.0,768.0,0.032928466796875,Female,White,True,Female_White,1.0
17825,50--Celebration_Or_Party/50_Celebration_Or_Party_birthdayparty_50_449.jpg,444.0,232.0,552.0,360.0,0.0,0.0,0.0,0.0,0.0,0.0,1024.0,768.0,0.017578125,Female,White,True,Female_White,0.0
17826,50--Celebration_Or_Party/50_Celebration_Or_Party_birthdayparty_50_449.jpg,602.0,78.0,672.0,178.0,0.0,0.0,0.0,0.0,0.0,0.0,1024.0,768.0,0.0089009602864583,Female,White,True,Female_White,0.0
17827,50--Celebration_Or_Party/50_Celebration_Or_Party_birthdayparty_50_449.jpg,832.0,34.0,932.0,152.0,0.0,0.0,0.0,0.0,0.0,0.0,1024.0,768.0,0.0150044759114583,Female,Asian,True,Female_Asian,0.0
17828,50--Celebration_Or_Party/50_Celebration_Or_Party_birthdayparty_50_396.jpg,196.0,123.0,316.0,280.0,0.0,0.0,0.0,0.0,0.0,0.0,1024.0,1432.0,0.0128480708798882,Female,White,True,Female_White,0.0
17829,50--Celebration_Or_Party/50_Celebration_Or_Party_birthdayparty_50_396.jpg,157.0,811.0,319.0,1046.0,0.0,0.0,0.0,0.0,0.0,0.0,1024.0,1432.0,0.0259621050104748,Female,White,True,Female_White,0.0
17830,50--Celebration_Or_Party/50_Celebration_Or_Party_birthdayparty_50_396.jpg,711.0,817.0,817.0,954.0,0.0,0.0,0.0,0.0,0.0,0.0,1024.0,1432.0,0.0099033803247206,Female,White,True,Female_White,0.0
17831,50--Celebration_Or_Party/50_Celebration_Or_Party_birthdayparty_50_396.jpg,750.0,1049.0,840.0,1130.0,0.0,0.0,0.0,0.0,0.0,0.0,1024.0,1432.0,0.0049714669168994,Female,White,True,Female_White,0.0
17834,50--Celebration_Or_Party/50_Celebration_Or_Party_birthdayparty_50_43.jpg,200.0,68.0,242.0,126.0,0.0,0.0,0.0,0.0,0.0,0.0,1024.0,681.0,0.0034932544052863,Female,White,True,Female_White,0.0
17835,50--Celebration_Or_Party/50_Celebration_Or_Party_birthdayparty_50_43.jpg,298.0,105.0,338.0,160.0,0.0,0.0,0.0,0.0,0.0,0.0,1024.0,681.0,0.0031548274596182,Female,White,True,Female_White,0.0
17836,50--Celebration_Or_Party/50_Celebration_Or_Party_birthdayparty_50_43.jpg,462.0,90.0,496.0,140.0,0.0,0.0,0.0,0.0,0.0,0.0,1024.0,681.0,0.0024378212187958,Female,White,True,Female_White,0.0
17837,50--Celebration_Or_Party/50_Celebration_Or_Party_birthdayparty_50_43.jpg,203.0,262.0,251.0,325.0,0.0,0.0,0.0,0.0,0.0,0.0,1024.0,681.0,0.0043364537444933,Female,White,True,Female_White,0.0
17838,50--Celebration_Or_Party/50_Celebration_Or_Party_birthdayparty_50_43.jpg,396.0,257.0,434.0,307.0,0.0,0.0,0.0,0.0,0.0,0.0,1024.0,681.0,0.0027246237151248,Female,White,True,Female_White,0.0
17839,50--Celebration_Or_Party/50_Celebration_Or_Party_birthdayparty_50_43.jpg,518.0,249.0,558.0,301.0,0.0,0.0,0.0,0.0,0.0,0.0,1024.0,681.0,0.0029827459618208,Female,White,True,Female_White,0.0
17840,50--Celebration_Or_Party/50_Celebration_Or_Party_birthdayparty_50_43.jpg,627.0,405.0,671.0,461.0,0.0,0.0,0.0,0.0,0.0,0.0,1024.0,681.0,0.0035334067547723,Female,White,True,Female_White,0.0
17841,50--Celebration_Or_Party/50_Celebration_Or_Party_birthdayparty_50_43.jpg,489.0,427.0,532.0,499.0,0.0,0.0,0.0,0.0,0.0,0.0,1024.0,681.0,0.0044397026431718,Female,White,True,Female_White,0.0
17842,50--Celebration_Or_Party/50_Celebration_Or_Party_birthdayparty_50_43.jpg,353.0,410.0,397.0,470.0,0.0,0.0,0.0,0.0,0.0,0.0,1024.0,681.0,0.0037857929515418,Female,White,True,Female_White,0.0
17843,50--Celebration_Or_Party/50_Celebration_Or_Party_birthdayparty_50_43.jpg,715.0,88.0,749.0,137.0,0.0,0.0,0.0,0.0,0.0,0.0,1024.0,681.0,0.0023890647944199,Female,White,True,Female_White,0.0
17844,50--Celebration_Or_Party/50_Celebration_Or_Party_birthdayparty_50_43.jpg,580.0,40.0,618.0,86.0,0.0,0.0,0.0,0.0,0.0,0.0,1024.0,681.0,0.0025066538179148,Female,White,True,Female_White,0.0
17845,50--Celebration_Or_Party/50_Celebration_Or_Party_birthdayparty_50_43.jpg,754.0,233.0,792.0,291.0,0.0,0.0,0.0,0.0,0.0,0.0,1024.0,681.0,0.0031605635095447,Female,White,True,Female_White,0.0
17846,50--Celebration_Or_Party/50_Celebration_Or_Party_birthdayparty_50_43.jpg,640.0,247.0,678.0,298.0,0.0,0.0,0.0,0.0,0.0,0.0,1024.0,681.0,0.0027791161894273,Female,White,True,Female_White,0.0
17847,50--Celebration_Or_Party/50_Celebration_Or_Party_birthdayparty_50_43.jpg,772.0,409.0,816.0,466.0,0.0,0.0,0.0,0.0,0.0,0.0,1024.0,681.0,0.0035965033039647,Female,White,True,Female_White,0.0
17848,50--Celebration_Or_Party/50_Celebration_Or_Party_birthdayparty_50_249.jpg,149.0,268.0,210.0,339.0,1.0,0.0,0.0,0.0,0.0,0.0,1024.0,843.0,0.0050171912069988,Female,White,True,Female_White,0.0
17849,50--Celebration_Or_Party/50_Celebration_Or_Party_birthdayparty_50_249.jpg,353.0,269.0,406.0,328.0,1.0,0.0,0.0,0.0,0.0,0.0,1024.0,843.0,0.0036224329033214,Female,White,True,Female_White,0.0
17850,50--Celebration_Or_Party/50_Celebration_Or_Party_birthdayparty_50_249.jpg,572.0,230.0,625.0,300.0,1.0,0.0,0.0,0.0,0.0,0.0,1024.0,843.0,0.0042978017497034,Female,White,True,Female_White,0.0
17851,50--Celebration_Or_Party/50_Celebration_Or_Party_birthdayparty_50_249.jpg,659.0,183.0,714.0,257.0,1.0,0.0,0.0,0.0,0.0,0.0,1024.0,843.0,0.0047148391162514,Female,White,True,Female_White,0.0
17852,50--Celebration_Or_Party/50_Celebration_Or_Party_birthdayparty_50_249.jpg,806.0,184.0,865.0,260.0,1.0,0.0,0.0,0.0,0.0,0.0,1024.0,843.0,0.0051944320877817,Female,White,True,Female_White,0.0
17857,50--Celebration_Or_Party/50_Celebration_Or_Party_birthdayparty_50_479.jpg,358.0,546.0,458.0,694.0,0.0,0.0,0.0,0.0,0.0,0.0,1024.0,768.0,0.0188191731770833,Female,White,True,Female_White,0.0
17860,50--Celebration_Or_Party/50_Celebration_Or_Party_birthdayparty_50_144.jpg,306.0,296.0,454.0,498.0,0.0,0.0,0.0,0.0,0.0,0.0,1024.0,1024.0,0.0285110473632812,Female,White,True,Female_White,1.0
17861,50--Celebration_Or_Party/50_Celebration_Or_Party_houseparty_50_408.jpg,414.0,178.0,692.0,548.0,0.0,0.0,0.0,0.0,0.0,0.0,1024.0,732.0,0.1372257086748634,Female,White,True,Female_White,5.0
17862,50--Celebration_Or_Party/50_Celebration_Or_Party_houseparty_50_408.jpg,682.0,122.0,946.0,480.0,0.0,0.0,0.0,0.0,0.0,0.0,1024.0,732.0,0.1260886270491803,Female,White,True,Female_White,4.0
17863,50--Celebration_Or_Party/50_Celebration_Or_Party_birthdayparty_50_196.jpg,187.0,337.0,520.0,745.0,0.0,0.0,0.0,0.0,0.0,0.0,1024.0,2132.0,0.0622324988273921,Female,White,True,Female_White,2.0
17865,50--Celebration_Or_Party/50_Celebration_Or_Party_houseparty_50_180.jpg,481.0,146.0,608.0,321.0,0.0,0.0,0.0,0.0,0.0,0.0,1024.0,1209.0,0.0179521104735318,Female,White,True,Female_White,0.0
17875,50--Celebration_Or_Party/50_Celebration_Or_Party_houseparty_50_488.jpg,316.0,98.0,556.0,376.0,0.0,0.0,0.0,0.0,0.0,0.0,1024.0,732.0,0.0890112704918032,Female,White,True,Female_White,3.0
17876,50--Celebration_Or_Party/50_Celebration_Or_Party_houseparty_50_488.jpg,614.0,92.0,812.0,362.0,0.0,0.0,0.0,0.0,0.0,0.0,1024.0,732.0,0.0713210809426229,Female,White,True,Female_White,2.0
17881,50--Celebration_Or_Party/50_Celebration_Or_Party_houseparty_50_735.jpg,200.0,27.0,579.0,579.0,0.0,0.0,0.0,0.0,1.0,0.0,1024.0,1531.0,0.1334452563683866,Female,White,True,Female_White,4.0
17885,51--Dresses/51_Dresses_wearingdress_51_789.jpg,367.0,81.0,490.0,256.0,0.0,0.0,1.0,0.0,0.0,0.0,1024.0,1540.0,0.0136496803977272,Female,White,True,Female_White,0.0
17893,51--Dresses/51_Dresses_wearingdress_51_815.jpg,231.0,153.0,516.0,489.0,0.0,0.0,0.0,0.0,0.0,0.0,1024.0,1539.0,0.0607638888888888,Female,Indian,True,Female_Indian,2.0
17905,51--Dresses/51_Dresses_wearingdress_51_150.jpg,190.0,64.0,272.0,176.0,0.0,0.0,0.0,0.0,0.0,0.0,1024.0,978.0,0.0091705010224948,Female,White,True,Female_White,0.0
17906,51--Dresses/51_Dresses_wearingdress_51_150.jpg,720.0,52.0,792.0,166.0,1.0,0.0,0.0,0.0,0.0,0.0,1024.0,978.0,0.008195935582822,Female,White,True,Female_White,0.0
17912,51--Dresses/51_Dresses_wearingdress_51_161.jpg,389.0,130.0,591.0,419.0,0.0,0.0,0.0,0.0,0.0,0.0,1024.0,1540.0,0.037019328327922,Female,White,True,Female_White,1.0
17913,51--Dresses/51_Dresses_wearingdress_51_306.jpg,419.0,141.0,523.0,282.0,0.0,0.0,0.0,0.0,0.0,0.0,1024.0,1366.0,0.0104833912884333,Female,White,True,Female_White,0.0
17914,51--Dresses/51_Dresses_wearingdress_51_106.jpg,511.0,122.0,627.0,247.0,0.0,0.0,0.0,0.0,1.0,0.0,1024.0,1487.0,0.0095226336583725,Female,White,True,Female_White,0.0
17915,51--Dresses/51_Dresses_wearingdress_51_685.jpg,896.0,27.0,947.0,102.0,1.0,0.0,0.0,0.0,0.0,0.0,1024.0,670.0,0.0055751515858208,Female,White,True,Female_White,0.0
17916,51--Dresses/51_Dresses_wearingdress_51_685.jpg,661.0,61.0,719.0,131.0,1.0,0.0,0.0,0.0,0.0,0.0,1024.0,670.0,0.0059176772388059,Female,White,True,Female_White,0.0
17917,51--Dresses/51_Dresses_wearingdress_51_685.jpg,428.0,45.0,483.0,116.0,1.0,0.0,0.0,0.0,0.0,0.0,1024.0,670.0,0.0056917560634328,Female,White,True,Female_White,0.0
17918,51--Dresses/51_Dresses_wearingdress_51_685.jpg,283.0,46.0,332.0,112.0,1.0,0.0,0.0,0.0,0.0,0.0,1024.0,670.0,0.0047137360074626,Female,Asian,True,Female_Asian,0.0
17919,51--Dresses/51_Dresses_wearingdress_51_685.jpg,93.0,48.0,146.0,112.0,1.0,0.0,0.0,0.0,0.0,0.0,1024.0,670.0,0.0049440298507462,Female,White,True,Female_White,0.0
17920,51--Dresses/51_Dresses_wearingdress_51_1031.jpg,440.0,112.0,608.0,348.0,0.0,0.0,0.0,0.0,0.0,0.0,1024.0,2048.0,0.0189056396484375,Female,White,True,Female_White,0.0
17931,51--Dresses/51_Dresses_wearingdress_51_386.jpg,357.0,203.0,741.0,743.0,0.0,0.0,0.0,0.0,0.0,0.0,1024.0,1386.0,0.1461038961038961,Female,White,True,Female_White,5.0
17941,51--Dresses/51_Dresses_wearingdress_51_837.jpg,486.0,108.0,606.0,267.0,0.0,0.0,0.0,0.0,0.0,0.0,1024.0,1539.0,0.0121070906432748,Female,White,True,Female_White,0.0
17942,51--Dresses/51_Dresses_wearingdress_51_183.jpg,74.0,186.0,176.0,356.0,0.0,0.0,0.0,0.0,0.0,0.0,1024.0,683.0,0.0247929630307467,Female,Asian,True,Female_Asian,0.0
17943,51--Dresses/51_Dresses_wearingdress_51_183.jpg,282.0,74.0,394.0,228.0,0.0,0.0,0.0,0.0,0.0,1.0,1024.0,683.0,0.024661420204978,Female,White,True,Female_White,0.0
17944,51--Dresses/51_Dresses_wearingdress_51_183.jpg,466.0,68.0,552.0,194.0,0.0,0.0,0.0,0.0,0.0,1.0,1024.0,683.0,0.0154934571742313,Female,White,True,Female_White,0.0
17945,51--Dresses/51_Dresses_wearingdress_51_183.jpg,614.0,60.0,724.0,180.0,0.0,0.0,0.0,0.0,0.0,1.0,1024.0,683.0,0.0188735358711566,Female,White,True,Female_White,0.0
17946,51--Dresses/51_Dresses_wearingdress_51_183.jpg,876.0,112.0,996.0,262.0,0.0,0.0,0.0,0.0,0.0,0.0,1024.0,683.0,0.0257366398243045,Female,White,True,Female_White,0.0
17948,51--Dresses/51_Dresses_wearingdress_51_348.jpg,480.0,109.0,602.0,272.0,0.0,0.0,0.0,0.0,0.0,0.0,1024.0,1639.0,0.0118486405582672,Female,White,True,Female_White,0.0
17952,51--Dresses/51_Dresses_wearingdress_51_340.jpg,564.0,348.0,633.0,438.0,0.0,0.0,0.0,0.0,0.0,0.0,1024.0,1364.0,0.0044460800036656,Female,White,True,Female_White,0.0
17953,51--Dresses/51_Dresses_wearingdress_51_736.jpg,492.0,106.0,665.0,307.0,1.0,0.0,0.0,0.0,0.0,1.0,1024.0,2014.0,0.0168609770667825,Female,White,True,Female_White,0.0
17954,51--Dresses/51_Dresses_wearingdress_51_691.jpg,202.0,67.0,282.0,181.0,0.0,0.0,0.0,0.0,0.0,0.0,1024.0,1077.0,0.0082694986072423,Female,White,True,Female_White,0.0
17955,51--Dresses/51_Dresses_wearingdress_51_691.jpg,683.0,69.0,776.0,197.0,0.0,0.0,0.0,0.0,0.0,0.0,1024.0,1077.0,0.0107938718662952,Female,White,True,Female_White,0.0
17958,51--Dresses/51_Dresses_wearingdress_51_748.jpg,472.0,160.0,595.0,307.0,0.0,0.0,0.0,0.0,0.0,0.0,1024.0,1365.0,0.0129356971153846,Female,White,True,Female_White,0.0
17959,51--Dresses/51_Dresses_wearingdress_51_588.jpg,160.0,142.0,283.0,315.0,0.0,1.0,0.0,0.0,0.0,0.0,1024.0,1577.0,0.0131770915900443,Female,Indian,True,Female_Indian,0.0
17960,51--Dresses/51_Dresses_wearingdress_51_588.jpg,654.0,93.0,762.0,241.0,0.0,0.0,0.0,0.0,0.0,0.0,1024.0,1577.0,0.0098981452124286,Female,Indian,True,Female_Indian,0.0
17961,51--Dresses/51_Dresses_wearingdress_51_670.jpg,334.0,135.0,542.0,423.0,0.0,0.0,0.0,0.0,0.0,0.0,1024.0,1571.0,0.0372374283895607,Female,White,True,Female_White,1.0
17962,51--Dresses/51_Dresses_wearingdress_51_549.jpg,96.0,28.0,168.0,134.0,0.0,0.0,0.0,0.0,0.0,0.0,1024.0,889.0,0.0083837176602924,Female,Black,True,Female_Black,0.0
17963,51--Dresses/51_Dresses_wearingdress_51_549.jpg,350.0,48.0,416.0,148.0,0.0,0.0,0.0,0.0,0.0,0.0,1024.0,889.0,0.007250070303712,Female,White,True,Female_White,0.0
17964,51--Dresses/51_Dresses_wearingdress_51_549.jpg,606.0,38.0,674.0,144.0,0.0,0.0,0.0,0.0,0.0,0.0,1024.0,889.0,0.0079179555680539,Female,White,True,Female_White,0.0
17965,51--Dresses/51_Dresses_wearingdress_51_549.jpg,866.0,40.0,946.0,158.0,0.0,0.0,0.0,0.0,0.0,0.0,1024.0,889.0,0.0103697975253093,Female,White,True,Female_White,0.0
17967,51--Dresses/51_Dresses_wearingdress_51_178.jpg,335.0,90.0,490.0,296.0,0.0,0.0,0.0,0.0,0.0,0.0,1024.0,1850.0,0.0168549408783783,Female,White,True,Female_White,0.0
17968,51--Dresses/51_Dresses_wearingdress_51_17.jpg,628.0,84.0,844.0,334.0,0.0,0.0,0.0,0.0,0.0,0.0,1024.0,683.0,0.0772099194729136,Female,White,True,Female_White,2.0
17969,51--Dresses/51_Dresses_wearingdress_51_580.jpg,449.0,111.0,567.0,272.0,0.0,0.0,0.0,0.0,0.0,0.0,1024.0,1584.0,0.011712584832702,Female,White,True,Female_White,0.0
17970,51--Dresses/51_Dresses_wearingdress_51_233.jpg,550.0,87.0,684.0,286.0,0.0,0.0,0.0,0.0,0.0,0.0,1024.0,1856.0,0.0140307196255387,Female,White,True,Female_White,0.0
17971,51--Dresses/51_Dresses_wearingdress_51_451.jpg,382.0,190.0,566.0,450.0,0.0,0.0,0.0,0.0,0.0,0.0,1024.0,1496.0,0.0312291109625668,Female,White,True,Female_White,1.0
17972,51--Dresses/51_Dresses_wearingdress_51_512.jpg,429.0,263.0,654.0,543.0,0.0,0.0,0.0,0.0,0.0,0.0,1024.0,1493.0,0.0412079286671131,Female,White,True,Female_White,1.0
17973,51--Dresses/51_Dresses_wearingdress_51_741.jpg,282.0,216.0,687.0,723.0,0.0,0.0,0.0,0.0,0.0,0.0,1024.0,1536.0,0.1305484771728515,Female,White,True,Female_White,4.0
17974,51--Dresses/51_Dresses_wearingdress_51_94.jpg,224.0,16.0,342.0,174.0,0.0,1.0,0.0,0.0,0.0,0.0,1024.0,768.0,0.0237070719401041,Female,White,True,Female_White,0.0
17978,51--Dresses/51_Dresses_wearingdress_51_874.jpg,144.0,381.0,670.0,1033.0,0.0,0.0,0.0,0.0,0.0,0.0,1024.0,1540.0,0.2174766639610389,Female,White,True,Female_White,8.0
17982,52--Photographers/52_Photographers_photographertakingphoto_52_695.jpg,593.0,129.0,766.0,356.0,0.0,0.0,0.0,0.0,0.0,0.0,1024.0,1473.0,0.0260356998896809,Female,White,True,Female_White,0.0
17983,52--Photographers/52_Photographers_photographertakingphoto_52_695.jpg,170.0,164.0,242.0,262.0,1.0,0.0,0.0,0.0,0.0,1.0,1024.0,1473.0,0.0046779531568228,Female,White,True,Female_White,0.0
17986,52--Photographers/52_Photographers_photographertakingphoto_52_316.jpg,458.0,266.0,612.0,482.0,0.0,0.0,1.0,0.0,0.0,1.0,1024.0,784.0,0.0414341517857142,Female,White,True,Female_White,1.0
17987,52--Photographers/52_Photographers_photographertakingphoto_52_316.jpg,92.0,112.0,216.0,274.0,0.0,0.0,1.0,0.0,0.0,0.0,1024.0,784.0,0.0250219228316326,Female,White,True,Female_White,0.0
17988,52--Photographers/52_Photographers_photographertakingphoto_52_316.jpg,786.0,106.0,904.0,296.0,0.0,0.0,1.0,0.0,0.0,0.0,1024.0,784.0,0.0279266980229591,Female,White,True,Female_White,0.0
17989,52--Photographers/52_Photographers_taketouristphotos_52_328.jpg,266.0,118.0,396.0,356.0,0.0,1.0,0.0,0.0,0.0,0.0,1024.0,766.0,0.0394449657310704,Female,White,True,Female_White,1.0
17997,52--Photographers/52_Photographers_photographertakingphoto_52_416.jpg,520.0,108.0,682.0,314.0,0.0,0.0,0.0,0.0,0.0,0.0,1024.0,684.0,0.0476459703947368,Female,White,True,Female_White,1.0
18000,52--Photographers/52_Photographers_taketouristphotos_52_141.jpg,118.0,392.0,184.0,468.0,1.0,0.0,0.0,0.0,0.0,0.0,1024.0,768.0,0.006378173828125,Female,White,True,Female_White,0.0
18001,52--Photographers/52_Photographers_taketouristphotos_52_141.jpg,436.0,386.0,532.0,470.0,1.0,0.0,0.0,0.0,0.0,1.0,1024.0,768.0,0.01025390625,Female,Asian,True,Female_Asian,0.0
18012,52--Photographers/52_Photographers_taketouristphotos_52_86.jpg,404.0,338.0,506.0,470.0,0.0,0.0,0.0,0.0,0.0,0.0,1024.0,671.0,0.0195952868852459,Female,White,True,Female_White,0.0
18071,53--Raid/53_Raid_policeraid_53_597.jpg,465.0,200.0,669.0,460.0,0.0,0.0,0.0,0.0,0.0,0.0,1024.0,1103.0,0.0469599954669084,Female,Indian,True,Female_Indian,1.0
18073,53--Raid/53_Raid_policeraid_53_860.jpg,250.0,335.0,677.0,959.0,0.0,0.0,0.0,0.0,0.0,0.0,1024.0,1280.0,0.20328369140625,Female,White,True,Female_White,7.0
18077,54--Rescue/54_Rescue_rescuepeople_54_254.jpg,319.0,88.0,492.0,347.0,0.0,0.0,0.0,0.0,0.0,0.0,1024.0,1185.0,0.0369255999472573,Female,White,True,Female_White,1.0
18100,54--Rescue/54_Rescue_rescuepeople_54_1035.jpg,376.0,269.0,672.0,702.0,0.0,0.0,0.0,0.0,0.0,0.0,1024.0,1528.0,0.0819136534685863,Female,White,True,Female_White,3.0
18110,54--Rescue/54_Rescue_rescuepeople_54_158.jpg,307.0,315.0,774.0,976.0,0.0,0.0,0.0,0.0,0.0,0.0,1024.0,1366.0,0.2206823927068082,Female,Black,True,Female_Black,8.0
18129,54--Rescue/54_Rescue_rescuepeople_54_531.jpg,368.0,123.0,576.0,430.0,0.0,1.0,0.0,0.0,0.0,0.0,1024.0,1366.0,0.0456510797950219,Female,Black,True,Female_Black,1.0
18211,55--Sports_Coach_Trainer/55_Sports_Coach_Trainer_sportcoaching_55_951.jpg,398.0,38.0,556.0,282.0,0.0,0.0,0.0,0.0,0.0,0.0,1024.0,379.0,0.0993362467018469,Female,White,True,Female_White,3.0
18237,55--Sports_Coach_Trainer/55_Sports_Coach_Trainer_sportcoaching_55_183.jpg,382.0,128.0,620.0,472.0,0.0,0.0,0.0,0.0,0.0,0.0,1024.0,1024.0,0.0780792236328125,Female,White,True,Female_White,2.0
18238,55--Sports_Coach_Trainer/55_Sports_Coach_Trainer_sportcoaching_55_721.jpg,278.0,284.0,784.0,943.0,0.0,0.0,0.0,0.0,0.0,0.0,1024.0,1532.0,0.2125578798139686,Female,White,True,Female_White,7.0
18239,55--Sports_Coach_Trainer/55_Sports_Coach_Trainer_sportcoaching_55_764.jpg,118.0,76.0,190.0,172.0,0.0,0.0,0.0,0.0,0.0,0.0,1024.0,398.0,0.0169597989949748,Female,White,True,Female_White,0.0
18240,55--Sports_Coach_Trainer/55_Sports_Coach_Trainer_sportcoaching_55_764.jpg,340.0,86.0,410.0,186.0,0.0,0.0,0.0,0.0,0.0,0.0,1024.0,398.0,0.017175722361809,Female,White,True,Female_White,0.0
18241,55--Sports_Coach_Trainer/55_Sports_Coach_Trainer_sportcoaching_55_764.jpg,554.0,64.0,620.0,160.0,0.0,0.0,0.0,0.0,0.0,0.0,1024.0,398.0,0.0155464824120603,Female,White,True,Female_White,0.0
18242,55--Sports_Coach_Trainer/55_Sports_Coach_Trainer_sportcoaching_55_764.jpg,770.0,4.0,848.0,102.0,0.0,0.0,0.0,0.0,0.0,0.0,1024.0,398.0,0.0187558888190954,Female,White,True,Female_White,0.0
18267,56--Voter/56_Voter_peoplevoting_56_764.jpg,118.0,116.0,504.0,394.0,1.0,0.0,0.0,0.0,0.0,1.0,1024.0,554.0,0.1891569833032491,Female,White,True,Female_White,7.0
18269,56--Voter/56_Voter_peoplevoting_56_103.jpg,456.0,327.0,894.0,886.0,0.0,0.0,0.0,0.0,0.0,0.0,1024.0,1536.0,0.1556663513183593,Female,White,True,Female_White,5.0
18274,56--Voter/56_Voter_peoplevoting_56_378.jpg,232.0,124.0,566.0,576.0,0.0,0.0,0.0,0.0,0.0,0.0,1024.0,770.0,0.1914671266233766,Female,White,True,Female_White,7.0
18276,56--Voter/56_Voter_peoplevoting_56_460.jpg,540.0,224.0,574.0,283.0,1.0,0.0,0.0,0.0,0.0,0.0,1024.0,710.0,0.0027591329225352,Female,White,True,Female_White,0.0
18279,56--Voter/56_Voter_peoplevoting_56_323.jpg,302.0,176.0,596.0,588.0,0.0,0.0,0.0,0.0,1.0,0.0,1024.0,684.0,0.1729372258771929,Female,Asian,True,Female_Asian,6.0
18281,56--Voter/56_Voter_peoplevoting_56_1046.jpg,432.0,432.0,542.0,589.0,1.0,0.0,0.0,0.0,0.0,0.0,1024.0,1716.0,0.0098282251602564,Female,White,True,Female_White,0.0
18286,57--Angler/57_Angler_peoplefishing_57_153.jpg,206.0,246.0,354.0,424.0,0.0,0.0,0.0,0.0,0.0,0.0,1024.0,751.0,0.0342564081225033,Female,White,True,Female_White,1.0
18288,57--Angler/57_Angler_peoplefishing_57_1009.jpg,82.0,108.0,152.0,182.0,0.0,0.0,0.0,0.0,0.0,0.0,1024.0,681.0,0.0074281846549192,Female,Black,True,Female_Black,0.0
18289,57--Angler/57_Angler_peoplefishing_57_1009.jpg,220.0,148.0,294.0,222.0,0.0,0.0,0.0,0.0,0.0,0.0,1024.0,681.0,0.007852652349486,Female,White,True,Female_White,0.0
18290,57--Angler/57_Angler_peoplefishing_57_1009.jpg,344.0,152.0,422.0,254.0,0.0,0.0,0.0,0.0,0.0,0.0,1024.0,681.0,0.0114090033039647,Female,White,True,Female_White,0.0
18291,57--Angler/57_Angler_peoplefishing_57_1009.jpg,458.0,98.0,516.0,170.0,0.0,0.0,0.0,0.0,0.0,0.0,1024.0,681.0,0.005988436123348,Female,White,True,Female_White,0.0
18292,57--Angler/57_Angler_peoplefishing_57_1009.jpg,544.0,164.0,610.0,248.0,0.0,0.0,0.0,0.0,0.0,0.0,1024.0,681.0,0.0079501651982378,Female,Indian,True,Female_Indian,0.0
18293,57--Angler/57_Angler_peoplefishing_57_1009.jpg,686.0,150.0,756.0,236.0,0.0,0.0,0.0,0.0,0.0,0.0,1024.0,681.0,0.0086327551395007,Female,White,True,Female_White,0.0
18294,57--Angler/57_Angler_peoplefishing_57_1009.jpg,852.0,138.0,926.0,222.0,0.0,0.0,0.0,0.0,0.0,0.0,1024.0,681.0,0.008913821585903,Female,Asian,True,Female_Asian,0.0
18296,57--Angler/57_Angler_peoplefishing_57_868.jpg,632.0,668.0,793.0,902.0,0.0,0.0,0.0,0.0,0.0,0.0,1024.0,1643.0,0.0223925840687766,Female,White,True,Female_White,0.0
18304,57--Angler/57_Angler_peoplefishing_57_870.jpg,563.0,517.0,654.0,613.0,0.0,0.0,0.0,0.0,0.0,0.0,1024.0,1366.0,0.0062454245973645,Female,White,True,Female_White,0.0
18356,58--Hockey/58_Hockey_icehockey_puck_58_531.jpg,292.0,252.0,805.0,944.0,0.0,0.0,0.0,0.0,0.0,0.0,1024.0,1288.0,0.2691582152562112,Female,White,True,Female_White,10.0
18357,58--Hockey/58_Hockey_icehockey_puck_58_697.jpg,412.0,110.0,542.0,278.0,0.0,0.0,0.0,0.0,0.0,0.0,1024.0,783.0,0.0272389846743295,Female,White,True,Female_White,0.0
18358,59--people--driving--car/59_peopledrivingcar_peopledrivingcar_59_978.jpg,294.0,54.0,750.0,696.0,0.0,0.0,0.0,0.0,0.0,0.0,1024.0,732.0,0.3905609631147541,Female,White,True,Female_White,14.0
18361,59--people--driving--car/59_peopledrivingcar_peopledrivingcar_59_401.jpg,220.0,270.0,378.0,472.0,0.0,0.0,0.0,0.0,0.0,0.0,1024.0,682.0,0.0457008339442815,Female,White,True,Female_White,1.0
18362,59--people--driving--car/59_peopledrivingcar_peopledrivingcar_59_401.jpg,412.0,262.0,504.0,380.0,0.0,0.0,0.0,0.0,0.0,0.0,1024.0,682.0,0.0155448130498533,Female,White,True,Female_White,0.0
18372,59--people--driving--car/59_peopledrivingcar_peopledrivingcar_59_34.jpg,242.0,50.0,452.0,330.0,0.0,0.0,0.0,0.0,0.0,0.0,1024.0,576.0,0.0996907552083333,Female,White,True,Female_White,3.0
18377,59--people--driving--car/59_peopledrivingcar_peopledrivingcar_59_85.jpg,406.0,170.0,576.0,406.0,0.0,1.0,0.0,0.0,0.0,0.0,1024.0,754.0,0.0519624502652519,Female,White,True,Female_White,1.0
18378,59--people--driving--car/59_peopledrivingcar_peopledrivingcar_59_117.jpg,204.0,118.0,358.0,360.0,0.0,0.0,0.0,0.0,1.0,0.0,1024.0,681.0,0.0534427771659324,Female,White,True,Female_White,1.0
18379,59--people--driving--car/59_peopledrivingcar_peopledrivingcar_59_1038.jpg,211.0,36.0,838.0,996.0,0.0,0.0,0.0,0.0,0.0,0.0,1024.0,1833.0,0.3206833060556465,Female,White,True,Female_White,12.0
18380,59--people--driving--car/59_peopledrivingcar_peopledrivingcar_59_357.jpg,416.0,66.0,502.0,200.0,0.0,0.0,0.0,0.0,0.0,0.0,1024.0,574.0,0.0196061084494773,Female,White,True,Female_White,0.0
18392,59--people--driving--car/59_peopledrivingcar_peopledrivingcar_59_64.jpg,530.0,138.0,694.0,344.0,0.0,0.0,0.0,0.0,0.0,0.0,1024.0,683.0,0.0483048133235724,Female,White,True,Female_White,1.0
18401,6--Funeral/6_Funeral_Funeral_6_280.jpg,380.0,48.0,728.0,222.0,0.0,1.0,0.0,0.0,0.0,1.0,1024.0,577.0,0.1024832105719237,Female,White,True,Female_White,3.0
18414,6--Funeral/6_Funeral_Funeral_6_937.jpg,295.0,142.0,610.0,566.0,0.0,0.0,0.0,0.0,0.0,1.0,1024.0,1138.0,0.1146130821616871,Female,White,True,Female_White,4.0
18433,6--Funeral/6_Funeral_Funeral_6_861.jpg,382.0,273.0,643.0,652.0,0.0,0.0,0.0,0.0,0.0,0.0,1024.0,1552.0,0.062242645578286,Female,White,True,Female_White,2.0
18457,61--Street_Battle/61_Street_Battle_streetfight_61_521.jpg,142.0,244.0,224.0,322.0,0.0,0.0,0.0,0.0,0.0,0.0,1024.0,683.0,0.0091450860175695,Female,White,True,Female_White,0.0
18458,61--Street_Battle/61_Street_Battle_streetfight_61_22.jpg,174.0,44.0,300.0,220.0,0.0,0.0,0.0,0.0,0.0,0.0,1024.0,682.0,0.0317540322580645,Female,White,True,Female_White,1.0
18480,7--Cheering/7_Cheering_Cheering_7_655.jpg,393.0,760.0,618.0,1132.0,0.0,1.0,0.0,0.0,0.0,0.0,1024.0,1536.0,0.0532150268554687,Female,Indian,True,Female_Indian,1.0
18482,7--Cheering/7_Cheering_Cheering_7_558.jpg,448.0,675.0,605.0,867.0,0.0,0.0,0.0,0.0,0.0,0.0,1024.0,1367.0,0.0215343818580833,Female,White,True,Female_White,0.0
18483,7--Cheering/7_Cheering_Cheering_7_558.jpg,651.0,520.0,816.0,723.0,0.0,0.0,0.0,0.0,0.0,0.0,1024.0,1367.0,0.0239282815929041,Female,White,True,Female_White,0.0
18484,7--Cheering/7_Cheering_Cheering_7_373.jpg,81.0,967.0,207.0,1207.0,0.0,0.0,0.0,0.0,0.0,0.0,1024.0,1538.0,0.0192010728218465,Female,White,True,Female_White,0.0
18485,7--Cheering/7_Cheering_Cheering_7_373.jpg,399.0,871.0,534.0,1069.0,0.0,0.0,0.0,0.0,1.0,0.0,1024.0,1538.0,0.0169723768693107,Female,White,True,Female_White,0.0
18486,7--Cheering/7_Cheering_Cheering_7_373.jpg,787.0,859.0,922.0,1042.0,0.0,0.0,0.0,0.0,0.0,0.0,1024.0,1538.0,0.0156865907428478,Female,White,True,Female_White,0.0
18492,7--Cheering/7_Cheering_Cheering_7_427.jpg,126.0,68.0,186.0,162.0,0.0,0.0,0.0,0.0,0.0,0.0,1024.0,768.0,0.007171630859375,Female,White,True,Female_White,0.0
18493,7--Cheering/7_Cheering_Cheering_7_427.jpg,472.0,72.0,532.0,160.0,0.0,0.0,0.0,0.0,0.0,0.0,1024.0,768.0,0.0067138671875,Female,White,True,Female_White,0.0
18494,7--Cheering/7_Cheering_Cheering_7_427.jpg,832.0,60.0,900.0,156.0,0.0,0.0,0.0,0.0,0.0,0.0,1024.0,768.0,0.00830078125,Female,White,True,Female_White,0.0
18495,7--Cheering/7_Cheering_Cheering_7_293.jpg,549.0,511.0,618.0,571.0,0.0,1.0,1.0,0.0,0.0,1.0,1024.0,1351.0,0.0029925749444855,Female,Asian,True,Female_Asian,0.0
18496,7--Cheering/7_Cheering_Cheering_7_473.jpg,470.0,336.0,545.0,459.0,0.0,0.0,0.0,0.0,0.0,0.0,1024.0,1164.0,0.0077395095038659,Female,White,True,Female_White,0.0
18497,7--Cheering/7_Cheering_Cheering_7_473.jpg,815.0,118.0,881.0,216.0,1.0,0.0,0.0,0.0,0.0,0.0,1024.0,1164.0,0.0054264658505154,Female,White,True,Female_White,0.0
18504,7--Cheering/7_Cheering_Cheering_7_835.jpg,345.0,165.0,675.0,570.0,0.0,0.0,0.0,0.0,0.0,0.0,1024.0,1536.0,0.0849723815917968,Female,White,True,Female_White,3.0
18520,7--Cheering/7_Cheering_Cheering_7_802.jpg,346.0,316.0,560.0,614.0,0.0,0.0,0.0,0.0,0.0,0.0,1024.0,1544.0,0.0403350671955958,Female,Asian,True,Female_Asian,1.0
18521,7--Cheering/7_Cheering_Cheering_7_739.jpg,284.0,280.0,746.0,826.0,0.0,0.0,0.0,0.0,0.0,0.0,1024.0,965.0,0.2552744494818653,Female,Asian,True,Female_Asian,9.0
18528,8--Election_Campain/8_Election_Campain_Election_Campaign_8_269.jpg,390.0,189.0,627.0,507.0,0.0,1.0,0.0,0.0,0.0,0.0,1024.0,1539.0,0.0478230080409356,Female,White,True,Female_White,1.0
18550,9--Press_Conference/9_Press_Conference_Press_Conference_9_784.jpg,204.0,90.0,592.0,556.0,0.0,0.0,0.0,0.0,0.0,0.0,1024.0,819.0,0.2155925671550671,Female,White,True,Female_White,8.0
18553,9--Press_Conference/9_Press_Conference_Press_Conference_9_352.jpg,181.0,395.0,741.0,1103.0,0.0,0.0,1.0,0.0,0.0,0.0,1024.0,1541.0,0.2512573004542505,Female,White,True,Female_White,9.0
18557,9--Press_Conference/9_Press_Conference_Press_Conference_9_492.jpg,262.0,6.0,716.0,484.0,0.0,0.0,0.0,0.0,0.0,0.0,1024.0,679.0,0.3121145526509573,Female,White,True,Female_White,11.0
18564,9--Press_Conference/9_Press_Conference_Press_Conference_9_344.jpg,608.0,294.0,876.0,662.0,0.0,0.0,0.0,0.0,0.0,0.0,1024.0,683.0,0.1410139092240117,Female,White,True,Female_White,5.0
18567,9--Press_Conference/9_Press_Conference_Press_Conference_9_297.jpg,410.0,176.0,672.0,538.0,0.0,0.0,0.0,0.0,0.0,0.0,1024.0,1639.0,0.0565107344417327,Female,Indian,True,Female_Indian,2.0
18579,9--Press_Conference/9_Press_Conference_Press_Conference_9_924.jpg,398.0,156.0,654.0,520.0,0.0,0.0,0.0,0.0,0.0,0.0,1024.0,768.0,0.1184895833333333,Female,White,True,Female_White,4.0
18590,9--Press_Conference/9_Press_Conference_Press_Conference_9_252.jpg,296.0,124.0,696.0,666.0,0.0,0.0,0.0,0.0,0.0,0.0,1024.0,1024.0,0.206756591796875,Female,White,True,Female_White,7.0
18591,9--Press_Conference/9_Press_Conference_Press_Conference_9_615.jpg,350.0,158.0,648.0,516.0,0.0,0.0,0.0,0.0,0.0,0.0,1024.0,642.0,0.1622797410436137,Female,White,True,Female_White,6.0
18592,9--Press_Conference/9_Press_Conference_Press_Conference_9_933.jpg,304.0,265.0,729.0,858.0,0.0,0.0,0.0,0.0,0.0,0.0,1024.0,1541.0,0.159713279729072,Female,White,True,Female_White,5.0
18596,9--Press_Conference/9_Press_Conference_Press_Conference_9_748.jpg,308.0,215.0,686.0,762.0,0.0,0.0,0.0,0.0,0.0,0.0,1024.0,1576.0,0.128121777839467,Female,White,True,Female_White,4.0
18603,9--Press_Conference/9_Press_Conference_Press_Conference_9_607.jpg,333.0,153.0,582.0,501.0,0.0,0.0,0.0,0.0,0.0,0.0,1024.0,1536.0,0.0550918579101562,Female,Indian,True,Female_Indian,2.0
18605,9--Press_Conference/9_Press_Conference_Press_Conference_9_258.jpg,283.0,338.0,762.0,992.0,0.0,0.0,0.0,0.0,0.0,0.0,1024.0,1856.0,0.1648296487742457,Female,White,True,Female_White,6.0
18606,9--Press_Conference/9_Press_Conference_Press_Conference_9_431.jpg,306.0,258.0,648.0,711.0,0.0,0.0,0.0,0.0,0.0,0.0,1024.0,1536.0,0.0984992980957031,Female,White,True,Female_White,3.0
18607,9--Press_Conference/9_Press_Conference_Press_Conference_9_872.jpg,411.0,321.0,618.0,609.0,0.0,0.0,1.0,0.0,0.0,0.0,1024.0,1536.0,0.03790283203125,Female,Indian,True,Female_Indian,1.0
18608,9--Press_Conference/9_Press_Conference_Press_Conference_9_883.jpg,274.0,196.0,560.0,571.0,0.0,0.0,0.0,0.0,0.0,0.0,1024.0,1526.0,0.068634553161861,Female,Indian,True,Female_Indian,2.0
18611,9--Press_Conference/9_Press_Conference_Press_Conference_9_710.jpg,269.0,266.0,680.0,873.0,0.0,0.0,0.0,0.0,0.0,0.0,1024.0,1480.0,0.1646147856841216,Female,White,True,Female_White,6.0
18615,9--Press_Conference/9_Press_Conference_Press_Conference_9_658.jpg,247.0,178.0,611.0,669.0,0.0,0.0,0.0,0.0,0.0,0.0,1024.0,1540.0,0.1133345170454545,Female,White,True,Female_White,4.0
18616,9--Press_Conference/9_Press_Conference_Press_Conference_9_632.jpg,177.0,303.0,678.0,1054.0,0.0,0.0,0.0,0.0,0.0,0.0,1024.0,1539.0,0.2387476394980507,Female,White,True,Female_White,8.0
18624,9--Press_Conference/9_Press_Conference_Press_Conference_9_552.jpg,389.0,120.0,632.0,475.0,0.0,0.0,0.0,0.0,0.0,0.0,1024.0,1463.0,0.0575824771445659,Female,Indian,True,Female_Indian,2.0
18627,9--Press_Conference/9_Press_Conference_Press_Conference_9_828.jpg,266.0,269.0,811.0,1053.0,0.0,0.0,0.0,0.0,0.0,0.0,1024.0,1532.0,0.2723665959530026,Female,White,True,Female_White,10.0
18628,9--Press_Conference/9_Press_Conference_Press_Conference_9_424.jpg,59.0,336.0,151.0,487.0,1.0,0.0,0.0,0.0,0.0,0.0,1024.0,1044.0,0.0129946420019157,Female,White,True,Female_White,0.0
18629,9--Press_Conference/9_Press_Conference_Press_Conference_9_424.jpg,489.0,67.0,646.0,305.0,0.0,0.0,0.0,0.0,0.0,0.0,1024.0,1044.0,0.0349523317768199,Female,White,True,Female_White,1.0
18633,9--Press_Conference/9_Press_Conference_Press_Conference_9_391.jpg,322.0,12.0,736.0,602.0,0.0,0.0,0.0,0.0,0.0,0.0,1024.0,676.0,0.3528626571745562,Female,White,True,Female_White,13.0
18634,9--Press_Conference/9_Press_Conference_Press_Conference_9_345.jpg,229.0,440.0,362.0,609.0,0.0,0.0,0.0,0.0,1.0,0.0,1024.0,1542.0,0.0142348867136835,Female,Indian,True,Female_Indian,0.0
18635,9--Press_Conference/9_Press_Conference_Press_Conference_9_345.jpg,392.0,259.0,624.0,581.0,0.0,0.0,0.0,0.0,0.0,0.0,1024.0,1542.0,0.0473107166018158,Female,Indian,True,Female_Indian,1.0
18637,9--Press_Conference/9_Press_Conference_Press_Conference_9_930.jpg,268.0,96.0,611.0,617.0,0.0,0.0,0.0,0.0,0.0,0.0,1024.0,1541.0,0.1132476628406878,Female,White,True,Female_White,4.0
18649,9--Press_Conference/9_Press_Conference_Press_Conference_9_613.jpg,316.0,224.0,586.0,571.0,0.0,0.0,1.0,0.0,0.0,0.0,1024.0,1471.0,0.0621986000169952,Female,White,True,Female_White,2.0
