Unnamed: 0,filename,x1,y1,x2,y2,blur,expression,illumination,invalid,occlusion,pose,original_width,original_height,relative_area,Gender,Race,Valid,Gender_Race,area_bin,upsample
15,0--Parade/0_Parade_Parade_0_761.jpg,207.0,459.0,537.0,900.0,0.0,1.0,0.0,0.0,0.0,0.0,1024.0,1536.0,0.0925254821777343,Female,White,True,Female_White,3.0,1
16,0--Parade/0_Parade_Parade_0_780.jpg,781.0,769.0,844.0,868.0,0.0,0.0,1.0,0.0,0.0,0.0,1024.0,1536.0,0.0039653778076171,Male,Black,True,Male_Black,0.0,10
30,0--Parade/0_Parade_marchingband_1_431.jpg,254.0,416.0,404.0,560.0,0.0,0.0,1.0,0.0,0.0,0.0,1024.0,683.0,0.0308839677891654,Male,White,True,Male_White,1.0,1
65,0--Parade/0_Parade_Parade_0_773.jpg,209.0,888.0,734.0,1663.0,0.0,0.0,0.0,0.0,0.0,0.0,1024.0,1702.0,0.2334540935296709,Male,White,True,Male_White,8.0,1
72,0--Parade/0_Parade_marchingband_1_743.jpg,350.0,256.0,502.0,432.0,0.0,0.0,1.0,0.0,0.0,0.0,1024.0,684.0,0.0381944444444444,Female,White,True,Female_White,1.0,1
73,0--Parade/0_Parade_marchingband_1_840.jpg,734.0,112.0,836.0,226.0,1.0,0.0,0.0,0.0,1.0,0.0,1024.0,821.0,0.0138312652253349,Male,Black,True,Male_Black,0.0,10
74,0--Parade/0_Parade_marchingband_1_840.jpg,404.0,266.0,478.0,360.0,1.0,0.0,0.0,0.0,1.0,0.0,1024.0,821.0,0.0082740179658952,Male,Black,True,Male_Black,0.0,10
75,0--Parade/0_Parade_marchingband_1_840.jpg,80.0,294.0,142.0,380.0,1.0,0.0,1.0,0.0,1.0,0.0,1024.0,821.0,0.006342303593179,Male,Black,True,Male_Black,0.0,10
131,0--Parade/0_Parade_Parade_0_763.jpg,252.0,244.0,793.0,940.0,0.0,0.0,0.0,0.0,0.0,0.0,1024.0,1104.0,0.3330715013586957,Female,White,True,Female_White,12.0,1
134,0--Parade/0_Parade_marchingband_1_1031.jpg,276.0,266.0,830.0,876.0,0.0,0.0,0.0,0.0,0.0,0.0,1024.0,1309.0,0.2521157610771581,Male,Black,True,Male_Black,9.0,1
154,0--Parade/0_Parade_Parade_0_809.jpg,222.0,503.0,279.0,581.0,1.0,0.0,0.0,0.0,0.0,0.0,1024.0,1535.0,0.0028285321661237,Male,Indian,True,Male_Indian,0.0,1
155,0--Parade/0_Parade_Parade_0_809.jpg,461.0,413.0,536.0,530.0,0.0,0.0,0.0,0.0,0.0,0.0,1024.0,1535.0,0.0055826292752443,Female,White,True,Female_White,0.0,1
156,0--Parade/0_Parade_Parade_0_809.jpg,719.0,479.0,773.0,557.0,1.0,0.0,0.0,0.0,0.0,0.0,1024.0,1535.0,0.0026796620521172,Male,Indian,True,Male_Indian,0.0,1
220,0--Parade/0_Parade_marchingband_1_563.jpg,310.0,851.0,731.0,1338.0,0.0,0.0,0.0,0.0,1.0,0.0,1024.0,1530.0,0.1308638429330065,Male,White,True,Male_White,4.0,1
240,1--Handshaking/1_Handshaking_Handshaking_1_924.jpg,271.0,426.0,508.0,682.0,0.0,0.0,0.0,0.0,0.0,0.0,1024.0,1581.0,0.0374762808349146,Female,White,True,Female_White,1.0,1
247,1--Handshaking/1_Handshaking_Handshaking_1_575.jpg,440.0,110.0,528.0,238.0,0.0,0.0,0.0,0.0,0.0,1.0,1024.0,576.0,0.0190972222222222,Female,Black,True,Female_Black,0.0,1
248,1--Handshaking/1_Handshaking_Handshaking_1_575.jpg,666.0,48.0,746.0,212.0,0.0,0.0,0.0,0.0,0.0,1.0,1024.0,576.0,0.0222439236111111,Male,Black,True,Male_Black,0.0,1
271,1--Handshaking/1_Handshaking_Handshaking_1_335.jpg,184.0,160.0,250.0,286.0,1.0,0.0,0.0,0.0,0.0,0.0,1024.0,712.0,0.0114060305477528,Male,Asian,True,Male_Asian,0.0,1
272,1--Handshaking/1_Handshaking_Handshaking_1_335.jpg,656.0,140.0,728.0,250.0,1.0,0.0,1.0,0.0,0.0,0.0,1024.0,712.0,0.010862886235955,Male,White,True,Male_White,0.0,1
273,1--Handshaking/1_Handshaking_Handshaking_1_795.jpg,455.0,237.0,542.0,363.0,0.0,0.0,1.0,0.0,1.0,0.0,1024.0,1532.0,0.0069876489066579,Male,Black,True,Male_Black,0.0,1
282,1--Handshaking/1_Handshaking_Handshaking_1_429.jpg,378.0,158.0,680.0,606.0,0.0,0.0,0.0,0.0,0.0,0.0,1024.0,768.0,0.1720377604166666,Male,Asian,True,Male_Asian,6.0,1
288,1--Handshaking/1_Handshaking_Handshaking_1_707.jpg,266.0,142.0,588.0,626.0,0.0,0.0,0.0,0.0,0.0,0.0,1024.0,858.0,0.1773838141025641,Female,White,True,Female_White,6.0,1
289,1--Handshaking/1_Handshaking_Handshaking_1_640.jpg,693.0,171.0,859.0,423.0,1.0,0.0,0.0,0.0,0.0,0.0,1024.0,1267.0,0.0322427486187845,Male,Black,True,Male_Black,1.0,10
298,1--Handshaking/1_Handshaking_Handshaking_1_331.jpg,213.0,225.0,468.0,546.0,0.0,0.0,1.0,0.0,0.0,0.0,1024.0,1536.0,0.052042007446289,Female,White,True,Female_White,1.0,1
304,1--Handshaking/1_Handshaking_Handshaking_1_515.jpg,266.0,46.0,355.0,155.0,0.0,0.0,1.0,0.0,0.0,0.0,1024.0,517.0,0.0183242414168278,Male,Black,True,Male_Black,0.0,10
305,1--Handshaking/1_Handshaking_Handshaking_1_515.jpg,105.0,113.0,141.0,161.0,1.0,0.0,1.0,0.0,0.0,0.0,1024.0,517.0,0.0032640232108317,Male,Black,True,Male_Black,0.0,10
306,1--Handshaking/1_Handshaking_Handshaking_1_515.jpg,2.0,87.0,47.0,223.0,1.0,0.0,0.0,0.0,0.0,1.0,1024.0,517.0,0.011560082205029,Female,Black,True,Female_Black,0.0,10
307,1--Handshaking/1_Handshaking_Handshaking_1_515.jpg,468.0,91.0,507.0,146.0,0.0,0.0,1.0,0.0,0.0,0.0,1024.0,517.0,0.0040516954787234,Male,Black,True,Male_Black,0.0,10
308,1--Handshaking/1_Handshaking_Handshaking_1_515.jpg,565.0,117.0,607.0,166.0,0.0,0.0,1.0,0.0,0.0,0.0,1024.0,517.0,0.0038873609767891,Male,Black,True,Male_Black,0.0,10
309,1--Handshaking/1_Handshaking_Handshaking_1_515.jpg,825.0,90.0,868.0,141.0,0.0,0.0,1.0,0.0,0.0,0.0,1024.0,517.0,0.0041423627901353,Male,Black,True,Male_Black,0.0,10
315,1--Handshaking/1_Handshaking_Handshaking_1_333.jpg,246.0,270.0,742.0,938.0,0.0,0.0,0.0,0.0,0.0,0.0,1024.0,1024.0,0.31597900390625,Male,White,True,Male_White,11.0,1
323,1--Handshaking/1_Handshaking_Handshaking_1_627.jpg,330.0,56.0,432.0,208.0,0.0,0.0,0.0,0.0,0.0,0.0,1024.0,535.0,0.0283002336448598,Male,Indian,True,Male_Indian,1.0,1
324,1--Handshaking/1_Handshaking_Handshaking_1_627.jpg,562.0,38.0,662.0,176.0,0.0,0.0,0.0,0.0,0.0,0.0,1024.0,535.0,0.0251898364485981,Male,White,True,Male_White,0.0,1
331,1--Handshaking/1_Handshaking_Handshaking_1_697.jpg,381.0,520.0,808.0,965.0,0.0,0.0,0.0,0.0,0.0,1.0,1024.0,1366.0,0.1358429893393118,Female,White,True,Female_White,5.0,1
334,1--Handshaking/1_Handshaking_Handshaking_1_722.jpg,178.0,129.0,841.0,948.0,0.0,0.0,0.0,0.0,0.0,0.0,1024.0,1402.0,0.3782243279689729,Female,Asian,True,Female_Asian,14.0,1
337,1--Handshaking/1_Handshaking_Handshaking_1_268.jpg,382.0,88.0,446.0,200.0,0.0,0.0,0.0,0.0,0.0,0.0,1024.0,576.0,0.0121527777777777,Female,Asian,True,Female_Asian,0.0,1
338,1--Handshaking/1_Handshaking_Handshaking_1_268.jpg,602.0,28.0,666.0,136.0,1.0,0.0,0.0,0.0,0.0,0.0,1024.0,576.0,0.01171875,Male,White,True,Male_White,0.0,1
348,1--Handshaking/1_Handshaking_Handshaking_1_82.jpg,708.0,288.0,866.0,460.0,0.0,0.0,0.0,0.0,0.0,1.0,1024.0,754.0,0.0351976956233421,Female,White,True,Female_White,1.0,1
349,1--Handshaking/1_Handshaking_Handshaking_1_545.jpg,273.0,195.0,771.0,889.0,0.0,0.0,0.0,0.0,0.0,0.0,1024.0,1537.0,0.2195912288549121,Male,White,True,Male_White,8.0,1
350,1--Handshaking/1_Handshaking_Handshaking_1_281.jpg,254.0,110.0,364.0,236.0,0.0,1.0,0.0,0.0,0.0,1.0,1024.0,762.0,0.0177626722440944,Female,White,True,Female_White,0.0,1
391,10--People_Marching/10_People_Marching_People_Marching_2_854.jpg,518.0,246.0,572.0,322.0,0.0,0.0,1.0,0.0,0.0,0.0,1024.0,684.0,0.005859375,Female,White,True,Female_White,0.0,1
398,10--People_Marching/10_People_Marching_People_Marching_2_459.jpg,408.0,429.0,486.0,552.0,0.0,0.0,1.0,0.0,0.0,0.0,1024.0,1536.0,0.0060997009277343,Female,White,True,Female_White,0.0,1
399,10--People_Marching/10_People_Marching_People_Marching_2_1038.jpg,518.0,351.0,664.0,515.0,0.0,0.0,0.0,0.0,0.0,0.0,1024.0,1523.0,0.0153531270518713,Male,White,True,Male_White,0.0,1
436,10--People_Marching/10_People_Marching_People_Marching_2_417.jpg,274.0,146.0,700.0,782.0,0.0,0.0,0.0,0.0,0.0,0.0,1024.0,1169.0,0.2263352758768178,Male,White,True,Male_White,8.0,1
437,10--People_Marching/10_People_Marching_People_Marching_2_773.jpg,616.0,134.0,682.0,234.0,0.0,0.0,1.0,0.0,0.0,0.0,1024.0,768.0,0.008392333984375,Female,White,True,Female_White,0.0,1
450,10--People_Marching/10_People_Marching_People_Marching_10_People_Marching_People_Marching_10_805.jpg,438.0,188.0,600.0,414.0,0.0,1.0,0.0,0.0,0.0,0.0,1024.0,682.0,0.0524250824780058,Male,White,True,Male_White,1.0,1
473,10--People_Marching/10_People_Marching_People_Marching_10_People_Marching_People_Marching_10_981.jpg,350.0,128.0,398.0,189.0,1.0,0.0,1.0,0.0,0.0,0.0,1024.0,768.0,0.00372314453125,Male,Black,True,Male_Black,0.0,10
474,10--People_Marching/10_People_Marching_People_Marching_10_People_Marching_People_Marching_10_981.jpg,508.0,170.0,552.0,220.0,1.0,0.0,0.0,0.0,0.0,0.0,1024.0,768.0,0.0027974446614583,Female,Black,True,Female_Black,0.0,10
475,10--People_Marching/10_People_Marching_People_Marching_10_People_Marching_People_Marching_10_981.jpg,678.0,145.0,724.0,199.0,1.0,0.0,0.0,0.0,0.0,0.0,1024.0,768.0,0.0031585693359375,Male,Black,True,Male_Black,0.0,10
503,11--Meeting/11_Meeting_Meeting_11_Meeting_Meeting_11_281.jpg,35.0,52.0,84.0,106.0,1.0,0.0,0.0,0.0,0.0,0.0,1024.0,432.0,0.0059814453125,Female,Asian,True,Female_Asian,0.0,10
504,11--Meeting/11_Meeting_Meeting_11_Meeting_Meeting_11_281.jpg,90.0,157.0,156.0,238.0,0.0,0.0,0.0,0.0,0.0,0.0,1024.0,432.0,0.0120849609375,Male,Asian,True,Male_Asian,0.0,10
505,11--Meeting/11_Meeting_Meeting_11_Meeting_Meeting_11_281.jpg,912.0,162.0,968.0,229.0,1.0,0.0,0.0,0.0,0.0,0.0,1024.0,432.0,0.0084816261574074,Male,Asian,True,Male_Asian,0.0,10
506,11--Meeting/11_Meeting_Meeting_11_Meeting_Meeting_11_281.jpg,807.0,151.0,851.0,200.0,0.0,0.0,0.0,0.0,0.0,0.0,1024.0,432.0,0.0048737702546296,Female,Asian,True,Female_Asian,0.0,10
507,11--Meeting/11_Meeting_Meeting_11_Meeting_Meeting_11_281.jpg,723.0,126.0,763.0,169.0,1.0,0.0,0.0,0.0,0.0,0.0,1024.0,432.0,0.0038881655092592,Male,Asian,True,Male_Asian,0.0,10
508,11--Meeting/11_Meeting_Meeting_11_Meeting_Meeting_11_281.jpg,632.0,120.0,668.0,159.0,1.0,0.0,0.0,0.0,0.0,0.0,1024.0,432.0,0.003173828125,Male,Asian,True,Male_Asian,0.0,10
509,11--Meeting/11_Meeting_Meeting_11_Meeting_Meeting_11_281.jpg,537.0,50.0,570.0,85.0,1.0,0.0,0.0,0.0,0.0,0.0,1024.0,432.0,0.0026109483506944,Female,Asian,True,Female_Asian,0.0,10
510,11--Meeting/11_Meeting_Meeting_11_Meeting_Meeting_11_281.jpg,450.0,42.0,487.0,85.0,1.0,0.0,0.0,0.0,0.0,0.0,1024.0,432.0,0.0035965530960648,Male,Asian,True,Male_Asian,0.0,10
511,11--Meeting/11_Meeting_Meeting_11_Meeting_Meeting_11_281.jpg,437.0,135.0,483.0,191.0,1.0,0.0,0.0,0.0,0.0,0.0,1024.0,432.0,0.0058232060185185,Male,Asian,True,Male_Asian,0.0,10
512,11--Meeting/11_Meeting_Meeting_11_Meeting_Meeting_11_281.jpg,545.0,157.0,582.0,210.0,1.0,0.0,0.0,0.0,0.0,0.0,1024.0,432.0,0.004432960792824,Female,Asian,True,Female_Asian,0.0,10
513,11--Meeting/11_Meeting_Meeting_11_Meeting_Meeting_11_281.jpg,380.0,48.0,414.0,86.0,1.0,0.0,0.0,0.0,0.0,0.0,1024.0,432.0,0.0029206452546296,Female,Asian,True,Female_Asian,0.0,10
514,11--Meeting/11_Meeting_Meeting_11_Meeting_Meeting_11_281.jpg,273.0,23.0,316.0,67.0,1.0,0.0,0.0,0.0,0.0,0.0,1024.0,432.0,0.0042769820601851,Male,Asian,True,Male_Asian,0.0,10
515,11--Meeting/11_Meeting_Meeting_11_Meeting_Meeting_11_281.jpg,265.0,124.0,318.0,194.0,1.0,0.0,0.0,0.0,0.0,0.0,1024.0,432.0,0.0083866825810185,Male,Asian,True,Male_Asian,0.0,10
516,11--Meeting/11_Meeting_Meeting_11_Meeting_Meeting_11_281.jpg,161.0,35.0,207.0,86.0,1.0,0.0,0.0,0.0,0.0,0.0,1024.0,432.0,0.0053032769097222,Male,Asian,True,Male_Asian,0.0,10
519,11--Meeting/11_Meeting_Meeting_11_Meeting_Meeting_11_446.jpg,584.0,100.0,708.0,264.0,0.0,0.0,1.0,0.0,0.0,0.0,1024.0,740.0,0.0268369932432432,Male,White,True,Male_White,0.0,1
537,11--Meeting/11_Meeting_Meeting_11_Meeting_Meeting_11_319.jpg,630.0,18.0,1012.0,484.0,0.0,0.0,1.0,0.0,0.0,0.0,1024.0,742.0,0.2342855037061994,Male,Black,True,Male_Black,8.0,1
538,11--Meeting/11_Meeting_Meeting_11_Meeting_Meeting_11_319.jpg,6.0,34.0,458.0,698.0,0.0,0.0,1.0,0.0,0.0,0.0,1024.0,742.0,0.3950050539083558,Male,White,True,Male_White,14.0,1
561,11--Meeting/11_Meeting_Meeting_11_Meeting_Meeting_11_114.jpg,29.0,251.0,358.0,624.0,0.0,0.0,0.0,0.0,0.0,0.0,1024.0,1327.0,0.0903095857667671,Male,White,True,Male_White,3.0,1
562,11--Meeting/11_Meeting_Meeting_11_Meeting_Meeting_11_114.jpg,547.0,176.0,871.0,492.0,0.0,0.0,0.0,0.0,0.0,0.0,1024.0,1327.0,0.0753461755840241,Male,Black,True,Male_Black,2.0,1
585,11--Meeting/11_Meeting_Meeting_11_Meeting_Meeting_11_129.jpg,186.0,90.0,248.0,218.0,0.0,0.0,0.0,0.0,0.0,0.0,1024.0,687.0,0.0112809315866084,Male,Black,True,Male_Black,0.0,1
586,11--Meeting/11_Meeting_Meeting_11_Meeting_Meeting_11_129.jpg,410.0,156.0,468.0,226.0,0.0,0.0,1.0,0.0,0.0,0.0,1024.0,687.0,0.0057712427219796,Female,White,True,Female_White,0.0,1
587,11--Meeting/11_Meeting_Meeting_11_Meeting_Meeting_11_129.jpg,656.0,138.0,718.0,218.0,0.0,0.0,0.0,0.0,0.0,0.0,1024.0,687.0,0.0070505822416302,Male,White,True,Male_White,0.0,1
588,11--Meeting/11_Meeting_Meeting_11_Meeting_Meeting_11_129.jpg,818.0,178.0,884.0,270.0,0.0,0.0,0.0,0.0,0.0,0.0,1024.0,687.0,0.0086312772925764,Female,Asian,True,Female_Asian,0.0,1
634,11--Meeting/11_Meeting_Meeting_11_Meeting_Meeting_11_393.jpg,348.0,214.0,696.0,636.0,0.0,0.0,1.0,0.0,0.0,0.0,1024.0,949.0,0.151121246048472,Male,White,True,Male_White,5.0,1
667,11--Meeting/11_Meeting_Meeting_11_Meeting_Meeting_11_233.jpg,203.0,339.0,352.0,523.0,0.0,0.0,1.0,0.0,0.0,0.0,1024.0,1388.0,0.0192892201008645,Male,Black,True,Male_Black,0.0,1
668,11--Meeting/11_Meeting_Meeting_11_Meeting_Meeting_11_233.jpg,377.0,371.0,483.0,528.0,0.0,0.0,1.0,0.0,0.0,0.0,1024.0,1388.0,0.0117088999459654,Male,White,True,Male_White,0.0,1
676,11--Meeting/11_Meeting_Meeting_11_Meeting_Meeting_11_487.jpg,14.0,123.0,329.0,608.0,0.0,0.0,1.0,0.0,0.0,0.0,1024.0,1430.0,0.1043317034527972,Male,White,True,Male_White,3.0,1
677,11--Meeting/11_Meeting_Meeting_11_Meeting_Meeting_11_487.jpg,583.0,33.0,909.0,424.0,0.0,0.0,1.0,0.0,0.0,0.0,1024.0,1430.0,0.0870479130244755,Male,Black,True,Male_Black,3.0,1
771,12--Group/12_Group_Group_12_Group_Group_12_803.jpg,414.0,336.0,536.0,472.0,1.0,1.0,1.0,0.0,0.0,0.0,1024.0,1006.0,0.016106486083499,Male,White,True,Male_White,0.0,1
776,12--Group/12_Group_Team_Organized_Group_12_Group_Team_Organized_Group_12_784.jpg,382.0,198.0,710.0,624.0,0.0,0.0,1.0,0.0,0.0,0.0,1024.0,838.0,0.1628318914081145,Female,White,True,Female_White,6.0,1
785,12--Group/12_Group_Team_Organized_Group_12_Group_Team_Organized_Group_12_539.jpg,341.0,186.0,707.0,723.0,0.0,0.0,1.0,0.0,0.0,0.0,1024.0,1268.0,0.1513687278194006,Male,White,True,Male_White,5.0,1
793,12--Group/12_Group_Team_Organized_Group_12_Group_Team_Organized_Group_12_878.jpg,444.0,441.0,528.0,522.0,1.0,0.0,0.0,0.0,1.0,0.0,1024.0,1538.0,0.0043202413849154,Male,Black,True,Male_Black,0.0,1
853,12--Group/12_Group_Group_12_Group_Group_12_324.jpg,863.0,191.0,969.0,313.0,1.0,0.0,0.0,0.0,0.0,0.0,1024.0,706.0,0.0178879691926345,Male,Black,True,Male_Black,0.0,10
854,12--Group/12_Group_Group_12_Group_Group_12_324.jpg,736.0,199.0,810.0,284.0,1.0,0.0,0.0,0.0,0.0,0.0,1024.0,706.0,0.0087005355878186,Male,Black,True,Male_Black,0.0,10
855,12--Group/12_Group_Group_12_Group_Group_12_324.jpg,578.0,245.0,627.0,309.0,1.0,0.0,0.0,0.0,0.0,0.0,1024.0,706.0,0.0043378186968838,Male,Black,True,Male_Black,0.0,10
856,12--Group/12_Group_Group_12_Group_Group_12_324.jpg,464.0,260.0,511.0,315.0,1.0,0.0,0.0,0.0,0.0,0.0,1024.0,706.0,0.0035756573123229,Male,Black,True,Male_Black,0.0,10
857,12--Group/12_Group_Group_12_Group_Group_12_324.jpg,280.0,278.0,343.0,341.0,1.0,0.0,0.0,0.0,0.0,0.0,1024.0,706.0,0.0054900517882436,Male,Black,True,Male_Black,0.0,10
858,12--Group/12_Group_Group_12_Group_Group_12_324.jpg,51.0,139.0,227.0,324.0,0.0,0.0,0.0,0.0,0.0,0.0,1024.0,706.0,0.0450380665722379,Male,Black,True,Male_Black,1.0,10
881,12--Group/12_Group_Group_12_Group_Group_12_514.jpg,691.0,153.0,748.0,232.0,1.0,0.0,0.0,0.0,0.0,0.0,1024.0,676.0,0.0065051197300295,Male,Indian,True,Male_Indian,0.0,10
882,12--Group/12_Group_Group_12_Group_Group_12_514.jpg,974.0,239.0,1024.0,297.0,1.0,0.0,0.0,0.0,0.0,0.0,1024.0,676.0,0.0041893953402366,Male,Indian,True,Male_Indian,0.0,10
883,12--Group/12_Group_Group_12_Group_Group_12_514.jpg,578.0,262.0,634.0,329.0,1.0,0.0,0.0,0.0,0.0,0.0,1024.0,676.0,0.0054202107988165,Female,Indian,True,Female_Indian,0.0,10
884,12--Group/12_Group_Group_12_Group_Group_12_514.jpg,520.0,265.0,560.0,317.0,1.0,0.0,0.0,0.0,0.0,0.0,1024.0,676.0,0.0030048076923076,Male,Indian,True,Male_Indian,0.0,10
885,12--Group/12_Group_Group_12_Group_Group_12_514.jpg,419.0,245.0,465.0,295.0,1.0,0.0,0.0,0.0,0.0,0.0,1024.0,676.0,0.0033226238905325,Male,Indian,True,Male_Indian,0.0,10
886,12--Group/12_Group_Group_12_Group_Group_12_514.jpg,344.0,178.0,396.0,240.0,1.0,0.0,0.0,0.0,0.0,0.0,1024.0,676.0,0.0046574519230769,Female,Indian,True,Female_Indian,0.0,10
887,12--Group/12_Group_Group_12_Group_Group_12_514.jpg,164.0,182.0,232.0,261.0,1.0,0.0,0.0,0.0,0.0,0.0,1024.0,676.0,0.0077604937130177,Male,Indian,True,Male_Indian,0.0,10
911,12--Group/12_Group_Group_12_Group_Group_12_192.jpg,26.0,84.0,198.0,320.0,0.0,0.0,1.0,0.0,0.0,0.0,1024.0,635.0,0.0624261811023622,Male,Black,True,Male_Black,2.0,10
912,12--Group/12_Group_Group_12_Group_Group_12_192.jpg,300.0,190.0,394.0,310.0,0.0,0.0,0.0,0.0,0.0,0.0,1024.0,635.0,0.0173474409448818,Female,Black,True,Female_Black,0.0,10
913,12--Group/12_Group_Group_12_Group_Group_12_192.jpg,468.0,182.0,552.0,308.0,0.0,0.0,1.0,0.0,0.0,0.0,1024.0,635.0,0.0162770669291338,Male,Black,True,Male_Black,0.0,10
914,12--Group/12_Group_Group_12_Group_Group_12_192.jpg,716.0,198.0,800.0,300.0,0.0,0.0,1.0,0.0,0.0,0.0,1024.0,635.0,0.0131766732283464,Male,Black,True,Male_Black,0.0,10
915,12--Group/12_Group_Group_12_Group_Group_12_192.jpg,784.0,150.0,902.0,334.0,0.0,0.0,0.0,0.0,0.0,0.0,1024.0,635.0,0.033390748031496,Male,Black,True,Male_Black,1.0,10
989,12--Group/12_Group_Large_Group_12_Group_Large_Group_12_914.jpg,330.0,254.0,548.0,498.0,0.0,0.0,1.0,0.0,0.0,0.0,1024.0,1024.0,0.0507278442382812,Male,White,True,Male_White,1.0,1
1008,12--Group/12_Group_Team_Organized_Group_12_Group_Team_Organized_Group_12_358.jpg,164.0,190.0,226.0,268.0,1.0,0.0,0.0,0.0,0.0,0.0,1024.0,685.0,0.0068943886861313,Male,Indian,True,Male_Indian,0.0,1
1009,12--Group/12_Group_Team_Organized_Group_12_Group_Team_Organized_Group_12_358.jpg,428.0,238.0,500.0,336.0,0.0,0.0,0.0,0.0,0.0,1.0,1024.0,685.0,0.010059306569343,Male,Indian,True,Male_Indian,0.0,1
1010,12--Group/12_Group_Team_Organized_Group_12_Group_Team_Organized_Group_12_358.jpg,800.0,88.0,886.0,186.0,0.0,0.0,1.0,0.0,0.0,0.0,1024.0,685.0,0.0120152828467153,Male,Indian,True,Male_Indian,0.0,1
1011,12--Group/12_Group_Team_Organized_Group_12_Group_Team_Organized_Group_12_358.jpg,942.0,86.0,1002.0,164.0,1.0,0.0,0.0,0.0,0.0,1.0,1024.0,685.0,0.0066719890510948,Male,Indian,True,Male_Indian,0.0,1
1012,12--Group/12_Group_Team_Organized_Group_12_Group_Team_Organized_Group_12_328.jpg,12.0,16.0,324.0,462.0,0.0,0.0,1.0,0.0,0.0,0.0,1024.0,491.0,0.276762983706721,Female,White,True,Female_White,10.0,1
1013,12--Group/12_Group_Team_Organized_Group_12_Group_Team_Organized_Group_12_328.jpg,326.0,2.0,638.0,442.0,0.0,0.0,0.0,0.0,0.0,0.0,1024.0,491.0,0.2730397148676171,Female,Black,True,Female_Black,10.0,1
1048,12--Group/12_Group_Team_Organized_Group_12_Group_Team_Organized_Group_12_395.jpg,627.0,134.0,680.0,189.0,1.0,0.0,0.0,0.0,0.0,1.0,1024.0,576.0,0.004942152235243,Male,Indian,True,Male_Indian,0.0,10
1049,12--Group/12_Group_Team_Organized_Group_12_Group_Team_Organized_Group_12_395.jpg,746.0,440.0,815.0,576.0,1.0,0.0,0.0,0.0,0.0,1.0,1024.0,576.0,0.0159098307291666,Male,Indian,True,Male_Indian,0.0,10
1050,12--Group/12_Group_Team_Organized_Group_12_Group_Team_Organized_Group_12_395.jpg,433.0,321.0,479.0,367.0,1.0,0.0,0.0,0.0,0.0,0.0,1024.0,576.0,0.0035875108506944,Female,Indian,True,Female_Indian,0.0,10
1051,12--Group/12_Group_Team_Organized_Group_12_Group_Team_Organized_Group_12_395.jpg,288.0,294.0,341.0,358.0,0.0,0.0,0.0,0.0,0.0,1.0,1024.0,576.0,0.0057508680555555,Male,Indian,True,Male_Indian,0.0,10
1053,12--Group/12_Group_Team_Organized_Group_12_Group_Team_Organized_Group_12_203.jpg,40.0,175.0,77.0,223.0,1.0,0.0,0.0,0.0,0.0,0.0,1024.0,681.0,0.0025468061674008,Male,Indian,True,Male_Indian,0.0,10
1054,12--Group/12_Group_Team_Organized_Group_12_Group_Team_Organized_Group_12_203.jpg,141.0,184.0,179.0,229.0,1.0,0.0,0.0,0.0,0.0,0.0,1024.0,681.0,0.0024521613436123,Male,Indian,True,Male_Indian,0.0,10
1055,12--Group/12_Group_Team_Organized_Group_12_Group_Team_Organized_Group_12_203.jpg,300.0,102.0,334.0,147.0,1.0,0.0,0.0,0.0,0.0,0.0,1024.0,681.0,0.0021940390969162,Male,Indian,True,Male_Indian,0.0,10
1056,12--Group/12_Group_Team_Organized_Group_12_Group_Team_Organized_Group_12_203.jpg,278.0,150.0,316.0,201.0,1.0,0.0,0.0,0.0,0.0,0.0,1024.0,681.0,0.0027791161894273,Male,Indian,True,Male_Indian,0.0,10
1057,12--Group/12_Group_Team_Organized_Group_12_Group_Team_Organized_Group_12_203.jpg,359.0,184.0,396.0,231.0,1.0,0.0,0.0,0.0,0.0,0.0,1024.0,681.0,0.00249374770558,Male,Indian,True,Male_Indian,0.0,10
1058,12--Group/12_Group_Team_Organized_Group_12_Group_Team_Organized_Group_12_203.jpg,372.0,85.0,404.0,131.0,1.0,0.0,0.0,0.0,0.0,0.0,1024.0,681.0,0.0021108663729809,Male,Indian,True,Male_Indian,0.0,10
1059,12--Group/12_Group_Team_Organized_Group_12_Group_Team_Organized_Group_12_203.jpg,398.0,130.0,435.0,181.0,1.0,0.0,0.0,0.0,0.0,0.0,1024.0,681.0,0.0027059815528634,Male,Indian,True,Male_Indian,0.0,10
1060,12--Group/12_Group_Team_Organized_Group_12_Group_Team_Organized_Group_12_203.jpg,442.0,86.0,470.0,127.0,1.0,0.0,0.0,0.0,0.0,0.0,1024.0,681.0,0.001646246328928,Male,Indian,True,Male_Indian,0.0,10
1061,12--Group/12_Group_Team_Organized_Group_12_Group_Team_Organized_Group_12_203.jpg,505.0,114.0,540.0,166.0,1.0,0.0,0.0,0.0,0.0,0.0,1024.0,681.0,0.0026099027165932,Male,Indian,True,Male_Indian,0.0,10
1062,12--Group/12_Group_Team_Organized_Group_12_Group_Team_Organized_Group_12_203.jpg,460.0,155.0,500.0,207.0,1.0,0.0,0.0,0.0,0.0,0.0,1024.0,681.0,0.0029827459618208,Male,Indian,True,Male_Indian,0.0,10
1063,12--Group/12_Group_Team_Organized_Group_12_Group_Team_Organized_Group_12_203.jpg,543.0,97.0,573.0,134.0,1.0,0.0,0.0,0.0,0.0,0.0,1024.0,681.0,0.0015917538546255,Male,Indian,True,Male_Indian,0.0,10
1064,12--Group/12_Group_Team_Organized_Group_12_Group_Team_Organized_Group_12_203.jpg,564.0,160.0,602.0,214.0,1.0,0.0,0.0,0.0,0.0,0.0,1024.0,681.0,0.0029425936123348,Male,Indian,True,Male_Indian,0.0,10
1065,12--Group/12_Group_Team_Organized_Group_12_Group_Team_Organized_Group_12_203.jpg,576.0,78.0,605.0,117.0,1.0,0.0,0.0,0.0,0.0,0.0,1024.0,681.0,0.00162186811674,Male,Indian,True,Male_Indian,0.0,10
1066,12--Group/12_Group_Team_Organized_Group_12_Group_Team_Organized_Group_12_203.jpg,549.0,209.0,588.0,266.0,1.0,0.0,0.0,0.0,0.0,0.0,1024.0,681.0,0.003187809746696,Female,Indian,True,Female_Indian,0.0,10
1067,12--Group/12_Group_Team_Organized_Group_12_Group_Team_Organized_Group_12_203.jpg,612.0,68.0,647.0,115.0,1.0,0.0,0.0,0.0,0.0,0.0,1024.0,681.0,0.0023589505323054,Male,Indian,True,Male_Indian,0.0,10
1068,12--Group/12_Group_Team_Organized_Group_12_Group_Team_Organized_Group_12_203.jpg,612.0,129.0,647.0,177.0,1.0,0.0,0.0,0.0,0.0,0.0,1024.0,681.0,0.0024091409691629,Male,Indian,True,Male_Indian,0.0,10
1069,12--Group/12_Group_Team_Organized_Group_12_Group_Team_Organized_Group_12_203.jpg,668.0,141.0,712.0,193.0,1.0,0.0,0.0,0.0,0.0,0.0,1024.0,681.0,0.0032810205580029,Male,Indian,True,Male_Indian,0.0,10
1070,12--Group/12_Group_Team_Organized_Group_12_Group_Team_Organized_Group_12_203.jpg,669.0,61.0,699.0,101.0,1.0,0.0,0.0,0.0,0.0,0.0,1024.0,681.0,0.0017208149779735,Male,Indian,True,Male_Indian,0.0,10
1071,12--Group/12_Group_Team_Organized_Group_12_Group_Team_Organized_Group_12_203.jpg,710.0,91.0,743.0,133.0,1.0,0.0,0.0,0.0,0.0,0.0,1024.0,681.0,0.0019875412995594,Male,Indian,True,Male_Indian,0.0,10
1072,12--Group/12_Group_Team_Organized_Group_12_Group_Team_Organized_Group_12_203.jpg,682.0,235.0,722.0,289.0,1.0,0.0,0.0,0.0,0.0,0.0,1024.0,681.0,0.0030974669603524,Female,Indian,True,Female_Indian,0.0,10
1073,12--Group/12_Group_Team_Organized_Group_12_Group_Team_Organized_Group_12_203.jpg,756.0,73.0,788.0,112.0,1.0,0.0,0.0,0.0,0.0,0.0,1024.0,681.0,0.0017896475770925,Male,Indian,True,Male_Indian,0.0,10
1074,12--Group/12_Group_Team_Organized_Group_12_Group_Team_Organized_Group_12_203.jpg,777.0,107.0,819.0,154.0,1.0,0.0,0.0,0.0,1.0,0.0,1024.0,681.0,0.0028307406387665,Male,Indian,True,Male_Indian,0.0,10
1075,12--Group/12_Group_Team_Organized_Group_12_Group_Team_Organized_Group_12_203.jpg,771.0,146.0,810.0,197.0,1.0,0.0,0.0,0.0,0.0,0.0,1024.0,681.0,0.0028522508259911,Male,Indian,True,Male_Indian,0.0,10
1076,12--Group/12_Group_Team_Organized_Group_12_Group_Team_Organized_Group_12_203.jpg,846.0,96.0,882.0,139.0,1.0,0.0,0.0,0.0,0.0,0.0,1024.0,681.0,0.0022198513215859,Male,Indian,True,Male_Indian,0.0,10
1077,12--Group/12_Group_Team_Organized_Group_12_Group_Team_Organized_Group_12_203.jpg,905.0,84.0,936.0,122.0,1.0,0.0,0.0,0.0,0.0,0.0,1024.0,681.0,0.0016892667033773,Male,Indian,True,Male_Indian,0.0,10
1078,12--Group/12_Group_Team_Organized_Group_12_Group_Team_Organized_Group_12_203.jpg,895.0,172.0,937.0,223.0,1.0,0.0,0.0,0.0,0.0,0.0,1024.0,681.0,0.0030716547356828,Male,Indian,True,Male_Indian,0.0,10
1143,12--Group/12_Group_Group_12_Group_Group_12_774.jpg,234.0,128.0,558.0,500.0,0.0,0.0,1.0,0.0,0.0,1.0,1024.0,683.0,0.1723325402635432,Male,White,True,Male_White,6.0,1
1150,12--Group/12_Group_Team_Organized_Group_12_Group_Team_Organized_Group_12_905.jpg,174.0,153.0,608.0,686.0,0.0,0.0,0.0,0.0,0.0,0.0,1024.0,1171.0,0.1929123745730145,Female,White,True,Female_White,7.0,1
1222,12--Group/12_Group_Group_12_Group_Group_12_839.jpg,40.0,112.0,240.0,398.0,0.0,0.0,0.0,0.0,0.0,0.0,1024.0,974.0,0.0573504876796714,Male,Black,True,Male_Black,2.0,10
1223,12--Group/12_Group_Group_12_Group_Group_12_839.jpg,560.0,190.0,772.0,440.0,0.0,0.0,0.0,0.0,0.0,0.0,1024.0,974.0,0.0531394378850102,Female,Black,True,Female_Black,1.0,10
1224,12--Group/12_Group_Group_12_Group_Group_12_839.jpg,710.0,58.0,948.0,370.0,0.0,0.0,1.0,0.0,0.0,0.0,1024.0,974.0,0.0744513603696098,Male,Black,True,Male_Black,2.0,10
1257,12--Group/12_Group_Group_12_Group_Group_12_649.jpg,789.0,76.0,830.0,120.0,0.0,0.0,0.0,0.0,0.0,0.0,1024.0,640.0,0.002752685546875,Female,Asian,True,Female_Asian,0.0,10
1258,12--Group/12_Group_Group_12_Group_Group_12_649.jpg,694.0,194.0,738.0,255.0,0.0,0.0,0.0,0.0,0.0,0.0,1024.0,640.0,0.004095458984375,Female,Asian,True,Female_Asian,0.0,10
1259,12--Group/12_Group_Group_12_Group_Group_12_649.jpg,667.0,78.0,707.0,125.0,0.0,0.0,0.0,0.0,0.0,0.0,1024.0,640.0,0.00286865234375,Female,Asian,True,Female_Asian,0.0,10
1260,12--Group/12_Group_Group_12_Group_Group_12_649.jpg,548.0,207.0,593.0,259.0,0.0,0.0,0.0,0.0,0.0,0.0,1024.0,640.0,0.003570556640625,Female,Asian,True,Female_Asian,0.0,10
1261,12--Group/12_Group_Group_12_Group_Group_12_649.jpg,481.0,92.0,522.0,139.0,0.0,0.0,0.0,0.0,0.0,0.0,1024.0,640.0,0.0029403686523437,Female,Asian,True,Female_Asian,0.0,10
1262,12--Group/12_Group_Group_12_Group_Group_12_649.jpg,346.0,67.0,392.0,116.0,0.0,0.0,0.0,0.0,0.0,0.0,1024.0,640.0,0.0034393310546875,Female,Asian,True,Female_Asian,0.0,10
1263,12--Group/12_Group_Group_12_Group_Group_12_649.jpg,215.0,67.0,262.0,113.0,0.0,0.0,0.0,0.0,0.0,0.0,1024.0,640.0,0.0032989501953125,Female,Asian,True,Female_Asian,0.0,10
1264,12--Group/12_Group_Group_12_Group_Group_12_649.jpg,234.0,181.0,293.0,247.0,0.0,0.0,0.0,0.0,0.0,0.0,1024.0,640.0,0.0059417724609375,Female,Asian,True,Female_Asian,0.0,10
1265,12--Group/12_Group_Group_12_Group_Group_12_649.jpg,435.0,201.0,485.0,265.0,0.0,0.0,0.0,0.0,0.0,0.0,1024.0,640.0,0.0048828125,Female,Asian,True,Female_Asian,0.0,10
1266,12--Group/12_Group_Team_Organized_Group_12_Group_Team_Organized_Group_12_507.jpg,404.0,458.0,508.0,582.0,1.0,0.0,0.0,0.0,0.0,0.0,1024.0,1407.0,0.0089507818052594,Male,White,True,Male_White,0.0,1
1267,12--Group/12_Group_Team_Organized_Group_12_Group_Team_Organized_Group_12_507.jpg,428.0,294.0,491.0,390.0,1.0,0.0,0.0,0.0,0.0,0.0,1024.0,1407.0,0.0041977611940298,Female,Black,True,Female_Black,0.0,1
1268,12--Group/12_Group_Team_Organized_Group_12_Group_Team_Organized_Group_12_507.jpg,681.0,222.0,780.0,326.0,1.0,0.0,0.0,0.0,0.0,0.0,1024.0,1407.0,0.0071461886993603,Male,White,True,Male_White,0.0,1
1269,12--Group/12_Group_Team_Organized_Group_12_Group_Team_Organized_Group_12_507.jpg,695.0,505.0,786.0,604.0,0.0,0.0,0.0,0.0,0.0,0.0,1024.0,1407.0,0.0062529151119402,Female,Asian,True,Female_Asian,0.0,1
1524,12--Group/12_Group_Group_12_Group_Group_12_86.jpg,142.0,92.0,228.0,186.0,0.0,0.0,0.0,0.0,0.0,0.0,1024.0,686.0,0.0115080630466472,Male,Black,True,Male_Black,0.0,10
1525,12--Group/12_Group_Group_12_Group_Group_12_86.jpg,326.0,124.0,392.0,212.0,0.0,0.0,0.0,0.0,0.0,0.0,1024.0,686.0,0.0082680393586005,Male,Black,True,Male_Black,0.0,10
1526,12--Group/12_Group_Group_12_Group_Group_12_86.jpg,430.0,150.0,498.0,246.0,0.0,0.0,1.0,0.0,0.0,0.0,1024.0,686.0,0.0092930029154518,Female,Black,True,Female_Black,0.0,10
1527,12--Group/12_Group_Group_12_Group_Group_12_86.jpg,500.0,180.0,578.0,268.0,0.0,0.0,1.0,0.0,0.0,0.0,1024.0,686.0,0.0097713192419825,Male,Black,True,Male_Black,0.0,10
1528,12--Group/12_Group_Group_12_Group_Group_12_86.jpg,650.0,110.0,722.0,208.0,0.0,0.0,1.0,0.0,0.0,0.0,1024.0,686.0,0.0100446428571428,Male,Black,True,Male_Black,0.0,10
1529,12--Group/12_Group_Group_12_Group_Group_12_86.jpg,826.0,86.0,916.0,206.0,0.0,0.0,1.0,0.0,0.0,0.0,1024.0,686.0,0.0153744533527696,Male,Black,True,Male_Black,0.0,10
1612,12--Group/12_Group_Group_12_Group_Group_12_802.jpg,264.0,168.0,330.0,246.0,1.0,0.0,0.0,0.0,0.0,0.0,1024.0,894.0,0.0056234270134228,Male,Black,True,Male_Black,0.0,10
1613,12--Group/12_Group_Group_12_Group_Group_12_802.jpg,350.0,124.0,412.0,204.0,1.0,0.0,0.0,0.0,0.0,0.0,1024.0,894.0,0.0054180648769574,Male,Black,True,Male_Black,0.0,10
1614,12--Group/12_Group_Group_12_Group_Group_12_802.jpg,556.0,148.0,620.0,240.0,1.0,0.0,0.0,0.0,0.0,0.0,1024.0,894.0,0.0064317673378076,Male,Black,True,Male_Black,0.0,10
1615,12--Group/12_Group_Group_12_Group_Group_12_802.jpg,736.0,122.0,800.0,204.0,1.0,0.0,0.0,0.0,0.0,0.0,1024.0,894.0,0.0057326621923937,Male,Black,True,Male_Black,0.0,10
1639,12--Group/12_Group_Team_Organized_Group_12_Group_Team_Organized_Group_12_806.jpg,328.0,114.0,412.0,206.0,0.0,0.0,0.0,0.0,1.0,0.0,1024.0,601.0,0.0125571963394342,Male,White,True,Male_White,0.0,1
1668,12--Group/12_Group_Team_Organized_Group_12_Group_Team_Organized_Group_12_1001.jpg,352.0,229.0,382.0,277.0,0.0,0.0,0.0,0.0,1.0,0.0,1024.0,683.0,0.0020589311859443,Male,Indian,True,Male_Indian,0.0,1
1669,12--Group/12_Group_Team_Organized_Group_12_Group_Team_Organized_Group_12_1001.jpg,518.0,267.0,552.0,307.0,0.0,0.0,0.0,0.0,1.0,0.0,1024.0,683.0,0.0019445461200585,Male,Indian,True,Male_Indian,0.0,1
1670,12--Group/12_Group_Team_Organized_Group_12_Group_Team_Organized_Group_12_1001.jpg,629.0,259.0,662.0,303.0,0.0,0.0,0.0,0.0,1.0,0.0,1024.0,683.0,0.0020760889458272,Male,Indian,True,Male_Indian,0.0,1
1672,12--Group/12_Group_Team_Organized_Group_12_Group_Team_Organized_Group_12_702.jpg,220.0,156.0,358.0,328.0,0.0,0.0,1.0,0.0,0.0,0.0,1024.0,769.0,0.0301426365409622,Male,White,True,Male_White,1.0,1
1756,12--Group/12_Group_Large_Group_12_Group_Large_Group_12_244.jpg,217.0,343.0,322.0,491.0,0.0,0.0,0.0,0.0,0.0,0.0,1024.0,1586.0,0.0095685884300126,Female,Asian,True,Female_Asian,0.0,1
1757,12--Group/12_Group_Large_Group_12_Group_Large_Group_12_244.jpg,362.0,241.0,455.0,393.0,0.0,0.0,0.0,0.0,0.0,0.0,1024.0,1586.0,0.0087040904791929,Female,White,True,Female_White,0.0,1
1758,12--Group/12_Group_Large_Group_12_Group_Large_Group_12_244.jpg,473.0,415.0,572.0,529.0,0.0,0.0,0.0,0.0,0.0,0.0,1024.0,1586.0,0.0069492335277427,Female,Asian,True,Female_Asian,0.0,1
1759,12--Group/12_Group_Large_Group_12_Group_Large_Group_12_244.jpg,473.0,603.0,575.0,730.0,0.0,0.0,0.0,0.0,0.0,0.0,1024.0,1586.0,0.007976286648802,Female,Asian,True,Female_Asian,0.0,1
1760,12--Group/12_Group_Large_Group_12_Group_Large_Group_12_244.jpg,374.0,820.0,485.0,944.0,0.0,0.0,0.0,0.0,0.0,0.0,1024.0,1586.0,0.0084750354665825,Female,Asian,True,Female_Asian,0.0,1
1761,12--Group/12_Group_Group_12_Group_Group_12_132.jpg,158.0,69.0,211.0,148.0,0.0,0.0,0.0,0.0,0.0,0.0,1024.0,551.0,0.0074208115925589,Male,White,True,Male_White,0.0,1
1762,12--Group/12_Group_Group_12_Group_Group_12_132.jpg,356.0,82.0,411.0,143.0,0.0,0.0,0.0,0.0,0.0,0.0,1024.0,551.0,0.0059462199410163,Female,Asian,True,Female_Asian,0.0,1
1763,12--Group/12_Group_Group_12_Group_Group_12_132.jpg,512.0,144.0,571.0,218.0,0.0,0.0,0.0,0.0,0.0,1.0,1024.0,551.0,0.0077380614791288,Female,Asian,True,Female_Asian,0.0,1
1764,12--Group/12_Group_Group_12_Group_Group_12_132.jpg,697.0,72.0,748.0,147.0,0.0,0.0,0.0,0.0,0.0,0.0,1024.0,551.0,0.0067792224364791,Female,Asian,True,Female_Asian,0.0,1
1765,12--Group/12_Group_Group_12_Group_Group_12_132.jpg,819.0,165.0,857.0,229.0,1.0,0.0,0.0,0.0,0.0,1.0,1024.0,551.0,0.0043103448275862,Female,Asian,True,Female_Asian,0.0,1
1766,12--Group/12_Group_Group_12_Group_Group_12_132.jpg,202.0,252.0,271.0,306.0,1.0,0.0,0.0,0.0,0.0,1.0,1024.0,551.0,0.0066037602087114,Male,Asian,True,Male_Asian,0.0,1
1767,12--Group/12_Group_Group_12_Group_Group_12_132.jpg,171.0,249.0,213.0,315.0,1.0,0.0,0.0,0.0,0.0,1.0,1024.0,551.0,0.0049129423774954,Female,Asian,True,Female_Asian,0.0,1
1793,12--Group/12_Group_Group_12_Group_Group_12_221.jpg,235.0,197.0,702.0,784.0,0.0,0.0,0.0,0.0,0.0,0.0,1024.0,1366.0,0.1959766482887994,Female,Asian,True,Female_Asian,7.0,1
1795,12--Group/12_Group_Team_Organized_Group_12_Group_Team_Organized_Group_12_502.jpg,432.0,152.0,762.0,594.0,0.0,0.0,1.0,0.0,0.0,0.0,1024.0,1024.0,0.1391029357910156,Female,White,True,Female_White,5.0,1
1796,12--Group/12_Group_Team_Organized_Group_12_Group_Team_Organized_Group_12_502.jpg,20.0,140.0,100.0,288.0,0.0,0.0,1.0,0.0,0.0,0.0,1024.0,1024.0,0.01129150390625,Female,Asian,True,Female_Asian,0.0,1
1827,12--Group/12_Group_Team_Organized_Group_12_Group_Team_Organized_Group_12_938.jpg,228.0,202.0,430.0,488.0,0.0,0.0,1.0,0.0,0.0,0.0,1024.0,820.0,0.0688024009146341,Male,Indian,True,Male_Indian,2.0,1
1830,12--Group/12_Group_Team_Organized_Group_12_Group_Team_Organized_Group_12_828.jpg,702.0,20.0,830.0,132.0,0.0,0.0,0.0,0.0,0.0,1.0,1024.0,576.0,0.0243055555555555,Male,White,True,Male_White,0.0,1
1862,12--Group/12_Group_Large_Group_12_Group_Large_Group_12_788.jpg,30.0,198.0,142.0,482.0,0.0,0.0,0.0,0.0,0.0,0.0,1024.0,1024.0,0.03033447265625,Male,Black,True,Male_Black,1.0,10
1863,12--Group/12_Group_Large_Group_12_Group_Large_Group_12_788.jpg,178.0,318.0,270.0,428.0,0.0,0.0,0.0,0.0,0.0,0.0,1024.0,1024.0,0.0096511840820312,Male,Black,True,Male_Black,0.0,10
1864,12--Group/12_Group_Large_Group_12_Group_Large_Group_12_788.jpg,280.0,208.0,338.0,278.0,0.0,0.0,0.0,0.0,0.0,0.0,1024.0,1024.0,0.0038719177246093,Male,Black,True,Male_Black,0.0,10
1865,12--Group/12_Group_Large_Group_12_Group_Large_Group_12_788.jpg,418.0,222.0,602.0,408.0,0.0,0.0,1.0,0.0,0.0,0.0,1024.0,1024.0,0.0326385498046875,Male,Black,True,Male_Black,1.0,10
1866,12--Group/12_Group_Large_Group_12_Group_Large_Group_12_788.jpg,646.0,224.0,716.0,314.0,0.0,0.0,1.0,0.0,0.0,0.0,1024.0,1024.0,0.0060081481933593,Male,Black,True,Male_Black,0.0,10
1867,12--Group/12_Group_Large_Group_12_Group_Large_Group_12_788.jpg,772.0,296.0,846.0,394.0,0.0,0.0,1.0,0.0,0.0,0.0,1024.0,1024.0,0.0069160461425781,Male,Black,True,Male_Black,0.0,10
1868,12--Group/12_Group_Large_Group_12_Group_Large_Group_12_788.jpg,838.0,234.0,994.0,430.0,0.0,0.0,1.0,0.0,0.0,0.0,1024.0,1024.0,0.0291595458984375,Male,Black,True,Male_Black,1.0,10
1992,12--Group/12_Group_Large_Group_12_Group_Large_Group_12_721.jpg,458.0,412.0,526.0,498.0,0.0,0.0,1.0,0.0,0.0,0.0,1024.0,818.0,0.006981586185819,Male,White,True,Male_White,0.0,1
1993,12--Group/12_Group_Team_Organized_Group_12_Group_Team_Organized_Group_12_841.jpg,285.0,232.0,594.0,645.0,0.0,0.0,1.0,0.0,0.0,0.0,1024.0,1366.0,0.0912342434571742,Female,White,True,Female_White,3.0,1
2015,12--Group/12_Group_Team_Organized_Group_12_Group_Team_Organized_Group_12_178.jpg,80.0,189.0,117.0,238.0,1.0,0.0,0.0,0.0,0.0,0.0,1024.0,683.0,0.0025922515556368,Female,Asian,True,Female_Asian,0.0,10
2016,12--Group/12_Group_Team_Organized_Group_12_Group_Team_Organized_Group_12_178.jpg,141.0,189.0,176.0,235.0,1.0,0.0,0.0,0.0,0.0,0.0,1024.0,683.0,0.0023019994509516,Female,Asian,True,Female_Asian,0.0,10
2017,12--Group/12_Group_Team_Organized_Group_12_Group_Team_Organized_Group_12_178.jpg,236.0,192.0,270.0,237.0,1.0,0.0,0.0,0.0,0.0,0.0,1024.0,683.0,0.0021876143850658,Female,Asian,True,Female_Asian,0.0,10
2018,12--Group/12_Group_Team_Organized_Group_12_Group_Team_Organized_Group_12_178.jpg,325.0,191.0,360.0,238.0,1.0,0.0,0.0,0.0,0.0,0.0,1024.0,683.0,0.0023520429172767,Female,Asian,True,Female_Asian,0.0,10
2019,12--Group/12_Group_Team_Organized_Group_12_Group_Team_Organized_Group_12_178.jpg,395.0,207.0,436.0,256.0,1.0,0.0,0.0,0.0,0.0,0.0,1024.0,683.0,0.0028724949670571,Male,Asian,True,Male_Asian,0.0,10
2020,12--Group/12_Group_Team_Organized_Group_12_Group_Team_Organized_Group_12_178.jpg,489.0,204.0,528.0,258.0,1.0,0.0,0.0,0.0,0.0,0.0,1024.0,683.0,0.0030111868594436,Male,Asian,True,Male_Asian,0.0,10
2021,12--Group/12_Group_Team_Organized_Group_12_Group_Team_Organized_Group_12_178.jpg,588.0,202.0,629.0,253.0,1.0,0.0,0.0,0.0,0.0,0.0,1024.0,683.0,0.00298973965959,Male,Asian,True,Male_Asian,0.0,10
2022,12--Group/12_Group_Team_Organized_Group_12_Group_Team_Organized_Group_12_178.jpg,695.0,199.0,730.0,245.0,1.0,0.0,0.0,0.0,0.0,0.0,1024.0,683.0,0.0023019994509516,Female,Asian,True,Female_Asian,0.0,10
2023,12--Group/12_Group_Team_Organized_Group_12_Group_Team_Organized_Group_12_178.jpg,758.0,196.0,793.0,244.0,1.0,0.0,0.0,0.0,0.0,0.0,1024.0,683.0,0.0024020863836017,Female,Asian,True,Female_Asian,0.0,10
2024,12--Group/12_Group_Team_Organized_Group_12_Group_Team_Organized_Group_12_178.jpg,827.0,175.0,862.0,221.0,1.0,0.0,0.0,0.0,0.0,0.0,1024.0,683.0,0.0023019994509516,Female,Asian,True,Female_Asian,0.0,10
2025,12--Group/12_Group_Team_Organized_Group_12_Group_Team_Organized_Group_12_178.jpg,925.0,172.0,967.0,228.0,1.0,0.0,0.0,0.0,0.0,0.0,1024.0,683.0,0.0033629209370424,Female,Asian,True,Female_Asian,0.0,10
2033,12--Group/12_Group_Large_Group_12_Group_Large_Group_12_488.jpg,158.0,194.0,208.0,260.0,1.0,0.0,0.0,0.0,0.0,0.0,1024.0,768.0,0.0041961669921875,Male,Black,True,Male_Black,0.0,10
2034,12--Group/12_Group_Large_Group_12_Group_Large_Group_12_488.jpg,254.0,222.0,300.0,278.0,1.0,0.0,0.0,0.0,0.0,0.0,1024.0,768.0,0.0032755533854166,Male,Black,True,Male_Black,0.0,10
2035,12--Group/12_Group_Large_Group_12_Group_Large_Group_12_488.jpg,542.0,217.0,580.0,263.0,1.0,0.0,0.0,0.0,0.0,0.0,1024.0,768.0,0.0022226969401041,Male,Black,True,Male_Black,0.0,10
2036,12--Group/12_Group_Large_Group_12_Group_Large_Group_12_488.jpg,642.0,195.0,683.0,250.0,1.0,0.0,0.0,0.0,0.0,0.0,1024.0,768.0,0.0028673807779947,Male,Black,True,Male_Black,0.0,10
2037,12--Group/12_Group_Large_Group_12_Group_Large_Group_12_488.jpg,802.0,193.0,853.0,252.0,1.0,0.0,0.0,0.0,0.0,0.0,1024.0,768.0,0.0038261413574218,Male,Black,True,Male_Black,0.0,10
2040,12--Group/12_Group_Large_Group_12_Group_Large_Group_12_904.jpg,26.0,226.0,78.0,300.0,1.0,0.0,0.0,0.0,0.0,0.0,1024.0,768.0,0.0048929850260416,Male,Asian,True,Male_Asian,0.0,10
2041,12--Group/12_Group_Large_Group_12_Group_Large_Group_12_904.jpg,214.0,284.0,284.0,358.0,1.0,0.0,0.0,0.0,0.0,1.0,1024.0,768.0,0.0065867106119791,Male,Asian,True,Male_Asian,0.0,10
2042,12--Group/12_Group_Large_Group_12_Group_Large_Group_12_904.jpg,344.0,298.0,410.0,376.0,1.0,0.0,0.0,0.0,0.0,0.0,1024.0,768.0,0.0065460205078125,Male,Asian,True,Male_Asian,0.0,10
2043,12--Group/12_Group_Large_Group_12_Group_Large_Group_12_904.jpg,636.0,240.0,700.0,314.0,0.0,0.0,0.0,0.0,0.0,0.0,1024.0,768.0,0.0060221354166666,Male,Asian,True,Male_Asian,0.0,10
2048,12--Group/12_Group_Team_Organized_Group_12_Group_Team_Organized_Group_12_350.jpg,466.0,366.0,576.0,550.0,0.0,0.0,1.0,0.0,0.0,0.0,1024.0,1016.0,0.0194543553149606,Female,White,True,Female_White,0.0,1
2057,12--Group/12_Group_Group_12_Group_Group_12_513.jpg,863.0,83.0,908.0,126.0,1.0,0.0,1.0,0.0,0.0,0.0,1024.0,651.0,0.0029026857718894,Female,Asian,True,Female_Asian,0.0,1
2058,12--Group/12_Group_Group_12_Group_Group_12_513.jpg,734.0,110.0,775.0,156.0,1.0,0.0,1.0,0.0,0.0,0.0,1024.0,651.0,0.0028291810675883,Female,Asian,True,Female_Asian,0.0,1
2059,12--Group/12_Group_Group_12_Group_Group_12_513.jpg,577.0,67.0,620.0,121.0,1.0,0.0,1.0,0.0,0.0,0.0,1024.0,651.0,0.0034832229262672,Female,Asian,True,Female_Asian,0.0,1
2060,12--Group/12_Group_Group_12_Group_Group_12_513.jpg,455.0,73.0,501.0,130.0,1.0,0.0,1.0,0.0,0.0,0.0,1024.0,651.0,0.0039332517281105,Female,Asian,True,Female_Asian,0.0,1
2061,12--Group/12_Group_Group_12_Group_Group_12_513.jpg,327.0,48.0,371.0,104.0,1.0,0.0,1.0,0.0,0.0,0.0,1024.0,651.0,0.0036962365591397,Female,Asian,True,Female_Asian,0.0,1
2062,12--Group/12_Group_Group_12_Group_Group_12_513.jpg,193.0,76.0,242.0,132.0,1.0,0.0,1.0,0.0,0.0,0.0,1024.0,651.0,0.0041162634408602,Female,Asian,True,Female_Asian,0.0,1
2063,12--Group/12_Group_Group_12_Group_Group_12_513.jpg,132.0,62.0,176.0,117.0,1.0,0.0,1.0,0.0,0.0,0.0,1024.0,651.0,0.0036302323348694,Female,Asian,True,Female_Asian,0.0,1
2089,12--Group/12_Group_Team_Organized_Group_12_Group_Team_Organized_Group_12_497.jpg,269.0,89.0,323.0,163.0,1.0,1.0,0.0,0.0,0.0,0.0,1024.0,549.0,0.007108094262295,Male,White,True,Male_White,0.0,1
2098,12--Group/12_Group_Large_Group_12_Group_Large_Group_12_391.jpg,167.0,170.0,295.0,346.0,0.0,0.0,0.0,0.0,0.0,0.0,1024.0,1429.0,0.0153953813855843,Female,Asian,True,Female_Asian,0.0,10
2099,12--Group/12_Group_Large_Group_12_Group_Large_Group_12_391.jpg,441.0,198.0,578.0,365.0,0.0,0.0,1.0,0.0,0.0,0.0,1024.0,1429.0,0.0156352508310007,Female,Asian,True,Female_Asian,0.0,10
2100,12--Group/12_Group_Large_Group_12_Group_Large_Group_12_391.jpg,725.0,167.0,851.0,334.0,0.0,0.0,1.0,0.0,0.0,0.0,1024.0,1429.0,0.0143798657277816,Female,Asian,True,Female_Asian,0.0,10
2101,12--Group/12_Group_Large_Group_12_Group_Large_Group_12_391.jpg,243.0,432.0,380.0,613.0,0.0,0.0,0.0,0.0,0.0,0.0,1024.0,1429.0,0.0169459904216235,Female,Asian,True,Female_Asian,0.0,10
2102,12--Group/12_Group_Large_Group_12_Group_Large_Group_12_391.jpg,458.0,547.0,575.0,720.0,0.0,0.0,1.0,0.0,0.0,0.0,1024.0,1429.0,0.0138324713523442,Female,Asian,True,Female_Asian,0.0,10
2103,12--Group/12_Group_Large_Group_12_Group_Large_Group_12_391.jpg,686.0,455.0,817.0,608.0,0.0,0.0,0.0,0.0,0.0,0.0,1024.0,1429.0,0.013697160383135,Female,Asian,True,Female_Asian,0.0,10
2104,12--Group/12_Group_Large_Group_12_Group_Large_Group_12_391.jpg,170.0,686.0,301.0,848.0,0.0,0.0,1.0,0.0,0.0,0.0,1024.0,1429.0,0.01450287569979,Female,Asian,True,Female_Asian,0.0,10
2105,12--Group/12_Group_Large_Group_12_Group_Large_Group_12_391.jpg,773.0,678.0,890.0,840.0,0.0,0.0,1.0,0.0,0.0,0.0,1024.0,1429.0,0.0129529500524842,Female,Asian,True,Female_Asian,0.0,10
2106,12--Group/12_Group_Large_Group_12_Group_Large_Group_12_391.jpg,212.0,935.0,332.0,1094.0,0.0,0.0,0.0,0.0,0.0,0.0,1024.0,1429.0,0.0130390570328901,Female,Asian,True,Female_Asian,0.0,10
2107,12--Group/12_Group_Large_Group_12_Group_Large_Group_12_391.jpg,455.0,907.0,578.0,1063.0,0.0,0.0,0.0,0.0,0.0,0.0,1024.0,1429.0,0.0131128630160951,Female,Asian,True,Female_Asian,0.0,10
2108,12--Group/12_Group_Large_Group_12_Group_Large_Group_12_391.jpg,720.0,938.0,818.0,1086.0,0.0,0.0,1.0,0.0,0.0,0.0,1024.0,1429.0,0.0099118701889433,Female,Asian,True,Female_Asian,0.0,10
2133,12--Group/12_Group_Group_12_Group_Group_12_75.jpg,112.0,124.0,162.0,202.0,0.0,0.0,0.0,0.0,0.0,0.0,1024.0,768.0,0.0049591064453125,Female,Asian,True,Female_Asian,0.0,10
2134,12--Group/12_Group_Group_12_Group_Group_12_75.jpg,223.0,121.0,277.0,196.0,0.0,0.0,0.0,0.0,0.0,0.0,1024.0,768.0,0.0051498413085937,Female,Asian,True,Female_Asian,0.0,10
2135,12--Group/12_Group_Group_12_Group_Group_12_75.jpg,333.0,118.0,388.0,192.0,0.0,0.0,0.0,0.0,0.0,0.0,1024.0,768.0,0.0051752726236979,Female,Asian,True,Female_Asian,0.0,10
2136,12--Group/12_Group_Group_12_Group_Group_12_75.jpg,475.0,106.0,531.0,181.0,0.0,0.0,0.0,0.0,0.0,0.0,1024.0,768.0,0.005340576171875,Male,Asian,True,Male_Asian,0.0,10
2137,12--Group/12_Group_Group_12_Group_Group_12_75.jpg,586.0,130.0,635.0,200.0,0.0,0.0,0.0,0.0,0.0,0.0,1024.0,768.0,0.0043614705403645,Female,Asian,True,Female_Asian,0.0,10
2138,12--Group/12_Group_Group_12_Group_Group_12_75.jpg,662.0,157.0,717.0,229.0,0.0,0.0,0.0,0.0,0.0,0.0,1024.0,768.0,0.005035400390625,Female,Asian,True,Female_Asian,0.0,10
2139,12--Group/12_Group_Group_12_Group_Group_12_75.jpg,759.0,167.0,815.0,229.0,0.0,0.0,0.0,0.0,1.0,0.0,1024.0,768.0,0.0044148763020833,Female,Asian,True,Female_Asian,0.0,10
2140,12--Group/12_Group_Group_12_Group_Group_12_75.jpg,819.0,203.0,876.0,276.0,0.0,0.0,0.0,0.0,0.0,0.0,1024.0,768.0,0.0052909851074218,Female,Asian,True,Female_Asian,0.0,10
2198,12--Group/12_Group_Team_Organized_Group_12_Group_Team_Organized_Group_12_538.jpg,302.0,102.0,600.0,566.0,0.0,0.0,0.0,0.0,0.0,0.0,1024.0,704.0,0.1918057528409091,Female,White,True,Female_White,7.0,1
2224,12--Group/12_Group_Group_12_Group_Group_12_244.jpg,116.0,44.0,218.0,176.0,0.0,0.0,0.0,0.0,0.0,0.0,1024.0,1027.0,0.0128027629016553,Female,Asian,True,Female_Asian,0.0,10
2225,12--Group/12_Group_Group_12_Group_Group_12_244.jpg,393.0,242.0,545.0,452.0,0.0,0.0,0.0,0.0,0.0,0.0,1024.0,1027.0,0.0303523612463485,Female,Asian,True,Female_Asian,1.0,10
2226,12--Group/12_Group_Group_12_Group_Group_12_244.jpg,741.0,102.0,1022.0,439.0,0.0,0.0,0.0,0.0,0.0,0.0,1024.0,1027.0,0.0900462892526777,Female,Asian,True,Female_Asian,3.0,10
2227,12--Group/12_Group_Group_12_Group_Group_12_244.jpg,295.0,655.0,369.0,717.0,1.0,0.0,0.0,0.0,0.0,0.0,1024.0,1027.0,0.0043626764849074,Female,Asian,True,Female_Asian,0.0,10
2228,12--Group/12_Group_Group_12_Group_Group_12_244.jpg,641.0,649.0,723.0,717.0,1.0,0.0,0.0,0.0,0.0,0.0,1024.0,1027.0,0.0053021543330087,Female,Asian,True,Female_Asian,0.0,10
2261,13--Interview/13_Interview_Interview_On_Location_13_780.jpg,782.0,82.0,876.0,278.0,0.0,0.0,0.0,0.0,0.0,1.0,1024.0,685.0,0.0262659671532846,Female,White,True,Female_White,0.0,1
2262,13--Interview/13_Interview_Interview_On_Location_13_780.jpg,260.0,152.0,404.0,340.0,0.0,0.0,0.0,0.0,0.0,0.0,1024.0,685.0,0.0385948905109489,Male,Asian,True,Male_Asian,1.0,1
2265,13--Interview/13_Interview_Interview_Sequences_13_809.jpg,328.0,28.0,674.0,510.0,0.0,0.0,0.0,0.0,0.0,0.0,1024.0,576.0,0.2827487521701389,Male,White,True,Male_White,10.0,1
2274,13--Interview/13_Interview_Interview_2_People_Visible_13_284.jpg,123.0,301.0,459.0,719.0,0.0,0.0,1.0,0.0,0.0,0.0,1024.0,1498.0,0.0915595794392523,Male,Indian,True,Male_Indian,3.0,1
2279,13--Interview/13_Interview_Interview_2_People_Visible_13_14.jpg,269.0,311.0,805.0,1059.0,0.0,0.0,0.0,0.0,0.0,0.0,1024.0,1624.0,0.241090671182266,Male,White,True,Male_White,9.0,1
2280,13--Interview/13_Interview_Interview_Sequences_13_810.jpg,285.0,201.0,759.0,919.0,0.0,0.0,0.0,0.0,0.0,0.0,1024.0,1536.0,0.2163772583007812,Male,White,True,Male_White,8.0,1
2281,13--Interview/13_Interview_Interview_Sequences_13_892.jpg,426.0,102.0,548.0,280.0,0.0,0.0,1.0,0.0,0.0,0.0,1024.0,576.0,0.0368177625868055,Female,Asian,True,Female_Asian,1.0,1
2282,13--Interview/13_Interview_Interview_Sequences_13_503.jpg,218.0,300.0,298.0,386.0,1.0,0.0,0.0,0.0,0.0,1.0,1024.0,666.0,0.0100882132132132,Female,White,True,Female_White,0.0,1
2284,13--Interview/13_Interview_Interview_Sequences_13_576.jpg,478.0,120.0,738.0,470.0,0.0,0.0,0.0,0.0,0.0,0.0,1024.0,681.0,0.1304951358296622,Female,White,True,Female_White,4.0,1
2289,13--Interview/13_Interview_Interview_On_Location_13_289.jpg,294.0,13.0,898.0,846.0,0.0,0.0,0.0,0.0,0.0,0.0,1024.0,1320.0,0.3722271543560606,Female,White,True,Female_White,13.0,1
2298,13--Interview/13_Interview_Interview_On_Location_13_623.jpg,244.0,90.0,420.0,398.0,0.0,1.0,0.0,0.0,0.0,0.0,1024.0,820.0,0.0645579268292683,Female,White,True,Female_White,2.0,1
2299,13--Interview/13_Interview_Interview_2_People_Visible_13_351.jpg,536.0,18.0,788.0,330.0,1.0,0.0,0.0,0.0,0.0,0.0,1024.0,650.0,0.118125,Male,Indian,True,Male_Indian,4.0,1
2303,13--Interview/13_Interview_Interview_Sequences_13_467.jpg,342.0,262.0,752.0,876.0,0.0,0.0,0.0,0.0,0.0,0.0,1024.0,1280.0,0.1920623779296875,Male,White,True,Male_White,7.0,1
2306,13--Interview/13_Interview_Interview_On_Location_13_997.jpg,284.0,470.0,467.0,674.0,1.0,0.0,0.0,0.0,0.0,1.0,1024.0,1535.0,0.0237505089576547,Female,Asian,True,Female_Asian,0.0,1
2310,13--Interview/13_Interview_Interview_Sequences_13_491.jpg,524.0,94.0,652.0,284.0,0.0,0.0,0.0,0.0,0.0,0.0,1024.0,684.0,0.0347222222222222,Male,White,True,Male_White,1.0,1
2316,13--Interview/13_Interview_Interview_Sequences_13_28.jpg,404.0,150.0,748.0,584.0,1.0,0.0,0.0,0.0,0.0,0.0,1024.0,608.0,0.2397974917763158,Male,Indian,True,Male_Indian,8.0,1
2317,13--Interview/13_Interview_Interview_On_Location_13_764.jpg,170.0,64.0,534.0,578.0,0.0,0.0,0.0,0.0,0.0,0.0,1024.0,674.0,0.2710844770029673,Male,White,True,Male_White,10.0,1
2320,13--Interview/13_Interview_Interview_Sequences_13_271.jpg,696.0,42.0,862.0,302.0,0.0,0.0,0.0,0.0,0.0,0.0,1024.0,342.0,0.1232410453216374,Male,Black,True,Male_Black,4.0,1
2321,13--Interview/13_Interview_Interview_Sequences_13_271.jpg,164.0,8.0,356.0,302.0,0.0,0.0,0.0,0.0,0.0,0.0,1024.0,342.0,0.1611842105263158,Male,Black,True,Male_Black,6.0,1
2322,13--Interview/13_Interview_Interview_2_People_Visible_13_105.jpg,416.0,60.0,662.0,388.0,0.0,1.0,0.0,0.0,0.0,0.0,1024.0,680.0,0.1158777573529411,Male,White,True,Male_White,4.0,1
2328,13--Interview/13_Interview_Interview_On_Location_13_477.jpg,493.0,283.0,568.0,398.0,0.0,0.0,1.0,0.0,0.0,0.0,1024.0,1368.0,0.0061570552357456,Female,White,True,Female_White,0.0,1
2340,13--Interview/13_Interview_Interview_On_Location_13_909.jpg,446.0,34.0,812.0,500.0,0.0,0.0,0.0,0.0,0.0,0.0,1024.0,576.0,0.2891642252604167,Female,White,True,Female_White,10.0,1
2341,13--Interview/13_Interview_Interview_On_Location_13_419.jpg,178.0,50.0,440.0,350.0,0.0,0.0,0.0,0.0,0.0,1.0,1024.0,781.0,0.0982814500640204,Male,White,True,Male_White,3.0,1
2342,13--Interview/13_Interview_Interview_On_Location_13_906.jpg,304.0,124.0,598.0,506.0,0.0,0.0,0.0,0.0,0.0,0.0,1024.0,724.0,0.1514858857044199,Female,White,True,Female_White,5.0,1
2343,13--Interview/13_Interview_Interview_2_People_Visible_13_375.jpg,401.0,298.0,552.0,545.0,1.0,0.0,0.0,0.0,0.0,0.0,1024.0,1292.0,0.0281910615808823,Male,Indian,True,Male_Indian,1.0,1
2344,13--Interview/13_Interview_Interview_Sequences_13_639.jpg,294.0,42.0,592.0,398.0,0.0,0.0,0.0,0.0,0.0,0.0,1024.0,683.0,0.1516860358711566,Male,Indian,True,Male_Indian,5.0,1
2345,13--Interview/13_Interview_Interview_Sequences_13_913.jpg,497.0,190.0,690.0,497.0,0.0,0.0,0.0,0.0,0.0,0.0,1024.0,1540.0,0.0375729251217532,Female,White,True,Female_White,1.0,1
2350,13--Interview/13_Interview_Interview_On_Location_13_1013.jpg,289.0,348.0,463.0,602.0,0.0,0.0,0.0,0.0,0.0,0.0,1024.0,1369.0,0.0315267759313367,Female,Asian,True,Female_Asian,1.0,1
2351,13--Interview/13_Interview_Interview_On_Location_13_1013.jpg,569.0,294.0,783.0,569.0,0.0,0.0,0.0,0.0,0.0,0.0,1024.0,1369.0,0.0419800607195032,Female,Asian,True,Female_Asian,1.0,1
2357,13--Interview/13_Interview_Interview_Sequences_13_480.jpg,114.0,270.0,631.0,1066.0,0.0,0.0,0.0,0.0,0.0,0.0,1024.0,1536.0,0.2616449991861979,Male,Indian,True,Male_Indian,9.0,1
2358,13--Interview/13_Interview_Interview_Sequences_13_915.jpg,222.0,56.0,380.0,184.0,0.0,0.0,1.0,0.0,0.0,0.0,1024.0,502.0,0.0393426294820717,Female,Indian,True,Female_Indian,1.0,10
2359,13--Interview/13_Interview_Interview_Sequences_13_915.jpg,622.0,48.0,786.0,184.0,0.0,0.0,1.0,0.0,0.0,0.0,1024.0,502.0,0.0433889442231075,Female,Indian,True,Female_Indian,1.0,10
2367,13--Interview/13_Interview_Interview_Sequences_13_833.jpg,275.0,208.0,835.0,1032.0,0.0,0.0,1.0,0.0,0.0,0.0,1024.0,1366.0,0.3298865300146413,Female,White,True,Female_White,12.0,1
2372,13--Interview/13_Interview_Interview_Sequences_13_309.jpg,568.0,58.0,728.0,268.0,0.0,0.0,0.0,0.0,0.0,0.0,1024.0,575.0,0.0570652173913043,Male,White,True,Male_White,2.0,1
2373,13--Interview/13_Interview_Interview_Sequences_13_334.jpg,730.0,76.0,884.0,292.0,0.0,0.0,0.0,0.0,0.0,0.0,1024.0,576.0,0.056396484375,Male,White,True,Male_White,2.0,1
2374,13--Interview/13_Interview_Interview_On_Location_13_896.jpg,312.0,80.0,628.0,546.0,0.0,1.0,0.0,0.0,0.0,0.0,1024.0,682.0,0.2108573130498533,Male,White,True,Male_White,7.0,1
2377,13--Interview/13_Interview_Interview_On_Location_13_932.jpg,432.0,387.0,516.0,504.0,1.0,0.0,0.0,0.0,0.0,0.0,1024.0,1536.0,0.0062484741210937,Male,Asian,True,Male_Asian,0.0,1
2378,13--Interview/13_Interview_Interview_On_Location_13_932.jpg,646.0,330.0,736.0,459.0,1.0,0.0,0.0,0.0,0.0,0.0,1024.0,1536.0,0.0073814392089843,Male,White,True,Male_White,0.0,1
2379,13--Interview/13_Interview_Interview_On_Location_13_110.jpg,290.0,116.0,530.0,460.0,0.0,0.0,0.0,0.0,0.0,0.0,1024.0,634.0,0.1271687697160883,Female,White,True,Female_White,4.0,1
2384,13--Interview/13_Interview_Interview_Sequences_13_746.jpg,248.0,88.0,452.0,334.0,0.0,0.0,0.0,0.0,0.0,0.0,1024.0,576.0,0.0850830078125,Male,White,True,Male_White,3.0,1
2389,13--Interview/13_Interview_Interview_On_Location_13_516.jpg,330.0,205.0,628.0,591.0,1.0,0.0,0.0,0.0,0.0,0.0,1024.0,1362.0,0.0824757938693098,Female,White,True,Female_White,3.0,1
2391,13--Interview/13_Interview_Interview_On_Location_13_595.jpg,282.0,110.0,632.0,644.0,0.0,0.0,0.0,0.0,0.0,0.0,1024.0,1280.0,0.1425933837890625,Female,White,True,Female_White,5.0,1
2394,13--Interview/13_Interview_Interview_On_Location_13_761.jpg,279.0,208.0,773.0,883.0,0.0,0.0,0.0,0.0,0.0,0.0,1024.0,1145.0,0.2843971752183406,Male,White,True,Male_White,10.0,1
2396,13--Interview/13_Interview_Interview_Sequences_13_886.jpg,506.0,62.0,656.0,278.0,0.0,0.0,1.0,0.0,0.0,0.0,1024.0,682.0,0.0463938782991202,Male,White,True,Male_White,1.0,1
2397,13--Interview/13_Interview_Interview_2_People_Visible_13_395.jpg,554.0,116.0,860.0,556.0,0.0,0.0,0.0,0.0,0.0,0.0,1024.0,735.0,0.1788903061224489,Male,White,True,Male_White,6.0,1
2398,13--Interview/13_Interview_Interview_On_Location_13_360.jpg,450.0,2.0,666.0,284.0,0.0,0.0,0.0,0.0,0.0,0.0,1024.0,576.0,0.103271484375,Female,Indian,True,Female_Indian,3.0,1
2400,13--Interview/13_Interview_Interview_2_People_Visible_13_231.jpg,432.0,13.0,925.0,565.0,0.0,0.0,1.0,0.0,0.0,0.0,1024.0,1366.0,0.1945518393118594,Female,Asian,True,Female_Asian,7.0,1
2408,13--Interview/13_Interview_Interview_On_Location_13_550.jpg,220.0,454.0,414.0,722.0,0.0,0.0,0.0,0.0,0.0,0.0,1024.0,1357.0,0.0374159450994841,Female,Indian,True,Female_Indian,1.0,10
2409,13--Interview/13_Interview_Interview_On_Location_13_550.jpg,525.0,210.0,766.0,526.0,0.0,0.0,0.0,0.0,0.0,0.0,1024.0,1357.0,0.0548055222918201,Male,Indian,True,Male_Indian,2.0,10
2410,13--Interview/13_Interview_Interview_Sequences_13_814.jpg,397.0,221.0,602.0,496.0,0.0,0.0,0.0,0.0,0.0,0.0,1024.0,1366.0,0.0403028630581991,Female,White,True,Female_White,1.0,1
2412,13--Interview/13_Interview_Interview_Sequences_13_1036.jpg,426.0,96.0,648.0,390.0,0.0,0.0,0.0,0.0,0.0,0.0,1024.0,573.0,0.1112360929319371,Female,White,True,Female_White,4.0,1
2421,13--Interview/13_Interview_Interview_On_Location_13_930.jpg,384.0,351.0,654.0,741.0,0.0,0.0,0.0,0.0,0.0,0.0,1024.0,1539.0,0.0668174342105263,Female,Black,True,Female_Black,2.0,1
2422,13--Interview/13_Interview_Interview_2_People_Visible_13_393.jpg,102.0,251.0,707.0,1055.0,0.0,0.0,0.0,0.0,0.0,0.0,1024.0,1591.0,0.2985666444060339,Female,Indian,True,Female_Indian,11.0,1
2426,13--Interview/13_Interview_Interview_On_Location_13_902.jpg,274.0,339.0,822.0,1105.0,0.0,0.0,0.0,0.0,0.0,0.0,1024.0,1594.0,0.2571704438519448,Female,White,True,Female_White,9.0,1
2435,13--Interview/13_Interview_Interview_Sequences_13_806.jpg,462.0,114.0,630.0,338.0,0.0,0.0,0.0,0.0,0.0,0.0,1024.0,579.0,0.0634715025906735,Male,White,True,Male_White,2.0,1
2436,13--Interview/13_Interview_Interview_On_Location_13_382.jpg,442.0,6.0,650.0,310.0,0.0,0.0,0.0,0.0,0.0,0.0,1024.0,579.0,0.1066493955094991,Female,Indian,True,Female_Indian,3.0,1
2444,13--Interview/13_Interview_Interview_2_People_Visible_13_272.jpg,435.0,149.0,648.0,477.0,0.0,0.0,0.0,0.0,0.0,0.0,1024.0,1366.0,0.0499462390190336,Female,White,True,Female_White,1.0,1
2445,13--Interview/13_Interview_Interview_2_People_Visible_13_272.jpg,688.0,40.0,853.0,307.0,0.0,0.0,0.0,0.0,0.0,0.0,1024.0,1366.0,0.0314952129849926,Male,Black,True,Male_Black,1.0,1
2449,13--Interview/13_Interview_Interview_2_People_Visible_13_289.jpg,404.0,62.0,584.0,384.0,0.0,0.0,0.0,0.0,1.0,0.0,1024.0,576.0,0.0982666015625,Male,White,True,Male_White,3.0,1
2450,13--Interview/13_Interview_Interview_On_Location_13_824.jpg,467.0,121.0,649.0,373.0,0.0,0.0,0.0,0.0,0.0,0.0,1024.0,1292.0,0.0346664570433436,Male,White,True,Male_White,1.0,1
2451,13--Interview/13_Interview_Interview_Sequences_13_171.jpg,286.0,86.0,510.0,404.0,0.0,0.0,0.0,0.0,0.0,0.0,1024.0,576.0,0.1207682291666666,Male,White,True,Male_White,4.0,1
2466,13--Interview/13_Interview_Interview_On_Location_13_132.jpg,179.0,153.0,206.0,200.0,1.0,0.0,0.0,0.0,0.0,0.0,1024.0,676.0,0.0018332216161242,Male,Asian,True,Male_Asian,0.0,10
2467,13--Interview/13_Interview_Interview_On_Location_13_132.jpg,305.0,161.0,341.0,212.0,1.0,0.0,0.0,0.0,0.0,0.0,1024.0,676.0,0.0026523206360946,Male,Asian,True,Male_Asian,0.0,10
2468,13--Interview/13_Interview_Interview_On_Location_13_132.jpg,460.0,163.0,495.0,210.0,1.0,0.0,0.0,0.0,0.0,0.0,1024.0,676.0,0.0023763983912721,Male,Asian,True,Male_Asian,0.0,10
2469,13--Interview/13_Interview_Interview_On_Location_13_132.jpg,534.0,180.0,569.0,225.0,1.0,0.0,0.0,0.0,0.0,0.0,1024.0,676.0,0.0022752750554733,Male,Asian,True,Male_Asian,0.0,10
2470,13--Interview/13_Interview_Interview_On_Location_13_132.jpg,702.0,174.0,735.0,218.0,1.0,0.0,0.0,0.0,0.0,0.0,1024.0,676.0,0.002097586908284,Male,Asian,True,Male_Asian,0.0,10
2471,13--Interview/13_Interview_Interview_On_Location_13_132.jpg,806.0,140.0,838.0,191.0,1.0,0.0,0.0,0.0,0.0,0.0,1024.0,676.0,0.0023576183431952,Male,Asian,True,Male_Asian,0.0,10
2472,13--Interview/13_Interview_Interview_Sequences_13_12.jpg,506.0,104.0,652.0,322.0,0.0,0.0,0.0,0.0,0.0,0.0,1024.0,575.0,0.0540557065217391,Male,White,True,Male_White,1.0,1
2473,13--Interview/13_Interview_Interview_Sequences_13_558.jpg,488.0,120.0,636.0,334.0,0.0,0.0,0.0,0.0,0.0,0.0,1024.0,576.0,0.0536973741319444,Male,White,True,Male_White,1.0,1
2478,13--Interview/13_Interview_Interview_Sequences_13_770.jpg,432.0,120.0,548.0,270.0,0.0,0.0,0.0,0.0,0.0,0.0,1024.0,576.0,0.0295003255208333,Male,White,True,Male_White,1.0,1
2485,13--Interview/13_Interview_Interview_Sequences_13_6.jpg,188.0,24.0,550.0,568.0,0.0,0.0,0.0,0.0,0.0,0.0,1024.0,686.0,0.2803389212827988,Male,White,True,Male_White,10.0,1
2488,13--Interview/13_Interview_Interview_Sequences_13_252.jpg,370.0,14.0,794.0,550.0,0.0,0.0,0.0,0.0,0.0,0.0,1024.0,576.0,0.3853081597222222,Female,White,True,Female_White,14.0,1
2489,13--Interview/13_Interview_Interview_Sequences_13_63.jpg,196.0,0.0,612.0,532.0,0.0,0.0,0.0,0.0,0.0,0.0,1024.0,768.0,0.2814127604166667,Female,White,True,Female_White,10.0,1
2490,13--Interview/13_Interview_Interview_Sequences_13_791.jpg,229.0,186.0,712.0,838.0,0.0,0.0,1.0,0.0,0.0,0.0,1024.0,1288.0,0.23876953125,Male,White,True,Male_White,8.0,1
2493,13--Interview/13_Interview_Interview_Sequences_13_889.jpg,344.0,30.0,644.0,478.0,0.0,0.0,0.0,0.0,0.0,0.0,1024.0,497.0,0.2640845070422535,Male,White,True,Male_White,9.0,1
2512,13--Interview/13_Interview_Interview_On_Location_13_556.jpg,168.0,312.0,393.0,564.0,0.0,0.0,0.0,0.0,0.0,0.0,1024.0,1536.0,0.0360488891601562,Male,White,True,Male_White,1.0,1
2523,13--Interview/13_Interview_Interview_Sequences_13_782.jpg,364.0,192.0,559.0,491.0,0.0,0.0,1.0,0.0,0.0,0.0,1024.0,1518.0,0.037508877840909,Female,White,True,Female_White,1.0,1
2525,13--Interview/13_Interview_Interview_Sequences_13_898.jpg,378.0,58.0,592.0,372.0,0.0,0.0,0.0,0.0,0.0,0.0,1024.0,577.0,0.11372806542461,Male,White,True,Male_White,4.0,1
2531,13--Interview/13_Interview_Interview_Sequences_13_617.jpg,420.0,6.0,824.0,438.0,0.0,0.0,0.0,0.0,0.0,0.0,1024.0,634.0,0.2688288643533123,Female,White,True,Female_White,10.0,1
2534,13--Interview/13_Interview_Interview_Sequences_13_605.jpg,358.0,12.0,774.0,554.0,0.0,0.0,0.0,0.0,0.0,0.0,1024.0,634.0,0.3472988958990536,Male,White,True,Male_White,13.0,1
2542,13--Interview/13_Interview_Interview_On_Location_13_47.jpg,438.0,110.0,584.0,274.0,0.0,0.0,0.0,0.0,0.0,0.0,1024.0,576.0,0.0405951605902777,Male,White,True,Male_White,1.0,1
2545,13--Interview/13_Interview_Interview_Sequences_13_664.jpg,271.0,330.0,663.0,894.0,0.0,0.0,0.0,0.0,0.0,0.0,1024.0,1445.0,0.1494160899653979,Male,White,True,Male_White,5.0,1
2553,13--Interview/13_Interview_Interview_Sequences_13_835.jpg,510.0,176.0,1011.0,680.0,0.0,0.0,0.0,0.0,0.0,0.0,1024.0,680.0,0.3626263786764706,Male,Asian,True,Male_Asian,13.0,1
2554,13--Interview/13_Interview_Interview_Sequences_13_835.jpg,320.0,490.0,359.0,534.0,0.0,0.0,0.0,0.0,0.0,0.0,1024.0,680.0,0.0024643841911764,Male,Asian,True,Male_Asian,0.0,1
2555,13--Interview/13_Interview_Interview_Sequences_13_461.jpg,729.0,66.0,847.0,237.0,0.0,1.0,0.0,0.0,0.0,0.0,1024.0,1349.0,0.0146071742957746,Male,Black,True,Male_Black,0.0,1
2556,13--Interview/13_Interview_Interview_Sequences_13_744.jpg,134.0,64.0,290.0,306.0,0.0,0.0,0.0,0.0,0.0,0.0,1024.0,342.0,0.1077987938596491,Male,White,True,Male_White,4.0,1
2557,13--Interview/13_Interview_Interview_Sequences_13_77.jpg,531.0,111.0,889.0,542.0,0.0,0.0,1.0,0.0,0.0,0.0,1024.0,1133.0,0.1329935045233892,Male,White,True,Male_White,4.0,1
2564,13--Interview/13_Interview_Interview_Sequences_13_626.jpg,254.0,116.0,448.0,416.0,0.0,0.0,1.0,0.0,0.0,0.0,1024.0,719.0,0.0790485917941585,Male,Indian,True,Male_Indian,2.0,1
2565,13--Interview/13_Interview_Interview_Sequences_13_747.jpg,532.0,51.0,649.0,234.0,0.0,0.0,1.0,0.0,0.0,0.0,1024.0,1536.0,0.0136127471923828,Female,White,True,Female_White,0.0,1
2573,13--Interview/13_Interview_Interview_Sequences_13_71.jpg,294.0,104.0,484.0,366.0,0.0,0.0,0.0,0.0,0.0,0.0,1024.0,572.0,0.0849882539335664,Male,White,True,Male_White,3.0,1
2574,13--Interview/13_Interview_Interview_2_People_Visible_13_560.jpg,286.0,96.0,486.0,424.0,0.0,1.0,0.0,0.0,0.0,0.0,1024.0,845.0,0.0758136094674556,Female,White,True,Female_White,2.0,1
2580,13--Interview/13_Interview_Interview_2_People_Visible_13_488.jpg,576.0,92.0,684.0,284.0,0.0,0.0,0.0,0.0,0.0,0.0,1024.0,656.0,0.0308689024390243,Male,White,True,Male_White,1.0,1
2586,13--Interview/13_Interview_Interview_2_People_Visible_13_253.jpg,334.0,208.0,742.0,750.0,0.0,0.0,0.0,0.0,0.0,0.0,1024.0,1022.0,0.2113044275929549,Female,White,True,Female_White,7.0,1
2587,13--Interview/13_Interview_Interview_Sequences_13_88.jpg,360.0,14.0,654.0,428.0,0.0,0.0,0.0,0.0,0.0,0.0,1024.0,486.0,0.2445746527777778,Male,White,True,Male_White,9.0,1
2588,13--Interview/13_Interview_Interview_2_People_Visible_13_411.jpg,245.0,167.0,323.0,302.0,1.0,0.0,0.0,0.0,0.0,0.0,1024.0,1333.0,0.0077143309264816,Male,Indian,True,Male_Indian,0.0,10
2589,13--Interview/13_Interview_Interview_2_People_Visible_13_411.jpg,685.0,154.0,771.0,310.0,1.0,0.0,0.0,0.0,0.0,0.0,1024.0,1333.0,0.009828629032258,Male,Indian,True,Male_Indian,0.0,10
2590,13--Interview/13_Interview_Interview_2_People_Visible_13_411.jpg,216.0,443.0,299.0,581.0,1.0,0.0,0.0,0.0,0.0,0.0,1024.0,1333.0,0.0083912579707426,Male,Indian,True,Male_Indian,0.0,10
2591,13--Interview/13_Interview_Interview_2_People_Visible_13_411.jpg,696.0,469.0,782.0,625.0,1.0,0.0,0.0,0.0,0.0,0.0,1024.0,1333.0,0.009828629032258,Male,Indian,True,Male_Indian,0.0,10
2592,13--Interview/13_Interview_Interview_2_People_Visible_13_411.jpg,245.0,805.0,336.0,969.0,1.0,0.0,0.0,0.0,0.0,0.0,1024.0,1333.0,0.0109333974118529,Male,Indian,True,Male_Indian,0.0,10
2593,13--Interview/13_Interview_Interview_2_People_Visible_13_411.jpg,758.0,831.0,844.0,964.0,1.0,0.0,0.0,0.0,0.0,0.0,1024.0,1333.0,0.0083795362903225,Male,Indian,True,Male_Indian,0.0,10
2596,13--Interview/13_Interview_Interview_On_Location_13_882.jpg,466.0,40.0,602.0,244.0,0.0,1.0,1.0,0.0,0.0,0.0,1024.0,680.0,0.03984375,Female,Black,True,Female_Black,1.0,1
2597,13--Interview/13_Interview_Interview_2_People_Visible_13_246.jpg,310.0,246.0,513.0,519.0,1.0,0.0,0.0,0.0,0.0,0.0,1024.0,1051.0,0.051493926914843,Male,Indian,True,Male_Indian,1.0,1
2598,13--Interview/13_Interview_Interview_Sequences_13_8.jpg,308.0,60.0,622.0,490.0,0.0,0.0,1.0,0.0,0.0,0.0,1024.0,572.0,0.2305165537587412,Male,White,True,Male_White,8.0,1
2602,13--Interview/13_Interview_Interview_2_People_Visible_13_66.jpg,594.0,96.0,896.0,506.0,0.0,0.0,0.0,0.0,0.0,0.0,1024.0,682.0,0.1772990744134897,Male,White,True,Male_White,6.0,1
2603,13--Interview/13_Interview_Interview_Sequences_13_288.jpg,392.0,134.0,768.0,600.0,0.0,0.0,0.0,0.0,0.0,0.0,1024.0,683.0,0.2505261713030747,Male,White,True,Male_White,9.0,1
2614,13--Interview/13_Interview_Interview_On_Location_13_270.jpg,202.0,66.0,378.0,298.0,0.0,0.0,0.0,0.0,0.0,0.0,1024.0,579.0,0.0688687392055267,Male,Asian,True,Male_Asian,2.0,10
2615,13--Interview/13_Interview_Interview_On_Location_13_270.jpg,416.0,334.0,572.0,542.0,0.0,0.0,0.0,0.0,0.0,0.0,1024.0,579.0,0.0547279792746114,Female,Asian,True,Female_Asian,2.0,10
2616,13--Interview/13_Interview_Interview_On_Location_13_270.jpg,700.0,88.0,874.0,366.0,0.0,0.0,0.0,0.0,0.0,0.0,1024.0,579.0,0.0815859779792746,Male,Indian,True,Male_Indian,3.0,10
2617,13--Interview/13_Interview_Interview_Sequences_13_671.jpg,284.0,141.0,752.0,861.0,0.0,0.0,0.0,0.0,0.0,0.0,1024.0,1470.0,0.2238520408163265,Male,White,True,Male_White,8.0,1
2618,13--Interview/13_Interview_Interview_2_People_Visible_13_356.jpg,506.0,220.0,650.0,504.0,1.0,0.0,0.0,0.0,0.0,0.0,1024.0,1023.0,0.0390395894428152,Male,Indian,True,Male_Indian,1.0,1
2619,13--Interview/13_Interview_Interview_On_Location_13_593.jpg,350.0,116.0,420.0,162.0,1.0,0.0,0.0,0.0,0.0,1.0,1024.0,1531.0,0.0020539067602873,Male,White,True,Male_White,0.0,1
2623,13--Interview/13_Interview_Interview_On_Location_13_841.jpg,398.0,6.0,636.0,288.0,0.0,0.0,0.0,0.0,0.0,0.0,1024.0,342.0,0.1916461074561403,Female,White,True,Female_White,7.0,1
2624,13--Interview/13_Interview_Interview_2_People_Visible_13_455.jpg,546.0,50.0,654.0,234.0,1.0,0.0,0.0,0.0,0.0,0.0,1024.0,542.0,0.0358048892988929,Male,Indian,True,Male_Indian,1.0,1
2625,13--Interview/13_Interview_Interview_Sequences_13_185.jpg,344.0,60.0,474.0,254.0,0.0,0.0,0.0,0.0,0.0,0.0,1024.0,564.0,0.0436682734929078,Male,White,True,Male_White,1.0,1
2631,13--Interview/13_Interview_Interview_Sequences_13_272.jpg,478.0,107.0,515.0,153.0,1.0,0.0,1.0,0.0,0.0,0.0,1024.0,572.0,0.0029057856206293,Male,Black,True,Male_Black,0.0,1
2632,13--Interview/13_Interview_Interview_Sequences_13_633.jpg,560.0,72.0,834.0,448.0,0.0,0.0,0.0,0.0,0.0,0.0,1024.0,723.0,0.1391554287690179,Male,White,True,Male_White,5.0,1
2634,13--Interview/13_Interview_Interview_Sequences_13_479.jpg,316.0,46.0,620.0,488.0,0.0,0.0,0.0,0.0,0.0,0.0,1024.0,695.0,0.1888039568345323,Male,White,True,Male_White,7.0,1
2644,13--Interview/13_Interview_Interview_On_Location_13_181.jpg,312.0,312.0,801.0,952.0,0.0,0.0,1.0,0.0,0.0,0.0,1024.0,1536.0,0.198974609375,Male,White,True,Male_White,7.0,1
2654,13--Interview/13_Interview_Interview_2_People_Visible_13_450.jpg,186.0,216.0,396.0,384.0,0.0,0.0,0.0,0.0,0.0,1.0,1024.0,683.0,0.0504438140556368,Female,Asian,True,Female_Asian,1.0,1
2655,13--Interview/13_Interview_Interview_On_Location_13_640.jpg,249.0,319.0,704.0,944.0,0.0,0.0,0.0,0.0,0.0,0.0,1024.0,1704.0,0.1629753291886737,Female,White,True,Female_White,6.0,1
2656,13--Interview/13_Interview_Interview_On_Location_13_152.jpg,544.0,46.0,900.0,474.0,0.0,0.0,0.0,0.0,0.0,0.0,1024.0,768.0,0.1937459309895833,Male,White,True,Male_White,7.0,1
2666,13--Interview/13_Interview_Interview_On_Location_13_351.jpg,348.0,185.0,709.0,621.0,1.0,0.0,0.0,0.0,0.0,0.0,1024.0,1553.0,0.098974263522215,Female,Asian,True,Female_Asian,3.0,1
2671,13--Interview/13_Interview_Interview_On_Location_13_760.jpg,325.0,240.0,769.0,902.0,0.0,0.0,0.0,0.0,0.0,0.0,1024.0,1450.0,0.197957974137931,Female,White,True,Female_White,7.0,1
2672,13--Interview/13_Interview_Interview_On_Location_13_863.jpg,312.0,220.0,656.0,574.0,0.0,0.0,0.0,0.0,0.0,0.0,1024.0,1024.0,0.1161346435546875,Female,White,True,Female_White,4.0,1
2674,13--Interview/13_Interview_Interview_Sequences_13_14.jpg,456.0,136.0,756.0,594.0,0.0,0.0,0.0,0.0,0.0,0.0,1024.0,768.0,0.174713134765625,Male,White,True,Male_White,6.0,1
2675,13--Interview/13_Interview_Interview_On_Location_13_344.jpg,356.0,102.0,492.0,298.0,0.0,0.0,0.0,0.0,0.0,0.0,1024.0,901.0,0.0288915094339622,Male,White,True,Male_White,1.0,1
2677,13--Interview/13_Interview_Interview_Sequences_13_329.jpg,518.0,82.0,674.0,318.0,0.0,0.0,0.0,0.0,0.0,0.0,1024.0,576.0,0.0624186197916666,Male,White,True,Male_White,2.0,1
2678,13--Interview/13_Interview_Interview_Sequences_13_515.jpg,418.0,104.0,604.0,372.0,0.0,0.0,0.0,0.0,0.0,0.0,1024.0,626.0,0.0777630790734824,Male,White,True,Male_White,2.0,1
2683,13--Interview/13_Interview_Interview_Sequences_13_753.jpg,482.0,98.0,574.0,214.0,0.0,0.0,1.0,0.0,0.0,0.0,1024.0,670.0,0.0155550373134328,Male,White,True,Male_White,0.0,1
2684,13--Interview/13_Interview_Interview_Sequences_13_131.jpg,254.0,18.0,546.0,438.0,0.0,0.0,0.0,0.0,0.0,0.0,1024.0,576.0,0.2079264322916666,Male,White,True,Male_White,7.0,1
2696,13--Interview/13_Interview_Interview_2_People_Visible_13_144.jpg,358.0,4.0,858.0,702.0,0.0,0.0,1.0,0.0,0.0,0.0,1024.0,768.0,0.4437764485677083,Male,White,True,Male_White,,1
2697,13--Interview/13_Interview_Interview_Sequences_13_694.jpg,267.0,318.0,699.0,925.0,0.0,0.0,0.0,0.0,0.0,0.0,1024.0,1536.0,0.166717529296875,Female,White,True,Female_White,6.0,1
2703,13--Interview/13_Interview_Interview_2_People_Visible_13_270.jpg,502.0,104.0,696.0,358.0,0.0,0.0,1.0,0.0,0.0,0.0,1024.0,768.0,0.0626576741536458,Male,White,True,Male_White,2.0,1
2704,13--Interview/13_Interview_Interview_Sequences_13_570.jpg,256.0,180.0,811.0,931.0,0.0,0.0,0.0,0.0,0.0,0.0,1024.0,1110.0,0.36669921875,Male,White,True,Male_White,13.0,1
2709,13--Interview/13_Interview_Interview_On_Location_13_436.jpg,354.0,94.0,464.0,226.0,0.0,0.0,0.0,0.0,0.0,0.0,1024.0,399.0,0.0355380639097744,Male,White,True,Male_White,1.0,1
2713,13--Interview/13_Interview_Interview_2_People_Visible_13_278.jpg,32.0,108.0,594.0,883.0,0.0,0.0,0.0,0.0,0.0,0.0,1024.0,1500.0,0.2835611979166667,Female,Indian,True,Female_Indian,10.0,1
2714,13--Interview/13_Interview_Interview_2_People_Visible_13_124.jpg,518.0,152.0,598.0,278.0,0.0,0.0,1.0,0.0,0.0,0.0,1024.0,1024.0,0.009613037109375,Male,White,True,Male_White,0.0,1
2716,13--Interview/13_Interview_Interview_2_People_Visible_13_451.jpg,584.0,106.0,748.0,356.0,0.0,0.0,0.0,0.0,0.0,0.0,1024.0,550.0,0.0727982954545454,Male,White,True,Male_White,2.0,1
2719,13--Interview/13_Interview_Interview_2_People_Visible_13_274.jpg,181.0,279.0,453.0,661.0,0.0,0.0,0.0,0.0,0.0,0.0,1024.0,1288.0,0.0787800854037267,Female,Black,True,Female_Black,2.0,1
2720,13--Interview/13_Interview_Interview_2_People_Visible_13_274.jpg,559.0,201.0,846.0,606.0,0.0,0.0,0.0,0.0,0.0,0.0,1024.0,1288.0,0.0881294582201086,Male,Black,True,Male_Black,3.0,1
2722,13--Interview/13_Interview_Interview_On_Location_13_816.jpg,313.0,475.0,782.0,1054.0,0.0,0.0,0.0,0.0,0.0,0.0,1024.0,1407.0,0.1884765625,Female,White,True,Female_White,7.0,1
2726,13--Interview/13_Interview_Interview_Sequences_13_247.jpg,510.0,80.0,644.0,278.0,0.0,0.0,0.0,0.0,0.0,0.0,1024.0,697.0,0.037173825322812,Male,White,True,Male_White,1.0,1
2729,13--Interview/13_Interview_Interview_On_Location_13_604.jpg,861.0,238.0,968.0,431.0,1.0,0.0,0.0,0.0,1.0,0.0,1024.0,1369.0,0.0147311849433893,Male,Black,True,Male_Black,0.0,1
2730,13--Interview/13_Interview_Interview_On_Location_13_604.jpg,235.0,265.0,623.0,829.0,0.0,0.0,0.0,0.0,0.0,0.0,1024.0,1369.0,0.1561016252739225,Male,Black,True,Male_Black,5.0,1
2731,13--Interview/13_Interview_Interview_Sequences_13_836.jpg,278.0,24.0,400.0,198.0,0.0,0.0,1.0,0.0,0.0,0.0,1024.0,342.0,0.0606154057017543,Male,White,True,Male_White,2.0,1
2735,13--Interview/13_Interview_Interview_Sequences_13_786.jpg,266.0,152.0,710.0,774.0,0.0,0.0,1.0,0.0,0.0,0.0,1024.0,934.0,0.28875301124197,Female,White,True,Female_White,10.0,1
2739,13--Interview/13_Interview_Interview_On_Location_13_690.jpg,476.0,52.0,684.0,342.0,0.0,0.0,0.0,0.0,0.0,0.0,1024.0,434.0,0.1357286866359447,Male,White,True,Male_White,5.0,1
2741,13--Interview/13_Interview_Interview_Sequences_13_83.jpg,479.0,724.0,542.0,821.0,0.0,0.0,1.0,0.0,0.0,0.0,1024.0,1348.0,0.0044271316301928,Male,White,True,Male_White,0.0,1
2742,13--Interview/13_Interview_Interview_Sequences_13_262.jpg,456.0,102.0,570.0,270.0,1.0,0.0,1.0,0.0,0.0,0.0,1024.0,848.0,0.0220555719339622,Male,Indian,True,Male_Indian,0.0,1
2744,13--Interview/13_Interview_Interview_Sequences_13_631.jpg,88.0,90.0,404.0,590.0,0.0,0.0,1.0,0.0,0.0,0.0,1024.0,1024.0,0.1506805419921875,Male,Indian,True,Male_Indian,5.0,1
2748,13--Interview/13_Interview_Interview_2_People_Visible_13_244.jpg,297.0,149.0,386.0,290.0,1.0,0.0,0.0,0.0,0.0,0.0,1024.0,1333.0,0.0091934604744936,Male,Indian,True,Male_Indian,0.0,10
2749,13--Interview/13_Interview_Interview_2_People_Visible_13_244.jpg,737.0,133.0,828.0,284.0,1.0,0.0,0.0,0.0,0.0,0.0,1024.0,1333.0,0.0100667256657914,Male,Indian,True,Male_Indian,0.0,10
2750,13--Interview/13_Interview_Interview_2_People_Visible_13_244.jpg,276.0,456.0,370.0,602.0,1.0,0.0,0.0,0.0,0.0,0.0,1024.0,1333.0,0.010054271380345,Male,Indian,True,Male_Indian,0.0,10
2751,13--Interview/13_Interview_Interview_2_People_Visible_13_244.jpg,750.0,485.0,831.0,628.0,1.0,0.0,0.0,0.0,0.0,0.0,1024.0,1333.0,0.0084857640191297,Male,Indian,True,Male_Indian,0.0,10
2752,13--Interview/13_Interview_Interview_2_People_Visible_13_244.jpg,302.0,823.0,393.0,974.0,1.0,0.0,0.0,0.0,0.0,0.0,1024.0,1333.0,0.0100667256657914,Male,Indian,True,Male_Indian,0.0,10
2753,13--Interview/13_Interview_Interview_2_People_Visible_13_244.jpg,753.0,818.0,826.0,974.0,1.0,0.0,0.0,0.0,0.0,0.0,1024.0,1333.0,0.0083429060390097,Male,Indian,True,Male_Indian,0.0,10
2765,13--Interview/13_Interview_Interview_2_People_Visible_13_397.jpg,422.0,174.0,584.0,420.0,1.0,0.0,0.0,0.0,0.0,0.0,1024.0,813.0,0.0478695802583025,Male,Indian,True,Male_Indian,1.0,1
2766,13--Interview/13_Interview_Interview_Sequences_13_443.jpg,234.0,76.0,728.0,490.0,0.0,0.0,0.0,0.0,1.0,1.0,1024.0,683.0,0.2924197016837481,Female,White,True,Female_White,10.0,1
2767,13--Interview/13_Interview_Interview_On_Location_13_406.jpg,466.0,51.0,603.0,252.0,0.0,0.0,1.0,0.0,0.0,0.0,1024.0,1372.0,0.0196002926840379,Female,White,True,Female_White,0.0,1
2770,13--Interview/13_Interview_Interview_On_Location_13_205.jpg,302.0,86.0,538.0,450.0,0.0,0.0,0.0,0.0,0.0,0.0,1024.0,576.0,0.1456434461805555,Female,White,True,Female_White,5.0,1
2788,13--Interview/13_Interview_Interview_On_Location_13_421.jpg,436.0,128.0,602.0,382.0,0.0,0.0,0.0,0.0,0.0,0.0,1024.0,576.0,0.0714857313368055,Female,Indian,True,Female_Indian,2.0,1
2790,13--Interview/13_Interview_Interview_Sequences_13_532.jpg,306.0,104.0,486.0,358.0,0.0,0.0,0.0,0.0,0.0,0.0,1024.0,576.0,0.0775146484375,Male,White,True,Male_White,2.0,1
2802,13--Interview/13_Interview_Interview_Sequences_13_957.jpg,300.0,90.0,416.0,242.0,0.0,0.0,0.0,0.0,0.0,0.0,1024.0,574.0,0.0299978222996515,Male,White,True,Male_White,1.0,1
2805,13--Interview/13_Interview_Interview_On_Location_13_691.jpg,480.0,174.0,680.0,478.0,0.0,0.0,0.0,0.0,0.0,0.0,1024.0,1024.0,0.0579833984375,Male,White,True,Male_White,2.0,1
2812,13--Interview/13_Interview_Interview_Sequences_13_90.jpg,512.0,94.0,772.0,508.0,0.0,0.0,0.0,0.0,0.0,0.0,1024.0,576.0,0.1824951171875,Female,White,True,Female_White,6.0,1
2817,13--Interview/13_Interview_Interview_Sequences_13_323.jpg,256.0,60.0,428.0,316.0,0.0,0.0,0.0,0.0,0.0,0.0,1024.0,576.0,0.0746527777777777,Male,White,True,Male_White,2.0,1
2818,13--Interview/13_Interview_Interview_Sequences_13_157.jpg,378.0,116.0,604.0,406.0,0.0,0.0,0.0,0.0,0.0,0.0,1024.0,890.0,0.0719145014044943,Female,Indian,True,Female_Indian,2.0,1
2821,13--Interview/13_Interview_Interview_Sequences_13_818.jpg,446.0,64.0,502.0,148.0,0.0,0.0,0.0,0.0,0.0,0.0,1024.0,452.0,0.0101631637168141,Female,White,True,Female_White,0.0,1
2822,13--Interview/13_Interview_Interview_Sequences_13_818.jpg,190.0,54.0,262.0,152.0,0.0,0.0,0.0,0.0,0.0,0.0,1024.0,452.0,0.0152447455752212,Female,Asian,True,Female_Asian,0.0,1
2824,13--Interview/13_Interview_Interview_2_People_Visible_13_311.jpg,307.0,280.0,750.0,925.0,0.0,0.0,0.0,0.0,0.0,0.0,1024.0,1366.0,0.2042738550054904,Male,White,True,Male_White,7.0,1
2832,13--Interview/13_Interview_Interview_On_Location_13_646.jpg,434.0,132.0,718.0,564.0,0.0,0.0,0.0,0.0,0.0,0.0,1024.0,885.0,0.1353813559322033,Female,White,True,Female_White,5.0,1
2836,13--Interview/13_Interview_Interview_Sequences_13_925.jpg,256.0,192.0,390.0,380.0,0.0,0.0,1.0,0.0,0.0,0.0,1024.0,680.0,0.0361787683823529,Female,Indian,True,Female_Indian,1.0,1
2837,13--Interview/13_Interview_Interview_Sequences_13_925.jpg,466.0,230.0,630.0,454.0,0.0,0.0,1.0,0.0,0.0,0.0,1024.0,680.0,0.0527573529411764,Male,Indian,True,Male_Indian,1.0,1
2838,13--Interview/13_Interview_Interview_On_Location_13_609.jpg,476.0,84.0,608.0,268.0,0.0,0.0,0.0,0.0,0.0,0.0,1024.0,574.0,0.0413218641114982,Male,White,True,Male_White,1.0,1
2840,13--Interview/13_Interview_Interview_On_Location_13_719.jpg,450.0,18.0,582.0,184.0,0.0,0.0,0.0,0.0,0.0,0.0,1024.0,400.0,0.05349609375,Female,Asian,True,Female_Asian,1.0,1
2841,13--Interview/13_Interview_Interview_On_Location_13_719.jpg,708.0,136.0,840.0,320.0,0.0,0.0,0.0,0.0,0.0,0.0,1024.0,400.0,0.059296875,Female,Asian,True,Female_Asian,2.0,1
2842,13--Interview/13_Interview_Interview_On_Location_13_719.jpg,244.0,196.0,380.0,386.0,0.0,0.0,0.0,0.0,0.0,0.0,1024.0,400.0,0.0630859375,Female,Asian,True,Female_Asian,2.0,1
2844,13--Interview/13_Interview_Interview_2_People_Visible_13_394.jpg,228.0,168.0,298.0,278.0,1.0,0.0,0.0,0.0,0.0,0.0,1024.0,735.0,0.0102306547619047,Male,Indian,True,Male_Indian,0.0,10
2845,13--Interview/13_Interview_Interview_2_People_Visible_13_394.jpg,726.0,176.0,786.0,284.0,1.0,0.0,0.0,0.0,0.0,0.0,1024.0,735.0,0.008609693877551,Male,Indian,True,Male_Indian,0.0,10
2846,13--Interview/13_Interview_Interview_Sequences_13_403.jpg,530.0,278.0,674.0,504.0,0.0,0.0,0.0,0.0,1.0,0.0,1024.0,926.0,0.0343210043196544,Male,Indian,True,Male_Indian,1.0,1
2847,13--Interview/13_Interview_Interview_Sequences_13_403.jpg,664.0,102.0,876.0,440.0,0.0,0.0,0.0,0.0,0.0,0.0,1024.0,926.0,0.0755686420086393,Male,Indian,True,Male_Indian,2.0,1
2848,13--Interview/13_Interview_Interview_Sequences_13_403.jpg,120.0,118.0,372.0,450.0,0.0,0.0,0.0,0.0,0.0,0.0,1024.0,926.0,0.0882323164146868,Male,White,True,Male_White,3.0,1
2850,13--Interview/13_Interview_Interview_2_People_Visible_13_493.jpg,692.0,16.0,834.0,292.0,0.0,1.0,0.0,0.0,0.0,0.0,1024.0,352.0,0.1087313565340909,Female,White,True,Female_White,4.0,1
2858,13--Interview/13_Interview_Interview_On_Location_13_704.jpg,343.0,686.0,421.0,761.0,1.0,0.0,0.0,0.0,0.0,1.0,1024.0,1428.0,0.0040006236869747,Male,White,True,Male_White,0.0,1
2861,13--Interview/13_Interview_Interview_On_Location_13_441.jpg,216.0,88.0,276.0,168.0,1.0,0.0,0.0,0.0,0.0,0.0,1024.0,574.0,0.0081663763066202,Male,Asian,True,Male_Asian,0.0,1
2862,13--Interview/13_Interview_Interview_On_Location_13_441.jpg,712.0,98.0,778.0,180.0,1.0,0.0,0.0,0.0,0.0,0.0,1024.0,574.0,0.0092075892857142,Male,Asian,True,Male_Asian,0.0,1
2863,13--Interview/13_Interview_Interview_On_Location_13_441.jpg,204.0,366.0,264.0,454.0,1.0,0.0,0.0,0.0,0.0,0.0,1024.0,574.0,0.0089830139372822,Male,Asian,True,Male_Asian,0.0,1
2864,13--Interview/13_Interview_Interview_On_Location_13_441.jpg,736.0,386.0,790.0,458.0,1.0,0.0,0.0,0.0,1.0,0.0,1024.0,574.0,0.0066147648083623,Male,Asian,True,Male_Asian,0.0,1
2865,13--Interview/13_Interview_Interview_Sequences_13_917.jpg,424.0,58.0,776.0,524.0,0.0,0.0,0.0,0.0,0.0,0.0,1024.0,663.0,0.2416101055806938,Male,White,True,Male_White,9.0,1
2866,13--Interview/13_Interview_Interview_On_Location_13_392.jpg,410.0,321.0,618.0,614.0,0.0,0.0,0.0,0.0,0.0,0.0,1024.0,1567.0,0.0379806158264199,Male,White,True,Male_White,1.0,1
2868,13--Interview/13_Interview_Interview_On_Location_13_944.jpg,189.0,405.0,778.0,1222.0,0.0,0.0,0.0,0.0,0.0,0.0,1024.0,1538.0,0.3055491354437581,Female,Indian,True,Female_Indian,11.0,1
2870,13--Interview/13_Interview_Interview_2_People_Visible_13_108.jpg,90.0,131.0,150.0,199.0,0.0,0.0,0.0,0.0,0.0,0.0,1024.0,768.0,0.00518798828125,Female,Asian,True,Female_Asian,0.0,10
2871,13--Interview/13_Interview_Interview_2_People_Visible_13_108.jpg,320.0,139.0,475.0,389.0,0.0,0.0,0.0,0.0,1.0,0.0,1024.0,768.0,0.0492731730143229,Female,Asian,True,Female_Asian,1.0,10
2872,13--Interview/13_Interview_Interview_2_People_Visible_13_108.jpg,729.0,0.0,866.0,116.0,0.0,0.0,0.0,0.0,0.0,0.0,1024.0,768.0,0.0202077229817708,Female,Asian,True,Female_Asian,0.0,10
2873,13--Interview/13_Interview_Interview_2_People_Visible_13_108.jpg,971.0,21.0,1023.0,91.0,0.0,0.0,0.0,0.0,0.0,0.0,1024.0,768.0,0.0046284993489583,Female,Asian,True,Female_Asian,0.0,10
2874,13--Interview/13_Interview_Interview_2_People_Visible_13_242.jpg,419.0,212.0,751.0,690.0,1.0,0.0,0.0,0.0,0.0,0.0,1024.0,1359.0,0.1140372056659308,Male,Indian,True,Male_Indian,4.0,1
2880,13--Interview/13_Interview_Interview_Sequences_13_401.jpg,430.0,80.0,622.0,362.0,0.0,0.0,0.0,0.0,0.0,0.0,1024.0,582.0,0.0908505154639175,Male,White,True,Male_White,3.0,1
2881,13--Interview/13_Interview_Interview_2_People_Visible_13_492.jpg,386.0,28.0,804.0,668.0,0.0,0.0,1.0,0.0,0.0,0.0,1024.0,908.0,0.2877202643171806,Female,White,True,Female_White,10.0,1
2893,13--Interview/13_Interview_Interview_Sequences_13_320.jpg,452.0,142.0,510.0,222.0,1.0,1.0,0.0,0.0,0.0,0.0,1024.0,746.0,0.0060740616621983,Male,White,True,Male_White,0.0,1
2894,13--Interview/13_Interview_Interview_On_Location_13_833.jpg,320.0,80.0,620.0,450.0,0.0,0.0,0.0,0.0,0.0,0.0,1024.0,667.0,0.1625163980509745,Male,White,True,Male_White,6.0,1
2896,13--Interview/13_Interview_Interview_Sequences_13_166.jpg,292.0,32.0,598.0,428.0,0.0,0.0,0.0,0.0,0.0,0.0,1024.0,576.0,0.2054443359375,Female,White,True,Female_White,7.0,1
2897,13--Interview/13_Interview_Interview_Sequences_13_776.jpg,310.0,78.0,592.0,456.0,0.0,0.0,0.0,0.0,0.0,0.0,1024.0,634.0,0.164191886829653,Female,White,True,Female_White,6.0,1
2899,13--Interview/13_Interview_Interview_On_Location_13_30.jpg,451.0,64.0,712.0,467.0,0.0,0.0,0.0,0.0,0.0,0.0,1024.0,1552.0,0.0661841323695232,Male,White,True,Male_White,2.0,1
2903,13--Interview/13_Interview_Interview_Sequences_13_920.jpg,598.0,74.0,700.0,222.0,0.0,0.0,1.0,0.0,0.0,0.0,1024.0,673.0,0.0219051820208023,Male,White,True,Male_White,0.0,1
2909,13--Interview/13_Interview_Interview_Sequences_13_452.jpg,189.0,267.0,697.0,937.0,0.0,0.0,0.0,0.0,0.0,0.0,1024.0,1485.0,0.2238268097643097,Male,Asian,True,Male_Asian,8.0,1
2914,13--Interview/13_Interview_Interview_2_People_Visible_13_305.jpg,368.0,83.0,651.0,558.0,0.0,1.0,0.0,0.0,0.0,0.0,1024.0,1366.0,0.0961013280106149,Female,White,True,Female_White,3.0,1
2917,13--Interview/13_Interview_Interview_Sequences_13_823.jpg,428.0,70.0,568.0,238.0,0.0,0.0,1.0,0.0,0.0,0.0,1024.0,683.0,0.0336292093704245,Male,White,True,Male_White,1.0,1
2920,13--Interview/13_Interview_Interview_Sequences_13_269.jpg,476.0,116.0,664.0,388.0,0.0,0.0,0.0,0.0,0.0,0.0,1024.0,683.0,0.073114934114202,Male,White,True,Male_White,2.0,1
2922,13--Interview/13_Interview_Interview_Sequences_13_1043.jpg,508.0,218.0,663.0,438.0,1.0,0.0,0.0,0.0,0.0,0.0,1024.0,1283.0,0.0259554023772408,Male,Indian,True,Male_Indian,0.0,10
2923,13--Interview/13_Interview_Interview_Sequences_13_1043.jpg,295.0,285.0,453.0,478.0,1.0,0.0,0.0,0.0,0.0,0.0,1024.0,1283.0,0.0232106756625097,Male,Indian,True,Male_Indian,0.0,10
2926,13--Interview/13_Interview_Interview_On_Location_13_76.jpg,351.0,98.0,595.0,461.0,0.0,0.0,0.0,0.0,0.0,0.0,1024.0,1524.0,0.056755967027559,Male,White,True,Male_White,2.0,1
2930,13--Interview/13_Interview_Interview_Sequences_13_147.jpg,372.0,2.0,798.0,542.0,0.0,0.0,0.0,0.0,0.0,0.0,1024.0,572.0,0.3927420236013986,Male,White,True,Male_White,14.0,1
2944,13--Interview/13_Interview_Interview_Sequences_13_921.jpg,420.0,466.0,668.0,840.0,0.0,0.0,0.0,0.0,0.0,0.0,1024.0,1571.0,0.0576563494589433,Male,White,True,Male_White,2.0,1
2945,13--Interview/13_Interview_Interview_Sequences_13_72.jpg,176.0,10.0,566.0,442.0,0.0,0.0,0.0,0.0,0.0,1.0,1024.0,572.0,0.2876420454545454,Female,White,True,Female_White,10.0,1
2946,14--Traffic/14_Traffic_Traffic_14_650.jpg,556.0,64.0,742.0,320.0,0.0,0.0,1.0,0.0,0.0,0.0,1024.0,500.0,0.093,Female,White,True,Female_White,3.0,1
2948,14--Traffic/14_Traffic_Traffic_14_621.jpg,455.0,220.0,705.0,612.0,0.0,0.0,0.0,0.0,0.0,0.0,1024.0,1540.0,0.0621448863636363,Male,White,True,Male_White,2.0,1
2949,14--Traffic/14_Traffic_Traffic_14_446.jpg,402.0,228.0,454.0,292.0,1.0,0.0,0.0,0.0,1.0,0.0,1024.0,768.0,0.0042317708333333,Male,Indian,True,Male_Indian,0.0,1
2952,14--Traffic/14_Traffic_Traffic_14_913.jpg,161.0,190.0,208.0,268.0,1.0,0.0,1.0,0.0,0.0,0.0,1024.0,732.0,0.0048908171106557,Male,White,True,Male_White,0.0,1
2959,14--Traffic/14_Traffic_Traffic_14_1004.jpg,318.0,168.0,753.0,793.0,0.0,0.0,0.0,0.0,0.0,0.0,1024.0,1537.0,0.1727410082547169,Female,White,True,Female_White,6.0,1
2960,14--Traffic/14_Traffic_Traffic_14_761.jpg,746.0,158.0,862.0,316.0,1.0,0.0,1.0,0.0,0.0,0.0,1024.0,765.0,0.0233966503267973,Male,White,True,Male_White,0.0,1
2962,14--Traffic/14_Traffic_Traffic_14_531.jpg,165.0,300.0,748.0,1021.0,0.0,0.0,0.0,0.0,0.0,1.0,1024.0,1536.0,0.2672468821207682,Female,Indian,True,Female_Indian,10.0,1
2966,14--Traffic/14_Traffic_Traffic_14_704.jpg,598.0,70.0,718.0,262.0,0.0,0.0,1.0,0.0,0.0,0.0,1024.0,679.0,0.0331369661266568,Female,White,True,Female_White,1.0,1
2967,14--Traffic/14_Traffic_Traffic_14_939.jpg,350.0,325.0,725.0,797.0,0.0,0.0,0.0,0.0,0.0,0.0,1024.0,1280.0,0.135040283203125,Female,White,True,Female_White,5.0,1
2968,14--Traffic/14_Traffic_Traffic_14_325.jpg,320.0,275.0,672.0,779.0,0.0,0.0,0.0,0.0,0.0,0.0,1024.0,1365.0,0.1269230769230769,Female,Black,True,Female_Black,4.0,1
2972,14--Traffic/14_Traffic_Traffic_14_727.jpg,242.0,104.0,390.0,264.0,0.0,0.0,0.0,0.0,0.0,1.0,1024.0,683.0,0.0338579795021961,Female,Indian,True,Female_Indian,1.0,1
2973,14--Traffic/14_Traffic_Traffic_14_727.jpg,596.0,104.0,730.0,278.0,0.0,0.0,0.0,0.0,0.0,0.0,1024.0,683.0,0.0333375274524158,Female,Indian,True,Female_Indian,1.0,1
2977,14--Traffic/14_Traffic_Traffic_14_545.jpg,674.0,280.0,846.0,472.0,0.0,0.0,0.0,0.0,0.0,1.0,1024.0,682.0,0.0472873900293255,Female,Indian,True,Female_Indian,1.0,1
2978,14--Traffic/14_Traffic_Traffic_14_545.jpg,520.0,144.0,740.0,354.0,0.0,0.0,0.0,0.0,0.0,1.0,1024.0,682.0,0.0661542338709677,Male,Indian,True,Male_Indian,2.0,1
2987,14--Traffic/14_Traffic_Traffic_14_775.jpg,446.0,96.0,622.0,326.0,0.0,0.0,0.0,0.0,0.0,0.0,1024.0,679.0,0.0582198085419734,Female,White,True,Female_White,2.0,1
2990,14--Traffic/14_Traffic_Traffic_14_620.jpg,328.0,202.0,726.0,720.0,0.0,0.0,0.0,0.0,0.0,0.0,1024.0,1540.0,0.1307350852272727,Male,White,True,Male_White,4.0,1
2993,15--Stock_Market/15_Stock_Market_Stock_Market_15_729.jpg,662.0,46.0,926.0,394.0,0.0,0.0,0.0,0.0,0.0,0.0,1024.0,576.0,0.15576171875,Male,White,True,Male_White,5.0,1
2996,15--Stock_Market/15_Stock_Market_Stock_Market_15_679.jpg,454.0,220.0,818.0,684.0,0.0,0.0,0.0,0.0,0.0,0.0,1024.0,895.0,0.1842877094972067,Female,White,True,Female_White,6.0,1
3003,15--Stock_Market/15_Stock_Market_Stock_Market_15_442.jpg,470.0,298.0,690.0,556.0,0.0,0.0,1.0,0.0,0.0,0.0,1024.0,768.0,0.072174072265625,Male,White,True,Male_White,2.0,1
3021,15--Stock_Market/15_Stock_Market_Stock_Market_15_561.jpg,448.0,106.0,594.0,326.0,0.0,0.0,0.0,0.0,1.0,0.0,1024.0,586.0,0.0535276237201365,Male,White,True,Male_White,1.0,1
3024,15--Stock_Market/15_Stock_Market_Stock_Market_15_490.jpg,432.0,120.0,558.0,298.0,0.0,0.0,0.0,0.0,0.0,0.0,1024.0,577.0,0.0379590012998266,Male,White,True,Male_White,1.0,1
3025,15--Stock_Market/15_Stock_Market_Stock_Market_15_362.jpg,410.0,134.0,580.0,398.0,0.0,0.0,0.0,0.0,0.0,0.0,1024.0,768.0,0.05706787109375,Male,White,True,Male_White,2.0,1
3030,15--Stock_Market/15_Stock_Market_Stock_Market_15_410.jpg,293.0,383.0,706.0,967.0,0.0,0.0,0.0,0.0,0.0,0.0,1024.0,1532.0,0.1537461243472584,Female,White,True,Female_White,5.0,1
3031,15--Stock_Market/15_Stock_Market_Stock_Market_15_776.jpg,282.0,158.0,510.0,508.0,0.0,0.0,0.0,0.0,1.0,0.0,1024.0,650.0,0.1198918269230769,Male,White,True,Male_White,4.0,1
3041,15--Stock_Market/15_Stock_Market_Stock_Market_15_993.jpg,676.0,192.0,782.0,282.0,0.0,0.0,0.0,0.0,0.0,1.0,1024.0,681.0,0.0136804790748898,Male,Asian,True,Male_Asian,0.0,1
3054,15--Stock_Market/15_Stock_Market_Stock_Market_15_377.jpg,126.0,32.0,180.0,106.0,1.0,0.0,0.0,0.0,0.0,0.0,1024.0,737.0,0.0052949033242876,Female,Asian,True,Female_Asian,0.0,1
3055,15--Stock_Market/15_Stock_Market_Stock_Market_15_377.jpg,386.0,126.0,444.0,190.0,1.0,0.0,0.0,0.0,0.0,0.0,1024.0,737.0,0.0049185888738127,Female,White,True,Female_White,0.0,1
3056,15--Stock_Market/15_Stock_Market_Stock_Market_15_377.jpg,508.0,230.0,596.0,348.0,0.0,0.0,0.0,0.0,0.0,0.0,1024.0,737.0,0.0137593283582089,Female,Asian,True,Female_Asian,0.0,1
3057,15--Stock_Market/15_Stock_Market_Stock_Market_15_377.jpg,884.0,214.0,988.0,364.0,0.0,0.0,0.0,0.0,0.0,0.0,1024.0,737.0,0.0206707937584803,Female,White,True,Female_White,0.0,1
3059,15--Stock_Market/15_Stock_Market_Stock_Market_15_757.jpg,141.0,108.0,184.0,156.0,1.0,0.0,0.0,0.0,0.0,0.0,1024.0,768.0,0.00262451171875,Male,Asian,True,Male_Asian,0.0,1
3060,15--Stock_Market/15_Stock_Market_Stock_Market_15_757.jpg,786.0,124.0,822.0,191.0,1.0,0.0,0.0,0.0,0.0,1.0,1024.0,768.0,0.0030670166015625,Male,Asian,True,Male_Asian,0.0,1
3061,16--Award_Ceremony/16_Award_Ceremony_Awards_Ceremony_16_65.jpg,429.0,234.0,611.0,509.0,0.0,0.0,0.0,0.0,0.0,0.0,1024.0,1408.0,0.0347137451171875,Male,White,True,Male_White,1.0,1
3062,16--Award_Ceremony/16_Award_Ceremony_Awards_Ceremony_16_199.jpg,354.0,78.0,660.0,490.0,0.0,0.0,0.0,0.0,0.0,0.0,1024.0,683.0,0.1802594253294289,Female,White,True,Female_White,6.0,1
3063,16--Award_Ceremony/16_Award_Ceremony_Awards_Ceremony_16_552.jpg,207.0,219.0,727.0,856.0,0.0,0.0,0.0,0.0,0.0,0.0,1024.0,1536.0,0.2105967203776041,Female,Indian,True,Female_Indian,7.0,1
3064,16--Award_Ceremony/16_Award_Ceremony_Awards_Ceremony_16_161.jpg,483.0,562.0,681.0,808.0,0.0,0.0,0.0,0.0,0.0,0.0,1024.0,1538.0,0.0309274422951885,Male,Indian,True,Male_Indian,1.0,1
3065,16--Award_Ceremony/16_Award_Ceremony_Awards_Ceremony_16_161.jpg,216.0,1042.0,351.0,1228.0,1.0,0.0,0.0,0.0,0.0,0.0,1024.0,1538.0,0.0159437479681404,Male,Indian,True,Male_Indian,0.0,1
3070,16--Award_Ceremony/16_Award_Ceremony_Awards_Ceremony_16_478.jpg,258.0,336.0,690.0,928.0,0.0,0.0,0.0,0.0,0.0,0.0,1024.0,1536.0,0.16259765625,Female,White,True,Female_White,6.0,1
3073,16--Award_Ceremony/16_Award_Ceremony_Awards_Ceremony_16_709.jpg,235.0,109.0,525.0,507.0,0.0,0.0,0.0,0.0,0.0,0.0,1024.0,1326.0,0.085003652903469,Female,Black,True,Female_Black,3.0,1
3083,16--Award_Ceremony/16_Award_Ceremony_Awards_Ceremony_16_484.jpg,390.0,183.0,658.0,541.0,0.0,0.0,0.0,0.0,0.0,0.0,1024.0,1492.0,0.0627984668230563,Female,White,True,Female_White,2.0,1
3099,16--Award_Ceremony/16_Award_Ceremony_Awards_Ceremony_16_494.jpg,422.0,144.0,602.0,376.0,0.0,0.0,0.0,0.0,0.0,0.0,1024.0,640.0,0.063720703125,Female,Indian,True,Female_Indian,2.0,1
3100,16--Award_Ceremony/16_Award_Ceremony_Awards_Ceremony_16_207.jpg,413.0,131.0,617.0,457.0,0.0,0.0,0.0,0.0,0.0,0.0,1024.0,1491.0,0.0435582243460764,Male,White,True,Male_White,1.0,1
3104,16--Award_Ceremony/16_Award_Ceremony_Awards_Ceremony_16_642.jpg,351.0,204.0,702.0,693.0,0.0,0.0,0.0,0.0,0.0,0.0,1024.0,1536.0,0.1091251373291015,Female,Black,True,Female_Black,4.0,1
3108,16--Award_Ceremony/16_Award_Ceremony_Awards_Ceremony_16_587.jpg,516.0,86.0,716.0,374.0,0.0,0.0,0.0,0.0,0.0,0.0,1024.0,1024.0,0.054931640625,Female,White,True,Female_White,2.0,1
3113,16--Award_Ceremony/16_Award_Ceremony_Awards_Ceremony_16_374.jpg,430.0,163.0,662.0,522.0,0.0,0.0,0.0,0.0,0.0,0.0,1024.0,1668.0,0.0487625524580335,Female,White,True,Female_White,1.0,1
3114,16--Award_Ceremony/16_Award_Ceremony_Awards_Ceremony_16_510.jpg,57.0,144.0,93.0,186.0,0.0,0.0,0.0,0.0,0.0,0.0,1024.0,579.0,0.0025501943005181,Female,Asian,True,Female_Asian,0.0,10
3115,16--Award_Ceremony/16_Award_Ceremony_Awards_Ceremony_16_510.jpg,189.0,112.0,225.0,153.0,0.0,0.0,0.0,0.0,0.0,0.0,1024.0,579.0,0.002489475388601,Female,Asian,True,Female_Asian,0.0,10
3116,16--Award_Ceremony/16_Award_Ceremony_Awards_Ceremony_16_510.jpg,280.0,117.0,317.0,161.0,0.0,0.0,0.0,0.0,0.0,0.0,1024.0,579.0,0.0027458441278065,Female,Asian,True,Female_Asian,0.0,10
3117,16--Award_Ceremony/16_Award_Ceremony_Awards_Ceremony_16_510.jpg,401.0,144.0,432.0,188.0,0.0,0.0,0.0,0.0,0.0,0.0,1024.0,579.0,0.0023005721070811,Female,Asian,True,Female_Asian,0.0,10
3118,16--Award_Ceremony/16_Award_Ceremony_Awards_Ceremony_16_510.jpg,495.0,112.0,528.0,158.0,0.0,0.0,0.0,0.0,0.0,0.0,1024.0,579.0,0.0025603141191709,Female,Asian,True,Female_Asian,0.0,10
3119,16--Award_Ceremony/16_Award_Ceremony_Awards_Ceremony_16_510.jpg,593.0,140.0,629.0,185.0,0.0,0.0,0.0,0.0,0.0,0.0,1024.0,579.0,0.0027323510362694,Female,Asian,True,Female_Asian,0.0,10
3120,16--Award_Ceremony/16_Award_Ceremony_Awards_Ceremony_16_510.jpg,712.0,138.0,747.0,179.0,0.0,0.0,0.0,0.0,0.0,0.0,1024.0,579.0,0.0024203232944732,Female,Asian,True,Female_Asian,0.0,10
3121,16--Award_Ceremony/16_Award_Ceremony_Awards_Ceremony_16_510.jpg,794.0,147.0,832.0,186.0,0.0,0.0,0.0,0.0,0.0,0.0,1024.0,579.0,0.0024995952072538,Female,Asian,True,Female_Asian,0.0,10
3122,16--Award_Ceremony/16_Award_Ceremony_Awards_Ceremony_16_510.jpg,883.0,126.0,921.0,174.0,0.0,0.0,0.0,0.0,0.0,0.0,1024.0,579.0,0.0030764248704663,Female,Asian,True,Female_Asian,0.0,10
3127,16--Award_Ceremony/16_Award_Ceremony_Awards_Ceremony_16_339.jpg,295.0,149.0,609.0,600.0,0.0,0.0,0.0,0.0,0.0,0.0,1024.0,1408.0,0.0982208251953125,Female,White,True,Female_White,3.0,1
3137,16--Award_Ceremony/16_Award_Ceremony_Awards_Ceremony_16_520.jpg,230.0,230.0,640.0,796.0,0.0,0.0,0.0,0.0,0.0,0.0,1024.0,1294.0,0.1751322208268933,Female,Indian,True,Female_Indian,6.0,1
3138,16--Award_Ceremony/16_Award_Ceremony_Awards_Ceremony_16_58.jpg,454.0,152.0,619.0,394.0,0.0,0.0,0.0,0.0,0.0,0.0,1024.0,1320.0,0.029541015625,Male,White,True,Male_White,1.0,1
3139,16--Award_Ceremony/16_Award_Ceremony_Awards_Ceremony_16_593.jpg,180.0,300.0,829.0,1162.0,0.0,0.0,0.0,0.0,0.0,0.0,1024.0,1536.0,0.3556811014811198,Male,Black,True,Male_Black,13.0,1
3141,16--Award_Ceremony/16_Award_Ceremony_Awards_Ceremony_16_426.jpg,612.0,109.0,892.0,474.0,0.0,0.0,0.0,0.0,0.0,0.0,1024.0,1508.0,0.0661834797745358,Male,White,True,Male_White,2.0,1
3148,16--Award_Ceremony/16_Award_Ceremony_Awards_Ceremony_16_385.jpg,432.0,150.0,694.0,538.0,0.0,0.0,0.0,0.0,0.0,0.0,1024.0,1741.0,0.0570209290637564,Female,White,True,Female_White,2.0,1
3152,16--Award_Ceremony/16_Award_Ceremony_Awards_Ceremony_16_314.jpg,295.0,177.0,711.0,835.0,0.0,0.0,0.0,0.0,0.0,0.0,1024.0,1514.0,0.1765604359313078,Female,White,True,Female_White,6.0,1
3154,16--Award_Ceremony/16_Award_Ceremony_Awards_Ceremony_16_279.jpg,392.0,229.0,688.0,650.0,0.0,0.0,0.0,0.0,0.0,0.0,1024.0,1140.0,0.106750274122807,Female,White,True,Female_White,3.0,1
3155,16--Award_Ceremony/16_Award_Ceremony_Awards_Ceremony_16_486.jpg,326.0,215.0,678.0,680.0,0.0,0.0,0.0,0.0,0.0,0.0,1024.0,1492.0,0.1071338806970509,Female,White,True,Female_White,3.0,1
3160,16--Award_Ceremony/16_Award_Ceremony_Awards_Ceremony_16_545.jpg,438.0,113.0,634.0,393.0,0.0,0.0,0.0,0.0,0.0,0.0,1024.0,1525.0,0.0351434426229508,Female,White,True,Female_White,1.0,1
3161,16--Award_Ceremony/16_Award_Ceremony_Awards_Ceremony_16_153.jpg,366.0,211.0,644.0,575.0,0.0,0.0,0.0,0.0,0.0,0.0,1024.0,1218.0,0.0811332614942528,Female,White,True,Female_White,2.0,1
3162,16--Award_Ceremony/16_Award_Ceremony_Awards_Ceremony_16_471.jpg,351.0,130.0,590.0,489.0,0.0,0.0,0.0,0.0,0.0,0.0,1024.0,1330.0,0.0630000293703007,Female,White,True,Female_White,2.0,1
3169,16--Award_Ceremony/16_Award_Ceremony_Awards_Ceremony_16_307.jpg,302.0,248.0,477.0,507.0,0.0,0.0,1.0,0.0,0.0,0.0,1024.0,1380.0,0.0320744168931159,Male,Indian,True,Male_Indian,1.0,1
3170,16--Award_Ceremony/16_Award_Ceremony_Awards_Ceremony_16_237.jpg,356.0,88.0,584.0,390.0,0.0,0.0,0.0,0.0,0.0,0.0,1024.0,683.0,0.0984512262079062,Female,White,True,Female_White,3.0,1
3171,16--Award_Ceremony/16_Award_Ceremony_Awards_Ceremony_16_209.jpg,396.0,225.0,702.0,639.0,0.0,0.0,0.0,0.0,0.0,0.0,1024.0,1539.0,0.0803865131578947,Female,White,True,Female_White,2.0,1
3172,16--Award_Ceremony/16_Award_Ceremony_Awards_Ceremony_16_333.jpg,303.0,129.0,671.0,632.0,0.0,0.0,0.0,0.0,0.0,0.0,1024.0,1506.0,0.1200302954847277,Male,White,True,Male_White,4.0,1
3175,16--Award_Ceremony/16_Award_Ceremony_Awards_Ceremony_16_508.jpg,327.0,171.0,777.0,817.0,0.0,0.0,0.0,0.0,0.0,0.0,1024.0,1434.0,0.1979684231171548,Female,White,True,Female_White,7.0,1
3178,16--Award_Ceremony/16_Award_Ceremony_Awards_Ceremony_16_659.jpg,281.0,100.0,572.0,542.0,0.0,0.0,0.0,0.0,0.0,0.0,1024.0,1285.0,0.0977489664396887,Male,White,True,Male_White,3.0,1
3182,16--Award_Ceremony/16_Award_Ceremony_Awards_Ceremony_16_533.jpg,301.0,281.0,729.0,848.0,0.0,0.0,0.0,0.0,0.0,0.0,1024.0,1452.0,0.1632150697314049,Female,White,True,Female_White,6.0,1
3184,16--Award_Ceremony/16_Award_Ceremony_Awards_Ceremony_16_206.jpg,210.0,273.0,606.0,895.0,0.0,0.0,0.0,0.0,0.0,0.0,1024.0,1536.0,0.1566009521484375,Female,White,True,Female_White,5.0,1
3199,16--Award_Ceremony/16_Award_Ceremony_Awards_Ceremony_16_373.jpg,277.0,173.0,510.0,491.0,0.0,0.0,0.0,0.0,0.0,0.0,1024.0,1407.0,0.0514267390724946,Female,White,True,Female_White,1.0,1
3200,16--Award_Ceremony/16_Award_Ceremony_Awards_Ceremony_16_530.jpg,414.0,245.0,781.0,761.0,0.0,0.0,0.0,0.0,0.0,0.0,1024.0,1335.0,0.1385270365168539,Female,White,True,Female_White,5.0,1
3203,16--Award_Ceremony/16_Award_Ceremony_Awards_Ceremony_16_501.jpg,361.0,122.0,608.0,486.0,0.0,0.0,0.0,0.0,0.0,0.0,1024.0,1391.0,0.0631206191588785,Female,White,True,Female_White,2.0,1
3206,16--Award_Ceremony/16_Award_Ceremony_Awards_Ceremony_16_442.jpg,367.0,197.0,543.0,433.0,0.0,0.0,0.0,0.0,0.0,0.0,1024.0,1529.0,0.0265287769784172,Female,Indian,True,Female_Indian,0.0,1
3207,16--Award_Ceremony/16_Award_Ceremony_Awards_Ceremony_16_442.jpg,860.0,564.0,926.0,645.0,1.0,0.0,1.0,0.0,0.0,0.0,1024.0,1529.0,0.0034144559352517,Male,Indian,True,Male_Indian,0.0,1
3208,16--Award_Ceremony/16_Award_Ceremony_Awards_Ceremony_16_577.jpg,468.0,105.0,864.0,649.0,0.0,0.0,0.0,0.0,0.0,0.0,1024.0,1536.0,0.136962890625,Female,Black,True,Female_Black,5.0,1
3209,16--Award_Ceremony/16_Award_Ceremony_Awards_Ceremony_16_594.jpg,302.0,220.0,690.0,719.0,0.0,0.0,0.0,0.0,0.0,0.0,1024.0,1460.0,0.1295028895547945,Female,White,True,Female_White,4.0,1
3211,16--Award_Ceremony/16_Award_Ceremony_Awards_Ceremony_16_439.jpg,230.0,115.0,578.0,627.0,0.0,0.0,0.0,0.0,0.0,0.0,1024.0,1551.0,0.1121856866537717,Female,White,True,Female_White,4.0,1
3212,16--Award_Ceremony/16_Award_Ceremony_Awards_Ceremony_16_496.jpg,355.0,223.0,662.0,657.0,0.0,0.0,0.0,0.0,0.0,0.0,1024.0,1545.0,0.0842169801779935,Female,White,True,Female_White,3.0,1
3214,16--Award_Ceremony/16_Award_Ceremony_Awards_Ceremony_16_531.jpg,280.0,228.0,672.0,759.0,0.0,0.0,0.0,0.0,0.0,0.0,1024.0,1476.0,0.1377191310975609,Female,White,True,Female_White,5.0,1
3230,16--Award_Ceremony/16_Award_Ceremony_Awards_Ceremony_16_325.jpg,219.0,366.0,868.0,1183.0,0.0,0.0,0.0,0.0,0.0,0.0,1024.0,1536.0,0.3371130625406901,Male,Indian,True,Male_Indian,12.0,1
3231,16--Award_Ceremony/16_Award_Ceremony_Awards_Ceremony_16_271.jpg,375.0,85.0,587.0,413.0,0.0,0.0,0.0,0.0,0.0,0.0,1024.0,1326.0,0.0512113499245852,Male,White,True,Male_White,1.0,1
3232,16--Award_Ceremony/16_Award_Ceremony_Awards_Ceremony_16_274.jpg,352.0,145.0,608.0,527.0,0.0,0.0,0.0,0.0,0.0,0.0,1024.0,1540.0,0.062012987012987,Male,White,True,Male_White,2.0,1
3233,16--Award_Ceremony/16_Award_Ceremony_Awards_Ceremony_16_582.jpg,379.0,274.0,701.0,684.0,0.0,0.0,0.0,0.0,0.0,0.0,1024.0,1543.0,0.0835552697666882,Female,Indian,True,Female_Indian,3.0,1
3236,16--Award_Ceremony/16_Award_Ceremony_Awards_Ceremony_16_384.jpg,365.0,203.0,624.0,562.0,0.0,0.0,0.0,0.0,0.0,0.0,1024.0,1763.0,0.0515041167399319,Female,White,True,Female_White,1.0,1
3249,16--Award_Ceremony/16_Award_Ceremony_Awards_Ceremony_16_151.jpg,367.0,120.0,599.0,463.0,0.0,0.0,0.0,0.0,0.0,0.0,1024.0,1540.0,0.0504616477272727,Male,White,True,Male_White,1.0,1
3250,16--Award_Ceremony/16_Award_Ceremony_Awards_Ceremony_16_456.jpg,38.0,328.0,85.0,396.0,1.0,0.0,0.0,0.0,0.0,0.0,1024.0,783.0,0.0039860712005108,Male,Indian,True,Male_Indian,0.0,10
3251,16--Award_Ceremony/16_Award_Ceremony_Awards_Ceremony_16_456.jpg,132.0,198.0,180.0,269.0,1.0,1.0,0.0,0.0,0.0,0.0,1024.0,783.0,0.004250478927203,Male,Indian,True,Male_Indian,0.0,10
3252,16--Award_Ceremony/16_Award_Ceremony_Awards_Ceremony_16_456.jpg,196.0,228.0,240.0,289.0,1.0,0.0,0.0,0.0,0.0,0.0,1024.0,783.0,0.003347501596424,Male,Indian,True,Male_Indian,0.0,10
3253,16--Award_Ceremony/16_Award_Ceremony_Awards_Ceremony_16_456.jpg,590.0,172.0,625.0,229.0,1.0,0.0,0.0,0.0,0.0,0.0,1024.0,783.0,0.0024881764846743,Female,Indian,True,Female_Indian,0.0,10
3254,16--Award_Ceremony/16_Award_Ceremony_Awards_Ceremony_16_456.jpg,665.0,211.0,714.0,269.0,0.0,0.0,0.0,0.0,0.0,0.0,1024.0,783.0,0.0035445601851851,Female,Indian,True,Female_Indian,0.0,10
3255,16--Award_Ceremony/16_Award_Ceremony_Awards_Ceremony_16_456.jpg,931.0,150.0,977.0,214.0,1.0,0.0,0.0,0.0,0.0,0.0,1024.0,783.0,0.0036717752234993,Female,Indian,True,Female_Indian,0.0,10
3256,16--Award_Ceremony/16_Award_Ceremony_Awards_Ceremony_16_456.jpg,960.0,202.0,1003.0,271.0,1.0,0.0,0.0,0.0,0.0,0.0,1024.0,783.0,0.0037004609674329,Male,Indian,True,Male_Indian,0.0,10
3257,16--Award_Ceremony/16_Award_Ceremony_Awards_Ceremony_16_456.jpg,734.0,320.0,760.0,383.0,1.0,0.0,1.0,0.0,0.0,1.0,1024.0,783.0,0.0020429238505747,Male,Indian,True,Male_Indian,0.0,10
3258,16--Award_Ceremony/16_Award_Ceremony_Awards_Ceremony_16_456.jpg,437.0,192.0,472.0,264.0,1.0,1.0,0.0,0.0,0.0,0.0,1024.0,783.0,0.0031429597701149,Female,Indian,True,Female_Indian,0.0,10
3259,16--Award_Ceremony/16_Award_Ceremony_Awards_Ceremony_16_456.jpg,514.0,320.0,558.0,390.0,1.0,1.0,0.0,0.0,0.0,0.0,1024.0,783.0,0.0038413952745849,Male,Indian,True,Male_Indian,0.0,10
3260,16--Award_Ceremony/16_Award_Ceremony_Awards_Ceremony_16_456.jpg,547.0,262.0,577.0,315.0,1.0,0.0,0.0,0.0,1.0,0.0,1024.0,783.0,0.0019830579501915,Female,Indian,True,Female_Indian,0.0,10
3270,16--Award_Ceremony/16_Award_Ceremony_Awards_Ceremony_16_245.jpg,228.0,138.0,770.0,956.0,0.0,0.0,0.0,0.0,0.0,0.0,1024.0,1408.0,0.3075034401633523,Male,Black,True,Male_Black,11.0,1
3271,16--Award_Ceremony/16_Award_Ceremony_Awards_Ceremony_16_342.jpg,386.0,80.0,740.0,608.0,0.0,0.0,0.0,0.0,0.0,0.0,1024.0,693.0,0.2633928571428571,Female,White,True,Female_White,9.0,1
3275,16--Award_Ceremony/16_Award_Ceremony_Awards_Ceremony_16_513.jpg,406.0,157.0,644.0,462.0,0.0,0.0,0.0,0.0,0.0,0.0,1024.0,1432.0,0.0495032624825419,Female,White,True,Female_White,1.0,1
3279,16--Award_Ceremony/16_Award_Ceremony_Awards_Ceremony_16_330.jpg,476.0,188.0,626.0,402.0,0.0,0.0,0.0,0.0,0.0,0.0,1024.0,1024.0,0.0306129455566406,Female,White,True,Female_White,1.0,1
3281,16--Award_Ceremony/16_Award_Ceremony_Awards_Ceremony_16_304.jpg,348.0,249.0,527.0,498.0,0.0,0.0,0.0,0.0,0.0,0.0,1024.0,1370.0,0.031771070939781,Male,White,True,Male_White,1.0,1
3282,16--Award_Ceremony/16_Award_Ceremony_Awards_Ceremony_16_541.jpg,347.0,266.0,726.0,771.0,0.0,0.0,0.0,0.0,0.0,0.0,1024.0,1376.0,0.1358351596566133,Female,White,True,Female_White,5.0,1
3283,16--Award_Ceremony/16_Award_Ceremony_Awards_Ceremony_16_560.jpg,343.0,268.0,825.0,955.0,0.0,0.0,0.0,0.0,0.0,0.0,1024.0,1544.0,0.2094385018620466,Female,White,True,Female_White,7.0,1
3284,16--Award_Ceremony/16_Award_Ceremony_Awards_Ceremony_16_238.jpg,323.0,231.0,724.0,793.0,0.0,0.0,0.0,0.0,1.0,0.0,1024.0,1477.0,0.1490047922308734,Female,White,True,Female_White,5.0,1
3285,16--Award_Ceremony/16_Award_Ceremony_Awards_Ceremony_16_401.jpg,272.0,330.0,738.0,969.0,0.0,0.0,0.0,0.0,0.0,0.0,1024.0,1480.0,0.1964830553209459,Female,White,True,Female_White,7.0,1
3287,16--Award_Ceremony/16_Award_Ceremony_Awards_Ceremony_16_595.jpg,267.0,99.0,808.0,949.0,0.0,0.0,0.0,0.0,0.0,0.0,1024.0,1536.0,0.292364756266276,Female,Black,True,Female_Black,10.0,1
3290,16--Award_Ceremony/16_Award_Ceremony_Awards_Ceremony_16_576.jpg,379.0,152.0,712.0,611.0,0.0,0.0,0.0,0.0,0.0,0.0,1024.0,1470.0,0.1015405771683673,Female,White,True,Female_White,3.0,1
3299,16--Award_Ceremony/16_Award_Ceremony_Awards_Ceremony_16_412.jpg,315.0,161.0,569.0,494.0,0.0,0.0,0.0,0.0,0.0,0.0,1024.0,1550.0,0.0532900705645161,Female,White,True,Female_White,1.0,1
3300,16--Award_Ceremony/16_Award_Ceremony_Awards_Ceremony_16_386.jpg,435.0,190.0,820.0,709.0,0.0,0.0,0.0,0.0,0.0,0.0,1024.0,1280.0,0.1524467468261718,Female,White,True,Female_White,5.0,1
3301,16--Award_Ceremony/16_Award_Ceremony_Awards_Ceremony_16_538.jpg,204.0,94.0,562.0,590.0,0.0,0.0,0.0,0.0,0.0,0.0,1024.0,1022.0,0.16967343444227,Female,White,True,Female_White,6.0,1
3302,16--Award_Ceremony/16_Award_Ceremony_Awards_Ceremony_16_229.jpg,410.0,108.0,607.0,421.0,0.0,0.0,0.0,0.0,0.0,0.0,1024.0,1907.0,0.0315762036248033,Female,White,True,Female_White,1.0,1
3303,16--Award_Ceremony/16_Award_Ceremony_Awards_Ceremony_16_313.jpg,562.0,126.0,724.0,372.0,0.0,0.0,0.0,0.0,0.0,0.0,1024.0,942.0,0.0413141918789808,Female,White,True,Female_White,1.0,1
3304,16--Award_Ceremony/16_Award_Ceremony_Awards_Ceremony_16_244.jpg,570.0,70.0,726.0,294.0,0.0,0.0,0.0,0.0,0.0,0.0,1024.0,895.0,0.0381284916201117,Female,White,True,Female_White,1.0,1
3323,17--Ceremony/17_Ceremony_Ceremony_17_255.jpg,687.0,130.0,847.0,314.0,0.0,0.0,0.0,0.0,1.0,0.0,1024.0,1540.0,0.0186688311688311,Female,White,True,Female_White,0.0,1
3328,17--Ceremony/17_Ceremony_Ceremony_17_185.jpg,692.0,212.0,922.0,528.0,0.0,0.0,0.0,0.0,0.0,0.0,1024.0,738.0,0.0961742039295392,Female,Black,True,Female_Black,3.0,10
3329,17--Ceremony/17_Ceremony_Ceremony_17_185.jpg,436.0,250.0,538.0,368.0,0.0,0.0,0.0,0.0,1.0,0.0,1024.0,738.0,0.0159267022357723,Female,Black,True,Female_Black,0.0,10
3330,17--Ceremony/17_Ceremony_Ceremony_17_185.jpg,376.0,258.0,430.0,344.0,0.0,0.0,0.0,0.0,1.0,0.0,1024.0,738.0,0.0061451981707317,Female,Black,True,Female_Black,0.0,10
3380,17--Ceremony/17_Ceremony_Ceremony_17_1026.jpg,364.0,434.0,641.0,735.0,0.0,0.0,0.0,0.0,0.0,0.0,1024.0,1543.0,0.0527691844215813,Male,Indian,True,Male_Indian,1.0,1
3381,17--Ceremony/17_Ceremony_Ceremony_17_1026.jpg,277.0,768.0,497.0,1030.0,0.0,0.0,0.0,0.0,0.0,0.0,1024.0,1543.0,0.0364802738172391,Female,Indian,True,Female_Indian,1.0,1
3411,17--Ceremony/17_Ceremony_Ceremony_17_728.jpg,182.0,172.0,256.0,258.0,0.0,0.0,0.0,0.0,0.0,0.0,1024.0,681.0,0.0091260554331864,Male,Asian,True,Male_Asian,0.0,10
3412,17--Ceremony/17_Ceremony_Ceremony_17_728.jpg,336.0,162.0,402.0,252.0,0.0,0.0,0.0,0.0,0.0,0.0,1024.0,681.0,0.0085180341409691,Female,Asian,True,Female_Asian,0.0,10
3413,17--Ceremony/17_Ceremony_Ceremony_17_728.jpg,446.0,192.0,526.0,286.0,0.0,0.0,0.0,0.0,0.0,0.0,1024.0,681.0,0.0107837738619676,Male,Asian,True,Male_Asian,0.0,10
3414,17--Ceremony/17_Ceremony_Ceremony_17_728.jpg,598.0,218.0,674.0,304.0,0.0,0.0,0.0,0.0,0.0,0.0,1024.0,681.0,0.0093727055800293,Female,Asian,True,Female_Asian,0.0,10
3415,17--Ceremony/17_Ceremony_Ceremony_17_728.jpg,736.0,162.0,810.0,252.0,0.0,0.0,0.0,0.0,0.0,1.0,1024.0,681.0,0.0095505231277533,Male,Asian,True,Male_Asian,0.0,10
3444,17--Ceremony/17_Ceremony_Ceremony_17_68.jpg,813.0,196.0,866.0,256.0,0.0,0.0,0.0,0.0,0.0,0.0,1024.0,768.0,0.0040435791015625,Female,White,True,Female_White,0.0,1
3445,17--Ceremony/17_Ceremony_Ceremony_17_68.jpg,557.0,210.0,597.0,288.0,0.0,0.0,0.0,0.0,0.0,0.0,1024.0,768.0,0.00396728515625,Female,Asian,True,Female_Asian,0.0,1
3446,17--Ceremony/17_Ceremony_Ceremony_17_68.jpg,453.0,223.0,507.0,289.0,0.0,0.0,0.0,0.0,0.0,0.0,1024.0,768.0,0.0045318603515625,Female,Asian,True,Female_Asian,0.0,1
3450,17--Ceremony/17_Ceremony_Ceremony_17_812.jpg,411.0,372.0,654.0,636.0,0.0,0.0,0.0,0.0,0.0,0.0,1024.0,1536.0,0.0407867431640625,Male,Indian,True,Male_Indian,1.0,1
3451,17--Ceremony/17_Ceremony_Ceremony_17_812.jpg,186.0,571.0,375.0,841.0,0.0,0.0,0.0,0.0,0.0,0.0,1024.0,1536.0,0.0324440002441406,Female,Indian,True,Female_Indian,1.0,1
3455,17--Ceremony/17_Ceremony_Ceremony_17_734.jpg,540.0,206.0,686.0,382.0,1.0,0.0,0.0,0.0,0.0,0.0,1024.0,768.0,0.0326741536458333,Female,Indian,True,Female_Indian,1.0,1
3491,17--Ceremony/17_Ceremony_Ceremony_17_921.jpg,438.0,191.0,727.0,587.0,0.0,0.0,0.0,0.0,0.0,0.0,1024.0,1524.0,0.0733344611220472,Female,White,True,Female_White,2.0,1
3492,17--Ceremony/17_Ceremony_Ceremony_17_573.jpg,312.0,268.0,482.0,464.0,0.0,0.0,0.0,0.0,0.0,0.0,1024.0,768.0,0.0423685709635416,Female,Indian,True,Female_Indian,1.0,1
3493,17--Ceremony/17_Ceremony_Ceremony_17_573.jpg,504.0,156.0,686.0,378.0,0.0,0.0,0.0,0.0,0.0,0.0,1024.0,768.0,0.0513763427734375,Male,Indian,True,Male_Indian,1.0,1
3499,17--Ceremony/17_Ceremony_Ceremony_17_859.jpg,473.0,453.0,573.0,602.0,0.0,0.0,0.0,0.0,0.0,0.0,1024.0,1137.0,0.0127975208883025,Male,Asian,True,Male_Asian,0.0,10
3500,17--Ceremony/17_Ceremony_Ceremony_17_859.jpg,853.0,660.0,920.0,749.0,0.0,0.0,0.0,0.0,0.0,0.0,1024.0,1137.0,0.005121585037379,Male,Asian,True,Male_Asian,0.0,10
3501,17--Ceremony/17_Ceremony_Ceremony_17_859.jpg,724.0,111.0,817.0,189.0,0.0,0.0,0.0,0.0,0.0,1.0,1024.0,1137.0,0.0062304172163588,Male,Asian,True,Male_Asian,0.0,10
3502,17--Ceremony/17_Ceremony_Ceremony_17_859.jpg,629.0,96.0,689.0,176.0,0.0,0.0,0.0,0.0,0.0,0.0,1024.0,1137.0,0.0041226912928759,Female,Asian,True,Female_Asian,0.0,10
3503,17--Ceremony/17_Ceremony_Ceremony_17_859.jpg,282.0,13.0,391.0,84.0,1.0,0.0,0.0,0.0,0.0,0.0,1024.0,1137.0,0.0066469808157431,Male,Asian,True,Male_Asian,0.0,10
3507,17--Ceremony/17_Ceremony_Ceremony_17_365.jpg,426.0,252.0,672.0,612.0,0.0,0.0,0.0,0.0,0.0,0.0,1024.0,1537.0,0.056268298633702,Female,Indian,True,Female_Indian,2.0,1
3510,17--Ceremony/17_Ceremony_Ceremony_17_389.jpg,430.0,204.0,498.0,272.0,1.0,0.0,0.0,0.0,0.0,1.0,1024.0,745.0,0.0060612416107382,Female,Asian,True,Female_Asian,0.0,1
3534,18--Concerts/18_Concerts_Concerts_18_653.jpg,449.0,130.0,611.0,347.0,0.0,0.0,0.0,0.0,0.0,0.0,1024.0,1169.0,0.0293670471556886,Male,White,True,Male_White,1.0,1
3535,18--Concerts/18_Concerts_Concerts_18_618.jpg,464.0,148.0,638.0,372.0,0.0,0.0,0.0,0.0,0.0,0.0,1024.0,683.0,0.0557284040995607,Female,White,True,Female_White,2.0,1
3538,18--Concerts/18_Concerts_Concerts_18_571.jpg,438.0,111.0,624.0,404.0,0.0,0.0,0.0,0.0,1.0,0.0,1024.0,1034.0,0.0514706993471953,Male,White,True,Male_White,1.0,1
3544,18--Concerts/18_Concerts_Concerts_18_698.jpg,346.0,176.0,616.0,550.0,0.0,0.0,0.0,0.0,0.0,0.0,1024.0,750.0,0.131484375,Male,White,True,Male_White,4.0,1
3569,18--Concerts/18_Concerts_Concerts_18_229.jpg,366.0,112.0,672.0,530.0,0.0,0.0,0.0,0.0,0.0,0.0,1024.0,679.0,0.1839619385125184,Female,White,True,Female_White,6.0,1
3575,18--Concerts/18_Concerts_Concerts_18_531.jpg,310.0,171.0,672.0,717.0,0.0,0.0,0.0,0.0,0.0,0.0,1024.0,1109.0,0.1740482698376916,Female,White,True,Female_White,6.0,1
3596,18--Concerts/18_Concerts_Concerts_18_887.jpg,380.0,159.0,620.0,449.0,0.0,0.0,0.0,0.0,0.0,0.0,1024.0,1535.0,0.044279315960912,Male,White,True,Male_White,1.0,1
3597,18--Concerts/18_Concerts_Concerts_18_922.jpg,110.0,108.0,320.0,348.0,0.0,0.0,0.0,0.0,0.0,0.0,1024.0,693.0,0.0710227272727272,Male,White,True,Male_White,2.0,1
3598,18--Concerts/18_Concerts_Concerts_18_782.jpg,259.0,225.0,440.0,508.0,0.0,0.0,0.0,0.0,0.0,0.0,1024.0,1746.0,0.0286497485323596,Female,White,True,Female_White,1.0,1
3602,18--Concerts/18_Concerts_Concerts_18_973.jpg,313.0,259.0,614.0,655.0,0.0,0.0,0.0,0.0,0.0,0.0,1024.0,1526.0,0.0762793864678899,Female,Indian,True,Female_Indian,2.0,10
3603,18--Concerts/18_Concerts_Concerts_18_973.jpg,473.0,57.0,809.0,518.0,0.0,0.0,0.0,0.0,0.0,0.0,1024.0,1526.0,0.0991255733944954,Male,Indian,True,Male_Indian,3.0,10
3604,18--Concerts/18_Concerts_Concerts_18_628.jpg,425.0,148.0,645.0,515.0,0.0,0.0,0.0,0.0,0.0,0.0,1024.0,1542.0,0.0511333698119325,Male,White,True,Male_White,1.0,1
3609,18--Concerts/18_Concerts_Concerts_18_916.jpg,130.0,80.0,292.0,222.0,0.0,0.0,0.0,0.0,0.0,1.0,1024.0,684.0,0.0328433388157894,Male,White,True,Male_White,1.0,1
3610,18--Concerts/18_Concerts_Concerts_18_148.jpg,416.0,154.0,548.0,342.0,0.0,1.0,0.0,0.0,0.0,0.0,1024.0,820.0,0.0295541158536585,Male,Asian,True,Male_Asian,1.0,1
3623,18--Concerts/18_Concerts_Concerts_18_610.jpg,518.0,128.0,574.0,199.0,0.0,0.0,0.0,0.0,0.0,0.0,1024.0,685.0,0.0056683394160583,Male,Black,True,Male_Black,0.0,10
3624,18--Concerts/18_Concerts_Concerts_18_610.jpg,280.0,75.0,334.0,148.0,1.0,0.0,0.0,0.0,0.0,0.0,1024.0,685.0,0.0056198677007299,Male,Black,True,Male_Black,0.0,10
3625,18--Concerts/18_Concerts_Concerts_18_610.jpg,146.0,83.0,202.0,166.0,0.0,0.0,0.0,0.0,0.0,0.0,1024.0,685.0,0.0066263686131386,Male,Black,True,Male_Black,0.0,10
3626,18--Concerts/18_Concerts_Concerts_18_610.jpg,73.0,90.0,127.0,174.0,0.0,0.0,0.0,0.0,1.0,0.0,1024.0,685.0,0.0064666970802919,Male,Black,True,Male_Black,0.0,10
3637,18--Concerts/18_Concerts_Concerts_18_845.jpg,338.0,121.0,667.0,544.0,0.0,0.0,0.0,0.0,0.0,0.0,1024.0,1407.0,0.096592234141791,Male,White,True,Male_White,3.0,1
3645,18--Concerts/18_Concerts_Concerts_18_823.jpg,494.0,190.0,674.0,420.0,0.0,0.0,0.0,0.0,0.0,0.0,1024.0,768.0,0.052642822265625,Female,White,True,Female_White,1.0,1
3646,18--Concerts/18_Concerts_Concerts_18_357.jpg,254.0,186.0,400.0,388.0,0.0,0.0,0.0,0.0,0.0,0.0,1024.0,767.0,0.0375499103650586,Male,White,True,Male_White,1.0,1
3647,18--Concerts/18_Concerts_Concerts_18_1030.jpg,444.0,196.0,580.0,360.0,0.0,0.0,0.0,0.0,0.0,0.0,1024.0,683.0,0.0318905563689604,Male,White,True,Male_White,1.0,1
3648,18--Concerts/18_Concerts_Concerts_18_1030.jpg,352.0,208.0,462.0,366.0,0.0,0.0,0.0,0.0,0.0,0.0,1024.0,683.0,0.0248501555636896,Female,Asian,True,Female_Asian,0.0,1
3649,18--Concerts/18_Concerts_Concerts_18_819.jpg,406.0,76.0,554.0,282.0,0.0,0.0,0.0,0.0,0.0,0.0,1024.0,683.0,0.0435921486090776,Female,White,True,Female_White,1.0,1
3650,18--Concerts/18_Concerts_Concerts_18_695.jpg,286.0,470.0,744.0,1096.0,0.0,1.0,0.0,0.0,0.0,0.0,1024.0,1543.0,0.1814570844134802,Male,Black,True,Male_Black,6.0,10
3656,18--Concerts/18_Concerts_Concerts_18_880.jpg,320.0,124.0,543.0,422.0,0.0,0.0,0.0,0.0,0.0,0.0,1024.0,1243.0,0.0522095610418342,Male,White,True,Male_White,1.0,1
3665,18--Concerts/18_Concerts_Concerts_18_715.jpg,430.0,82.0,592.0,298.0,0.0,0.0,0.0,0.0,0.0,0.0,1024.0,768.0,0.04449462890625,Male,White,True,Male_White,1.0,1
3666,18--Concerts/18_Concerts_Concerts_18_749.jpg,396.0,120.0,640.0,472.0,0.0,0.0,0.0,0.0,1.0,0.0,1024.0,843.0,0.0994958481613285,Male,White,True,Male_White,3.0,1
3667,18--Concerts/18_Concerts_Concerts_18_141.jpg,428.0,42.0,546.0,212.0,0.0,0.0,0.0,0.0,1.0,0.0,1024.0,482.0,0.0406428293568464,Female,White,True,Female_White,1.0,1
3671,18--Concerts/18_Concerts_Concerts_18_860.jpg,351.0,186.0,663.0,648.0,0.0,0.0,0.0,0.0,0.0,0.0,1024.0,1536.0,0.091644287109375,Male,White,True,Male_White,3.0,1
3672,18--Concerts/18_Concerts_Concerts_18_801.jpg,538.0,174.0,735.0,418.0,0.0,0.0,0.0,0.0,0.0,0.0,1024.0,1509.0,0.0311076250828363,Male,White,True,Male_White,1.0,1
3684,18--Concerts/18_Concerts_Concerts_18_803.jpg,408.0,157.0,739.0,680.0,0.0,0.0,0.0,0.0,0.0,0.0,1024.0,1365.0,0.1238503033424908,Male,White,True,Male_White,4.0,1
3689,18--Concerts/18_Concerts_Concerts_18_871.jpg,360.0,444.0,595.0,765.0,0.0,0.0,1.0,0.0,0.0,0.0,1024.0,1526.0,0.0482745689302097,Male,White,True,Male_White,1.0,1
3692,18--Concerts/18_Concerts_Concerts_18_730.jpg,286.0,334.0,705.0,939.0,0.0,0.0,0.0,0.0,0.0,0.0,1024.0,1543.0,0.1604366240683733,Male,White,True,Male_White,5.0,1
3693,18--Concerts/18_Concerts_Concerts_18_930.jpg,212.0,350.0,416.0,650.0,0.0,0.0,0.0,0.0,0.0,0.0,1024.0,1411.0,0.0423569277108433,Male,White,True,Male_White,1.0,1
3694,18--Concerts/18_Concerts_Concerts_18_900.jpg,442.0,132.0,634.0,362.0,0.0,0.0,0.0,0.0,1.0,0.0,1024.0,768.0,0.05615234375,Male,White,True,Male_White,2.0,1
3696,18--Concerts/18_Concerts_Concerts_18_672.jpg,426.0,81.0,561.0,243.0,1.0,0.0,0.0,0.0,0.0,0.0,1024.0,1729.0,0.0123524707200694,Male,Black,True,Male_Black,0.0,1
3697,18--Concerts/18_Concerts_Concerts_18_672.jpg,466.0,1227.0,892.0,1528.0,0.0,0.0,0.0,0.0,0.0,1.0,1024.0,1729.0,0.0724237727732793,Male,Black,True,Male_Black,2.0,1
3698,18--Concerts/18_Concerts_Concerts_18_290.jpg,272.0,426.0,330.0,516.0,1.0,0.0,0.0,0.0,1.0,0.0,1024.0,768.0,0.0066375732421875,Male,White,True,Male_White,0.0,1
3699,18--Concerts/18_Concerts_Concerts_18_830.jpg,488.0,202.0,684.0,482.0,0.0,0.0,0.0,0.0,0.0,0.0,1024.0,768.0,0.0697835286458333,Female,White,True,Female_White,2.0,1
3704,18--Concerts/18_Concerts_Concerts_18_534.jpg,200.0,176.0,705.0,839.0,0.0,0.0,0.0,0.0,0.0,0.0,1024.0,1349.0,0.2423778898721275,Male,White,True,Male_White,9.0,1
3710,18--Concerts/18_Concerts_Concerts_18_700.jpg,276.0,238.0,468.0,476.0,0.0,0.0,0.0,0.0,0.0,0.0,1024.0,820.0,0.054420731707317,Male,White,True,Male_White,1.0,1
3711,18--Concerts/18_Concerts_Concerts_18_404.jpg,238.0,412.0,314.0,508.0,1.0,0.0,0.0,0.0,0.0,0.0,1024.0,1020.0,0.006985294117647,Male,Black,True,Male_Black,0.0,1
3712,18--Concerts/18_Concerts_Concerts_18_404.jpg,564.0,582.0,750.0,794.0,0.0,0.0,0.0,0.0,0.0,0.0,1024.0,1020.0,0.0377527573529411,Male,Black,True,Male_Black,1.0,1
3713,18--Concerts/18_Concerts_Concerts_18_857.jpg,518.0,174.0,698.0,494.0,0.0,1.0,0.0,0.0,0.0,0.0,1024.0,1534.0,0.0366688396349413,Female,White,True,Female_White,1.0,1
3715,18--Concerts/18_Concerts_Concerts_18_587.jpg,330.0,259.0,672.0,678.0,0.0,0.0,0.0,0.0,0.0,0.0,1024.0,1582.0,0.0884573028603034,Female,White,True,Female_White,3.0,1
3717,18--Concerts/18_Concerts_Concerts_18_619.jpg,310.0,148.0,636.0,480.0,1.0,0.0,0.0,0.0,0.0,1.0,1024.0,1024.0,0.1032180786132812,Male,Black,True,Male_Black,3.0,10
3719,18--Concerts/18_Concerts_Concerts_18_474.jpg,226.0,215.0,596.0,701.0,0.0,0.0,0.0,0.0,0.0,0.0,1024.0,1413.0,0.1242784633757961,Female,Indian,True,Female_Indian,4.0,1
3720,18--Concerts/18_Concerts_Concerts_18_898.jpg,391.0,99.0,680.0,477.0,0.0,0.0,0.0,0.0,0.0,0.0,1024.0,1334.0,0.0799712448463268,Male,White,True,Male_White,2.0,1
3722,18--Concerts/18_Concerts_Concerts_18_768.jpg,304.0,6.0,730.0,480.0,0.0,0.0,0.0,0.0,0.0,0.0,1024.0,592.0,0.3330935916385135,Female,White,True,Female_White,12.0,1
3723,18--Concerts/18_Concerts_Concerts_18_172.jpg,359.0,205.0,504.0,429.0,1.0,0.0,1.0,0.0,0.0,0.0,1024.0,1547.0,0.0205033936651583,Male,Black,True,Male_Black,0.0,1
3725,18--Concerts/18_Concerts_Concerts_18_833.jpg,523.0,125.0,714.0,353.0,0.0,0.0,0.0,0.0,1.0,0.0,1024.0,1557.0,0.0273136440269749,Female,White,True,Female_White,0.0,1
3726,18--Concerts/18_Concerts_Concerts_18_1040.jpg,280.0,92.0,620.0,530.0,0.0,0.0,0.0,0.0,0.0,0.0,1024.0,634.0,0.2293843651419558,Female,White,True,Female_White,8.0,1
3730,18--Concerts/18_Concerts_Concerts_18_1018.jpg,418.0,16.0,676.0,326.0,0.0,0.0,0.0,0.0,0.0,0.0,1024.0,1024.0,0.0762748718261718,Female,White,True,Female_White,2.0,1
3731,18--Concerts/18_Concerts_Concerts_18_868.jpg,328.0,267.0,850.0,972.0,0.0,0.0,0.0,0.0,0.0,0.0,1024.0,1484.0,0.2421730226583558,Male,Black,True,Male_Black,9.0,10
3735,18--Concerts/18_Concerts_Concerts_18_440.jpg,410.0,58.0,608.0,402.0,0.0,0.0,0.0,0.0,0.0,0.0,1024.0,760.0,0.0875205592105263,Female,White,True,Female_White,3.0,1
3736,18--Concerts/18_Concerts_Concerts_18_369.jpg,380.0,58.0,482.0,188.0,1.0,0.0,1.0,0.0,0.0,0.0,1024.0,582.0,0.0222495167525773,Male,White,True,Male_White,0.0,1
3739,18--Concerts/18_Concerts_Concerts_18_506.jpg,306.0,94.0,704.0,610.0,0.0,0.0,0.0,0.0,0.0,0.0,1024.0,681.0,0.2945002753303964,Male,White,True,Male_White,11.0,1
3746,18--Concerts/18_Concerts_Concerts_18_434.jpg,243.0,158.0,471.0,471.0,0.0,0.0,1.0,0.0,0.0,0.0,1024.0,1446.0,0.0481959932572614,Male,Black,True,Male_Black,1.0,10
3747,18--Concerts/18_Concerts_Concerts_18_176.jpg,436.0,160.0,510.0,252.0,0.0,0.0,0.0,0.0,1.0,0.0,1024.0,741.0,0.0089722503373819,Female,White,True,Female_White,0.0,1
3751,18--Concerts/18_Concerts_Concerts_18_933.jpg,34.0,132.0,136.0,286.0,0.0,0.0,0.0,0.0,0.0,0.0,1024.0,768.0,0.0199737548828125,Male,Asian,True,Male_Asian,0.0,1
3752,18--Concerts/18_Concerts_Concerts_18_933.jpg,188.0,206.0,318.0,386.0,0.0,0.0,0.0,0.0,0.0,0.0,1024.0,768.0,0.029754638671875,Male,Asian,True,Male_Asian,1.0,1
3753,18--Concerts/18_Concerts_Concerts_18_933.jpg,380.0,108.0,500.0,256.0,0.0,0.0,0.0,0.0,0.0,0.0,1024.0,768.0,0.0225830078125,Male,Asian,True,Male_Asian,0.0,1
3754,18--Concerts/18_Concerts_Concerts_18_933.jpg,568.0,180.0,658.0,306.0,0.0,0.0,0.0,0.0,0.0,0.0,1024.0,768.0,0.0144195556640625,Male,Asian,True,Male_Asian,0.0,1
3755,18--Concerts/18_Concerts_Concerts_18_933.jpg,708.0,266.0,782.0,412.0,0.0,0.0,0.0,0.0,0.0,0.0,1024.0,768.0,0.0137379964192708,Male,Asian,True,Male_Asian,0.0,1
3756,18--Concerts/18_Concerts_Concerts_18_933.jpg,902.0,164.0,1002.0,302.0,0.0,0.0,0.0,0.0,1.0,0.0,1024.0,768.0,0.017547607421875,Male,Asian,True,Male_Asian,0.0,1
3757,18--Concerts/18_Concerts_Concerts_18_795.jpg,180.0,126.0,468.0,506.0,0.0,0.0,0.0,0.0,0.0,0.0,1024.0,623.0,0.1715489566613162,Male,White,True,Male_White,6.0,1
3758,18--Concerts/18_Concerts_Concerts_18_884.jpg,266.0,234.0,355.0,342.0,1.0,0.0,0.0,0.0,0.0,0.0,1024.0,1375.0,0.0068267045454545,Male,White,True,Male_White,0.0,1
3759,18--Concerts/18_Concerts_Concerts_18_773.jpg,294.0,120.0,669.0,585.0,0.0,0.0,0.0,0.0,0.0,0.0,1024.0,1538.0,0.1107204720009752,Male,Black,True,Male_Black,4.0,10
3762,18--Concerts/18_Concerts_Concerts_18_256.jpg,339.0,757.0,420.0,856.0,1.0,0.0,0.0,0.0,0.0,0.0,1024.0,1536.0,0.0050983428955078,Male,White,True,Male_White,0.0,1
3770,18--Concerts/18_Concerts_Concerts_18_509.jpg,112.0,72.0,594.0,722.0,0.0,0.0,0.0,0.0,0.0,0.0,1024.0,1024.0,0.2987861633300781,Male,White,True,Male_White,11.0,1
3781,18--Concerts/18_Concerts_Concerts_18_908.jpg,302.0,78.0,504.0,368.0,0.0,0.0,0.0,0.0,0.0,0.0,1024.0,736.0,0.0777269446331521,Female,White,True,Female_White,2.0,1
3798,18--Concerts/18_Concerts_Concerts_18_664.jpg,263.0,399.0,725.0,876.0,0.0,0.0,0.0,0.0,0.0,0.0,1024.0,1547.0,0.1391137584841629,Male,White,True,Male_White,5.0,1
3804,18--Concerts/18_Concerts_Concerts_18_710.jpg,428.0,252.0,699.0,563.0,0.0,0.0,0.0,0.0,0.0,0.0,1024.0,1434.0,0.0573958605735704,Male,White,True,Male_White,2.0,1
3807,18--Concerts/18_Concerts_Concerts_18_708.jpg,428.0,94.0,670.0,428.0,0.0,0.0,0.0,0.0,0.0,0.0,1024.0,682.0,0.1157384072580645,Female,White,True,Female_White,4.0,1
3810,18--Concerts/18_Concerts_Concerts_18_946.jpg,89.0,251.0,569.0,946.0,0.0,0.0,0.0,0.0,0.0,0.0,1024.0,1381.0,0.2359024257784214,Male,White,True,Male_White,8.0,1
3813,18--Concerts/18_Concerts_Concerts_18_408.jpg,508.0,171.0,700.0,418.0,0.0,0.0,0.0,0.0,1.0,0.0,1024.0,1347.0,0.0343819599109131,Female,White,True,Female_White,1.0,1
3814,19--Couple/19_Couple_Couple_19_112.jpg,278.0,178.0,542.0,554.0,0.0,0.0,0.0,0.0,0.0,0.0,1024.0,640.0,0.15146484375,Male,Indian,True,Male_Indian,5.0,1
3815,19--Couple/19_Couple_Couple_19_112.jpg,548.0,262.0,784.0,610.0,0.0,0.0,0.0,0.0,0.0,0.0,1024.0,640.0,0.1253173828125,Female,Indian,True,Female_Indian,4.0,1
3823,19--Couple/19_Couple_Couple_19_7.jpg,6.0,8.0,470.0,674.0,0.0,0.0,0.0,0.0,0.0,0.0,1024.0,1010.0,0.2987933168316831,Male,Black,True,Male_Black,11.0,1
3824,19--Couple/19_Couple_Couple_19_7.jpg,448.0,4.0,990.0,674.0,0.0,0.0,0.0,0.0,0.0,0.0,1024.0,1010.0,0.351117728960396,Female,Black,True,Female_Black,13.0,1
3839,19--Couple/19_Couple_Couple_19_1.jpg,210.0,200.0,442.0,520.0,0.0,0.0,0.0,0.0,0.0,0.0,1024.0,682.0,0.1063049853372434,Male,White,True,Male_White,3.0,1
3840,19--Couple/19_Couple_Couple_19_1.jpg,452.0,134.0,640.0,430.0,0.0,0.0,0.0,0.0,0.0,0.0,1024.0,682.0,0.079682917888563,Female,Black,True,Female_Black,2.0,1
3843,19--Couple/19_Couple_Couple_19_363.jpg,242.0,112.0,398.0,320.0,0.0,0.0,0.0,0.0,0.0,0.0,1024.0,640.0,0.04951171875,Male,Indian,True,Male_Indian,1.0,10
3844,19--Couple/19_Couple_Couple_19_363.jpg,598.0,220.0,766.0,444.0,0.0,0.0,0.0,0.0,0.0,0.0,1024.0,640.0,0.057421875,Female,Indian,True,Female_Indian,2.0,10
3851,19--Couple/19_Couple_Couple_19_857.jpg,578.0,260.0,778.0,528.0,0.0,0.0,0.0,0.0,0.0,0.0,1024.0,1024.0,0.051116943359375,Female,White,True,Female_White,1.0,1
3862,19--Couple/19_Couple_Couple_19_848.jpg,280.0,332.0,438.0,546.0,0.0,0.0,0.0,0.0,0.0,0.0,1024.0,820.0,0.0402677210365853,Female,Indian,True,Female_Indian,1.0,1
3863,19--Couple/19_Couple_Couple_19_848.jpg,568.0,198.0,736.0,424.0,0.0,0.0,0.0,0.0,0.0,0.0,1024.0,820.0,0.0452172256097561,Male,Indian,True,Male_Indian,1.0,1
3887,19--Couple/19_Couple_Couple_19_187.jpg,244.0,126.0,538.0,470.0,0.0,0.0,0.0,0.0,0.0,0.0,1024.0,768.0,0.12860107421875,Male,Indian,True,Male_Indian,4.0,1
3888,19--Couple/19_Couple_Couple_19_187.jpg,622.0,298.0,908.0,672.0,0.0,0.0,0.0,0.0,0.0,0.0,1024.0,768.0,0.1360117594401041,Female,Indian,True,Female_Indian,5.0,1
3899,19--Couple/19_Couple_Couple_19_79.jpg,670.0,163.0,706.0,217.0,0.0,0.0,0.0,0.0,0.0,0.0,1024.0,640.0,0.00296630859375,Female,Asian,True,Female_Asian,0.0,1
3900,19--Couple/19_Couple_Couple_19_79.jpg,705.0,152.0,740.0,204.0,0.0,0.0,0.0,0.0,0.0,0.0,1024.0,640.0,0.002777099609375,Male,White,True,Male_White,0.0,1
3909,19--Couple/19_Couple_Couple_19_109.jpg,464.0,429.0,690.0,728.0,0.0,0.0,0.0,0.0,0.0,0.0,1024.0,1486.0,0.0444079639131897,Female,White,True,Female_White,1.0,1
3916,19--Couple/19_Couple_Couple_19_457.jpg,278.0,10.0,504.0,366.0,0.0,0.0,0.0,0.0,0.0,0.0,1024.0,687.0,0.1143672671033479,Female,Asian,True,Female_Asian,4.0,1
3917,19--Couple/19_Couple_Couple_19_457.jpg,504.0,10.0,814.0,286.0,0.0,0.0,0.0,0.0,0.0,0.0,1024.0,687.0,0.1216225436681222,Male,Asian,True,Male_Asian,4.0,1
3922,19--Couple/19_Couple_Couple_19_81.jpg,472.0,107.0,492.0,169.0,1.0,0.0,0.0,0.0,0.0,0.0,1024.0,687.0,0.0017626455604075,Male,White,True,Male_White,0.0,1
3923,19--Couple/19_Couple_Couple_19_940.jpg,444.0,165.0,762.0,664.0,0.0,0.0,0.0,0.0,0.0,0.0,1024.0,1429.0,0.1084414909902029,Female,Asian,True,Female_Asian,4.0,1
3934,19--Couple/19_Couple_Couple_19_181.jpg,428.0,190.0,658.0,498.0,0.0,0.0,0.0,0.0,0.0,0.0,1024.0,640.0,0.10809326171875,Female,Black,True,Female_Black,4.0,1
3935,19--Couple/19_Couple_Couple_19_181.jpg,276.0,118.0,418.0,446.0,0.0,0.0,0.0,0.0,0.0,0.0,1024.0,640.0,0.0710693359375,Male,Black,True,Male_Black,2.0,1
3940,19--Couple/19_Couple_Couple_19_717.jpg,248.0,75.0,726.0,687.0,0.0,0.0,0.0,0.0,0.0,0.0,1024.0,1167.0,0.2447983611825192,Male,Indian,True,Male_Indian,9.0,1
3955,19--Couple/19_Couple_Couple_19_735.jpg,384.0,351.0,910.0,1006.0,0.0,0.0,0.0,0.0,0.0,0.0,1024.0,1536.0,0.2190462748209635,Female,Indian,True,Female_Indian,8.0,1
3956,19--Couple/19_Couple_Couple_19_735.jpg,21.0,480.0,423.0,975.0,0.0,0.0,0.0,0.0,0.0,0.0,1024.0,1536.0,0.1265144348144531,Male,Indian,True,Male_Indian,4.0,1
3975,19--Couple/19_Couple_Couple_19_1010.jpg,848.0,168.0,893.0,273.0,0.0,0.0,0.0,0.0,1.0,0.0,1024.0,854.0,0.0054031121926229,Male,Asian,True,Male_Asian,0.0,1
3976,19--Couple/19_Couple_Couple_19_1010.jpg,883.0,190.0,927.0,279.0,0.0,0.0,0.0,0.0,0.0,0.0,1024.0,854.0,0.0044780079039812,Female,Asian,True,Female_Asian,0.0,1
3977,19--Couple/19_Couple_Couple_19_1000.jpg,418.0,198.0,664.0,580.0,0.0,0.0,0.0,0.0,0.0,0.0,1024.0,768.0,0.1194915771484375,Female,Indian,True,Female_Indian,4.0,1
3978,19--Couple/19_Couple_Couple_19_1000.jpg,142.0,184.0,380.0,504.0,0.0,0.0,0.0,0.0,0.0,1.0,1024.0,768.0,0.0968424479166666,Male,Indian,True,Male_Indian,3.0,1
3979,19--Couple/19_Couple_Couple_19_268.jpg,616.0,274.0,794.0,488.0,0.0,0.0,0.0,0.0,0.0,0.0,1024.0,754.0,0.0493358338859416,Female,Indian,True,Female_Indian,1.0,1
3980,19--Couple/19_Couple_Couple_19_268.jpg,296.0,56.0,492.0,286.0,0.0,0.0,0.0,0.0,0.0,0.0,1024.0,754.0,0.0583865218832891,Male,Indian,True,Male_Indian,2.0,1
3993,19--Couple/19_Couple_Couple_19_518.jpg,258.0,188.0,503.0,527.0,0.0,0.0,0.0,0.0,0.0,0.0,1024.0,1371.0,0.059160028036105,Male,Indian,True,Male_Indian,2.0,1
3994,19--Couple/19_Couple_Couple_19_518.jpg,515.0,147.0,770.0,484.0,0.0,0.0,0.0,0.0,0.0,0.0,1024.0,1371.0,0.0612114503555798,Female,Indian,True,Female_Indian,2.0,1
3995,19--Couple/19_Couple_Couple_19_518.jpg,934.0,270.0,986.0,329.0,1.0,0.0,0.0,0.0,0.0,0.0,1024.0,1371.0,0.0021853346097738,Male,Indian,True,Male_Indian,0.0,1
4004,19--Couple/19_Couple_Couple_19_544.jpg,665.0,83.0,704.0,141.0,1.0,0.0,0.0,0.0,0.0,0.0,1024.0,640.0,0.0034515380859375,Male,White,True,Male_White,0.0,1
4009,19--Couple/19_Couple_Couple_19_635.jpg,399.0,324.0,543.0,528.0,0.0,0.0,0.0,0.0,1.0,0.0,1024.0,1536.0,0.0186767578125,Female,White,True,Female_White,0.0,1
4010,19--Couple/19_Couple_Couple_19_603.jpg,816.0,144.0,855.0,200.0,0.0,0.0,0.0,0.0,0.0,0.0,1024.0,576.0,0.0037027994791666,Male,White,True,Male_White,0.0,1
4011,19--Couple/19_Couple_Couple_19_603.jpg,794.0,173.0,838.0,201.0,0.0,0.0,0.0,0.0,0.0,1.0,1024.0,576.0,0.0020887586805555,Female,Asian,True,Female_Asian,0.0,1
4012,19--Couple/19_Couple_Couple_19_422.jpg,446.0,376.0,651.0,722.0,0.0,0.0,0.0,0.0,0.0,0.0,1024.0,1540.0,0.0449789468344155,Female,Indian,True,Female_Indian,1.0,1
4013,19--Couple/19_Couple_Couple_19_422.jpg,599.0,328.0,849.0,689.0,0.0,0.0,0.0,0.0,0.0,0.0,1024.0,1540.0,0.057230367288961,Male,Indian,True,Male_Indian,2.0,1
4033,19--Couple/19_Couple_Couple_19_163.jpg,320.0,76.0,430.0,174.0,0.0,0.0,0.0,0.0,0.0,1.0,1024.0,768.0,0.0137074788411458,Male,White,True,Male_White,0.0,1
4034,19--Couple/19_Couple_Couple_19_163.jpg,300.0,130.0,380.0,234.0,0.0,0.0,0.0,0.0,0.0,0.0,1024.0,768.0,0.0105794270833333,Female,Asian,True,Female_Asian,0.0,1
4040,19--Couple/19_Couple_Couple_19_238.jpg,254.0,172.0,398.0,378.0,0.0,0.0,0.0,0.0,0.0,0.0,1024.0,1021.0,0.0283729187071498,Female,Asian,True,Female_Asian,1.0,1
4041,19--Couple/19_Couple_Couple_19_238.jpg,404.0,158.0,512.0,336.0,0.0,0.0,0.0,0.0,0.0,0.0,1024.0,1021.0,0.0183873041136141,Male,White,True,Male_White,0.0,1
4046,19--Couple/19_Couple_Couple_19_716.jpg,416.0,22.0,742.0,488.0,0.0,0.0,0.0,0.0,0.0,0.0,1024.0,573.0,0.2589100676265271,Female,Asian,True,Female_Asian,9.0,1
4049,2--Demonstration/2_Demonstration_Protesters_2_311.jpg,242.0,22.0,718.0,616.0,0.0,0.0,0.0,0.0,1.0,0.0,1024.0,769.0,0.3590600617685305,Female,Asian,True,Female_Asian,13.0,1
4050,2--Demonstration/2_Demonstration_Political_Rally_2_923.jpg,172.0,184.0,392.0,518.0,0.0,0.0,0.0,0.0,1.0,0.0,1024.0,637.0,0.1126496271585557,Male,Indian,True,Male_Indian,4.0,1
4051,2--Demonstration/2_Demonstration_Political_Rally_2_923.jpg,532.0,78.0,766.0,450.0,0.0,0.0,0.0,0.0,0.0,0.0,1024.0,637.0,0.1334502551020408,Male,Indian,True,Male_Indian,4.0,1
4066,2--Demonstration/2_Demonstration_Protesters_2_567.jpg,314.0,160.0,884.0,824.0,0.0,0.0,0.0,0.0,0.0,0.0,1024.0,926.0,0.3991461933045356,Male,White,True,Male_White,14.0,1
4067,2--Demonstration/2_Demonstration_Political_Rally_2_555.jpg,830.0,127.0,912.0,268.0,0.0,0.0,0.0,0.0,0.0,0.0,1024.0,750.0,0.0150546875,Male,Black,True,Male_Black,0.0,1
4068,2--Demonstration/2_Demonstration_Political_Rally_2_555.jpg,628.0,175.0,681.0,257.0,0.0,0.0,0.0,0.0,0.0,1.0,1024.0,750.0,0.0056588541666666,Male,Black,True,Male_Black,0.0,1
4069,2--Demonstration/2_Demonstration_Political_Rally_2_555.jpg,380.0,241.0,479.0,370.0,0.0,0.0,0.0,0.0,0.0,0.0,1024.0,750.0,0.01662890625,Male,Black,True,Male_Black,0.0,1
4070,2--Demonstration/2_Demonstration_Political_Rally_2_555.jpg,231.0,248.0,279.0,382.0,0.0,0.0,0.0,0.0,0.0,1.0,1024.0,750.0,0.008375,Male,White,True,Male_White,0.0,1
4071,2--Demonstration/2_Demonstration_Political_Rally_2_871.jpg,526.0,158.0,639.0,308.0,1.0,0.0,0.0,0.0,1.0,0.0,1024.0,1347.0,0.0122885927060133,Female,White,True,Female_White,0.0,1
4085,2--Demonstration/2_Demonstration_Political_Rally_2_702.jpg,209.0,161.0,346.0,364.0,1.0,0.0,0.0,0.0,0.0,0.0,1024.0,1529.0,0.0177627074476782,Male,White,True,Male_White,0.0,1
4101,2--Demonstration/2_Demonstration_Political_Rally_2_903.jpg,364.0,66.0,542.0,316.0,0.0,0.0,0.0,0.0,0.0,0.0,1024.0,517.0,0.0840561532882011,Male,White,True,Male_White,3.0,1
4104,2--Demonstration/2_Demonstration_Protesters_2_418.jpg,268.0,47.0,326.0,109.0,0.0,0.0,0.0,0.0,0.0,0.0,1024.0,768.0,0.0045725504557291,Male,Asian,True,Male_Asian,0.0,10
4105,2--Demonstration/2_Demonstration_Protesters_2_418.jpg,259.0,216.0,313.0,296.0,0.0,0.0,0.0,0.0,0.0,0.0,1024.0,768.0,0.0054931640625,Female,Asian,True,Female_Asian,0.0,10
4106,2--Demonstration/2_Demonstration_Protesters_2_418.jpg,426.0,236.0,487.0,299.0,0.0,0.0,0.0,0.0,0.0,1.0,1024.0,768.0,0.0048866271972656,Female,Asian,True,Female_Asian,0.0,10
4107,2--Demonstration/2_Demonstration_Protesters_2_418.jpg,590.0,5.0,653.0,54.0,0.0,0.0,0.0,0.0,0.0,1.0,1024.0,768.0,0.0039253234863281,Female,Asian,True,Female_Asian,0.0,10
4108,2--Demonstration/2_Demonstration_Protesters_2_418.jpg,764.0,173.0,818.0,244.0,0.0,0.0,0.0,0.0,0.0,0.0,1024.0,768.0,0.0048751831054687,Female,Asian,True,Female_Asian,0.0,10
4115,2--Demonstration/2_Demonstration_Political_Rally_2_181.jpg,528.0,104.0,722.0,364.0,0.0,0.0,0.0,0.0,0.0,0.0,1024.0,683.0,0.0721197840409956,Female,White,True,Female_White,2.0,1
4117,2--Demonstration/2_Demonstration_Political_Rally_2_34.jpg,249.0,0.0,279.0,35.0,1.0,0.0,0.0,0.0,0.0,0.0,1024.0,680.0,0.0015079273897058,Male,White,True,Male_White,0.0,1
4123,2--Demonstration/2_Demonstration_Demonstration_Or_Protest_2_769.jpg,520.0,648.0,668.0,830.0,0.0,0.0,0.0,0.0,0.0,1.0,1024.0,1024.0,0.0256881713867187,Male,Black,True,Male_Black,0.0,1
4124,2--Demonstration/2_Demonstration_Demonstration_Or_Protest_2_769.jpg,384.0,720.0,508.0,860.0,0.0,0.0,0.0,0.0,1.0,0.0,1024.0,1024.0,0.0165557861328125,Male,White,True,Male_White,0.0,1
4140,2--Demonstration/2_Demonstration_Demonstration_Or_Protest_2_305.jpg,214.0,14.0,306.0,120.0,1.0,0.0,0.0,0.0,0.0,0.0,1024.0,685.0,0.0139028284671532,Male,White,True,Male_White,0.0,1
4144,2--Demonstration/2_Demonstration_Demonstration_Or_Protest_2_787.jpg,194.0,88.0,260.0,178.0,1.0,0.0,0.0,0.0,0.0,0.0,1024.0,795.0,0.0072965801886792,Male,White,True,Male_White,0.0,1
4145,2--Demonstration/2_Demonstration_Protesters_2_384.jpg,79.0,377.0,113.0,418.0,0.0,0.0,0.0,0.0,0.0,0.0,1024.0,683.0,0.00199315977306,Female,White,True,Female_White,0.0,1
4146,2--Demonstration/2_Demonstration_Protesters_2_384.jpg,407.0,147.0,457.0,220.0,1.0,0.0,0.0,0.0,0.0,0.0,1024.0,683.0,0.0052188186310395,Male,Black,True,Male_Black,0.0,1
4147,2--Demonstration/2_Demonstration_Protesters_2_384.jpg,873.0,200.0,903.0,243.0,1.0,0.0,0.0,0.0,0.0,0.0,1024.0,683.0,0.0018444591874084,Male,Black,True,Male_Black,0.0,1
4157,2--Demonstration/2_Demonstration_Protesters_2_742.jpg,462.0,252.0,528.0,300.0,1.0,0.0,0.0,0.0,0.0,1.0,1024.0,466.0,0.006638948497854,Male,White,True,Male_White,0.0,1
4162,2--Demonstration/2_Demonstration_Political_Rally_2_355.jpg,744.0,185.0,867.0,358.0,1.0,0.0,0.0,0.0,0.0,0.0,1024.0,1365.0,0.015223643543956,Male,White,True,Male_White,0.0,1
4163,2--Demonstration/2_Demonstration_Political_Rally_2_355.jpg,66.0,453.0,122.0,516.0,1.0,0.0,0.0,0.0,0.0,0.0,1024.0,1365.0,0.0025240384615384,Male,Asian,True,Male_Asian,0.0,1
4175,2--Demonstration/2_Demonstration_Demonstration_Or_Protest_2_798.jpg,522.0,184.0,738.0,460.0,0.0,0.0,0.0,0.0,1.0,0.0,1024.0,683.0,0.0852397510980966,Male,White,True,Male_White,3.0,1
4209,2--Demonstration/2_Demonstration_Political_Rally_2_469.jpg,352.0,134.0,704.0,592.0,0.0,0.0,0.0,0.0,0.0,0.0,1024.0,595.0,0.2646008403361344,Male,White,True,Male_White,9.0,1
4225,2--Demonstration/2_Demonstration_Political_Rally_2_40.jpg,269.0,71.0,307.0,126.0,1.0,0.0,0.0,0.0,1.0,0.0,1024.0,791.0,0.0025802978824273,Male,White,True,Male_White,0.0,1
4231,2--Demonstration/2_Demonstration_Demonstrators_2_502.jpg,706.0,255.0,739.0,303.0,1.0,0.0,0.0,0.0,0.0,0.0,1024.0,676.0,0.0022882766272189,Male,Indian,True,Male_Indian,0.0,10
4232,2--Demonstration/2_Demonstration_Demonstrators_2_502.jpg,899.0,201.0,938.0,249.0,1.0,0.0,0.0,0.0,0.0,0.0,1024.0,676.0,0.0027043269230769,Male,Indian,True,Male_Indian,0.0,10
4240,2--Demonstration/2_Demonstration_Political_Rally_2_206.jpg,554.0,295.0,768.0,617.0,0.0,0.0,0.0,0.0,0.0,0.0,1024.0,1542.0,0.0436400575551232,Male,White,True,Male_White,1.0,1
4258,2--Demonstration/2_Demonstration_Political_Rally_2_360.jpg,4.0,6.0,148.0,192.0,0.0,0.0,0.0,0.0,0.0,0.0,1024.0,719.0,0.0363786509040333,Male,Indian,True,Male_Indian,1.0,1
4259,2--Demonstration/2_Demonstration_Political_Rally_2_360.jpg,574.0,10.0,648.0,92.0,1.0,0.0,0.0,0.0,0.0,0.0,1024.0,719.0,0.0082416985396383,Male,Indian,True,Male_Indian,0.0,1
4260,2--Demonstration/2_Demonstration_Political_Rally_2_360.jpg,198.0,126.0,430.0,438.0,0.0,0.0,0.0,0.0,0.0,0.0,1024.0,719.0,0.0983136300417246,Male,Indian,True,Male_Indian,3.0,1
4261,2--Demonstration/2_Demonstration_Political_Rally_2_360.jpg,676.0,260.0,904.0,540.0,0.0,0.0,0.0,0.0,0.0,0.0,1024.0,719.0,0.0867089707927677,Male,Indian,True,Male_Indian,3.0,1
4262,2--Demonstration/2_Demonstration_Political_Rally_2_393.jpg,472.0,376.0,530.0,424.0,1.0,0.0,0.0,0.0,0.0,1.0,1024.0,680.0,0.0039981617647058,Male,Indian,True,Male_Indian,0.0,1
4268,2--Demonstration/2_Demonstration_Political_Rally_2_334.jpg,436.0,264.0,534.0,378.0,1.0,0.0,0.0,0.0,0.0,0.0,1024.0,681.0,0.0160207874449339,Male,Indian,True,Male_Indian,0.0,1
4269,2--Demonstration/2_Demonstration_Political_Rally_2_334.jpg,94.0,608.0,172.0,681.0,1.0,0.0,0.0,0.0,0.0,0.0,1024.0,681.0,0.0081652670704845,Male,Indian,True,Male_Indian,0.0,1
4270,2--Demonstration/2_Demonstration_Political_Rally_2_334.jpg,704.0,608.0,778.0,681.0,1.0,0.0,0.0,0.0,1.0,0.0,1024.0,681.0,0.0077465354258443,Male,Indian,True,Male_Indian,0.0,1
4281,2--Demonstration/2_Demonstration_Political_Rally_2_305.jpg,442.0,78.0,584.0,296.0,0.0,0.0,0.0,0.0,0.0,0.0,1024.0,576.0,0.0524834526909722,Male,White,True,Male_White,1.0,1
4293,2--Demonstration/2_Demonstration_Protesters_2_1031.jpg,512.0,154.0,718.0,472.0,0.0,0.0,0.0,0.0,0.0,0.0,1024.0,1255.0,0.0509742280876494,Male,White,True,Male_White,1.0,1
4294,2--Demonstration/2_Demonstration_Demonstrators_2_708.jpg,386.0,184.0,605.0,487.0,0.0,0.0,0.0,0.0,0.0,0.0,1024.0,1122.0,0.0577555773729946,Female,White,True,Female_White,2.0,1
4304,2--Demonstration/2_Demonstration_Demonstrators_2_637.jpg,414.0,106.0,594.0,344.0,0.0,0.0,0.0,0.0,0.0,0.0,1024.0,768.0,0.054473876953125,Male,White,True,Male_White,1.0,1
4309,2--Demonstration/2_Demonstration_Demonstrators_2_159.jpg,166.0,451.0,723.0,1114.0,0.0,0.0,0.0,0.0,0.0,0.0,1024.0,1392.0,0.2590774009967672,Male,Asian,True,Male_Asian,9.0,1
4316,2--Demonstration/2_Demonstration_Political_Rally_2_874.jpg,6.0,72.0,114.0,202.0,1.0,0.0,0.0,0.0,0.0,0.0,1024.0,702.0,0.01953125,Female,Indian,True,Female_Indian,0.0,1
4317,2--Demonstration/2_Demonstration_Political_Rally_2_874.jpg,238.0,144.0,362.0,300.0,1.0,0.0,0.0,0.0,0.0,0.0,1024.0,702.0,0.0269097222222222,Female,Indian,True,Female_Indian,0.0,1
4318,2--Demonstration/2_Demonstration_Political_Rally_2_874.jpg,490.0,130.0,626.0,314.0,0.0,0.0,0.0,0.0,0.0,0.0,1024.0,702.0,0.0348112535612535,Female,Indian,True,Female_Indian,1.0,1
4319,2--Demonstration/2_Demonstration_Political_Rally_2_874.jpg,712.0,184.0,864.0,398.0,0.0,1.0,0.0,0.0,0.0,0.0,1024.0,702.0,0.045250178062678,Female,Indian,True,Female_Indian,1.0,1
4327,2--Demonstration/2_Demonstration_Demonstrators_2_147.jpg,158.0,30.0,226.0,114.0,1.0,0.0,0.0,0.0,0.0,0.0,1024.0,754.0,0.0073980437665782,Female,Asian,True,Female_Asian,0.0,1
4328,2--Demonstration/2_Demonstration_Demonstrators_2_147.jpg,422.0,178.0,624.0,450.0,0.0,0.0,0.0,0.0,1.0,0.0,1024.0,754.0,0.0711621352785145,Female,Asian,True,Female_Asian,2.0,1
4346,2--Demonstration/2_Demonstration_Political_Rally_2_142.jpg,248.0,172.0,388.0,338.0,0.0,0.0,0.0,0.0,1.0,0.0,1024.0,611.0,0.0371445376432078,Male,Black,True,Male_Black,1.0,1
4347,2--Demonstration/2_Demonstration_Political_Rally_2_142.jpg,524.0,96.0,672.0,272.0,0.0,0.0,0.0,0.0,0.0,0.0,1024.0,611.0,0.0416325695581014,Male,Black,True,Male_Black,1.0,1
4361,2--Demonstration/2_Demonstration_Political_Rally_2_921.jpg,345.0,216.0,922.0,1075.0,0.0,0.0,0.0,0.0,0.0,0.0,1024.0,1539.0,0.3145070612004548,Male,Asian,True,Male_Asian,11.0,1
4362,2--Demonstration/2_Demonstration_Political_Rally_2_921.jpg,354.0,919.0,453.0,1030.0,0.0,0.0,0.0,0.0,0.0,0.0,1024.0,1539.0,0.0069729989035087,Male,Asian,True,Male_Asian,0.0,1
4372,2--Demonstration/2_Demonstration_Demonstration_Or_Protest_2_929.jpg,472.0,750.0,628.0,946.0,1.0,1.0,0.0,0.0,0.0,0.0,1024.0,1007.0,0.0296518123138033,Female,Indian,True,Female_Indian,1.0,1
4383,2--Demonstration/2_Demonstration_Political_Rally_2_875.jpg,324.0,142.0,616.0,582.0,0.0,0.0,0.0,0.0,0.0,0.0,1024.0,968.0,0.1296164772727272,Female,Black,True,Female_Black,4.0,1
4392,2--Demonstration/2_Demonstration_Political_Rally_2_578.jpg,436.0,64.0,548.0,210.0,0.0,0.0,0.0,0.0,0.0,0.0,1024.0,512.0,0.03118896484375,Female,White,True,Female_White,1.0,1
4438,20--Family_Group/20_Family_Group_Family_Group_20_373.jpg,606.0,246.0,642.0,285.0,1.0,0.0,0.0,0.0,1.0,0.0,1024.0,697.0,0.0019671359397417,Male,Black,True,Male_Black,0.0,10
4439,20--Family_Group/20_Family_Group_Family_Group_20_373.jpg,654.0,309.0,692.0,353.0,1.0,0.0,0.0,0.0,0.0,0.0,1024.0,697.0,0.0023426291248206,Female,Black,True,Female_Black,0.0,10
4440,20--Family_Group/20_Family_Group_Family_Group_20_373.jpg,726.0,279.0,765.0,328.0,1.0,0.0,0.0,0.0,0.0,0.0,1024.0,697.0,0.0026774905846484,Female,Black,True,Female_Black,0.0,10
4441,20--Family_Group/20_Family_Group_Family_Group_20_373.jpg,760.0,357.0,795.0,399.0,1.0,0.0,0.0,0.0,0.0,0.0,1024.0,697.0,0.0020596081420373,Male,Black,True,Male_Black,0.0,10
4442,20--Family_Group/20_Family_Group_Family_Group_20_373.jpg,835.0,303.0,872.0,352.0,1.0,0.0,0.0,0.0,0.0,0.0,1024.0,697.0,0.0025401833751793,Male,Black,True,Male_Black,0.0,10
4443,20--Family_Group/20_Family_Group_Family_Group_20_373.jpg,886.0,325.0,934.0,367.0,1.0,0.0,0.0,0.0,0.0,0.0,1024.0,697.0,0.0028246054519368,Female,Black,True,Female_Black,0.0,10
4444,20--Family_Group/20_Family_Group_Family_Group_20_373.jpg,639.0,424.0,671.0,460.0,1.0,0.0,0.0,0.0,0.0,0.0,1024.0,697.0,0.0016140602582496,Female,Black,True,Female_Black,0.0,10
4445,20--Family_Group/20_Family_Group_Family_Group_20_373.jpg,180.0,272.0,225.0,318.0,1.0,0.0,0.0,0.0,0.0,0.0,1024.0,697.0,0.0029002645265423,Female,Black,True,Female_Black,0.0,10
4446,20--Family_Group/20_Family_Group_Family_Group_20_373.jpg,266.0,267.0,315.0,317.0,1.0,0.0,0.0,0.0,0.0,0.0,1024.0,697.0,0.0034326802367288,Female,Black,True,Female_Black,0.0,10
4447,20--Family_Group/20_Family_Group_Family_Group_20_373.jpg,252.0,205.0,303.0,252.0,1.0,0.0,0.0,0.0,0.0,0.0,1024.0,697.0,0.0033584222560975,Male,Black,True,Male_Black,0.0,10
4448,20--Family_Group/20_Family_Group_Family_Group_20_373.jpg,379.0,225.0,424.0,271.0,1.0,0.0,0.0,0.0,0.0,0.0,1024.0,697.0,0.0029002645265423,Male,Black,True,Male_Black,0.0,10
4449,20--Family_Group/20_Family_Group_Family_Group_20_373.jpg,377.0,298.0,419.0,345.0,1.0,0.0,0.0,0.0,0.0,0.0,1024.0,697.0,0.0027657595050215,Female,Black,True,Female_Black,0.0,10
4450,20--Family_Group/20_Family_Group_Family_Group_20_373.jpg,335.0,356.0,374.0,394.0,1.0,0.0,0.0,0.0,0.0,0.0,1024.0,697.0,0.0020764212697274,Male,Black,True,Male_Black,0.0,10
4451,20--Family_Group/20_Family_Group_Family_Group_20_373.jpg,491.0,256.0,529.0,298.0,1.0,0.0,0.0,0.0,0.0,0.0,1024.0,697.0,0.0022361459827833,Female,Black,True,Female_Black,0.0,10
4452,20--Family_Group/20_Family_Group_Family_Group_20_373.jpg,518.0,317.0,555.0,358.0,1.0,0.0,0.0,0.0,0.0,0.0,1024.0,697.0,0.0021254595588235,Male,Black,True,Male_Black,0.0,10
4453,20--Family_Group/20_Family_Group_Family_Group_20_373.jpg,560.0,315.0,593.0,356.0,1.0,0.0,0.0,0.0,0.0,0.0,1024.0,697.0,0.0018956801470588,Male,Black,True,Male_Black,0.0,10
4454,20--Family_Group/20_Family_Group_Family_Group_20_373.jpg,603.0,289.0,641.0,336.0,1.0,0.0,0.0,0.0,0.0,0.0,1024.0,697.0,0.0025023538378766,Female,Black,True,Female_Black,0.0,10
4477,20--Family_Group/20_Family_Group_Family_Group_20_445.jpg,148.0,528.0,342.0,748.0,0.0,0.0,0.0,0.0,0.0,0.0,1024.0,1024.0,0.0407028198242187,Male,Black,True,Male_Black,1.0,6
4478,20--Family_Group/20_Family_Group_Family_Group_20_445.jpg,272.0,264.0,324.0,332.0,1.0,0.0,0.0,0.0,0.0,0.0,1024.0,1024.0,0.0033721923828125,Male,Black,True,Male_Black,0.0,6
4479,20--Family_Group/20_Family_Group_Family_Group_20_445.jpg,480.0,102.0,572.0,216.0,1.0,0.0,0.0,0.0,0.0,0.0,1024.0,1024.0,0.0100021362304687,Male,Black,True,Male_Black,0.0,6
4560,20--Family_Group/20_Family_Group_Family_Group_20_518.jpg,335.0,150.0,591.0,450.0,0.0,0.0,0.0,0.0,0.0,0.0,1024.0,1066.0,0.0703564727954971,Male,White,True,Male_White,2.0,1
4596,20--Family_Group/20_Family_Group_Family_Group_20_867.jpg,407.0,125.0,657.0,537.0,0.0,0.0,0.0,0.0,0.0,0.0,1024.0,1104.0,0.0911104506340579,Male,White,True,Male_White,3.0,1
4630,20--Family_Group/20_Family_Group_Family_Group_20_585.jpg,298.0,227.0,701.0,691.0,0.0,0.0,0.0,0.0,0.0,0.0,1024.0,1252.0,0.1458541333865814,Female,White,True,Female_White,5.0,1
4660,20--Family_Group/20_Family_Group_Family_Group_20_926.jpg,321.0,315.0,744.0,931.0,0.0,0.0,0.0,0.0,0.0,0.0,1024.0,1536.0,0.1656646728515625,Female,White,True,Female_White,6.0,1
4665,20--Family_Group/20_Family_Group_Family_Group_20_175.jpg,178.0,32.0,284.0,156.0,0.0,0.0,0.0,0.0,0.0,0.0,1024.0,305.0,0.0420850409836065,Female,Asian,True,Female_Asian,1.0,1
4666,20--Family_Group/20_Family_Group_Family_Group_20_175.jpg,400.0,10.0,498.0,136.0,0.0,0.0,0.0,0.0,0.0,0.0,1024.0,305.0,0.0395363729508196,Male,Asian,True,Male_Asian,1.0,1
4667,20--Family_Group/20_Family_Group_Family_Group_20_175.jpg,572.0,6.0,680.0,134.0,0.0,0.0,0.0,0.0,0.0,0.0,1024.0,305.0,0.0442622950819672,Female,Asian,True,Female_Asian,1.0,1
4668,20--Family_Group/20_Family_Group_Family_Group_20_175.jpg,744.0,10.0,848.0,150.0,0.0,0.0,0.0,0.0,0.0,0.0,1024.0,305.0,0.0466188524590164,Male,Asian,True,Male_Asian,1.0,1
4669,20--Family_Group/20_Family_Group_Family_Group_20_175.jpg,662.0,126.0,750.0,258.0,0.0,0.0,0.0,0.0,0.0,0.0,1024.0,305.0,0.0371926229508196,Female,Asian,True,Female_Asian,1.0,1
4670,20--Family_Group/20_Family_Group_Family_Group_20_175.jpg,318.0,154.0,420.0,268.0,0.0,0.0,0.0,0.0,0.0,0.0,1024.0,305.0,0.0372310450819672,Male,Asian,True,Male_Asian,1.0,1
4671,20--Family_Group/20_Family_Group_Family_Group_20_476.jpg,407.0,462.0,766.0,932.0,0.0,0.0,0.0,0.0,0.0,0.0,1024.0,1470.0,0.1120921024659864,Female,White,True,Female_White,4.0,1
4703,20--Family_Group/20_Family_Group_Family_Group_20_745.jpg,405.0,150.0,648.0,450.0,1.0,0.0,0.0,0.0,1.0,0.0,1024.0,1537.0,0.0463184165582303,Female,White,True,Female_White,1.0,1
4710,20--Family_Group/20_Family_Group_Family_Group_20_923.jpg,232.0,178.0,372.0,348.0,0.0,0.0,0.0,0.0,0.0,0.0,1024.0,417.0,0.0557366606714628,Male,White,True,Male_White,2.0,1
4717,20--Family_Group/20_Family_Group_Family_Group_20_574.jpg,442.0,32.0,574.0,228.0,0.0,0.0,0.0,0.0,0.0,0.0,1024.0,445.0,0.0567766853932584,Female,White,True,Female_White,2.0,1
4736,20--Family_Group/20_Family_Group_Family_Group_20_667.jpg,427.0,208.0,731.0,632.0,0.0,0.0,0.0,0.0,1.0,0.0,1024.0,1366.0,0.0921486090775988,Female,White,True,Female_White,3.0,1
4842,20--Family_Group/20_Family_Group_Family_Group_20_1033.jpg,420.0,120.0,598.0,360.0,0.0,0.0,0.0,0.0,0.0,0.0,1024.0,842.0,0.0495472090261282,Male,White,True,Male_White,1.0,1
4864,20--Family_Group/20_Family_Group_Family_Group_20_589.jpg,369.0,105.0,626.0,456.0,0.0,0.0,0.0,0.0,0.0,0.0,1024.0,2998.0,0.0293838470438625,Male,White,True,Male_White,1.0,1
4865,20--Family_Group/20_Family_Group_Family_Group_20_589.jpg,193.0,1024.0,714.0,1562.0,0.0,0.0,0.0,0.0,0.0,0.0,1024.0,2998.0,0.09130370768012,Female,Asian,True,Female_Asian,3.0,1
4866,20--Family_Group/20_Family_Group_Family_Group_20_873.jpg,228.0,292.0,266.0,337.0,1.0,0.0,0.0,0.0,0.0,0.0,1024.0,756.0,0.0022088913690476,Male,White,True,Male_White,0.0,1
5051,20--Family_Group/20_Family_Group_Family_Group_20_508.jpg,88.0,220.0,186.0,340.0,0.0,0.0,0.0,0.0,0.0,0.0,1024.0,682.0,0.0168392595307917,Female,Asian,True,Female_Asian,0.0,1
5052,20--Family_Group/20_Family_Group_Family_Group_20_508.jpg,344.0,100.0,442.0,246.0,0.0,0.0,0.0,0.0,0.0,0.0,1024.0,682.0,0.0204877657624633,Male,White,True,Male_White,0.0,1
5053,20--Family_Group/20_Family_Group_Family_Group_20_508.jpg,654.0,84.0,770.0,216.0,0.0,0.0,0.0,0.0,0.0,0.0,1024.0,682.0,0.0219254032258064,Female,White,True,Female_White,0.0,1
5054,20--Family_Group/20_Family_Group_Family_Group_20_508.jpg,802.0,242.0,886.0,388.0,0.0,0.0,0.0,0.0,0.0,0.0,1024.0,682.0,0.0175609420821114,Male,Asian,True,Male_Asian,0.0,1
5129,20--Family_Group/20_Family_Group_Family_Group_20_999.jpg,271.0,93.0,791.0,808.0,0.0,0.0,0.0,0.0,0.0,0.0,1024.0,1286.0,0.2823374319595645,Female,White,True,Female_White,10.0,1
5130,20--Family_Group/20_Family_Group_Family_Group_20_566.jpg,328.0,108.0,512.0,346.0,0.0,0.0,0.0,0.0,0.0,0.0,1024.0,1151.0,0.0371551911381407,Male,Indian,True,Male_Indian,1.0,1
5131,20--Family_Group/20_Family_Group_Family_Group_20_566.jpg,539.0,218.0,716.0,418.0,0.0,0.0,0.0,0.0,0.0,0.0,1024.0,1151.0,0.0300350238922675,Female,White,True,Female_White,1.0,1
5149,21--Festival/21_Festival_Festival_21_826.jpg,244.0,272.0,682.0,848.0,0.0,0.0,0.0,0.0,0.0,0.0,1024.0,1808.0,0.1362693584070796,Female,White,True,Female_White,5.0,1
5153,21--Festival/21_Festival_Festival_21_942.jpg,196.0,58.0,694.0,806.0,0.0,0.0,0.0,0.0,0.0,0.0,1024.0,1005.0,0.361963619402985,Female,White,True,Female_White,13.0,1
5156,21--Festival/21_Festival_Festival_21_236.jpg,195.0,154.0,231.0,198.0,0.0,0.0,0.0,0.0,0.0,0.0,1024.0,768.0,0.00201416015625,Male,Indian,True,Male_Indian,0.0,1
5157,21--Festival/21_Festival_Festival_21_236.jpg,524.0,707.0,580.0,768.0,1.0,0.0,0.0,0.0,1.0,0.0,1024.0,768.0,0.0043436686197916,Male,Indian,True,Male_Indian,0.0,1
5169,21--Festival/21_Festival_Festival_21_971.jpg,317.0,260.0,877.0,1068.0,0.0,0.0,0.0,0.0,0.0,0.0,1024.0,1535.0,0.2878664495114006,Male,White,True,Male_White,10.0,1
5170,21--Festival/21_Festival_Festival_21_188.jpg,556.0,122.0,758.0,258.0,0.0,0.0,0.0,0.0,0.0,1.0,1024.0,684.0,0.0392224049707602,Female,Indian,True,Female_Indian,1.0,1
5171,21--Festival/21_Festival_Festival_21_188.jpg,200.0,246.0,484.0,418.0,0.0,0.0,0.0,0.0,0.0,1.0,1024.0,684.0,0.0697414108187134,Male,Indian,True,Male_Indian,2.0,1
5172,21--Festival/21_Festival_Festival_21_947.jpg,572.0,128.0,818.0,452.0,0.0,0.0,0.0,0.0,0.0,0.0,1024.0,1000.0,0.0778359375,Female,Indian,True,Female_Indian,2.0,1
5173,21--Festival/21_Festival_Festival_21_728.jpg,258.0,280.0,712.0,898.0,0.0,0.0,0.0,0.0,0.0,0.0,1024.0,1378.0,0.1988360622278664,Female,White,True,Female_White,7.0,1
5176,21--Festival/21_Festival_Festival_21_561.jpg,76.0,202.0,103.0,250.0,1.0,0.0,0.0,0.0,0.0,0.0,1024.0,684.0,0.0018503289473684,Female,Asian,True,Female_Asian,0.0,10
5177,21--Festival/21_Festival_Festival_21_561.jpg,254.0,219.0,287.0,271.0,0.0,0.0,0.0,0.0,0.0,0.0,1024.0,684.0,0.0024499725877192,Female,Asian,True,Female_Asian,0.0,10
5178,21--Festival/21_Festival_Festival_21_561.jpg,376.0,204.0,413.0,252.0,0.0,0.0,0.0,0.0,0.0,0.0,1024.0,684.0,0.0025356359649122,Female,Asian,True,Female_Asian,0.0,10
5179,21--Festival/21_Festival_Festival_21_561.jpg,485.0,210.0,523.0,259.0,0.0,0.0,0.0,0.0,0.0,0.0,1024.0,684.0,0.0026584201388888,Female,Asian,True,Female_Asian,0.0,10
5180,21--Festival/21_Festival_Festival_21_561.jpg,660.0,203.0,697.0,252.0,0.0,0.0,1.0,0.0,0.0,0.0,1024.0,684.0,0.0025884617141812,Female,Asian,True,Female_Asian,0.0,10
5181,21--Festival/21_Festival_Festival_21_561.jpg,318.0,381.0,345.0,431.0,0.0,0.0,0.0,0.0,0.0,1.0,1024.0,684.0,0.0019274259868421,Female,Asian,True,Female_Asian,0.0,10
5182,21--Festival/21_Festival_Festival_21_561.jpg,450.0,391.0,495.0,448.0,0.0,0.0,0.0,0.0,0.0,0.0,1024.0,684.0,0.003662109375,Female,Asian,True,Female_Asian,0.0,10
5183,21--Festival/21_Festival_Festival_21_561.jpg,725.0,315.0,770.0,362.0,0.0,0.0,0.0,0.0,0.0,0.0,1024.0,684.0,0.0030196340460526,Female,Asian,True,Female_Asian,0.0,10
5184,21--Festival/21_Festival_Festival_21_561.jpg,898.0,228.0,934.0,279.0,0.0,0.0,0.0,0.0,0.0,0.0,1024.0,684.0,0.0026212993421052,Female,Asian,True,Female_Asian,0.0,10
5187,21--Festival/21_Festival_Festival_21_875.jpg,360.0,10.0,786.0,438.0,0.0,0.0,0.0,0.0,0.0,0.0,1024.0,576.0,0.3091227213541667,Female,White,True,Female_White,11.0,1
5192,21--Festival/21_Festival_Festival_21_598.jpg,458.0,80.0,572.0,252.0,0.0,0.0,0.0,0.0,0.0,0.0,1024.0,683.0,0.028035779648609,Female,Asian,True,Female_Asian,0.0,1
5193,21--Festival/21_Festival_Festival_21_598.jpg,54.0,150.0,160.0,318.0,0.0,0.0,0.0,0.0,1.0,0.0,1024.0,683.0,0.0254621156661786,Female,Asian,True,Female_Asian,0.0,1
5195,21--Festival/21_Festival_Festival_21_929.jpg,322.0,230.0,570.0,576.0,0.0,0.0,0.0,0.0,0.0,0.0,1024.0,1529.0,0.0548050196206671,Female,Indian,True,Female_Indian,2.0,1
5196,21--Festival/21_Festival_Festival_21_871.jpg,345.0,220.0,690.0,764.0,0.0,0.0,0.0,0.0,0.0,0.0,1024.0,1564.0,0.1171875,Female,White,True,Female_White,4.0,1
5197,21--Festival/21_Festival_Festival_21_916.jpg,213.0,147.0,612.0,639.0,0.0,0.0,0.0,0.0,0.0,0.0,1024.0,1539.0,0.1245659722222222,Female,White,True,Female_White,4.0,1
5203,21--Festival/21_Festival_Festival_21_962.jpg,444.0,246.0,708.0,615.0,0.0,0.0,0.0,0.0,0.0,0.0,1024.0,1536.0,0.0619354248046875,Female,White,True,Female_White,2.0,1
5207,21--Festival/21_Festival_Festival_21_919.jpg,325.0,328.0,554.0,601.0,0.0,0.0,0.0,0.0,0.0,0.0,1024.0,1397.0,0.043702045678239,Male,White,True,Male_White,1.0,1
5211,21--Festival/21_Festival_Festival_21_442.jpg,412.0,771.0,651.0,1092.0,0.0,0.0,0.0,0.0,0.0,0.0,1024.0,1405.0,0.0533244828736654,Female,White,True,Female_White,1.0,1
5212,21--Festival/21_Festival_Festival_21_719.jpg,315.0,135.0,636.0,612.0,0.0,0.0,0.0,0.0,0.0,0.0,1024.0,1538.0,0.0972225749756176,Female,White,True,Female_White,3.0,1
5213,21--Festival/21_Festival_Festival_21_817.jpg,576.0,132.0,798.0,478.0,0.0,0.0,0.0,0.0,0.0,0.0,1024.0,682.0,0.109987857404692,Female,White,True,Female_White,4.0,1
5217,21--Festival/21_Festival_Festival_21_931.jpg,367.0,160.0,628.0,540.0,0.0,0.0,0.0,0.0,0.0,0.0,1024.0,1390.0,0.0696801933453237,Female,White,True,Female_White,2.0,1
5218,21--Festival/21_Festival_Festival_21_433.jpg,279.0,278.0,371.0,391.0,0.0,0.0,0.0,0.0,0.0,0.0,1024.0,685.0,0.0148209397810218,Male,Indian,True,Male_Indian,0.0,10
5219,21--Festival/21_Festival_Festival_21_433.jpg,436.0,287.0,477.0,348.0,1.0,0.0,0.0,0.0,0.0,0.0,1024.0,685.0,0.0035655223540145,Male,Indian,True,Male_Indian,0.0,10
5220,21--Festival/21_Festival_Festival_21_433.jpg,632.0,295.0,662.0,335.0,1.0,0.0,0.0,0.0,0.0,0.0,1024.0,685.0,0.0017107664233576,Male,Indian,True,Male_Indian,0.0,10
5221,21--Festival/21_Festival_Festival_21_433.jpg,667.0,310.0,719.0,369.0,1.0,0.0,0.0,0.0,0.0,0.0,1024.0,685.0,0.004373859489051,Male,Indian,True,Male_Indian,0.0,10
5222,21--Festival/21_Festival_Festival_21_433.jpg,818.0,326.0,853.0,363.0,1.0,0.0,0.0,0.0,1.0,0.0,1024.0,685.0,0.0018462020985401,Male,Indian,True,Male_Indian,0.0,10
5224,21--Festival/21_Festival_Festival_21_516.jpg,216.0,108.0,346.0,302.0,0.0,0.0,0.0,0.0,0.0,0.0,1024.0,768.0,0.0320688883463541,Female,Indian,True,Female_Indian,1.0,1
5225,21--Festival/21_Festival_Festival_21_516.jpg,620.0,86.0,750.0,272.0,0.0,0.0,0.0,0.0,0.0,0.0,1024.0,768.0,0.0307464599609375,Female,Indian,True,Female_Indian,1.0,1
5227,22--Picnic/22_Picnic_Picnic_22_758.jpg,414.0,398.0,644.0,632.0,0.0,0.0,1.0,0.0,1.0,0.0,1024.0,712.0,0.0738182496488764,Male,White,True,Male_White,2.0,1
5228,22--Picnic/22_Picnic_Picnic_22_940.jpg,405.0,185.0,645.0,537.0,0.0,0.0,0.0,0.0,1.0,0.0,1024.0,1280.0,0.064453125,Female,White,True,Female_White,2.0,1
5247,22--Picnic/22_Picnic_Picnic_22_914.jpg,430.0,92.0,628.0,418.0,0.0,0.0,0.0,0.0,0.0,0.0,1024.0,686.0,0.0918879828717201,Male,White,True,Male_White,3.0,1
5298,22--Picnic/22_Picnic_Picnic_22_374.jpg,258.0,106.0,406.0,268.0,1.0,1.0,0.0,0.0,0.0,1.0,1024.0,681.0,0.0343818832599118,Female,Asian,True,Female_Asian,1.0,1
5299,22--Picnic/22_Picnic_Picnic_22_374.jpg,492.0,114.0,576.0,246.0,0.0,0.0,0.0,0.0,0.0,0.0,1024.0,681.0,0.0159003303964757,Male,White,True,Male_White,0.0,1
5307,22--Picnic/22_Picnic_Picnic_22_376.jpg,450.0,387.0,696.0,732.0,0.0,0.0,0.0,0.0,0.0,0.0,1024.0,1536.0,0.0539588928222656,Female,White,True,Female_White,1.0,1
5316,22--Picnic/22_Picnic_Picnic_22_447.jpg,536.0,154.0,642.0,294.0,0.0,0.0,0.0,0.0,1.0,0.0,1024.0,1459.0,0.0099329592186429,Male,White,True,Male_White,0.0,1
5325,22--Picnic/22_Picnic_Picnic_22_944.jpg,344.0,308.0,725.0,908.0,0.0,0.0,0.0,0.0,0.0,0.0,1024.0,1559.0,0.1431957584990378,Male,White,True,Male_White,5.0,1
5347,23--Shoppers/23_Shoppers_Shoppers_23_180.jpg,333.0,484.0,417.0,590.0,1.0,0.0,0.0,0.0,0.0,0.0,1024.0,1227.0,0.0070866442542787,Female,Asian,True,Female_Asian,0.0,1
5348,23--Shoppers/23_Shoppers_Shoppers_23_180.jpg,847.0,439.0,909.0,518.0,1.0,0.0,0.0,0.0,1.0,0.0,1024.0,1227.0,0.0038982910554197,Female,Asian,True,Female_Asian,0.0,1
5349,23--Shoppers/23_Shoppers_Shoppers_23_148.jpg,636.0,36.0,722.0,118.0,0.0,0.0,0.0,0.0,0.0,1.0,1024.0,576.0,0.0119561089409722,Female,White,True,Female_White,0.0,1
5356,23--Shoppers/23_Shoppers_Shoppers_23_718.jpg,397.0,131.0,642.0,462.0,0.0,0.0,0.0,0.0,0.0,0.0,1024.0,1529.0,0.0517948567282537,Female,White,True,Female_White,1.0,1
5365,23--Shoppers/23_Shoppers_Shoppers_23_85.jpg,194.0,190.0,368.0,350.0,0.0,0.0,0.0,0.0,0.0,0.0,1024.0,683.0,0.0398060029282576,Female,White,True,Female_White,1.0,1
5370,23--Shoppers/23_Shoppers_Shoppers_23_781.jpg,370.0,314.0,828.0,932.0,0.0,0.0,0.0,0.0,0.0,0.0,1024.0,1676.0,0.1649225275954653,Male,White,True,Male_White,6.0,1
5375,23--Shoppers/23_Shoppers_Shoppers_23_694.jpg,496.0,160.0,707.0,436.0,0.0,0.0,0.0,0.0,0.0,0.0,1024.0,1386.0,0.0410325351731601,Male,White,True,Male_White,1.0,1
5380,23--Shoppers/23_Shoppers_Shoppers_23_753.jpg,256.0,162.0,468.0,434.0,0.0,0.0,0.0,0.0,0.0,0.0,1024.0,786.0,0.0716444020356234,Female,White,True,Female_White,2.0,1
5401,23--Shoppers/23_Shoppers_Shoppers_23_1035.jpg,348.0,233.0,644.0,693.0,0.0,0.0,0.0,0.0,0.0,0.0,1024.0,1195.0,0.111270920502092,Female,Black,True,Female_Black,4.0,10
5402,23--Shoppers/23_Shoppers_Shoppers_23_564.jpg,378.0,295.0,668.0,578.0,0.0,0.0,0.0,0.0,1.0,0.0,1024.0,1161.0,0.0690322862833764,Male,White,True,Male_White,2.0,1
5424,23--Shoppers/23_Shoppers_Shoppers_23_407.jpg,374.0,134.0,536.0,362.0,0.0,0.0,0.0,0.0,0.0,0.0,1024.0,679.0,0.0531226988217967,Female,White,True,Female_White,1.0,1
5429,23--Shoppers/23_Shoppers_Shoppers_23_661.jpg,277.0,379.0,737.0,977.0,0.0,0.0,0.0,0.0,0.0,0.0,1024.0,1247.0,0.2154232658380112,Female,White,True,Female_White,8.0,1
5436,23--Shoppers/23_Shoppers_Shoppers_23_416.jpg,210.0,374.0,350.0,572.0,0.0,1.0,0.0,0.0,0.0,0.0,1024.0,896.0,0.03021240234375,Female,White,True,Female_White,1.0,1
5451,23--Shoppers/23_Shoppers_Shoppers_23_793.jpg,271.0,159.0,580.0,569.0,0.0,0.0,1.0,0.0,0.0,0.0,1024.0,1476.0,0.0838216145833333,Male,White,True,Male_White,3.0,1
5464,23--Shoppers/23_Shoppers_Shoppers_23_506.jpg,804.0,323.0,844.0,380.0,1.0,0.0,0.0,0.0,0.0,0.0,1024.0,951.0,0.0023412854889589,Female,White,True,Female_White,0.0,1
5465,23--Shoppers/23_Shoppers_Shoppers_23_506.jpg,884.0,376.0,929.0,439.0,1.0,0.0,0.0,0.0,0.0,0.0,1024.0,951.0,0.0029112036671924,Female,Asian,True,Female_Asian,0.0,1
5470,23--Shoppers/23_Shoppers_Shoppers_23_329.jpg,458.0,40.0,566.0,180.0,1.0,0.0,0.0,0.0,0.0,0.0,1024.0,639.0,0.0231073943661971,Male,White,True,Male_White,0.0,1
5475,23--Shoppers/23_Shoppers_Shoppers_23_143.jpg,432.0,34.0,502.0,112.0,1.0,0.0,0.0,0.0,0.0,1.0,1024.0,640.0,0.008331298828125,Female,White,True,Female_White,0.0,1
5477,23--Shoppers/23_Shoppers_Shoppers_23_555.jpg,908.0,204.0,1000.0,320.0,1.0,0.0,0.0,0.0,0.0,0.0,1024.0,769.0,0.0135525032509752,Male,White,True,Male_White,0.0,1
5478,23--Shoppers/23_Shoppers_Shoppers_23_482.jpg,68.0,14.0,120.0,82.0,1.0,0.0,0.0,0.0,0.0,0.0,1024.0,640.0,0.0053955078125,Male,Asian,True,Male_Asian,0.0,1
5479,23--Shoppers/23_Shoppers_Shoppers_23_482.jpg,794.0,40.0,848.0,104.0,1.0,0.0,0.0,0.0,0.0,0.0,1024.0,640.0,0.0052734375,Female,White,True,Female_White,0.0,1
5489,23--Shoppers/23_Shoppers_Shoppers_23_508.jpg,356.0,120.0,504.0,302.0,0.0,0.0,0.0,0.0,0.0,0.0,1024.0,679.0,0.0387403350515463,Female,White,True,Female_White,1.0,1
5492,23--Shoppers/23_Shoppers_Shoppers_23_593.jpg,380.0,186.0,546.0,434.0,0.0,0.0,0.0,0.0,0.0,0.0,1024.0,687.0,0.0585198326055312,Female,Indian,True,Female_Indian,2.0,1
5493,23--Shoppers/23_Shoppers_Shoppers_23_513.jpg,162.0,404.0,240.0,492.0,1.0,0.0,0.0,0.0,0.0,0.0,1024.0,711.0,0.0094277426160337,Male,White,True,Male_White,0.0,1
5498,23--Shoppers/23_Shoppers_Shoppers_23_687.jpg,370.0,116.0,496.0,272.0,0.0,0.0,0.0,0.0,0.0,0.0,1024.0,616.0,0.031161221590909,Female,White,True,Female_White,1.0,1
5503,23--Shoppers/23_Shoppers_Shoppers_23_477.jpg,512.0,72.0,594.0,180.0,1.0,0.0,0.0,0.0,0.0,0.0,1024.0,798.0,0.0108376409774436,Male,White,True,Male_White,0.0,1
5505,23--Shoppers/23_Shoppers_Shoppers_23_460.jpg,895.0,4.0,963.0,82.0,1.0,0.0,0.0,0.0,0.0,0.0,1024.0,1083.0,0.0047827216066482,Male,White,True,Male_White,0.0,1
5506,23--Shoppers/23_Shoppers_Shoppers_23_591.jpg,314.0,153.0,535.0,444.0,0.0,0.0,0.0,0.0,0.0,0.0,1024.0,1448.0,0.0433727285479972,Female,White,True,Female_White,1.0,1
5511,23--Shoppers/23_Shoppers_Shoppers_23_700.jpg,134.0,204.0,342.0,478.0,0.0,1.0,0.0,0.0,0.0,0.0,1024.0,584.0,0.0953017979452054,Male,Asian,True,Male_Asian,3.0,1
5512,23--Shoppers/23_Shoppers_Shoppers_23_700.jpg,696.0,214.0,824.0,378.0,0.0,1.0,0.0,0.0,0.0,0.0,1024.0,584.0,0.0351027397260274,Male,Asian,True,Male_Asian,1.0,1
5530,24--Soldier_Firing/24_Soldier_Firing_Soldier_Firing_24_772.jpg,314.0,154.0,353.0,199.0,1.0,0.0,0.0,0.0,0.0,0.0,1024.0,576.0,0.0029754638671875,Male,White,True,Male_White,0.0,1
5533,24--Soldier_Firing/24_Soldier_Firing_Soldier_Firing_24_302.jpg,224.0,76.0,410.0,394.0,0.0,0.0,0.0,0.0,0.0,0.0,1024.0,1024.0,0.0564079284667968,Male,White,True,Male_White,2.0,1
5534,24--Soldier_Firing/24_Soldier_Firing_Soldier_Firing_24_336.jpg,411.0,267.0,549.0,461.0,1.0,0.0,0.0,0.0,1.0,0.0,1024.0,1197.0,0.0218417136591478,Male,White,True,Male_White,0.0,1
5542,24--Soldier_Firing/24_Soldier_Firing_Soldier_Firing_24_577.jpg,154.0,230.0,216.0,288.0,1.0,0.0,0.0,0.0,0.0,0.0,1024.0,724.0,0.0048504402624309,Male,Black,True,Male_Black,0.0,1
5543,24--Soldier_Firing/24_Soldier_Firing_Soldier_Firing_24_577.jpg,352.0,110.0,406.0,180.0,1.0,0.0,0.0,0.0,0.0,0.0,1024.0,724.0,0.005098627417127,Male,White,True,Male_White,0.0,1
5544,24--Soldier_Firing/24_Soldier_Firing_Soldier_Firing_24_474.jpg,531.0,281.0,584.0,351.0,1.0,0.0,0.0,0.0,0.0,0.0,1024.0,640.0,0.0056610107421875,Male,Black,True,Male_Black,0.0,10
5545,24--Soldier_Firing/24_Soldier_Firing_Soldier_Firing_24_474.jpg,424.0,275.0,472.0,344.0,1.0,0.0,0.0,0.0,0.0,0.0,1024.0,640.0,0.0050537109375,Male,Black,True,Male_Black,0.0,10
5546,24--Soldier_Firing/24_Soldier_Firing_Soldier_Firing_24_474.jpg,295.0,219.0,342.0,296.0,1.0,0.0,0.0,0.0,0.0,0.0,1024.0,640.0,0.0055221557617187,Male,Black,True,Male_Black,0.0,10
5547,24--Soldier_Firing/24_Soldier_Firing_Soldier_Firing_24_474.jpg,201.0,238.0,248.0,311.0,1.0,0.0,0.0,0.0,0.0,0.0,1024.0,640.0,0.0052352905273437,Male,Black,True,Male_Black,0.0,10
5553,24--Soldier_Firing/24_Soldier_Firing_Soldier_Firing_24_65.jpg,256.0,184.0,346.0,322.0,0.0,0.0,0.0,0.0,1.0,1.0,1024.0,681.0,0.0178104350220264,Male,White,True,Male_White,0.0,1
5555,24--Soldier_Firing/24_Soldier_Firing_Soldier_Firing_24_124.jpg,396.0,136.0,506.0,360.0,0.0,0.0,0.0,0.0,0.0,1.0,1024.0,754.0,0.0319131299734748,Male,White,True,Male_White,1.0,1
5556,24--Soldier_Firing/24_Soldier_Firing_Soldier_Firing_24_662.jpg,313.0,341.0,420.0,464.0,1.0,0.0,0.0,0.0,0.0,0.0,1024.0,1621.0,0.0079287717843923,Male,White,True,Male_White,0.0,1
5559,24--Soldier_Firing/24_Soldier_Firing_Soldier_Firing_24_818.jpg,298.0,146.0,556.0,460.0,0.0,0.0,0.0,0.0,0.0,0.0,1024.0,613.0,0.1290591863784665,Male,White,True,Male_White,4.0,1
5562,24--Soldier_Firing/24_Soldier_Firing_Soldier_Firing_24_775.jpg,978.0,57.0,1012.0,96.0,1.0,0.0,0.0,0.0,0.0,0.0,1024.0,556.0,0.0023289961780575,Male,White,True,Male_White,0.0,1
5563,24--Soldier_Firing/24_Soldier_Firing_Soldier_Firing_24_117.jpg,460.0,156.0,558.0,260.0,1.0,0.0,0.0,0.0,1.0,1.0,1024.0,761.0,0.0130790078843626,Male,White,True,Male_White,0.0,1
5567,24--Soldier_Firing/24_Soldier_Firing_Soldier_Firing_24_608.jpg,577.0,120.0,780.0,409.0,0.0,0.0,0.0,0.0,0.0,0.0,1024.0,1095.0,0.0523214540525114,Male,White,True,Male_White,1.0,1
5569,24--Soldier_Firing/24_Soldier_Firing_Soldier_Firing_24_877.jpg,702.0,202.0,754.0,262.0,1.0,0.0,0.0,0.0,0.0,1.0,1024.0,684.0,0.004454495614035,Male,White,True,Male_White,0.0,1
5570,24--Soldier_Firing/24_Soldier_Firing_Soldier_Firing_24_76.jpg,172.0,276.0,262.0,434.0,0.0,0.0,0.0,0.0,1.0,0.0,1024.0,1024.0,0.0135612487792968,Male,White,True,Male_White,0.0,1
5571,24--Soldier_Firing/24_Soldier_Firing_Soldier_Firing_24_252.jpg,372.0,164.0,450.0,322.0,1.0,0.0,0.0,0.0,0.0,1.0,1024.0,769.0,0.0156503982444733,Male,White,True,Male_White,0.0,1
5573,24--Soldier_Firing/24_Soldier_Firing_Soldier_Firing_24_667.jpg,133.0,150.0,269.0,360.0,0.0,0.0,0.0,0.0,0.0,0.0,1024.0,719.0,0.0387908553546592,Male,Indian,True,Male_Indian,1.0,10
5574,24--Soldier_Firing/24_Soldier_Firing_Soldier_Firing_24_667.jpg,445.0,263.0,523.0,506.0,1.0,1.0,0.0,0.0,0.0,0.0,1024.0,719.0,0.0257437630389429,Female,Indian,True,Female_Indian,0.0,10
5575,24--Soldier_Firing/24_Soldier_Firing_Soldier_Firing_24_667.jpg,541.0,73.0,609.0,281.0,1.0,0.0,0.0,0.0,0.0,0.0,1024.0,719.0,0.0192107093184979,Female,Indian,True,Female_Indian,0.0,10
5576,24--Soldier_Firing/24_Soldier_Firing_Soldier_Firing_24_667.jpg,405.0,19.0,455.0,191.0,1.0,0.0,0.0,0.0,0.0,0.0,1024.0,719.0,0.0116807197496522,Female,Indian,True,Female_Indian,0.0,10
5577,24--Soldier_Firing/24_Soldier_Firing_Soldier_Firing_24_667.jpg,451.0,2.0,498.0,119.0,1.0,0.0,0.0,0.0,1.0,0.0,1024.0,719.0,0.0074688695236439,Female,Indian,True,Female_Indian,0.0,10
5578,24--Soldier_Firing/24_Soldier_Firing_Soldier_Firing_24_667.jpg,858.0,124.0,906.0,260.0,1.0,0.0,0.0,0.0,0.0,0.0,1024.0,719.0,0.0088664812239221,Male,Indian,True,Male_Indian,0.0,10
5579,24--Soldier_Firing/24_Soldier_Firing_Soldier_Firing_24_667.jpg,619.0,307.0,702.0,537.0,0.0,0.0,0.0,0.0,0.0,0.0,1024.0,719.0,0.0259284813977746,Female,Indian,True,Female_Indian,0.0,10
5589,24--Soldier_Firing/24_Soldier_Firing_Soldier_Firing_24_512.jpg,730.0,110.0,844.0,272.0,1.0,0.0,0.0,0.0,0.0,0.0,1024.0,537.0,0.0335850209497206,Male,Indian,True,Male_Indian,1.0,1
5595,24--Soldier_Firing/24_Soldier_Firing_Soldier_Firing_24_140.jpg,240.0,184.0,328.0,326.0,0.0,0.0,0.0,0.0,1.0,0.0,1024.0,667.0,0.0182955397301349,Male,White,True,Male_White,0.0,1
5603,24--Soldier_Firing/24_Soldier_Firing_Soldier_Firing_24_174.jpg,334.0,160.0,424.0,278.0,1.0,0.0,0.0,0.0,0.0,0.0,1024.0,767.0,0.0135216346153846,Male,White,True,Male_White,0.0,1
5609,24--Soldier_Firing/24_Soldier_Firing_Soldier_Firing_24_17.jpg,668.0,118.0,778.0,254.0,0.0,1.0,0.0,0.0,1.0,0.0,1024.0,576.0,0.0253634982638888,Male,White,True,Male_White,0.0,1
5612,24--Soldier_Firing/24_Soldier_Firing_Soldier_Firing_24_389.jpg,428.0,150.0,500.0,242.0,1.0,0.0,0.0,0.0,0.0,0.0,1024.0,793.0,0.0081573139974779,Male,White,True,Male_White,0.0,1
5614,24--Soldier_Firing/24_Soldier_Firing_Soldier_Firing_24_741.jpg,386.0,170.0,454.0,258.0,1.0,0.0,0.0,0.0,0.0,0.0,1024.0,832.0,0.0070237379807692,Male,White,True,Male_White,0.0,1
5615,24--Soldier_Firing/24_Soldier_Firing_Soldier_Firing_24_592.jpg,392.0,22.0,728.0,500.0,0.0,0.0,0.0,0.0,0.0,0.0,1024.0,577.0,0.2718262564991334,Male,Asian,True,Male_Asian,10.0,1
5616,24--Soldier_Firing/24_Soldier_Firing_Soldier_Firing_24_914.jpg,443.0,311.0,474.0,351.0,1.0,0.0,0.0,0.0,1.0,0.0,1024.0,709.0,0.0017079513399153,Male,White,True,Male_White,0.0,1
5617,24--Soldier_Firing/24_Soldier_Firing_Soldier_Firing_24_75.jpg,492.0,84.0,582.0,176.0,1.0,0.0,0.0,0.0,0.0,0.0,1024.0,641.0,0.0126145670826833,Male,White,True,Male_White,0.0,1
5619,24--Soldier_Firing/24_Soldier_Firing_Soldier_Firing_24_114.jpg,618.0,106.0,788.0,284.0,0.0,0.0,0.0,0.0,0.0,0.0,1024.0,639.0,0.0462453540688575,Female,White,True,Female_White,1.0,1
5621,24--Soldier_Firing/24_Soldier_Firing_Soldier_Firing_24_735.jpg,138.0,128.0,220.0,216.0,1.0,0.0,0.0,0.0,0.0,0.0,1024.0,768.0,0.0091756184895833,Male,White,True,Male_White,0.0,1
5622,24--Soldier_Firing/24_Soldier_Firing_Soldier_Firing_24_199.jpg,448.0,102.0,508.0,170.0,0.0,0.0,0.0,0.0,1.0,1.0,1024.0,680.0,0.005859375,Male,White,True,Male_White,0.0,1
5623,24--Soldier_Firing/24_Soldier_Firing_Soldier_Firing_24_679.jpg,444.0,126.0,476.0,158.0,1.0,0.0,0.0,0.0,0.0,0.0,1024.0,647.0,0.0015455950540958,Male,White,True,Male_White,0.0,1
5632,25--Soldier_Patrol/25_Soldier_Patrol_Soldier_Patrol_25_262.jpg,252.0,120.0,314.0,194.0,0.0,0.0,0.0,0.0,1.0,0.0,1024.0,679.0,0.0065986284977908,Male,White,True,Male_White,0.0,1
5636,25--Soldier_Patrol/25_Soldier_Patrol_Soldier_Patrol_25_216.jpg,284.0,136.0,542.0,476.0,0.0,0.0,0.0,0.0,0.0,0.0,1024.0,576.0,0.1487223307291666,Male,Indian,True,Male_Indian,5.0,1
5649,25--Soldier_Patrol/25_Soldier_Patrol_Soldier_Patrol_25_1015.jpg,246.0,28.0,340.0,176.0,1.0,0.0,0.0,0.0,0.0,0.0,1024.0,682.0,0.0199207294721407,Male,White,True,Male_White,0.0,1
5650,25--Soldier_Patrol/25_Soldier_Patrol_Soldier_Patrol_25_656.jpg,371.0,503.0,667.0,838.0,0.0,0.0,0.0,0.0,0.0,0.0,1024.0,1535.0,0.0630853013029315,Male,White,True,Male_White,2.0,1
5651,25--Soldier_Patrol/25_Soldier_Patrol_Soldier_Patrol_25_911.jpg,644.0,66.0,762.0,210.0,0.0,0.0,0.0,0.0,0.0,0.0,1024.0,576.0,0.02880859375,Male,White,True,Male_White,1.0,1
5653,25--Soldier_Patrol/25_Soldier_Patrol_Soldier_Patrol_25_704.jpg,548.0,108.0,674.0,286.0,0.0,0.0,0.0,0.0,0.0,0.0,1024.0,661.0,0.0331351645234493,Male,White,True,Male_White,1.0,1
5658,25--Soldier_Patrol/25_Soldier_Patrol_Soldier_Patrol_25_58.jpg,195.0,172.0,244.0,235.0,1.0,0.0,0.0,0.0,0.0,0.0,1024.0,683.0,0.0044138337298682,Male,Asian,True,Male_Asian,0.0,10
5659,25--Soldier_Patrol/25_Soldier_Patrol_Soldier_Patrol_25_58.jpg,382.0,219.0,413.0,275.0,1.0,0.0,0.0,0.0,0.0,0.0,1024.0,683.0,0.0024821559297218,Male,Asian,True,Male_Asian,0.0,10
5660,25--Soldier_Patrol/25_Soldier_Patrol_Soldier_Patrol_25_58.jpg,400.0,194.0,430.0,256.0,1.0,0.0,0.0,0.0,0.0,0.0,1024.0,683.0,0.0026594527818448,Male,Asian,True,Male_Asian,0.0,10
5661,25--Soldier_Patrol/25_Soldier_Patrol_Soldier_Patrol_25_58.jpg,774.0,150.0,803.0,216.0,1.0,0.0,0.0,0.0,0.0,0.0,1024.0,683.0,0.0027366627013177,Male,Asian,True,Male_Asian,0.0,10
5664,25--Soldier_Patrol/25_Soldier_Patrol_Soldier_Patrol_25_279.jpg,698.0,228.0,862.0,420.0,0.0,0.0,0.0,0.0,0.0,0.0,1024.0,686.0,0.0448250728862973,Male,White,True,Male_White,1.0,1
5672,25--Soldier_Patrol/25_Soldier_Patrol_Soldier_Patrol_25_806.jpg,381.0,222.0,606.0,474.0,0.0,0.0,0.0,0.0,0.0,0.0,1024.0,1374.0,0.0402991948689956,Male,White,True,Male_White,1.0,1
5673,25--Soldier_Patrol/25_Soldier_Patrol_Soldier_Patrol_25_711.jpg,558.0,205.0,663.0,355.0,0.0,0.0,1.0,0.0,0.0,1.0,1024.0,1282.0,0.0119975502145085,Male,White,True,Male_White,0.0,1
5680,25--Soldier_Patrol/25_Soldier_Patrol_Soldier_Patrol_25_634.jpg,126.0,142.0,268.0,376.0,0.0,0.0,0.0,0.0,0.0,0.0,1024.0,873.0,0.037169780927835,Male,Black,True,Male_Black,1.0,1
5681,25--Soldier_Patrol/25_Soldier_Patrol_Soldier_Patrol_25_634.jpg,456.0,230.0,588.0,404.0,0.0,0.0,0.0,0.0,0.0,0.0,1024.0,873.0,0.0256926546391752,Male,Black,True,Male_Black,0.0,1
5682,25--Soldier_Patrol/25_Soldier_Patrol_Soldier_Patrol_25_634.jpg,712.0,182.0,854.0,374.0,0.0,0.0,0.0,0.0,0.0,0.0,1024.0,873.0,0.0304982817869415,Male,White,True,Male_White,1.0,1
5684,25--Soldier_Patrol/25_Soldier_Patrol_Soldier_Patrol_25_531.jpg,500.0,164.0,552.0,256.0,1.0,0.0,0.0,0.0,0.0,0.0,1024.0,682.0,0.0068502565982404,Male,White,True,Male_White,0.0,1
5685,25--Soldier_Patrol/25_Soldier_Patrol_Soldier_Patrol_25_220.jpg,245.0,207.0,617.0,644.0,0.0,0.0,0.0,0.0,0.0,0.0,1024.0,1278.0,0.1242205839201878,Male,White,True,Male_White,4.0,1
5691,25--Soldier_Patrol/25_Soldier_Patrol_Soldier_Patrol_25_605.jpg,418.0,72.0,506.0,192.0,1.0,0.0,0.0,0.0,0.0,0.0,1024.0,556.0,0.0185476618705035,Male,White,True,Male_White,0.0,1
5698,25--Soldier_Patrol/25_Soldier_Patrol_Soldier_Patrol_25_584.jpg,183.0,213.0,645.0,853.0,0.0,0.0,0.0,0.0,0.0,0.0,1024.0,1285.0,0.2247081712062257,Male,White,True,Male_White,8.0,1
5704,25--Soldier_Patrol/25_Soldier_Patrol_Soldier_Patrol_25_339.jpg,697.0,380.0,732.0,440.0,0.0,0.0,0.0,0.0,1.0,0.0,1024.0,680.0,0.0030158547794117,Male,White,True,Male_White,0.0,1
5709,25--Soldier_Patrol/25_Soldier_Patrol_Soldier_Patrol_25_200.jpg,350.0,245.0,562.0,522.0,0.0,0.0,0.0,0.0,0.0,0.0,1024.0,1278.0,0.0448729704616588,Male,White,True,Male_White,1.0,1
5712,25--Soldier_Patrol/25_Soldier_Patrol_Soldier_Patrol_25_516.jpg,138.0,179.0,600.0,782.0,0.0,0.0,0.0,0.0,0.0,0.0,1024.0,1479.0,0.1839463425456389,Male,White,True,Male_White,6.0,1
5714,25--Soldier_Patrol/25_Soldier_Patrol_Soldier_Patrol_25_319.jpg,490.0,112.0,546.0,180.0,0.0,0.0,1.0,0.0,0.0,0.0,1024.0,681.0,0.0054607195301027,Male,White,True,Male_White,0.0,1
5729,25--Soldier_Patrol/25_Soldier_Patrol_Soldier_Patrol_25_556.jpg,374.0,68.0,474.0,208.0,1.0,0.0,0.0,0.0,0.0,0.0,1024.0,768.0,0.0178019205729166,Male,White,True,Male_White,0.0,1
5738,25--Soldier_Patrol/25_Soldier_Patrol_Soldier_Patrol_25_244.jpg,366.0,253.0,652.0,637.0,0.0,0.0,0.0,0.0,0.0,0.0,1024.0,1526.0,0.0702817824377457,Male,White,True,Male_White,2.0,1
5746,25--Soldier_Patrol/25_Soldier_Patrol_Soldier_Patrol_25_582.jpg,736.0,132.0,826.0,266.0,0.0,1.0,0.0,0.0,0.0,1.0,1024.0,576.0,0.02044677734375,Male,White,True,Male_White,0.0,1
5747,25--Soldier_Patrol/25_Soldier_Patrol_Soldier_Patrol_25_810.jpg,378.0,120.0,764.0,606.0,0.0,0.0,0.0,0.0,0.0,0.0,1024.0,1465.0,0.1250506612627986,Female,Black,True,Female_Black,4.0,10
5751,25--Soldier_Patrol/25_Soldier_Patrol_Soldier_Patrol_25_677.jpg,156.0,94.0,294.0,238.0,0.0,0.0,0.0,0.0,1.0,0.0,1024.0,669.0,0.0290078475336322,Male,White,True,Male_White,1.0,1
5755,25--Soldier_Patrol/25_Soldier_Patrol_Soldier_Patrol_25_135.jpg,228.0,152.0,306.0,238.0,0.0,0.0,0.0,0.0,0.0,0.0,1024.0,770.0,0.0085075081168831,Male,Indian,True,Male_Indian,0.0,1
5756,25--Soldier_Patrol/25_Soldier_Patrol_Soldier_Patrol_25_135.jpg,588.0,134.0,718.0,350.0,0.0,0.0,0.0,0.0,1.0,0.0,1024.0,770.0,0.0356128246753246,Male,Indian,True,Male_Indian,1.0,1
5764,25--Soldier_Patrol/25_Soldier_Patrol_Soldier_Patrol_25_512.jpg,168.0,2.0,916.0,690.0,0.0,0.0,0.0,0.0,1.0,0.0,1024.0,690.0,0.7283514492753623,Male,White,True,Male_White,,1
5767,25--Soldier_Patrol/25_Soldier_Patrol_Soldier_Patrol_25_56.jpg,512.0,70.0,586.0,158.0,1.0,0.0,0.0,0.0,0.0,0.0,1024.0,576.0,0.0110405815972222,Male,White,True,Male_White,0.0,1
5769,25--Soldier_Patrol/25_Soldier_Patrol_Soldier_Patrol_25_86.jpg,498.0,98.0,636.0,306.0,0.0,0.0,0.0,0.0,0.0,0.0,1024.0,752.0,0.0372755984042553,Male,White,True,Male_White,1.0,1
5780,25--Soldier_Patrol/25_Soldier_Patrol_Soldier_Patrol_25_661.jpg,264.0,156.0,458.0,404.0,0.0,0.0,0.0,0.0,1.0,0.0,1024.0,753.0,0.0623962483399734,Male,White,True,Male_White,2.0,1
5796,25--Soldier_Patrol/25_Soldier_Patrol_Soldier_Patrol_25_409.jpg,360.0,106.0,448.0,218.0,0.0,0.0,0.0,0.0,1.0,0.0,1024.0,576.0,0.0167100694444444,Female,Asian,True,Female_Asian,0.0,1
5803,26--Soldier_Drilling/26_Soldier_Drilling_Soldiers_Drilling_26_732.jpg,222.0,94.0,462.0,406.0,0.0,0.0,0.0,0.0,0.0,0.0,1024.0,598.0,0.1222826086956521,Male,White,True,Male_White,4.0,1
5812,26--Soldier_Drilling/26_Soldier_Drilling_Soldiers_Drilling_26_595.jpg,198.0,249.0,654.0,940.0,0.0,0.0,0.0,0.0,0.0,0.0,1024.0,1537.0,0.2002023015614834,Female,White,True,Female_White,7.0,1
5823,26--Soldier_Drilling/26_Soldier_Drilling_Soldiers_Drilling_26_860.jpg,640.0,168.0,772.0,402.0,0.0,0.0,0.0,0.0,0.0,0.0,1024.0,680.0,0.0443589154411764,Male,Asian,True,Male_Asian,1.0,1
5824,26--Soldier_Drilling/26_Soldier_Drilling_Soldiers_Drilling_26_860.jpg,152.0,210.0,206.0,282.0,1.0,0.0,0.0,0.0,0.0,0.0,1024.0,680.0,0.0055836397058823,Male,White,True,Male_White,0.0,1
5828,26--Soldier_Drilling/26_Soldier_Drilling_Soldiers_Drilling_26_454.jpg,545.0,380.0,588.0,433.0,1.0,0.0,0.0,0.0,0.0,0.0,1024.0,647.0,0.0034398546174652,Male,Indian,True,Male_Indian,0.0,1
5829,26--Soldier_Drilling/26_Soldier_Drilling_Soldiers_Drilling_26_454.jpg,655.0,355.0,705.0,431.0,0.0,0.0,0.0,0.0,0.0,0.0,1024.0,647.0,0.0057356066460587,Male,Black,True,Male_Black,0.0,1
5830,26--Soldier_Drilling/26_Soldier_Drilling_Soldiers_Drilling_26_454.jpg,125.0,50.0,267.0,271.0,0.0,0.0,0.0,0.0,0.0,0.0,1024.0,647.0,0.047367054675425,Male,White,True,Male_White,1.0,1
5831,26--Soldier_Drilling/26_Soldier_Drilling_Soldiers_Drilling_26_454.jpg,250.0,249.0,297.0,311.0,1.0,0.0,0.0,0.0,0.0,0.0,1024.0,647.0,0.004398304675425,Male,White,True,Male_White,0.0,1
5832,26--Soldier_Drilling/26_Soldier_Drilling_Soldiers_Drilling_26_454.jpg,740.0,369.0,784.0,430.0,0.0,0.0,0.0,0.0,0.0,0.0,1024.0,647.0,0.0040511495363214,Male,Indian,True,Male_Indian,0.0,1
5833,26--Soldier_Drilling/26_Soldier_Drilling_Soldiers_Drilling_26_454.jpg,786.0,405.0,828.0,466.0,0.0,0.0,0.0,0.0,1.0,0.0,1024.0,647.0,0.0038670063755795,Male,Indian,True,Male_Indian,0.0,1
5834,26--Soldier_Drilling/26_Soldier_Drilling_Soldiers_Drilling_26_454.jpg,821.0,374.0,881.0,450.0,0.0,0.0,0.0,0.0,0.0,0.0,1024.0,647.0,0.0068827279752704,Male,Indian,True,Male_Indian,0.0,1
5835,26--Soldier_Drilling/26_Soldier_Drilling_Soldiers_Drilling_26_454.jpg,916.0,358.0,950.0,407.0,1.0,0.0,0.0,0.0,0.0,0.0,1024.0,647.0,0.0025146107032457,Male,Indian,True,Male_Indian,0.0,1
5836,26--Soldier_Drilling/26_Soldier_Drilling_Soldiers_Drilling_26_454.jpg,968.0,340.0,1022.0,417.0,1.0,0.0,0.0,0.0,0.0,0.0,1024.0,647.0,0.0062759611669242,Male,Black,True,Male_Black,0.0,1
5839,26--Soldier_Drilling/26_Soldier_Drilling_Soldiers_Drilling_26_843.jpg,472.0,206.0,614.0,400.0,0.0,0.0,0.0,0.0,0.0,0.0,1024.0,591.0,0.0455200401861252,Male,White,True,Male_White,1.0,1
5842,26--Soldier_Drilling/26_Soldier_Drilling_Soldiers_Drilling_26_431.jpg,278.0,150.0,338.0,226.0,1.0,0.0,0.0,0.0,0.0,0.0,1024.0,769.0,0.0057907997399219,Male,White,True,Male_White,0.0,1
5844,26--Soldier_Drilling/26_Soldier_Drilling_Soldiers_Drilling_26_865.jpg,772.0,166.0,836.0,232.0,1.0,0.0,0.0,0.0,0.0,1.0,1024.0,682.0,0.0060483870967741,Female,White,True,Female_White,0.0,1
5847,26--Soldier_Drilling/26_Soldier_Drilling_Soldiers_Drilling_26_3.jpg,372.0,159.0,802.0,728.0,0.0,0.0,0.0,0.0,0.0,0.0,1024.0,1159.0,0.2061566409620362,Male,White,True,Male_White,7.0,1
5848,26--Soldier_Drilling/26_Soldier_Drilling_Soldiers_Drilling_26_228.jpg,638.0,54.0,704.0,116.0,1.0,0.0,0.0,0.0,0.0,1.0,1024.0,680.0,0.0058766084558823,Male,White,True,Male_White,0.0,1
5849,26--Soldier_Drilling/26_Soldier_Drilling_Soldiers_Drilling_26_796.jpg,327.0,101.0,634.0,592.0,0.0,0.0,0.0,0.0,0.0,0.0,1024.0,1332.0,0.1105135897616366,Male,White,True,Male_White,4.0,1
5850,26--Soldier_Drilling/26_Soldier_Drilling_Soldiers_Drilling_26_113.jpg,270.0,4.0,546.0,370.0,0.0,0.0,0.0,0.0,0.0,0.0,1024.0,640.0,0.15413818359375,Female,White,True,Female_White,5.0,1
5851,26--Soldier_Drilling/26_Soldier_Drilling_Soldiers_Drilling_26_547.jpg,780.0,154.0,972.0,300.0,0.0,0.0,0.0,0.0,0.0,1.0,1024.0,683.0,0.0400805270863836,Male,White,True,Male_White,1.0,1
5855,26--Soldier_Drilling/26_Soldier_Drilling_Soldiers_Drilling_26_579.jpg,616.0,106.0,678.0,206.0,1.0,0.0,0.0,0.0,0.0,0.0,1024.0,768.0,0.0078837076822916,Male,White,True,Male_White,0.0,1
5867,26--Soldier_Drilling/26_Soldier_Drilling_Soldiers_Drilling_26_314.jpg,28.0,54.0,100.0,150.0,1.0,0.0,0.0,0.0,0.0,0.0,1024.0,520.0,0.0129807692307692,Male,Black,True,Male_Black,0.0,10
5868,26--Soldier_Drilling/26_Soldier_Drilling_Soldiers_Drilling_26_314.jpg,272.0,78.0,340.0,164.0,1.0,0.0,0.0,0.0,0.0,0.0,1024.0,520.0,0.0109825721153846,Male,Black,True,Male_Black,0.0,10
5869,26--Soldier_Drilling/26_Soldier_Drilling_Soldiers_Drilling_26_314.jpg,466.0,44.0,556.0,160.0,1.0,0.0,0.0,0.0,0.0,0.0,1024.0,520.0,0.0196063701923076,Male,Black,True,Male_Black,0.0,10
5870,26--Soldier_Drilling/26_Soldier_Drilling_Soldiers_Drilling_26_314.jpg,824.0,82.0,886.0,184.0,1.0,0.0,0.0,0.0,0.0,0.0,1024.0,520.0,0.0118765024038461,Male,Black,True,Male_Black,0.0,10
5873,26--Soldier_Drilling/26_Soldier_Drilling_Soldiers_Drilling_26_636.jpg,403.0,227.0,686.0,672.0,0.0,0.0,0.0,0.0,0.0,0.0,1024.0,1365.0,0.0900977277930402,Male,White,True,Male_White,3.0,1
5878,26--Soldier_Drilling/26_Soldier_Drilling_Soldiers_Drilling_26_513.jpg,163.0,191.0,213.0,241.0,1.0,0.0,0.0,0.0,0.0,0.0,1024.0,732.0,0.0033352544398907,Male,Black,True,Male_Black,0.0,1
5879,26--Soldier_Drilling/26_Soldier_Drilling_Soldiers_Drilling_26_513.jpg,606.0,168.0,729.0,294.0,0.0,0.0,0.0,0.0,0.0,0.0,1024.0,732.0,0.0206759093237704,Female,White,True,Female_White,0.0,1
5888,26--Soldier_Drilling/26_Soldier_Drilling_Soldiers_Drilling_26_353.jpg,482.0,86.0,748.0,452.0,0.0,0.0,0.0,0.0,0.0,0.0,1024.0,576.0,0.1650594075520833,Male,White,True,Male_White,6.0,1
5889,26--Soldier_Drilling/26_Soldier_Drilling_Soldiers_Drilling_26_851.jpg,178.0,332.0,893.0,1215.0,0.0,0.0,0.0,0.0,0.0,0.0,1024.0,1722.0,0.3580417256460511,Male,White,True,Male_White,13.0,1
5890,26--Soldier_Drilling/26_Soldier_Drilling_Soldiers_Drilling_26_871.jpg,768.0,380.0,848.0,434.0,1.0,0.0,0.0,0.0,0.0,1.0,1024.0,683.0,0.006176793557833,Male,White,True,Male_White,0.0,1
5892,26--Soldier_Drilling/26_Soldier_Drilling_Soldiers_Drilling_26_324.jpg,366.0,219.0,582.0,510.0,0.0,0.0,0.0,0.0,0.0,0.0,1024.0,1421.0,0.0431969123856439,Male,White,True,Male_White,1.0,1
5910,27--Spa/27_Spa_Spa_27_305.jpg,120.0,214.0,516.0,478.0,0.0,0.0,0.0,0.0,0.0,1.0,1024.0,768.0,0.1329345703125,Female,White,True,Female_White,4.0,1
5911,27--Spa/27_Spa_Spa_27_348.jpg,344.0,432.0,426.0,498.0,0.0,0.0,0.0,0.0,0.0,1.0,1024.0,732.0,0.0072201588114754,Female,White,True,Female_White,0.0,1
5912,27--Spa/27_Spa_Spa_27_348.jpg,416.0,150.0,480.0,222.0,1.0,0.0,0.0,0.0,0.0,0.0,1024.0,732.0,0.0061475409836065,Female,Asian,True,Female_Asian,0.0,1
5913,27--Spa/27_Spa_Spa_27_550.jpg,541.0,28.0,1005.0,617.0,0.0,0.0,0.0,0.0,0.0,0.0,1024.0,1087.0,0.2455295538178472,Female,Asian,True,Female_Asian,9.0,1
5917,27--Spa/27_Spa_Spa_27_135.jpg,357.0,1168.0,528.0,1444.0,0.0,0.0,0.0,0.0,1.0,1.0,1024.0,1536.0,0.0300064086914062,Female,White,True,Female_White,1.0,1
5920,27--Spa/27_Spa_Spa_27_207.jpg,356.0,150.0,422.0,288.0,0.0,0.0,0.0,0.0,0.0,1.0,1024.0,411.0,0.0216411952554744,Female,White,True,Female_White,0.0,1
5921,27--Spa/27_Spa_Spa_27_703.jpg,160.0,350.0,382.0,508.0,0.0,0.0,0.0,0.0,0.0,1.0,1024.0,697.0,0.0491447722381635,Female,White,True,Female_White,1.0,1
5928,27--Spa/27_Spa_Spa_27_886.jpg,318.0,156.0,522.0,430.0,0.0,0.0,0.0,0.0,0.0,0.0,1024.0,1024.0,0.0533065795898437,Female,White,True,Female_White,1.0,1
5929,27--Spa/27_Spa_Spa_27_525.jpg,278.0,136.0,704.0,480.0,0.0,0.0,0.0,0.0,0.0,1.0,1024.0,682.0,0.2098377932551319,Female,White,True,Female_White,7.0,1
5930,27--Spa/27_Spa_Spa_27_741.jpg,166.0,254.0,288.0,366.0,0.0,0.0,0.0,0.0,0.0,1.0,1024.0,468.0,0.0285122863247863,Female,White,True,Female_White,1.0,1
5931,27--Spa/27_Spa_Spa_27_37.jpg,178.0,210.0,454.0,466.0,0.0,0.0,0.0,0.0,0.0,1.0,1024.0,683.0,0.1010248901903367,Female,White,True,Female_White,3.0,1
5932,27--Spa/27_Spa_Spa_27_23.jpg,160.0,118.0,848.0,546.0,0.0,0.0,0.0,0.0,1.0,1.0,1024.0,768.0,0.3744303385416667,Female,White,True,Female_White,14.0,1
5933,27--Spa/27_Spa_Spa_27_32.jpg,668.0,380.0,884.0,530.0,0.0,0.0,0.0,0.0,0.0,0.0,1024.0,681.0,0.0464620044052863,Female,White,True,Female_White,1.0,1
5934,27--Spa/27_Spa_Spa_27_465.jpg,668.0,368.0,882.0,520.0,0.0,0.0,0.0,0.0,0.0,1.0,1024.0,682.0,0.0465771627565982,Female,White,True,Female_White,1.0,1
5935,27--Spa/27_Spa_Spa_27_372.jpg,542.0,316.0,848.0,474.0,0.0,0.0,0.0,0.0,0.0,1.0,1024.0,683.0,0.0691286145680819,Female,Asian,True,Female_Asian,2.0,1
5936,27--Spa/27_Spa_Spa_27_699.jpg,152.0,280.0,824.0,592.0,0.0,0.0,0.0,0.0,0.0,1.0,1024.0,683.0,0.2997803806734992,Female,White,True,Female_White,11.0,1
5937,27--Spa/27_Spa_Spa_27_110.jpg,692.0,158.0,812.0,250.0,0.0,0.0,0.0,0.0,0.0,1.0,1024.0,307.0,0.0351180781758957,Female,White,True,Female_White,1.0,1
5943,27--Spa/27_Spa_Spa_27_81.jpg,688.0,92.0,800.0,322.0,0.0,0.0,0.0,0.0,0.0,0.0,1024.0,484.0,0.0519757231404958,Female,White,True,Female_White,1.0,1
5945,27--Spa/27_Spa_Spa_27_18.jpg,604.0,306.0,882.0,550.0,0.0,0.0,0.0,0.0,0.0,0.0,1024.0,710.0,0.0932988556338028,Female,White,True,Female_White,3.0,1
5949,27--Spa/27_Spa_Spa_27_867.jpg,580.0,162.0,838.0,494.0,0.0,0.0,0.0,0.0,0.0,0.0,1024.0,1024.0,0.0816879272460937,Female,White,True,Female_White,3.0,1
5953,27--Spa/27_Spa_Spa_27_464.jpg,216.0,54.0,634.0,314.0,0.0,0.0,0.0,0.0,0.0,1.0,1024.0,720.0,0.1474066840277778,Female,White,True,Female_White,5.0,1
5954,27--Spa/27_Spa_Spa_27_51.jpg,216.0,114.0,566.0,330.0,0.0,0.0,0.0,0.0,0.0,1.0,1024.0,436.0,0.1693305619266055,Female,White,True,Female_White,6.0,1
5955,27--Spa/27_Spa_Spa_27_425.jpg,158.0,206.0,384.0,332.0,0.0,0.0,0.0,0.0,0.0,1.0,1024.0,762.0,0.036494217519685,Female,White,True,Female_White,1.0,1
5957,27--Spa/27_Spa_Spa_27_613.jpg,390.0,138.0,736.0,408.0,0.0,0.0,0.0,0.0,0.0,1.0,1024.0,767.0,0.1189445485658409,Female,Asian,True,Female_Asian,4.0,1
5958,27--Spa/27_Spa_Spa_27_677.jpg,354.0,142.0,918.0,490.0,0.0,0.0,0.0,0.0,0.0,1.0,1024.0,683.0,0.2806323206442166,Female,White,True,Female_White,10.0,1
5959,27--Spa/27_Spa_Spa_27_434.jpg,156.0,130.0,468.0,306.0,0.0,0.0,0.0,0.0,0.0,1.0,1024.0,686.0,0.07817055393586,Female,Asian,True,Female_Asian,2.0,1
5960,27--Spa/27_Spa_Spa_27_871.jpg,436.0,216.0,684.0,528.0,0.0,0.0,0.0,0.0,0.0,0.0,1024.0,1024.0,0.07379150390625,Female,White,True,Female_White,2.0,1
5967,27--Spa/27_Spa_Spa_27_858.jpg,162.0,250.0,326.0,396.0,0.0,0.0,0.0,0.0,0.0,1.0,1024.0,681.0,0.0343359948604992,Male,Asian,True,Male_Asian,1.0,1
5968,27--Spa/27_Spa_Spa_27_858.jpg,594.0,282.0,718.0,470.0,0.0,0.0,0.0,0.0,0.0,0.0,1024.0,681.0,0.0334296989720998,Female,Asian,True,Female_Asian,1.0,1
5970,27--Spa/27_Spa_Spa_27_559.jpg,554.0,212.0,750.0,324.0,0.0,0.0,0.0,0.0,1.0,1.0,1024.0,633.0,0.0338665086887835,Female,Asian,True,Female_Asian,1.0,1
5971,27--Spa/27_Spa_Spa_27_879.jpg,416.0,222.0,612.0,504.0,0.0,0.0,0.0,0.0,0.0,0.0,1024.0,1024.0,0.0527114868164062,Female,White,True,Female_White,1.0,1
5977,27--Spa/27_Spa_Spa_27_725.jpg,718.0,556.0,952.0,712.0,0.0,0.0,0.0,0.0,0.0,1.0,1024.0,769.0,0.0463568758127438,Female,White,True,Female_White,1.0,1
5980,27--Spa/27_Spa_Spa_27_784.jpg,216.0,230.0,304.0,316.0,1.0,0.0,0.0,0.0,0.0,1.0,1024.0,683.0,0.0108208272327964,Female,White,True,Female_White,0.0,1
5982,27--Spa/27_Spa_Spa_27_884.jpg,466.0,232.0,694.0,528.0,0.0,0.0,0.0,0.0,0.0,0.0,1024.0,1024.0,0.064361572265625,Female,White,True,Female_White,2.0,1
5983,27--Spa/27_Spa_Spa_27_726.jpg,376.0,382.0,442.0,448.0,0.0,0.0,0.0,0.0,0.0,1.0,1024.0,683.0,0.0062282668374816,Female,White,True,Female_White,0.0,1
5984,27--Spa/27_Spa_Spa_27_726.jpg,276.0,128.0,348.0,188.0,0.0,0.0,0.0,0.0,0.0,0.0,1024.0,683.0,0.006176793557833,Female,Asian,True,Female_Asian,0.0,1
5985,27--Spa/27_Spa_Spa_27_849.jpg,482.0,194.0,726.0,500.0,0.0,0.0,0.0,0.0,0.0,0.0,1024.0,1024.0,0.0712051391601562,Female,White,True,Female_White,2.0,1
5986,27--Spa/27_Spa_Spa_27_22.jpg,196.0,134.0,528.0,306.0,0.0,0.0,0.0,0.0,0.0,1.0,1024.0,683.0,0.0816480600292825,Female,White,True,Female_White,3.0,1
5987,28--Sports_Fan/28_Sports_Fan_Sports_Fan_28_288.jpg,680.0,292.0,756.0,376.0,1.0,0.0,0.0,0.0,1.0,1.0,1024.0,615.0,0.0101371951219512,Male,White,True,Male_White,0.0,1
5992,28--Sports_Fan/28_Sports_Fan_Sports_Fan_28_159.jpg,500.0,138.0,754.0,450.0,0.0,0.0,0.0,0.0,0.0,0.0,1024.0,576.0,0.1343587239583333,Female,White,True,Female_White,5.0,1
5993,28--Sports_Fan/28_Sports_Fan_Sports_Fan_28_212.jpg,155.0,228.0,701.0,899.0,0.0,0.0,0.0,0.0,1.0,0.0,1024.0,1392.0,0.257025356950431,Female,White,True,Female_White,9.0,1
6000,28--Sports_Fan/28_Sports_Fan_Sports_Fan_28_472.jpg,428.0,72.0,540.0,214.0,0.0,0.0,0.0,0.0,1.0,0.0,1024.0,683.0,0.0227397510980966,Male,Black,True,Male_Black,0.0,1
6002,28--Sports_Fan/28_Sports_Fan_Sports_Fan_28_114.jpg,274.0,915.0,693.0,1405.0,0.0,0.0,0.0,0.0,1.0,0.0,1024.0,1513.0,0.1325168849140779,Male,White,True,Male_White,4.0,1
6005,28--Sports_Fan/28_Sports_Fan_Sports_Fan_28_916.jpg,129.0,465.0,644.0,1183.0,0.0,0.0,0.0,0.0,0.0,0.0,1024.0,1509.0,0.2392998778164347,Female,White,True,Female_White,8.0,1
6006,28--Sports_Fan/28_Sports_Fan_Sports_Fan_28_206.jpg,498.0,316.0,530.0,355.0,1.0,0.0,0.0,0.0,0.0,0.0,1024.0,713.0,0.0017093267882187,Male,White,True,Male_White,0.0,1
6011,28--Sports_Fan/28_Sports_Fan_Sports_Fan_28_602.jpg,384.0,234.0,612.0,516.0,0.0,1.0,0.0,0.0,0.0,0.0,1024.0,814.0,0.0771364404176904,Male,White,True,Male_White,2.0,1
6023,28--Sports_Fan/28_Sports_Fan_Sports_Fan_28_918.jpg,476.0,100.0,596.0,278.0,0.0,0.0,0.0,0.0,0.0,0.0,1024.0,576.0,0.0362141927083333,Female,White,True,Female_White,1.0,1
6025,28--Sports_Fan/28_Sports_Fan_Sports_Fan_28_935.jpg,220.0,74.0,366.0,298.0,0.0,0.0,0.0,0.0,0.0,0.0,1024.0,814.0,0.0392352579852579,Male,White,True,Male_White,1.0,1
6036,28--Sports_Fan/28_Sports_Fan_Sports_Fan_28_387.jpg,462.0,56.0,540.0,172.0,1.0,0.0,0.0,0.0,1.0,0.0,1024.0,576.0,0.0153401692708333,Male,Black,True,Male_Black,0.0,1
6041,28--Sports_Fan/28_Sports_Fan_Sports_Fan_28_336.jpg,260.0,192.0,739.0,890.0,0.0,0.0,0.0,0.0,0.0,0.0,1024.0,1516.0,0.2153732581629287,Male,Black,True,Male_Black,8.0,1
6043,28--Sports_Fan/28_Sports_Fan_Sports_Fan_28_202.jpg,174.0,198.0,712.0,863.0,0.0,0.0,0.0,0.0,0.0,0.0,1024.0,1392.0,0.250994802891523,Female,White,True,Female_White,9.0,1
6044,28--Sports_Fan/28_Sports_Fan_Sports_Fan_28_860.jpg,411.0,432.0,534.0,557.0,0.0,0.0,0.0,0.0,0.0,1.0,1024.0,1366.0,0.0109916899249633,Male,Black,True,Male_Black,0.0,1
6045,28--Sports_Fan/28_Sports_Fan_Sports_Fan_28_921.jpg,346.0,16.0,594.0,316.0,0.0,0.0,0.0,0.0,0.0,0.0,1024.0,684.0,0.1062225877192982,Male,Black,True,Male_Black,3.0,1
6048,28--Sports_Fan/28_Sports_Fan_Sports_Fan_28_72.jpg,215.0,239.0,677.0,826.0,0.0,0.0,0.0,0.0,0.0,0.0,1024.0,1392.0,0.1902571053340517,Female,White,True,Female_White,7.0,1
6053,28--Sports_Fan/28_Sports_Fan_Sports_Fan_28_613.jpg,340.0,362.0,672.0,828.0,0.0,0.0,0.0,0.0,0.0,0.0,1024.0,1371.0,0.1102012673231218,Female,Black,True,Female_Black,4.0,1
6062,28--Sports_Fan/28_Sports_Fan_Sports_Fan_28_744.jpg,676.0,88.0,748.0,170.0,1.0,0.0,0.0,0.0,1.0,0.0,1024.0,770.0,0.0074878246753246,Male,Black,True,Male_Black,0.0,1
6063,28--Sports_Fan/28_Sports_Fan_Sports_Fan_28_744.jpg,564.0,284.0,618.0,358.0,1.0,0.0,0.0,0.0,0.0,0.0,1024.0,770.0,0.0050679788961038,Male,Black,True,Male_Black,0.0,1
6064,28--Sports_Fan/28_Sports_Fan_Sports_Fan_28_841.jpg,395.0,539.0,475.0,635.0,1.0,0.0,0.0,0.0,0.0,0.0,1024.0,1366.0,0.0054904831625183,Male,White,True,Male_White,0.0,1
6065,28--Sports_Fan/28_Sports_Fan_Sports_Fan_28_951.jpg,322.0,336.0,670.0,712.0,0.0,0.0,0.0,0.0,0.0,0.0,1024.0,738.0,0.173145325203252,Female,White,True,Female_White,6.0,1
6067,28--Sports_Fan/28_Sports_Fan_Sports_Fan_28_713.jpg,304.0,112.0,477.0,361.0,0.0,0.0,0.0,0.0,0.0,0.0,1024.0,1218.0,0.0345380811268472,Male,White,True,Male_White,1.0,1
6069,28--Sports_Fan/28_Sports_Fan_Sports_Fan_28_748.jpg,173.0,299.0,579.0,665.0,0.0,0.0,0.0,0.0,0.0,0.0,1024.0,1267.0,0.114532976519337,Male,Black,True,Male_Black,4.0,1
6074,28--Sports_Fan/28_Sports_Fan_Sports_Fan_28_279.jpg,321.0,236.0,692.0,870.0,0.0,1.0,0.0,0.0,0.0,0.0,1024.0,1405.0,0.1634883785587188,Male,Black,True,Male_Black,6.0,10
6080,28--Sports_Fan/28_Sports_Fan_Sports_Fan_28_449.jpg,456.0,285.0,819.0,805.0,0.0,0.0,0.0,0.0,0.0,0.0,1024.0,1536.0,0.1200103759765625,Male,Black,True,Male_Black,4.0,1
6081,28--Sports_Fan/28_Sports_Fan_Sports_Fan_28_1017.jpg,460.0,110.0,640.0,367.0,0.0,0.0,0.0,0.0,0.0,0.0,1024.0,1280.0,0.0352935791015625,Male,White,True,Male_White,1.0,1
6084,28--Sports_Fan/28_Sports_Fan_Sports_Fan_28_317.jpg,444.0,252.0,560.0,385.0,1.0,0.0,0.0,0.0,0.0,0.0,1024.0,1448.0,0.0104049766919889,Male,White,True,Male_White,0.0,1
6085,28--Sports_Fan/28_Sports_Fan_Sports_Fan_28_134.jpg,338.0,297.0,531.0,533.0,0.0,0.0,0.0,0.0,0.0,0.0,1024.0,1109.0,0.0401086282687105,Female,White,True,Female_White,1.0,1
6088,28--Sports_Fan/28_Sports_Fan_Sports_Fan_28_278.jpg,392.0,122.0,546.0,324.0,0.0,0.0,0.0,0.0,1.0,0.0,1024.0,783.0,0.0387980922733077,Male,Black,True,Male_Black,1.0,1
6091,28--Sports_Fan/28_Sports_Fan_Sports_Fan_28_246.jpg,204.0,250.0,603.0,725.0,0.0,0.0,0.0,0.0,0.0,0.0,1024.0,1392.0,0.1329619308997844,Female,White,True,Female_White,4.0,1
6092,28--Sports_Fan/28_Sports_Fan_Sports_Fan_28_5.jpg,562.0,199.0,739.0,416.0,0.0,0.0,0.0,0.0,0.0,0.0,1024.0,1291.0,0.0290540581429124,Male,White,True,Male_White,1.0,1
6095,28--Sports_Fan/28_Sports_Fan_Sports_Fan_28_204.jpg,242.0,350.0,522.0,692.0,0.0,1.0,0.0,0.0,0.0,0.0,1024.0,1392.0,0.0671807650862068,Male,White,True,Male_White,2.0,1
6096,28--Sports_Fan/28_Sports_Fan_Sports_Fan_28_151.jpg,624.0,146.0,778.0,366.0,0.0,1.0,0.0,0.0,1.0,0.0,1024.0,708.0,0.0467315501412429,Male,White,True,Male_White,1.0,1
6097,28--Sports_Fan/28_Sports_Fan_Sports_Fan_28_156.jpg,292.0,180.0,682.0,726.0,0.0,0.0,0.0,0.0,0.0,0.0,1024.0,768.0,0.2707672119140625,Male,White,True,Male_White,10.0,1
6098,28--Sports_Fan/28_Sports_Fan_Sports_Fan_28_488.jpg,326.0,102.0,492.0,326.0,0.0,1.0,0.0,0.0,0.0,0.0,1024.0,768.0,0.0472819010416666,Male,Black,True,Male_Black,1.0,1
6099,28--Sports_Fan/28_Sports_Fan_Sports_Fan_28_488.jpg,862.0,340.0,1018.0,552.0,0.0,0.0,0.0,0.0,0.0,1.0,1024.0,768.0,0.04205322265625,Male,White,True,Male_White,1.0,1
6100,28--Sports_Fan/28_Sports_Fan_Sports_Fan_28_871.jpg,396.0,126.0,547.0,353.0,1.0,0.0,0.0,0.0,0.0,0.0,1024.0,1028.0,0.0325618996230544,Male,Black,True,Male_Black,1.0,1
6101,28--Sports_Fan/28_Sports_Fan_Sports_Fan_28_85.jpg,244.0,24.0,666.0,508.0,0.0,0.0,0.0,0.0,0.0,0.0,1024.0,683.0,0.2920365117130307,Male,White,True,Male_White,10.0,1
6105,28--Sports_Fan/28_Sports_Fan_Sports_Fan_28_465.jpg,462.0,597.0,611.0,786.0,1.0,0.0,0.0,0.0,0.0,0.0,1024.0,1470.0,0.0187081473214285,Male,White,True,Male_White,0.0,1
6110,28--Sports_Fan/28_Sports_Fan_Sports_Fan_28_1011.jpg,274.0,248.0,398.0,350.0,0.0,0.0,0.0,0.0,1.0,1.0,1024.0,733.0,0.0168506991814461,Male,White,True,Male_White,0.0,1
6116,28--Sports_Fan/28_Sports_Fan_Sports_Fan_28_26.jpg,179.0,359.0,720.0,927.0,0.0,0.0,0.0,0.0,0.0,0.0,1024.0,1392.0,0.2155789780890804,Female,White,True,Female_White,8.0,1
6121,28--Sports_Fan/28_Sports_Fan_Sports_Fan_28_216.jpg,174.0,321.0,796.0,965.0,0.0,0.0,0.0,0.0,1.0,0.0,1024.0,1392.0,0.2810198904454023,Female,White,True,Female_White,10.0,1
6124,28--Sports_Fan/28_Sports_Fan_Sports_Fan_28_412.jpg,357.0,6.0,652.0,331.0,0.0,0.0,0.0,0.0,0.0,0.0,1024.0,1500.0,0.0624186197916666,Male,White,True,Male_White,2.0,1
6128,28--Sports_Fan/28_Sports_Fan_Sports_Fan_28_646.jpg,454.0,26.0,956.0,684.0,0.0,0.0,0.0,0.0,0.0,0.0,1024.0,938.0,0.3438957555970149,Female,White,True,Female_White,12.0,1
6130,28--Sports_Fan/28_Sports_Fan_Sports_Fan_28_346.jpg,240.0,339.0,772.0,1078.0,0.0,0.0,0.0,0.0,0.0,0.0,1024.0,1536.0,0.2499567667643229,Male,White,True,Male_White,9.0,1
6131,28--Sports_Fan/28_Sports_Fan_Sports_Fan_28_106.jpg,406.0,110.0,694.0,522.0,0.0,0.0,0.0,0.0,0.0,0.0,1024.0,684.0,0.1694078947368421,Female,White,True,Female_White,6.0,1
6134,28--Sports_Fan/28_Sports_Fan_Sports_Fan_28_741.jpg,350.0,364.0,662.0,761.0,0.0,0.0,0.0,0.0,0.0,0.0,1024.0,1212.0,0.0998027537128712,Male,White,True,Male_White,3.0,1
6152,29--Students_Schoolkids/29_Students_Schoolkids_Students_Schoolkids_29_406.jpg,583.0,144.0,625.0,192.0,1.0,0.0,0.0,0.0,0.0,0.0,1024.0,577.0,0.0034120450606585,Male,White,True,Male_White,0.0,1
6169,29--Students_Schoolkids/29_Students_Schoolkids_Students_Schoolkids_29_868.jpg,291.0,219.0,605.0,630.0,0.0,0.0,0.0,0.0,0.0,0.0,1024.0,1421.0,0.0886905678219563,Female,White,True,Female_White,3.0,1
6171,29--Students_Schoolkids/29_Students_Schoolkids_Students_Schoolkids_29_220.jpg,478.0,162.0,558.0,254.0,0.0,0.0,0.0,0.0,0.0,1.0,1024.0,681.0,0.0105543318649045,Male,Black,True,Male_Black,0.0,1
6172,29--Students_Schoolkids/29_Students_Schoolkids_Students_Schoolkids_29_89.jpg,434.0,240.0,690.0,384.0,0.0,0.0,0.0,0.0,0.0,1.0,1024.0,683.0,0.0527086383601757,Male,White,True,Male_White,1.0,1
6175,29--Students_Schoolkids/29_Students_Schoolkids_Students_Schoolkids_29_601.jpg,244.0,637.0,461.0,857.0,0.0,0.0,0.0,0.0,0.0,0.0,1024.0,1583.0,0.0294511015476942,Male,White,True,Male_White,1.0,1
6180,29--Students_Schoolkids/29_Students_Schoolkids_Students_Schoolkids_29_504.jpg,798.0,308.0,940.0,542.0,0.0,0.0,0.0,0.0,0.0,0.0,1024.0,629.0,0.0515885830683624,Male,White,True,Male_White,1.0,1
6194,29--Students_Schoolkids/29_Students_Schoolkids_Students_Schoolkids_29_573.jpg,410.0,114.0,482.0,204.0,0.0,0.0,0.0,0.0,0.0,0.0,1024.0,681.0,0.0092924008810572,Female,Asian,True,Female_Asian,0.0,1
6195,29--Students_Schoolkids/29_Students_Schoolkids_Students_Schoolkids_29_573.jpg,274.0,100.0,338.0,204.0,0.0,0.0,0.0,0.0,0.0,0.0,1024.0,681.0,0.0095447870778267,Female,White,True,Female_White,0.0,1
6199,29--Students_Schoolkids/29_Students_Schoolkids_Students_Schoolkids_29_278.jpg,164.0,230.0,266.0,370.0,1.0,0.0,0.0,0.0,0.0,0.0,1024.0,815.0,0.0171108128834355,Male,White,True,Male_White,0.0,1
6212,29--Students_Schoolkids/29_Students_Schoolkids_Students_Schoolkids_29_267.jpg,367.0,73.0,405.0,123.0,1.0,0.0,0.0,0.0,0.0,0.0,1024.0,664.0,0.0027943806475903,Female,White,True,Female_White,0.0,1
6213,29--Students_Schoolkids/29_Students_Schoolkids_Students_Schoolkids_29_267.jpg,327.0,89.0,375.0,151.0,1.0,0.0,0.0,0.0,0.0,0.0,1024.0,664.0,0.0043768825301204,Male,Indian,True,Male_Indian,0.0,1
6214,29--Students_Schoolkids/29_Students_Schoolkids_Students_Schoolkids_29_267.jpg,156.0,156.0,232.0,240.0,1.0,0.0,0.0,0.0,0.0,0.0,1024.0,664.0,0.0093891189759036,Male,Indian,True,Male_Indian,0.0,1
6215,29--Students_Schoolkids/29_Students_Schoolkids_Students_Schoolkids_29_267.jpg,191.0,442.0,293.0,562.0,1.0,0.0,0.0,0.0,0.0,1.0,1024.0,664.0,0.0180016942771084,Female,Indian,True,Female_Indian,0.0,1
6216,29--Students_Schoolkids/29_Students_Schoolkids_Students_Schoolkids_29_267.jpg,661.0,115.0,803.0,208.0,1.0,0.0,0.0,0.0,0.0,1.0,1024.0,664.0,0.0194224162274096,Male,Indian,True,Male_Indian,0.0,1
6217,29--Students_Schoolkids/29_Students_Schoolkids_Students_Schoolkids_29_267.jpg,738.0,337.0,838.0,470.0,1.0,0.0,0.0,0.0,0.0,1.0,1024.0,664.0,0.0195606645331325,Male,Indian,True,Male_Indian,0.0,1
6226,29--Students_Schoolkids/29_Students_Schoolkids_Students_Schoolkids_29_603.jpg,531.0,444.0,827.0,629.0,0.0,0.0,0.0,0.0,0.0,1.0,1024.0,1579.0,0.0338673606713109,Female,White,True,Female_White,1.0,1
6228,29--Students_Schoolkids/29_Students_Schoolkids_Students_Schoolkids_29_160.jpg,234.0,156.0,422.0,432.0,0.0,0.0,0.0,0.0,0.0,0.0,1024.0,469.0,0.1080423773987206,Male,White,True,Male_White,4.0,1
6229,29--Students_Schoolkids/29_Students_Schoolkids_Students_Schoolkids_29_442.jpg,393.0,285.0,647.0,638.0,0.0,0.0,0.0,0.0,1.0,0.0,1024.0,1583.0,0.0553130428774478,Male,White,True,Male_White,2.0,1
6230,29--Students_Schoolkids/29_Students_Schoolkids_Students_Schoolkids_29_942.jpg,260.0,96.0,494.0,368.0,0.0,0.0,0.0,0.0,0.0,0.0,1024.0,767.0,0.0810381355932203,Male,White,True,Male_White,2.0,1
6231,29--Students_Schoolkids/29_Students_Schoolkids_Students_Schoolkids_29_942.jpg,590.0,270.0,786.0,508.0,0.0,0.0,0.0,0.0,0.0,0.0,1024.0,767.0,0.0593933344198174,Female,Indian,True,Female_Indian,2.0,1
6232,29--Students_Schoolkids/29_Students_Schoolkids_Students_Schoolkids_29_824.jpg,235.0,203.0,547.0,648.0,0.0,0.0,0.0,0.0,0.0,0.0,1024.0,1267.0,0.1070133681925809,Male,White,True,Male_White,3.0,1
6234,29--Students_Schoolkids/29_Students_Schoolkids_Students_Schoolkids_29_215.jpg,755.0,235.0,831.0,338.0,0.0,0.0,0.0,0.0,0.0,0.0,1024.0,768.0,0.0099538167317708,Female,Asian,True,Female_Asian,0.0,1
6235,29--Students_Schoolkids/29_Students_Schoolkids_Students_Schoolkids_29_215.jpg,64.0,143.0,112.0,225.0,0.0,0.0,0.0,0.0,0.0,0.0,1024.0,768.0,0.0050048828125,Male,Black,True,Male_Black,0.0,1
6236,29--Students_Schoolkids/29_Students_Schoolkids_Students_Schoolkids_29_215.jpg,244.0,127.0,300.0,200.0,0.0,0.0,0.0,0.0,0.0,0.0,1024.0,768.0,0.0051981608072916,Male,Black,True,Male_Black,0.0,1
6237,29--Students_Schoolkids/29_Students_Schoolkids_Students_Schoolkids_29_215.jpg,382.0,196.0,455.0,291.0,0.0,0.0,0.0,0.0,0.0,0.0,1024.0,768.0,0.0088183085123697,Male,White,True,Male_White,0.0,1
6238,29--Students_Schoolkids/29_Students_Schoolkids_Students_Schoolkids_29_215.jpg,526.0,165.0,571.0,232.0,1.0,0.0,0.0,0.0,0.0,0.0,1024.0,768.0,0.0038337707519531,Male,Black,True,Male_Black,0.0,1
6239,29--Students_Schoolkids/29_Students_Schoolkids_Students_Schoolkids_29_215.jpg,729.0,175.0,778.0,239.0,1.0,0.0,0.0,0.0,0.0,0.0,1024.0,768.0,0.0039876302083333,Male,Black,True,Male_Black,0.0,1
6240,29--Students_Schoolkids/29_Students_Schoolkids_Students_Schoolkids_29_19.jpg,236.0,312.0,514.0,600.0,0.0,0.0,0.0,0.0,0.0,0.0,1024.0,768.0,0.101806640625,Female,Indian,True,Female_Indian,3.0,1
6241,29--Students_Schoolkids/29_Students_Schoolkids_Students_Schoolkids_29_19.jpg,502.0,186.0,760.0,502.0,0.0,0.0,0.0,0.0,0.0,0.0,1024.0,768.0,0.103668212890625,Female,Asian,True,Female_Asian,3.0,1
6246,29--Students_Schoolkids/29_Students_Schoolkids_Students_Schoolkids_29_268.jpg,284.0,222.0,764.0,954.0,0.0,0.0,0.0,0.0,0.0,0.0,1024.0,1024.0,0.3350830078125,Female,Black,True,Female_Black,12.0,1
6258,29--Students_Schoolkids/29_Students_Schoolkids_Students_Schoolkids_29_72.jpg,708.0,116.0,886.0,320.0,0.0,0.0,0.0,0.0,0.0,0.0,1024.0,767.0,0.0462332953063885,Female,Indian,True,Female_Indian,1.0,1
6259,29--Students_Schoolkids/29_Students_Schoolkids_Students_Schoolkids_29_72.jpg,150.0,190.0,288.0,252.0,1.0,0.0,0.0,0.0,0.0,1.0,1024.0,767.0,0.0108937011082138,Female,White,True,Female_White,0.0,1
6262,29--Students_Schoolkids/29_Students_Schoolkids_Students_Schoolkids_29_649.jpg,685.0,261.0,725.0,307.0,1.0,0.0,0.0,0.0,0.0,0.0,1024.0,681.0,0.0026385829662261,Female,Asian,True,Female_Asian,0.0,10
6263,29--Students_Schoolkids/29_Students_Schoolkids_Students_Schoolkids_29_649.jpg,628.0,271.0,669.0,323.0,1.0,0.0,0.0,0.0,0.0,0.0,1024.0,681.0,0.0030573146108663,Female,Asian,True,Female_Asian,0.0,10
6264,29--Students_Schoolkids/29_Students_Schoolkids_Students_Schoolkids_29_649.jpg,574.0,230.0,608.0,266.0,1.0,0.0,0.0,0.0,0.0,0.0,1024.0,681.0,0.001755231277533,Female,Asian,True,Female_Asian,0.0,10
6265,29--Students_Schoolkids/29_Students_Schoolkids_Students_Schoolkids_29_649.jpg,655.0,157.0,696.0,205.0,1.0,0.0,0.0,0.0,0.0,0.0,1024.0,681.0,0.0028221365638766,Male,Asian,True,Male_Asian,0.0,10
6266,29--Students_Schoolkids/29_Students_Schoolkids_Students_Schoolkids_29_649.jpg,635.0,137.0,669.0,178.0,1.0,0.0,0.0,0.0,1.0,0.0,1024.0,681.0,0.0019990133994126,Male,Asian,True,Male_Asian,0.0,10
6267,29--Students_Schoolkids/29_Students_Schoolkids_Students_Schoolkids_29_649.jpg,523.0,331.0,560.0,379.0,1.0,0.0,0.0,0.0,0.0,0.0,1024.0,681.0,0.0025468061674008,Female,Asian,True,Female_Asian,0.0,10
6268,29--Students_Schoolkids/29_Students_Schoolkids_Students_Schoolkids_29_649.jpg,460.0,236.0,497.0,282.0,1.0,0.0,0.0,0.0,0.0,0.0,1024.0,681.0,0.0024406892437591,Male,Asian,True,Male_Asian,0.0,10
6269,29--Students_Schoolkids/29_Students_Schoolkids_Students_Schoolkids_29_649.jpg,464.0,355.0,499.0,403.0,1.0,0.0,0.0,0.0,0.0,0.0,1024.0,681.0,0.0024091409691629,Female,Asian,True,Female_Asian,0.0,10
6270,29--Students_Schoolkids/29_Students_Schoolkids_Students_Schoolkids_29_649.jpg,421.0,346.0,453.0,389.0,1.0,0.0,0.0,0.0,1.0,0.0,1024.0,681.0,0.001973201174743,Female,Asian,True,Female_Asian,0.0,10
6271,29--Students_Schoolkids/29_Students_Schoolkids_Students_Schoolkids_29_649.jpg,351.0,248.0,389.0,294.0,1.0,0.0,0.0,0.0,0.0,0.0,1024.0,681.0,0.0025066538179148,Male,Asian,True,Male_Asian,0.0,10
6272,29--Students_Schoolkids/29_Students_Schoolkids_Students_Schoolkids_29_649.jpg,366.0,459.0,401.0,494.0,1.0,0.0,0.0,0.0,0.0,0.0,1024.0,681.0,0.0017566652900146,Male,Asian,True,Male_Asian,0.0,10
6275,29--Students_Schoolkids/29_Students_Schoolkids_Students_Schoolkids_29_449.jpg,383.0,463.0,690.0,830.0,0.0,0.0,0.0,0.0,0.0,0.0,1024.0,1402.0,0.0784795437321683,Male,White,True,Male_White,2.0,1
6281,29--Students_Schoolkids/29_Students_Schoolkids_Students_Schoolkids_29_327.jpg,444.0,126.0,610.0,342.0,0.0,0.0,0.0,0.0,0.0,0.0,1024.0,713.0,0.0491102734922861,Male,White,True,Male_White,1.0,1
6282,29--Students_Schoolkids/29_Students_Schoolkids_Students_Schoolkids_29_705.jpg,191.0,88.0,237.0,148.0,0.0,0.0,0.0,0.0,0.0,0.0,1024.0,683.0,0.00394628477306,Male,Asian,True,Male_Asian,0.0,1
6283,29--Students_Schoolkids/29_Students_Schoolkids_Students_Schoolkids_29_705.jpg,326.0,140.0,377.0,192.0,0.0,0.0,0.0,0.0,0.0,0.0,1024.0,683.0,0.0037918649341142,Female,Asian,True,Female_Asian,0.0,1
6284,29--Students_Schoolkids/29_Students_Schoolkids_Students_Schoolkids_29_705.jpg,603.0,250.0,683.0,352.0,0.0,0.0,0.0,0.0,0.0,0.0,1024.0,683.0,0.0116672767203513,Female,Asian,True,Female_Asian,0.0,1
6285,29--Students_Schoolkids/29_Students_Schoolkids_Students_Schoolkids_29_705.jpg,557.0,93.0,601.0,146.0,0.0,0.0,0.0,0.0,0.0,0.0,1024.0,683.0,0.003334324670571,Female,White,True,Female_White,0.0,1
6295,29--Students_Schoolkids/29_Students_Schoolkids_Students_Schoolkids_29_382.jpg,868.0,320.0,1020.0,408.0,1.0,0.0,0.0,0.0,0.0,1.0,1024.0,713.0,0.018320476858345,Male,Asian,True,Male_Asian,0.0,1
6296,29--Students_Schoolkids/29_Students_Schoolkids_Students_Schoolkids_29_382.jpg,186.0,140.0,362.0,360.0,0.0,0.0,0.0,0.0,0.0,0.0,1024.0,713.0,0.0530329593267882,Female,White,True,Female_White,1.0,1
6297,29--Students_Schoolkids/29_Students_Schoolkids_Students_Schoolkids_29_579.jpg,357.0,352.0,672.0,727.0,0.0,0.0,0.0,0.0,0.0,0.0,1024.0,1346.0,0.0857031540211738,Female,White,True,Female_White,3.0,1
6306,29--Students_Schoolkids/29_Students_Schoolkids_Students_Schoolkids_29_228.jpg,452.0,100.0,596.0,306.0,0.0,0.0,0.0,0.0,0.0,0.0,1024.0,615.0,0.0471036585365853,Female,White,True,Female_White,1.0,1
6321,29--Students_Schoolkids/29_Students_Schoolkids_Students_Schoolkids_29_542.jpg,454.0,114.0,602.0,326.0,0.0,0.0,0.0,0.0,0.0,0.0,1024.0,765.0,0.0400531045751634,Male,White,True,Male_White,1.0,1
6334,29--Students_Schoolkids/29_Students_Schoolkids_Students_Schoolkids_29_469.jpg,140.0,96.0,306.0,312.0,0.0,0.0,0.0,0.0,0.0,0.0,1024.0,683.0,0.0512673865300146,Female,White,True,Female_White,1.0,1
6349,29--Students_Schoolkids/29_Students_Schoolkids_Students_Schoolkids_29_814.jpg,421.0,127.0,661.0,475.0,0.0,0.0,0.0,0.0,0.0,0.0,1024.0,1449.0,0.0562888198757764,Female,White,True,Female_White,2.0,1
6350,29--Students_Schoolkids/29_Students_Schoolkids_Students_Schoolkids_29_732.jpg,428.0,155.0,533.0,313.0,0.0,0.0,0.0,0.0,1.0,0.0,1024.0,1345.0,0.0120454809479553,Female,White,True,Female_White,0.0,1
6406,29--Students_Schoolkids/29_Students_Schoolkids_Students_Schoolkids_29_281.jpg,320.0,72.0,486.0,282.0,0.0,0.0,0.0,0.0,0.0,0.0,1024.0,820.0,0.0415158155487804,Male,White,True,Male_White,1.0,1
6415,29--Students_Schoolkids/29_Students_Schoolkids_Students_Schoolkids_29_479.jpg,323.0,90.0,553.0,382.0,0.0,0.0,0.0,0.0,0.0,0.0,1024.0,1054.0,0.0622257471537001,Female,White,True,Female_White,2.0,1
6418,29--Students_Schoolkids/29_Students_Schoolkids_Students_Schoolkids_29_259.jpg,445.0,161.0,791.0,628.0,0.0,0.0,0.0,0.0,0.0,0.0,1024.0,1583.0,0.0996809361181301,Male,White,True,Male_White,3.0,1
6419,29--Students_Schoolkids/29_Students_Schoolkids_Students_Schoolkids_29_562.jpg,239.0,253.0,496.0,563.0,0.0,0.0,0.0,0.0,0.0,0.0,1024.0,1054.0,0.0738166360294117,Female,Asian,True,Female_Asian,2.0,1
6420,29--Students_Schoolkids/29_Students_Schoolkids_Students_Schoolkids_29_562.jpg,496.0,370.0,718.0,689.0,0.0,0.0,0.0,0.0,0.0,0.0,1024.0,1054.0,0.0656149934772296,Female,White,True,Female_White,2.0,1
6423,3--Riot/3_Riot_Riot_3_338.jpg,404.0,98.0,574.0,308.0,0.0,0.0,0.0,0.0,0.0,1.0,1024.0,788.0,0.0442427427030456,Female,White,True,Female_White,1.0,1
6440,3--Riot/3_Riot_Riot_3_918.jpg,369.0,237.0,518.0,347.0,0.0,0.0,0.0,0.0,0.0,1.0,1024.0,1275.0,0.0125536151960784,Male,White,True,Male_White,0.0,1
6445,3--Riot/3_Riot_Riot_3_785.jpg,278.0,220.0,362.0,314.0,0.0,0.0,0.0,0.0,0.0,0.0,1024.0,768.0,0.010040283203125,Female,Asian,True,Female_Asian,0.0,1
6446,3--Riot/3_Riot_Riot_3_785.jpg,454.0,176.0,528.0,276.0,0.0,0.0,0.0,0.0,0.0,0.0,1024.0,768.0,0.0094095865885416,Male,White,True,Male_White,0.0,1
6447,3--Riot/3_Riot_Riot_3_1006.jpg,360.0,72.0,622.0,478.0,0.0,0.0,0.0,0.0,0.0,0.0,1024.0,643.0,0.1615535089424572,Male,White,True,Male_White,6.0,1
6448,3--Riot/3_Riot_Riot_3_880.jpg,126.0,16.0,791.0,736.0,0.0,0.0,0.0,0.0,0.0,0.0,1024.0,1657.0,0.2821835395292698,Female,White,True,Female_White,10.0,1
6456,3--Riot/3_Riot_Riot_3_544.jpg,582.0,40.0,698.0,208.0,0.0,0.0,0.0,0.0,1.0,1.0,1024.0,754.0,0.0252403846153846,Male,White,True,Male_White,0.0,1
6457,3--Riot/3_Riot_Riot_3_792.jpg,408.0,74.0,686.0,434.0,0.0,0.0,0.0,0.0,0.0,0.0,1024.0,576.0,0.169677734375,Female,White,True,Female_White,6.0,1
6501,3--Riot/3_Riot_Riot_3_901.jpg,498.0,70.0,692.0,350.0,0.0,0.0,0.0,0.0,0.0,0.0,1024.0,641.0,0.0827564352574102,Female,White,True,Female_White,3.0,1
6502,3--Riot/3_Riot_Riot_3_623.jpg,454.0,67.0,615.0,282.0,0.0,0.0,0.0,0.0,0.0,0.0,1024.0,1328.0,0.0254546016095632,Female,White,True,Female_White,0.0,1
6543,3--Riot/3_Riot_Riot_3_56.jpg,919.0,970.0,976.0,1063.0,1.0,0.0,0.0,0.0,0.0,0.0,1024.0,1542.0,0.0033571710846303,Male,White,True,Male_White,0.0,1
6551,3--Riot/3_Riot_Riot_3_477.jpg,91.0,12.0,756.0,699.0,0.0,0.0,0.0,0.0,0.0,1.0,1024.0,1557.0,0.2865430063824662,Female,White,True,Female_White,10.0,1
6573,30--Surgeons/30_Surgeons_Surgeons_30_764.jpg,304.0,273.0,696.0,745.0,0.0,0.0,0.0,0.0,0.0,0.0,1024.0,1322.0,0.1366773827534039,Female,Black,True,Female_Black,5.0,1
6575,30--Surgeons/30_Surgeons_Surgeons_30_683.jpg,251.0,439.0,651.0,947.0,0.0,0.0,0.0,0.0,0.0,0.0,1024.0,1530.0,0.1296977124183006,Male,White,True,Male_White,4.0,1
6590,30--Surgeons/30_Surgeons_Surgeons_30_882.jpg,193.0,252.0,756.0,1101.0,0.0,0.0,0.0,0.0,0.0,0.0,1024.0,1318.0,0.3541609861058422,Male,White,True,Male_White,13.0,1
6592,30--Surgeons/30_Surgeons_Surgeons_30_943.jpg,425.0,301.0,850.0,873.0,0.0,0.0,0.0,0.0,0.0,0.0,1024.0,1274.0,0.186344068877551,Male,White,True,Male_White,6.0,1
6597,30--Surgeons/30_Surgeons_Surgeons_30_773.jpg,616.0,180.0,790.0,452.0,0.0,0.0,0.0,0.0,0.0,0.0,1024.0,769.0,0.0601024057217165,Male,White,True,Male_White,2.0,1
6599,30--Surgeons/30_Surgeons_Surgeons_30_535.jpg,286.0,187.0,726.0,871.0,0.0,0.0,0.0,0.0,0.0,0.0,1024.0,1543.0,0.1904771548930654,Male,White,True,Male_White,7.0,1
6600,30--Surgeons/30_Surgeons_Surgeons_30_649.jpg,307.0,340.0,680.0,828.0,0.0,0.0,0.0,0.0,0.0,0.0,1024.0,1542.0,0.1152774400129701,Female,White,True,Female_White,4.0,1
6608,30--Surgeons/30_Surgeons_Surgeons_30_664.jpg,474.0,441.0,750.0,807.0,0.0,0.0,0.0,0.0,0.0,0.0,1024.0,1536.0,0.0642242431640625,Female,White,True,Female_White,2.0,1
6611,30--Surgeons/30_Surgeons_Surgeons_30_218.jpg,311.0,121.0,642.0,693.0,0.0,0.0,0.0,0.0,0.0,0.0,1024.0,1130.0,0.1636234789823009,Male,White,True,Male_White,6.0,1
6619,30--Surgeons/30_Surgeons_Surgeons_30_822.jpg,312.0,345.0,687.0,789.0,0.0,0.0,0.0,0.0,0.0,0.0,1024.0,1540.0,0.1055828936688311,Male,White,True,Male_White,3.0,1
6620,30--Surgeons/30_Surgeons_Surgeons_30_674.jpg,267.0,333.0,883.0,1195.0,0.0,0.0,0.0,0.0,0.0,0.0,1024.0,1538.0,0.3371566157347204,Female,White,True,Female_White,12.0,1
6621,30--Surgeons/30_Surgeons_Surgeons_30_539.jpg,321.0,234.0,714.0,768.0,0.0,0.0,0.0,0.0,0.0,0.0,1024.0,1315.0,0.1558504634030418,Female,Black,True,Female_Black,5.0,1
6629,30--Surgeons/30_Surgeons_Surgeons_30_636.jpg,282.0,192.0,639.0,781.0,0.0,0.0,0.0,0.0,0.0,0.0,1024.0,1536.0,0.1336879730224609,Male,White,True,Male_White,4.0,1
6631,30--Surgeons/30_Surgeons_Surgeons_30_800.jpg,726.0,264.0,790.0,342.0,1.0,0.0,0.0,0.0,0.0,1.0,1024.0,683.0,0.0071376281112737,Male,Asian,True,Male_Asian,0.0,1
6632,30--Surgeons/30_Surgeons_Surgeons_30_618.jpg,272.0,201.0,742.0,819.0,0.0,0.0,0.0,0.0,0.0,0.0,1024.0,1181.0,0.240179799957663,Male,White,True,Male_White,8.0,1
6633,30--Surgeons/30_Surgeons_Surgeons_30_432.jpg,320.0,255.0,707.0,774.0,0.0,0.0,0.0,0.0,0.0,0.0,1024.0,1280.0,0.1532386779785156,Female,White,True,Female_White,5.0,1
6646,30--Surgeons/30_Surgeons_Surgeons_30_479.jpg,442.0,106.0,564.0,268.0,0.0,0.0,0.0,0.0,0.0,0.0,1024.0,576.0,0.03350830078125,Female,White,True,Female_White,1.0,1
6683,30--Surgeons/30_Surgeons_Surgeons_30_774.jpg,330.0,240.0,738.0,786.0,0.0,0.0,0.0,0.0,0.0,0.0,1024.0,1244.0,0.1748769091639871,Male,White,True,Male_White,6.0,1
6684,30--Surgeons/30_Surgeons_Surgeons_30_754.jpg,270.0,100.0,460.0,422.0,0.0,0.0,1.0,0.0,0.0,0.0,1024.0,820.0,0.0728610899390243,Male,Black,True,Male_Black,2.0,1
6685,30--Surgeons/30_Surgeons_Surgeons_30_754.jpg,628.0,330.0,814.0,578.0,0.0,1.0,0.0,0.0,0.0,0.0,1024.0,820.0,0.0549352134146341,Female,Black,True,Female_Black,2.0,1
6686,30--Surgeons/30_Surgeons_Surgeons_30_661.jpg,236.0,236.0,737.0,925.0,0.0,0.0,0.0,0.0,0.0,0.0,1024.0,1439.0,0.2342589526146629,Male,White,True,Male_White,8.0,1
6689,30--Surgeons/30_Surgeons_Surgeons_30_924.jpg,276.0,225.0,693.0,820.0,0.0,0.0,0.0,0.0,0.0,0.0,1024.0,1536.0,0.1577472686767578,Male,White,True,Male_White,5.0,1
6690,30--Surgeons/30_Surgeons_Surgeons_30_563.jpg,303.0,260.0,715.0,837.0,0.0,0.0,0.0,0.0,0.0,0.0,1024.0,1479.0,0.1569657496619337,Female,Black,True,Female_Black,5.0,1
6691,30--Surgeons/30_Surgeons_Surgeons_30_693.jpg,478.0,365.0,901.0,941.0,0.0,0.0,0.0,0.0,0.0,0.0,1024.0,1572.0,0.1513597328244274,Female,White,True,Female_White,5.0,1
6711,30--Surgeons/30_Surgeons_Surgeons_30_898.jpg,329.0,175.0,701.0,681.0,0.0,0.0,0.0,0.0,0.0,0.0,1024.0,1229.0,0.1495690093572009,Male,Indian,True,Male_Indian,5.0,1
6715,30--Surgeons/30_Surgeons_Surgeons_30_886.jpg,166.0,68.0,414.0,412.0,0.0,0.0,1.0,0.0,0.0,0.0,1024.0,734.0,0.1135047683923705,Female,White,True,Female_White,4.0,1
6720,30--Surgeons/30_Surgeons_Surgeons_30_494.jpg,115.0,402.0,766.0,1211.0,0.0,0.0,0.0,0.0,0.0,0.0,1024.0,1592.0,0.3230624558338568,Female,White,True,Female_White,12.0,1
6721,30--Surgeons/30_Surgeons_Surgeons_30_680.jpg,302.0,499.0,675.0,998.0,0.0,0.0,0.0,0.0,0.0,0.0,1024.0,1530.0,0.1188004238153594,Male,White,True,Male_White,4.0,1
6728,30--Surgeons/30_Surgeons_Surgeons_30_798.jpg,292.0,206.0,755.0,841.0,0.0,0.0,0.0,0.0,0.0,0.0,1024.0,1464.0,0.1961162963200136,Male,White,True,Male_White,7.0,1
6729,30--Surgeons/30_Surgeons_Surgeons_30_863.jpg,36.0,154.0,176.0,336.0,0.0,0.0,0.0,0.0,0.0,0.0,1024.0,669.0,0.0371940396113602,Male,Black,True,Male_Black,1.0,10
6730,30--Surgeons/30_Surgeons_Surgeons_30_863.jpg,420.0,110.0,572.0,326.0,0.0,0.0,0.0,0.0,0.0,0.0,1024.0,669.0,0.0479260089686098,Male,Black,True,Male_Black,1.0,10
6731,30--Surgeons/30_Surgeons_Surgeons_30_863.jpg,764.0,110.0,954.0,358.0,0.0,0.0,0.0,0.0,0.0,0.0,1024.0,669.0,0.0687826980568011,Male,Black,True,Male_Black,2.0,10
6732,30--Surgeons/30_Surgeons_Surgeons_30_678.jpg,386.0,122.0,602.0,430.0,0.0,0.0,0.0,0.0,0.0,0.0,1024.0,882.0,0.0736607142857142,Male,White,True,Male_White,2.0,1
6733,30--Surgeons/30_Surgeons_Surgeons_30_852.jpg,290.0,145.0,783.0,882.0,0.0,0.0,0.0,0.0,0.0,0.0,1024.0,1402.0,0.2530850180545649,Male,White,True,Male_White,9.0,1
6739,30--Surgeons/30_Surgeons_Surgeons_30_328.jpg,390.0,198.0,710.0,612.0,0.0,0.0,0.0,0.0,0.0,0.0,1024.0,922.0,0.140319956616052,Male,Indian,True,Male_Indian,5.0,1
6748,30--Surgeons/30_Surgeons_Surgeons_30_522.jpg,267.0,652.0,732.0,1244.0,0.0,0.0,0.0,0.0,0.0,0.0,1024.0,1538.0,0.1747907184655396,Female,White,True,Female_White,6.0,1
6766,30--Surgeons/30_Surgeons_Surgeons_30_172.jpg,130.0,152.0,364.0,430.0,0.0,0.0,0.0,0.0,0.0,0.0,1024.0,560.0,0.1134416852678571,Male,White,True,Male_White,4.0,1
6769,30--Surgeons/30_Surgeons_Surgeons_30_164.jpg,205.0,237.0,263.0,310.0,0.0,0.0,0.0,0.0,0.0,0.0,1024.0,682.0,0.0060627061950146,Female,Asian,True,Female_Asian,0.0,1
6770,30--Surgeons/30_Surgeons_Surgeons_30_164.jpg,338.0,330.0,397.0,404.0,0.0,0.0,0.0,0.0,0.0,0.0,1024.0,682.0,0.0062517182917888,Female,Asian,True,Female_Asian,0.0,1
6771,30--Surgeons/30_Surgeons_Surgeons_30_164.jpg,386.0,214.0,433.0,277.0,1.0,0.0,0.0,0.0,0.0,0.0,1024.0,682.0,0.0042398849890029,Female,Black,True,Female_Black,0.0,1
6772,30--Surgeons/30_Surgeons_Surgeons_30_164.jpg,606.0,314.0,649.0,378.0,1.0,0.0,0.0,0.0,0.0,0.0,1024.0,682.0,0.0039406158357771,Female,Black,True,Female_Black,0.0,1
6773,30--Surgeons/30_Surgeons_Surgeons_30_164.jpg,658.0,255.0,697.0,302.0,1.0,0.0,0.0,0.0,0.0,0.0,1024.0,682.0,0.002624690707478,Female,Asian,True,Female_Asian,0.0,1
6774,30--Surgeons/30_Surgeons_Surgeons_30_164.jpg,772.0,222.0,812.0,273.0,1.0,0.0,1.0,0.0,0.0,0.0,1024.0,682.0,0.0029210960410557,Female,White,True,Female_White,0.0,1
6775,30--Surgeons/30_Surgeons_Surgeons_30_164.jpg,756.0,317.0,799.0,371.0,1.0,0.0,1.0,0.0,0.0,0.0,1024.0,682.0,0.0033248946114369,Female,White,True,Female_White,0.0,1
6776,30--Surgeons/30_Surgeons_Surgeons_30_412.jpg,114.0,213.0,609.0,823.0,0.0,0.0,0.0,0.0,0.0,0.0,1024.0,1540.0,0.1914760044642857,Female,White,True,Female_White,7.0,1
6779,30--Surgeons/30_Surgeons_Surgeons_30_388.jpg,109.0,251.0,147.0,302.0,1.0,0.0,0.0,0.0,0.0,0.0,1024.0,473.0,0.0040012222515856,Female,Asian,True,Female_Asian,0.0,1
6780,30--Surgeons/30_Surgeons_Surgeons_30_388.jpg,167.0,265.0,207.0,316.0,1.0,0.0,0.0,0.0,0.0,0.0,1024.0,473.0,0.0042118128964059,Female,White,True,Female_White,0.0,1
6789,30--Surgeons/30_Surgeons_Surgeons_30_737.jpg,313.0,178.0,712.0,766.0,0.0,0.0,0.0,0.0,0.0,0.0,1024.0,1468.0,0.156071717472752,Male,Indian,True,Male_Indian,5.0,1
6794,30--Surgeons/30_Surgeons_Surgeons_30_227.jpg,222.0,70.0,456.0,420.0,0.0,0.0,0.0,0.0,0.0,0.0,1024.0,576.0,0.13885498046875,Female,White,True,Female_White,5.0,1
6795,30--Surgeons/30_Surgeons_Surgeons_30_506.jpg,262.0,216.0,738.0,848.0,0.0,0.0,1.0,0.0,0.0,0.0,1024.0,1025.0,0.2866158536585366,Female,White,True,Female_White,10.0,1
6796,31--Waiter_Waitress/31_Waiter_Waitress_Waiter_Waitress_31_77.jpg,504.0,88.0,692.0,336.0,0.0,0.0,1.0,0.0,0.0,0.0,1024.0,689.0,0.066083091436865,Female,White,True,Female_White,2.0,1
6798,31--Waiter_Waitress/31_Waiter_Waitress_Waiter_Waitress_31_133.jpg,386.0,139.0,645.0,525.0,0.0,0.0,0.0,0.0,0.0,0.0,1024.0,1540.0,0.0633966619318181,Male,White,True,Male_White,2.0,1
6810,31--Waiter_Waitress/31_Waiter_Waitress_Waiter_Waitress_31_78.jpg,305.0,117.0,601.0,569.0,0.0,0.0,0.0,0.0,0.0,0.0,1024.0,1533.0,0.0852291258969341,Female,White,True,Female_White,3.0,1
6825,31--Waiter_Waitress/31_Waiter_Waitress_Waiter_Waitress_31_158.jpg,290.0,236.0,337.0,276.0,1.0,0.0,0.0,0.0,0.0,1.0,1024.0,690.0,0.0026607789855072,Male,White,True,Male_White,0.0,1
6829,31--Waiter_Waitress/31_Waiter_Waitress_Waiter_Waitress_31_596.jpg,208.0,309.0,651.0,805.0,0.0,0.0,0.0,0.0,0.0,0.0,1024.0,1182.0,0.1815381768189509,Male,Asian,True,Male_Asian,6.0,1
6833,31--Waiter_Waitress/31_Waiter_Waitress_Waiter_Waitress_31_268.jpg,340.0,100.0,520.0,300.0,0.0,0.0,0.0,0.0,0.0,0.0,1024.0,1024.0,0.034332275390625,Female,Asian,True,Female_Asian,1.0,1
6834,31--Waiter_Waitress/31_Waiter_Waitress_Waiter_Waitress_31_268.jpg,98.0,278.0,202.0,346.0,1.0,0.0,0.0,0.0,0.0,1.0,1024.0,1024.0,0.006744384765625,Male,Asian,True,Male_Asian,0.0,1
6850,31--Waiter_Waitress/31_Waiter_Waitress_Waiter_Waitress_31_129.jpg,216.0,82.0,404.0,314.0,0.0,0.0,0.0,0.0,0.0,0.0,1024.0,1024.0,0.041595458984375,Female,Asian,True,Female_Asian,1.0,1
6851,31--Waiter_Waitress/31_Waiter_Waitress_Waiter_Waitress_31_129.jpg,714.0,74.0,878.0,316.0,0.0,0.0,0.0,0.0,0.0,0.0,1024.0,1024.0,0.0378494262695312,Female,Asian,True,Female_Asian,1.0,1
6871,31--Waiter_Waitress/31_Waiter_Waitress_Waiter_Waitress_31_945.jpg,340.0,10.0,709.0,429.0,1.0,0.0,1.0,0.0,0.0,0.0,1024.0,1269.0,0.1189813275709219,Male,White,True,Male_White,4.0,1
6881,31--Waiter_Waitress/31_Waiter_Waitress_Waiter_Waitress_31_140.jpg,408.0,228.0,594.0,489.0,0.0,0.0,0.0,0.0,0.0,0.0,1024.0,1537.0,0.0308446344339622,Female,White,True,Female_White,1.0,1
6888,31--Waiter_Waitress/31_Waiter_Waitress_Waiter_Waitress_31_423.jpg,272.0,126.0,476.0,366.0,0.0,0.0,1.0,0.0,0.0,0.0,1024.0,1024.0,0.04669189453125,Female,White,True,Female_White,1.0,1
6891,31--Waiter_Waitress/31_Waiter_Waitress_Waiter_Waitress_31_946.jpg,354.0,84.0,756.0,634.0,0.0,0.0,0.0,0.0,0.0,0.0,1024.0,1537.0,0.1404801358165257,Male,White,True,Male_White,5.0,1
6892,31--Waiter_Waitress/31_Waiter_Waitress_Waiter_Waitress_31_829.jpg,45.0,15.0,284.0,263.0,0.0,0.0,0.0,0.0,0.0,0.0,1024.0,1529.0,0.037856646500981,Female,White,True,Female_White,1.0,1
6895,31--Waiter_Waitress/31_Waiter_Waitress_Waiter_Waitress_31_303.jpg,358.0,184.0,604.0,504.0,0.0,0.0,0.0,0.0,0.0,0.0,1024.0,754.0,0.1019562334217506,Female,Asian,True,Female_Asian,3.0,1
6896,31--Waiter_Waitress/31_Waiter_Waitress_Waiter_Waitress_31_303.jpg,642.0,100.0,888.0,442.0,0.0,0.0,0.0,0.0,0.0,0.0,1024.0,754.0,0.108965724469496,Female,Asian,True,Female_Asian,4.0,1
6916,31--Waiter_Waitress/31_Waiter_Waitress_Waiter_Waitress_31_629.jpg,656.0,52.0,771.0,213.0,0.0,0.0,0.0,0.0,0.0,0.0,1024.0,1555.0,0.0116276879019292,Male,White,True,Male_White,0.0,1
6917,31--Waiter_Waitress/31_Waiter_Waitress_Waiter_Waitress_31_629.jpg,413.0,70.0,513.0,228.0,0.0,0.0,0.0,0.0,0.0,0.0,1024.0,1555.0,0.0099226286173633,Female,Asian,True,Female_Asian,0.0,1
6918,31--Waiter_Waitress/31_Waiter_Waitress_Waiter_Waitress_31_925.jpg,504.0,188.0,770.0,550.0,0.0,0.0,0.0,0.0,0.0,0.0,1024.0,1024.0,0.0918312072753906,Male,White,True,Male_White,3.0,1
6923,31--Waiter_Waitress/31_Waiter_Waitress_Waiter_Waitress_31_920.jpg,413.0,197.0,653.0,500.0,0.0,0.0,0.0,0.0,0.0,0.0,1024.0,2458.0,0.0288916293734743,Female,White,True,Female_White,1.0,1
6927,31--Waiter_Waitress/31_Waiter_Waitress_Waiter_Waitress_31_730.jpg,498.0,192.0,759.0,501.0,0.0,0.0,0.0,0.0,0.0,0.0,1024.0,1537.0,0.0512418926886792,Male,White,True,Male_White,1.0,1
6933,31--Waiter_Waitress/31_Waiter_Waitress_Waiter_Waitress_31_309.jpg,114.0,93.0,351.0,371.0,0.0,0.0,0.0,0.0,0.0,0.0,1024.0,1581.0,0.040696898719165,Female,White,True,Female_White,1.0,1
6937,31--Waiter_Waitress/31_Waiter_Waitress_Waiter_Waitress_31_3.jpg,290.0,40.0,398.0,172.0,0.0,0.0,0.0,0.0,0.0,0.0,1024.0,684.0,0.0203536184210526,Female,Asian,True,Female_Asian,0.0,1
6938,31--Waiter_Waitress/31_Waiter_Waitress_Waiter_Waitress_31_3.jpg,604.0,226.0,700.0,366.0,0.0,0.0,0.0,0.0,0.0,0.0,1024.0,684.0,0.019188596491228,Male,White,True,Male_White,0.0,1
6945,31--Waiter_Waitress/31_Waiter_Waitress_Waiter_Waitress_31_644.jpg,532.0,78.0,672.0,264.0,0.0,0.0,0.0,0.0,0.0,0.0,1024.0,822.0,0.030936359489051,Female,White,True,Female_White,1.0,1
6946,31--Waiter_Waitress/31_Waiter_Waitress_Waiter_Waitress_31_923.jpg,514.0,38.0,670.0,262.0,0.0,0.0,0.0,0.0,0.0,0.0,1024.0,576.0,0.0592447916666666,Male,White,True,Male_White,2.0,1
6947,31--Waiter_Waitress/31_Waiter_Waitress_Waiter_Waitress_31_177.jpg,572.0,24.0,848.0,424.0,0.0,0.0,0.0,0.0,0.0,0.0,1024.0,683.0,0.1578513909224011,Female,White,True,Female_White,5.0,1
6948,31--Waiter_Waitress/31_Waiter_Waitress_Waiter_Waitress_31_687.jpg,494.0,12.0,674.0,216.0,0.0,0.0,1.0,0.0,0.0,0.0,1024.0,459.0,0.078125,Female,White,True,Female_White,2.0,1
6949,31--Waiter_Waitress/31_Waiter_Waitress_Waiter_Waitress_31_879.jpg,307.0,198.0,560.0,535.0,0.0,0.0,1.0,0.0,0.0,0.0,1024.0,1392.0,0.0598151546785201,Female,White,True,Female_White,2.0,1
6950,31--Waiter_Waitress/31_Waiter_Waitress_Waiter_Waitress_31_47.jpg,510.0,88.0,714.0,352.0,0.0,0.0,0.0,0.0,0.0,0.0,1024.0,580.0,0.0906788793103448,Female,White,True,Female_White,3.0,1
6964,31--Waiter_Waitress/31_Waiter_Waitress_Waiter_Waitress_31_306.jpg,488.0,196.0,747.0,533.0,0.0,0.0,0.0,0.0,0.0,0.0,1024.0,1540.0,0.0553488991477272,Female,White,True,Female_White,2.0,1
6981,31--Waiter_Waitress/31_Waiter_Waitress_Waiter_Waitress_31_790.jpg,404.0,212.0,470.0,346.0,0.0,0.0,0.0,0.0,0.0,0.0,1024.0,684.0,0.0126267817982456,Female,Asian,True,Female_Asian,0.0,1
6982,31--Waiter_Waitress/31_Waiter_Waitress_Waiter_Waitress_31_790.jpg,666.0,194.0,756.0,338.0,0.0,0.0,0.0,0.0,0.0,1.0,1024.0,684.0,0.0185032894736842,Female,Asian,True,Female_Asian,0.0,1
6983,31--Waiter_Waitress/31_Waiter_Waitress_Waiter_Waitress_31_850.jpg,405.0,123.0,683.0,503.0,0.0,0.0,0.0,0.0,0.0,0.0,1024.0,1064.0,0.0969587053571428,Male,White,True,Male_White,3.0,1
6989,31--Waiter_Waitress/31_Waiter_Waitress_Waiter_Waitress_31_615.jpg,616.0,162.0,856.0,498.0,0.0,0.0,0.0,0.0,0.0,0.0,1024.0,1537.0,0.0512361743656473,Female,White,True,Female_White,1.0,1
6990,31--Waiter_Waitress/31_Waiter_Waitress_Waiter_Waitress_31_1.jpg,362.0,108.0,534.0,336.0,0.0,0.0,1.0,0.0,0.0,0.0,1024.0,683.0,0.0560715592972181,Female,White,True,Female_White,2.0,1
6991,31--Waiter_Waitress/31_Waiter_Waitress_Waiter_Waitress_31_753.jpg,354.0,8.0,740.0,496.0,0.0,0.0,0.0,0.0,0.0,0.0,1024.0,768.0,0.2395222981770833,Female,White,True,Female_White,8.0,1
6996,31--Waiter_Waitress/31_Waiter_Waitress_Waiter_Waitress_31_869.jpg,341.0,155.0,576.0,499.0,0.0,0.0,0.0,0.0,0.0,0.0,1024.0,1366.0,0.0577930545387994,Female,White,True,Female_White,2.0,1
7004,31--Waiter_Waitress/31_Waiter_Waitress_Waiter_Waitress_31_505.jpg,154.0,48.0,240.0,188.0,0.0,0.0,0.0,0.0,0.0,0.0,1024.0,769.0,0.0152897431729518,Male,Black,True,Male_Black,0.0,1
7005,31--Waiter_Waitress/31_Waiter_Waitress_Waiter_Waitress_31_505.jpg,382.0,156.0,448.0,256.0,1.0,0.0,0.0,0.0,0.0,0.0,1024.0,769.0,0.0083814206762028,Female,White,True,Female_White,0.0,1
7006,31--Waiter_Waitress/31_Waiter_Waitress_Waiter_Waitress_31_505.jpg,526.0,174.0,598.0,286.0,1.0,0.0,0.0,0.0,0.0,0.0,1024.0,769.0,0.0102405721716514,Female,Black,True,Female_Black,0.0,1
7007,31--Waiter_Waitress/31_Waiter_Waitress_Waiter_Waitress_31_505.jpg,690.0,184.0,760.0,290.0,1.0,0.0,0.0,0.0,0.0,0.0,1024.0,769.0,0.0094227486996098,Female,Asian,True,Female_Asian,0.0,1
7008,31--Waiter_Waitress/31_Waiter_Waitress_Waiter_Waitress_31_505.jpg,802.0,132.0,880.0,232.0,1.0,0.0,0.0,0.0,0.0,0.0,1024.0,769.0,0.0099053153446033,Female,White,True,Female_White,0.0,1
7027,31--Waiter_Waitress/31_Waiter_Waitress_Waiter_Waitress_31_608.jpg,504.0,179.0,791.0,553.0,0.0,0.0,0.0,0.0,0.0,0.0,1024.0,1388.0,0.0755203642831412,Male,White,True,Male_White,2.0,1
7034,31--Waiter_Waitress/31_Waiter_Waitress_Waiter_Waitress_31_896.jpg,393.0,330.0,801.0,874.0,0.0,0.0,0.0,0.0,0.0,0.0,1024.0,1536.0,0.14111328125,Male,White,True,Male_White,5.0,1
7041,31--Waiter_Waitress/31_Waiter_Waitress_Waiter_Waitress_31_786.jpg,537.0,213.0,793.0,643.0,0.0,0.0,1.0,0.0,0.0,0.0,1024.0,1823.0,0.0589687328579265,Male,White,True,Male_White,2.0,1
7066,31--Waiter_Waitress/31_Waiter_Waitress_Waiter_Waitress_31_81.jpg,368.0,122.0,452.0,226.0,0.0,0.0,0.0,0.0,0.0,0.0,1024.0,1024.0,0.008331298828125,Female,Asian,True,Female_Asian,0.0,1
7067,31--Waiter_Waitress/31_Waiter_Waitress_Waiter_Waitress_31_81.jpg,498.0,96.0,582.0,202.0,0.0,0.0,0.0,0.0,0.0,0.0,1024.0,1024.0,0.0084915161132812,Male,White,True,Male_White,0.0,1
7068,31--Waiter_Waitress/31_Waiter_Waitress_Waiter_Waitress_31_37.jpg,454.0,50.0,624.0,280.0,0.0,0.0,0.0,0.0,0.0,0.0,1024.0,704.0,0.0542380593039772,Male,White,True,Male_White,1.0,1
7077,31--Waiter_Waitress/31_Waiter_Waitress_Waiter_Waitress_31_865.jpg,458.0,276.0,600.0,464.0,0.0,1.0,0.0,0.0,0.0,0.0,1024.0,768.0,0.0339457194010416,Female,Asian,True,Female_Asian,1.0,1
7110,32--Worker_Laborer/32_Worker_Laborer_Worker_Laborer_32_93.jpg,612.0,74.0,884.0,498.0,0.0,0.0,0.0,0.0,0.0,0.0,1024.0,754.0,0.1493700265251989,Male,White,True,Male_White,5.0,1
7116,32--Worker_Laborer/32_Worker_Laborer_Worker_Laborer_32_139.jpg,278.0,68.0,398.0,220.0,0.0,0.0,0.0,0.0,1.0,0.0,1024.0,751.0,0.0237183754993342,Male,White,True,Male_White,0.0,1
7117,32--Worker_Laborer/32_Worker_Laborer_Worker_Laborer_32_424.jpg,188.0,70.0,366.0,326.0,0.0,0.0,0.0,0.0,0.0,0.0,1024.0,581.0,0.076592082616179,Male,White,True,Male_White,2.0,1
7118,32--Worker_Laborer/32_Worker_Laborer_Worker_Laborer_32_497.jpg,812.0,268.0,936.0,436.0,1.0,0.0,1.0,0.0,0.0,1.0,1024.0,768.0,0.0264892578125,Male,Indian,True,Male_Indian,0.0,1
7119,32--Worker_Laborer/32_Worker_Laborer_Worker_Laborer_32_113.jpg,394.0,312.0,543.0,510.0,0.0,0.0,1.0,0.0,0.0,0.0,1024.0,1392.0,0.020697231950431,Male,White,True,Male_White,0.0,1
7123,32--Worker_Laborer/32_Worker_Laborer_Worker_Laborer_32_456.jpg,382.0,251.0,738.0,766.0,0.0,0.0,0.0,0.0,0.0,0.0,1024.0,1628.0,0.109977253531941,Male,Black,True,Male_Black,4.0,10
7127,32--Worker_Laborer/32_Worker_Laborer_Worker_Laborer_32_908.jpg,580.0,237.0,802.0,549.0,0.0,0.0,0.0,0.0,0.0,1.0,1024.0,1536.0,0.044036865234375,Male,White,True,Male_White,1.0,1
7131,32--Worker_Laborer/32_Worker_Laborer_Worker_Laborer_32_559.jpg,678.0,296.0,760.0,370.0,1.0,0.0,0.0,0.0,0.0,1.0,1024.0,713.0,0.0083110536465638,Male,White,True,Male_White,0.0,1
7133,32--Worker_Laborer/32_Worker_Laborer_Worker_Laborer_32_919.jpg,786.0,176.0,856.0,272.0,1.0,0.0,0.0,0.0,0.0,1.0,1024.0,680.0,0.0096507352941176,Male,Indian,True,Male_Indian,0.0,1
7134,32--Worker_Laborer/32_Worker_Laborer_Worker_Laborer_32_919.jpg,416.0,40.0,500.0,160.0,1.0,0.0,0.0,0.0,0.0,1.0,1024.0,680.0,0.0144761029411764,Male,Indian,True,Male_Indian,0.0,1
7136,32--Worker_Laborer/32_Worker_Laborer_Worker_Laborer_32_557.jpg,358.0,78.0,650.0,450.0,0.0,0.0,0.0,0.0,1.0,0.0,1024.0,683.0,0.1553120424597364,Male,White,True,Male_White,5.0,1
7137,32--Worker_Laborer/32_Worker_Laborer_Worker_Laborer_32_187.jpg,258.0,192.0,318.0,266.0,1.0,0.0,0.0,0.0,0.0,0.0,1024.0,683.0,0.0063483711566617,Male,White,True,Male_White,0.0,1
7138,32--Worker_Laborer/32_Worker_Laborer_Worker_Laborer_32_933.jpg,518.0,92.0,678.0,324.0,0.0,0.0,0.0,0.0,0.0,0.0,1024.0,672.0,0.0539434523809523,Male,White,True,Male_White,1.0,1
7139,32--Worker_Laborer/32_Worker_Laborer_Worker_Laborer_32_586.jpg,269.0,237.0,657.0,779.0,0.0,0.0,0.0,0.0,0.0,0.0,1024.0,1516.0,0.1354664825197889,Male,White,True,Male_White,5.0,1
7140,32--Worker_Laborer/32_Worker_Laborer_Worker_Laborer_32_725.jpg,455.0,220.0,540.0,368.0,1.0,0.0,0.0,0.0,1.0,0.0,1024.0,1607.0,0.007644776757934,Male,White,True,Male_White,0.0,1
7142,32--Worker_Laborer/32_Worker_Laborer_Worker_Laborer_32_252.jpg,538.0,351.0,640.0,495.0,1.0,0.0,0.0,0.0,1.0,0.0,1024.0,1538.0,0.0093262353706111,Male,White,True,Male_White,0.0,1
7145,32--Worker_Laborer/32_Worker_Laborer_Worker_Laborer_32_772.jpg,452.0,150.0,624.0,372.0,0.0,0.0,0.0,0.0,0.0,0.0,1024.0,1024.0,0.0364151000976562,Male,White,True,Male_White,1.0,1
7146,32--Worker_Laborer/32_Worker_Laborer_Worker_Laborer_32_461.jpg,876.0,56.0,956.0,186.0,1.0,0.0,0.0,0.0,0.0,0.0,1024.0,576.0,0.0176323784722222,Male,White,True,Male_White,0.0,1
7147,32--Worker_Laborer/32_Worker_Laborer_Worker_Laborer_32_848.jpg,458.0,120.0,560.0,202.0,1.0,0.0,0.0,0.0,0.0,1.0,1024.0,667.0,0.012245830209895,Male,White,True,Male_White,0.0,1
7150,32--Worker_Laborer/32_Worker_Laborer_Worker_Laborer_32_575.jpg,421.0,328.0,522.0,464.0,1.0,0.0,0.0,0.0,0.0,0.0,1024.0,1366.0,0.0098199579062957,Male,White,True,Male_White,0.0,1
7151,32--Worker_Laborer/32_Worker_Laborer_Worker_Laborer_32_346.jpg,700.0,102.0,836.0,296.0,0.0,0.0,0.0,0.0,0.0,0.0,1024.0,768.0,0.0335489908854166,Male,White,True,Male_White,1.0,1
7153,32--Worker_Laborer/32_Worker_Laborer_Worker_Laborer_32_763.jpg,104.0,220.0,166.0,302.0,1.0,0.0,0.0,0.0,0.0,0.0,1024.0,687.0,0.007226846797671,Male,White,True,Male_White,0.0,1
7157,32--Worker_Laborer/32_Worker_Laborer_Worker_Laborer_32_311.jpg,413.0,186.0,590.0,467.0,0.0,0.0,0.0,0.0,1.0,0.0,1024.0,1535.0,0.0316425335912052,Male,Indian,True,Male_Indian,1.0,1
7161,32--Worker_Laborer/32_Worker_Laborer_Worker_Laborer_32_360.jpg,346.0,92.0,600.0,458.0,0.0,0.0,0.0,0.0,0.0,0.0,1024.0,682.0,0.1331160648826979,Male,Indian,True,Male_Indian,4.0,1
7168,32--Worker_Laborer/32_Worker_Laborer_Worker_Laborer_32_398.jpg,482.0,684.0,560.0,801.0,1.0,0.0,0.0,0.0,0.0,0.0,1024.0,1543.0,0.0057758323882047,Male,White,True,Male_White,0.0,1
7169,32--Worker_Laborer/32_Worker_Laborer_Worker_Laborer_32_194.jpg,368.0,380.0,532.0,596.0,1.0,0.0,0.0,0.0,1.0,0.0,1024.0,808.0,0.0428140470297029,Male,Asian,True,Male_Asian,1.0,1
7170,32--Worker_Laborer/32_Worker_Laborer_Worker_Laborer_32_558.jpg,440.0,323.0,614.0,563.0,1.0,0.0,0.0,0.0,1.0,0.0,1024.0,1533.0,0.0266022504892367,Male,Asian,True,Male_Asian,0.0,1
7171,32--Worker_Laborer/32_Worker_Laborer_Worker_Laborer_32_673.jpg,156.0,196.0,384.0,372.0,0.0,0.0,0.0,0.0,0.0,1.0,1024.0,768.0,0.051025390625,Male,Indian,True,Male_Indian,1.0,1
7173,32--Worker_Laborer/32_Worker_Laborer_Worker_Laborer_32_934.jpg,352.0,357.0,421.0,466.0,1.0,0.0,0.0,0.0,0.0,0.0,1024.0,1366.0,0.0053768130032942,Male,White,True,Male_White,0.0,1
7175,32--Worker_Laborer/32_Worker_Laborer_Worker_Laborer_32_130.jpg,584.0,146.0,746.0,340.0,0.0,0.0,0.0,0.0,0.0,1.0,1024.0,751.0,0.0408673851531291,Male,White,True,Male_White,1.0,1
7180,32--Worker_Laborer/32_Worker_Laborer_Worker_Laborer_32_1003.jpg,374.0,192.0,634.0,524.0,0.0,0.0,0.0,0.0,0.0,0.0,1024.0,1024.0,0.0823211669921875,Male,White,True,Male_White,3.0,1
7181,32--Worker_Laborer/32_Worker_Laborer_Worker_Laborer_32_314.jpg,602.0,70.0,692.0,188.0,0.0,0.0,1.0,0.0,0.0,1.0,1024.0,773.0,0.0134166801423027,Male,White,True,Male_White,0.0,1
7182,32--Worker_Laborer/32_Worker_Laborer_Worker_Laborer_32_703.jpg,394.0,336.0,472.0,406.0,1.0,0.0,0.0,0.0,0.0,1.0,1024.0,768.0,0.0069427490234375,Male,Indian,True,Male_Indian,0.0,1
7186,32--Worker_Laborer/32_Worker_Laborer_Worker_Laborer_32_628.jpg,336.0,213.0,435.0,352.0,1.0,0.0,1.0,0.0,0.0,0.0,1024.0,1579.0,0.0085107514645345,Male,White,True,Male_White,0.0,1
7187,32--Worker_Laborer/32_Worker_Laborer_Worker_Laborer_32_227.jpg,286.0,168.0,490.0,452.0,0.0,0.0,0.0,0.0,0.0,0.0,1024.0,912.0,0.0620374177631578,Male,White,True,Male_White,2.0,1
7188,32--Worker_Laborer/32_Worker_Laborer_Worker_Laborer_32_278.jpg,288.0,160.0,464.0,390.0,0.0,0.0,0.0,0.0,0.0,0.0,1024.0,757.0,0.0522209379128137,Male,White,True,Male_White,1.0,1
7194,32--Worker_Laborer/32_Worker_Laborer_Worker_Laborer_32_288.jpg,206.0,172.0,276.0,274.0,1.0,0.0,0.0,0.0,0.0,0.0,1024.0,717.0,0.0097247646443514,Female,Asian,True,Female_Asian,0.0,1
7195,32--Worker_Laborer/32_Worker_Laborer_Worker_Laborer_32_288.jpg,650.0,58.0,720.0,166.0,1.0,0.0,0.0,0.0,1.0,0.0,1024.0,717.0,0.0102968096234309,Male,Asian,True,Male_Asian,0.0,1
7235,32--Worker_Laborer/32_Worker_Laborer_Worker_Laborer_32_711.jpg,316.0,2.0,412.0,124.0,0.0,0.0,0.0,0.0,1.0,0.0,1024.0,686.0,0.0166727405247813,Male,White,True,Male_White,0.0,1
7236,32--Worker_Laborer/32_Worker_Laborer_Worker_Laborer_32_315.jpg,228.0,122.0,324.0,252.0,0.0,0.0,1.0,0.0,0.0,0.0,1024.0,769.0,0.0158485045513654,Male,White,True,Male_White,0.0,1
7237,32--Worker_Laborer/32_Worker_Laborer_Worker_Laborer_32_96.jpg,508.0,410.0,632.0,609.0,1.0,0.0,0.0,0.0,0.0,0.0,1024.0,1478.0,0.0163042329161028,Male,White,True,Male_White,0.0,1
7239,32--Worker_Laborer/32_Worker_Laborer_Worker_Laborer_32_38.jpg,324.0,425.0,528.0,727.0,0.0,0.0,0.0,0.0,0.0,0.0,1024.0,1394.0,0.0431592987804878,Male,White,True,Male_White,1.0,1
7240,32--Worker_Laborer/32_Worker_Laborer_Worker_Laborer_32_585.jpg,582.0,60.0,704.0,236.0,0.0,0.0,0.0,0.0,0.0,1.0,1024.0,714.0,0.0293679971988795,Male,White,True,Male_White,1.0,1
7245,32--Worker_Laborer/32_Worker_Laborer_Worker_Laborer_32_267.jpg,350.0,146.0,506.0,366.0,0.0,0.0,0.0,0.0,1.0,0.0,1024.0,680.0,0.0492876838235294,Male,White,True,Male_White,1.0,1
7249,32--Worker_Laborer/32_Worker_Laborer_Worker_Laborer_32_272.jpg,601.0,241.0,654.0,287.0,1.0,0.0,0.0,0.0,0.0,1.0,1024.0,654.0,0.0036404577599388,Female,White,True,Female_White,0.0,1
7250,32--Worker_Laborer/32_Worker_Laborer_Worker_Laborer_32_855.jpg,248.0,136.0,348.0,258.0,1.0,0.0,1.0,0.0,0.0,1.0,1024.0,682.0,0.0174692998533724,Male,Indian,True,Male_Indian,0.0,1
7251,32--Worker_Laborer/32_Worker_Laborer_Worker_Laborer_32_762.jpg,258.0,216.0,336.0,274.0,1.0,0.0,0.0,0.0,0.0,1.0,1024.0,682.0,0.0064779600439882,Male,Asian,True,Male_Asian,0.0,1
7252,32--Worker_Laborer/32_Worker_Laborer_Worker_Laborer_32_762.jpg,652.0,168.0,750.0,240.0,1.0,0.0,0.0,0.0,0.0,1.0,1024.0,682.0,0.010103555718475,Male,Asian,True,Male_Asian,0.0,1
7253,32--Worker_Laborer/32_Worker_Laborer_Worker_Laborer_32_273.jpg,506.0,124.0,690.0,388.0,0.0,0.0,0.0,0.0,0.0,0.0,1024.0,753.0,0.0629980079681274,Male,White,True,Male_White,2.0,1
7257,32--Worker_Laborer/32_Worker_Laborer_Worker_Laborer_32_138.jpg,268.0,416.0,322.0,468.0,1.0,0.0,0.0,0.0,0.0,1.0,1024.0,768.0,0.003570556640625,Male,Black,True,Male_Black,0.0,1
7258,32--Worker_Laborer/32_Worker_Laborer_Worker_Laborer_32_1024.jpg,314.0,180.0,508.0,450.0,0.0,0.0,0.0,0.0,0.0,0.0,1024.0,768.0,0.0666046142578125,Female,White,True,Female_White,2.0,1
7260,32--Worker_Laborer/32_Worker_Laborer_Worker_Laborer_32_905.jpg,472.0,284.0,682.0,599.0,0.0,0.0,0.0,0.0,0.0,0.0,1024.0,1581.0,0.0408599679791271,Male,Indian,True,Male_Indian,1.0,1
7265,32--Worker_Laborer/32_Worker_Laborer_Worker_Laborer_32_366.jpg,598.0,278.0,684.0,400.0,1.0,0.0,0.0,0.0,0.0,0.0,1024.0,768.0,0.0133412679036458,Male,White,True,Male_White,0.0,1
7271,32--Worker_Laborer/32_Worker_Laborer_Worker_Laborer_32_522.jpg,278.0,402.0,491.0,718.0,0.0,0.0,0.0,0.0,0.0,0.0,1024.0,1586.0,0.0414441795397225,Female,White,True,Female_White,1.0,1
7272,32--Worker_Laborer/32_Worker_Laborer_Worker_Laborer_32_612.jpg,550.0,242.0,612.0,328.0,0.0,0.0,0.0,0.0,0.0,1.0,1024.0,716.0,0.0072723900139664,Male,Asian,True,Male_Asian,0.0,1
7273,32--Worker_Laborer/32_Worker_Laborer_Worker_Laborer_32_328.jpg,671.0,100.0,704.0,141.0,1.0,0.0,0.0,0.0,0.0,1.0,1024.0,675.0,0.0019574652777777,Male,White,True,Male_White,0.0,1
7274,32--Worker_Laborer/32_Worker_Laborer_Worker_Laborer_32_785.jpg,612.0,244.0,694.0,348.0,0.0,0.0,0.0,0.0,1.0,0.0,1024.0,685.0,0.0121578467153284,Male,White,True,Male_White,0.0,1
7275,32--Worker_Laborer/32_Worker_Laborer_Worker_Laborer_32_921.jpg,222.0,232.0,796.0,1099.0,0.0,0.0,1.0,0.0,0.0,0.0,1024.0,1280.0,0.3796829223632812,Male,White,True,Male_White,14.0,1
7276,32--Worker_Laborer/32_Worker_Laborer_Worker_Laborer_32_803.jpg,324.0,190.0,488.0,418.0,0.0,0.0,0.0,0.0,0.0,0.0,1024.0,768.0,0.04754638671875,Female,White,True,Female_White,1.0,1
7280,32--Worker_Laborer/32_Worker_Laborer_Worker_Laborer_32_122.jpg,676.0,126.0,750.0,248.0,0.0,0.0,1.0,0.0,0.0,0.0,1024.0,753.0,0.0117083748339973,Male,White,True,Male_White,0.0,1
7282,32--Worker_Laborer/32_Worker_Laborer_Worker_Laborer_32_467.jpg,328.0,152.0,375.0,207.0,1.0,0.0,0.0,0.0,0.0,0.0,1024.0,682.0,0.0037014868951612,Male,White,True,Male_White,0.0,1
7285,33--Running/33_Running_Running_33_506.jpg,771.0,116.0,799.0,171.0,1.0,0.0,0.0,0.0,0.0,1.0,1024.0,696.0,0.002160784841954,Female,White,True,Female_White,0.0,1
7293,33--Running/33_Running_Running_33_378.jpg,387.0,401.0,440.0,498.0,1.0,0.0,0.0,0.0,0.0,0.0,1024.0,1509.0,0.0033270429506295,Female,White,True,Female_White,0.0,1
7294,33--Running/33_Running_Running_33_616.jpg,360.0,140.0,640.0,536.0,0.0,0.0,0.0,0.0,0.0,0.0,1024.0,930.0,0.1164314516129032,Male,White,True,Male_White,4.0,1
7298,33--Running/33_Running_Running_33_244.jpg,386.0,86.0,560.0,338.0,0.0,0.0,0.0,0.0,0.0,0.0,1024.0,683.0,0.0626944546120058,Male,White,True,Male_White,2.0,1
7299,33--Running/33_Running_Running_33_244.jpg,646.0,262.0,756.0,444.0,1.0,0.0,0.0,0.0,0.0,0.0,1024.0,683.0,0.0286248627379209,Male,Black,True,Male_Black,1.0,1
7301,33--Running/33_Running_Running_33_576.jpg,592.0,68.0,619.0,128.0,1.0,0.0,0.0,0.0,0.0,1.0,1024.0,683.0,0.0023162975841874,Female,Black,True,Female_Black,0.0,1
7302,33--Running/33_Running_Running_33_576.jpg,345.0,79.0,380.0,143.0,1.0,0.0,0.0,0.0,0.0,0.0,1024.0,683.0,0.0032027818448023,Male,Black,True,Male_Black,0.0,1
7305,33--Running/33_Running_Running_33_91.jpg,522.0,188.0,621.0,316.0,0.0,0.0,0.0,0.0,0.0,0.0,1024.0,1339.0,0.0092419716206123,Male,White,True,Male_White,0.0,1
7316,33--Running/33_Running_Running_33_220.jpg,534.0,160.0,602.0,258.0,1.0,0.0,0.0,0.0,0.0,0.0,1024.0,640.0,0.01016845703125,Male,White,True,Male_White,0.0,1
7318,33--Running/33_Running_Running_33_308.jpg,597.0,9.0,641.0,86.0,1.0,0.0,0.0,0.0,0.0,0.0,1024.0,683.0,0.0048442075402635,Female,White,True,Female_White,0.0,1
7319,33--Running/33_Running_Running_33_593.jpg,504.0,152.0,708.0,444.0,1.0,1.0,0.0,0.0,0.0,0.0,1024.0,768.0,0.07574462890625,Male,Black,True,Male_Black,2.0,1
7322,33--Running/33_Running_Running_33_300.jpg,443.0,110.0,535.0,251.0,0.0,0.0,1.0,0.0,0.0,0.0,1024.0,1567.0,0.0080842174537332,Male,White,True,Male_White,0.0,1
7326,33--Running/33_Running_Running_33_97.jpg,696.0,161.0,748.0,226.0,0.0,0.0,1.0,0.0,0.0,0.0,1024.0,783.0,0.0042155571519795,Male,White,True,Male_White,0.0,1
7337,33--Running/33_Running_Running_33_784.jpg,362.0,120.0,558.0,384.0,0.0,0.0,0.0,0.0,0.0,0.0,1024.0,576.0,0.0877278645833333,Female,White,True,Female_White,3.0,1
7338,33--Running/33_Running_Running_33_377.jpg,476.0,233.0,501.0,293.0,1.0,0.0,0.0,0.0,0.0,1.0,1024.0,768.0,0.0019073486328125,Female,White,True,Female_White,0.0,1
7343,33--Running/33_Running_Running_33_82.jpg,487.0,264.0,521.0,307.0,1.0,0.0,1.0,0.0,0.0,0.0,1024.0,935.0,0.0015269886363636,Female,White,True,Female_White,0.0,1
7344,33--Running/33_Running_Running_33_73.jpg,448.0,13.0,482.0,82.0,0.0,0.0,0.0,0.0,0.0,0.0,1024.0,592.0,0.0038699588260135,Female,White,True,Female_White,0.0,1
7349,33--Running/33_Running_Running_33_66.jpg,674.0,149.0,716.0,227.0,1.0,0.0,0.0,0.0,0.0,0.0,1024.0,820.0,0.0039014862804878,Male,White,True,Male_White,0.0,1
7350,33--Running/33_Running_Running_33_920.jpg,622.0,128.0,942.0,588.0,0.0,0.0,0.0,0.0,0.0,0.0,1024.0,981.0,0.1465341488277268,Female,Black,True,Female_Black,5.0,1
7351,33--Running/33_Running_Running_33_233.jpg,563.0,39.0,613.0,91.0,1.0,0.0,0.0,0.0,0.0,0.0,1024.0,434.0,0.0058503744239631,Female,White,True,Female_White,0.0,1
7353,33--Running/33_Running_Running_33_615.jpg,355.0,176.0,696.0,652.0,0.0,0.0,0.0,0.0,0.0,0.0,1024.0,1188.0,0.1334273726851851,Male,Black,True,Male_Black,4.0,1
7354,33--Running/33_Running_Running_33_473.jpg,280.0,82.0,374.0,234.0,1.0,0.0,0.0,0.0,0.0,0.0,1024.0,1556.0,0.0089673039845758,Male,White,True,Male_White,0.0,1
7355,33--Running/33_Running_Running_33_558.jpg,516.0,268.0,888.0,923.0,0.0,0.0,0.0,0.0,0.0,0.0,1024.0,1476.0,0.1612122078252032,Male,White,True,Male_White,6.0,1
7356,33--Running/33_Running_Running_33_824.jpg,434.0,92.0,552.0,242.0,1.0,0.0,0.0,0.0,0.0,0.0,1024.0,1475.0,0.01171875,Female,White,True,Female_White,0.0,1
7364,33--Running/33_Running_Running_33_889.jpg,300.0,48.0,672.0,554.0,0.0,0.0,0.0,0.0,0.0,0.0,1024.0,716.0,0.2567322800279329,Female,Asian,True,Female_Asian,9.0,1
7367,33--Running/33_Running_Running_33_810.jpg,363.0,655.0,774.0,1214.0,0.0,0.0,0.0,0.0,0.0,0.0,1024.0,1536.0,0.1460704803466797,Male,White,True,Male_White,5.0,1
7376,33--Running/33_Running_Running_33_732.jpg,470.0,198.0,572.0,330.0,0.0,0.0,0.0,0.0,0.0,0.0,1024.0,1532.0,0.0085825310052219,Female,White,True,Female_White,0.0,1
7378,33--Running/33_Running_Running_33_443.jpg,494.0,270.0,618.0,404.0,1.0,0.0,0.0,0.0,0.0,1.0,1024.0,682.0,0.0237926136363636,Male,Black,True,Male_Black,0.0,10
7381,33--Running/33_Running_Running_33_652.jpg,466.0,161.0,687.0,477.0,0.0,0.0,0.0,0.0,0.0,0.0,1024.0,1348.0,0.0505928922477744,Male,White,True,Male_White,1.0,1
7384,33--Running/33_Running_Running_33_80.jpg,461.0,92.0,511.0,153.0,0.0,0.0,1.0,0.0,0.0,0.0,1024.0,1024.0,0.002908706665039,Male,White,True,Male_White,0.0,1
7386,33--Running/33_Running_Running_33_457.jpg,407.0,78.0,438.0,131.0,1.0,0.0,1.0,0.0,0.0,0.0,1024.0,635.0,0.0025267593503937,Male,White,True,Male_White,0.0,1
7388,34--Baseball/34_Baseball_Baseball_34_92.jpg,363.0,159.0,462.0,288.0,1.0,0.0,1.0,0.0,0.0,0.0,1024.0,1536.0,0.0081195831298828,Male,White,True,Male_White,0.0,1
7389,34--Baseball/34_Baseball_Baseball_34_239.jpg,657.0,135.0,700.0,198.0,1.0,0.0,0.0,0.0,0.0,0.0,1024.0,663.0,0.0039902078619909,Male,White,True,Male_White,0.0,1
7390,34--Baseball/34_Baseball_Baseball_34_315.jpg,379.0,223.0,515.0,395.0,0.0,0.0,0.0,0.0,0.0,0.0,1024.0,1394.0,0.0163871951219512,Male,White,True,Male_White,0.0,1
7392,34--Baseball/34_Baseball_Baseball_34_135.jpg,602.0,400.0,683.0,505.0,1.0,0.0,0.0,0.0,0.0,0.0,1024.0,1377.0,0.0060317095588235,Male,White,True,Male_White,0.0,1
7393,34--Baseball/34_Baseball_Baseball_34_59.jpg,630.0,442.0,725.0,582.0,1.0,0.0,0.0,0.0,0.0,0.0,1024.0,1433.0,0.0090636994068388,Male,White,True,Male_White,0.0,1
7394,34--Baseball/34_Baseball_Baseball_34_119.jpg,650.0,138.0,734.0,240.0,0.0,0.0,1.0,0.0,0.0,0.0,1024.0,683.0,0.0122506405563689,Male,White,True,Male_White,0.0,1
7395,34--Baseball/34_Baseball_Baseball_34_5.jpg,252.0,182.0,306.0,264.0,0.0,0.0,0.0,0.0,1.0,0.0,1024.0,561.0,0.0077080548128342,Male,White,True,Male_White,0.0,1
7396,34--Baseball/34_Baseball_Baseball_34_670.jpg,326.0,217.0,655.0,652.0,0.0,0.0,0.0,0.0,0.0,0.0,1024.0,1295.0,0.1079233530405405,Male,Black,True,Male_Black,4.0,1
7430,34--Baseball/34_Baseball_Baseball_34_115.jpg,286.0,96.0,350.0,190.0,1.0,1.0,0.0,0.0,0.0,0.0,1024.0,545.0,0.0107798165137614,Male,White,True,Male_White,0.0,1
7445,34--Baseball/34_Baseball_Baseball_34_412.jpg,684.0,126.0,762.0,250.0,0.0,0.0,0.0,0.0,0.0,0.0,1024.0,768.0,0.012298583984375,Male,White,True,Male_White,0.0,1
7448,34--Baseball/34_Baseball_Baseball_34_491.jpg,539.0,173.0,645.0,324.0,0.0,0.0,1.0,0.0,0.0,0.0,1024.0,1428.0,0.0109459799544817,Male,White,True,Male_White,0.0,1
7449,34--Baseball/34_Baseball_Baseball_34_727.jpg,304.0,90.0,394.0,198.0,0.0,0.0,1.0,0.0,0.0,0.0,1024.0,800.0,0.011865234375,Male,White,True,Male_White,0.0,1
7460,34--Baseball/34_Baseball_Baseball_34_482.jpg,300.0,64.0,426.0,248.0,1.0,1.0,0.0,0.0,0.0,0.0,1024.0,653.0,0.0346717075038284,Male,White,True,Male_White,1.0,1
7469,34--Baseball/34_Baseball_Baseball_34_890.jpg,734.0,82.0,804.0,184.0,1.0,0.0,0.0,0.0,0.0,1.0,1024.0,640.0,0.010894775390625,Male,White,True,Male_White,0.0,1
7470,34--Baseball/34_Baseball_Baseball_34_111.jpg,195.0,197.0,237.0,249.0,1.0,0.0,0.0,0.0,0.0,0.0,1024.0,757.0,0.0028174537648612,Male,White,True,Male_White,0.0,1
7471,34--Baseball/34_Baseball_Baseball_34_641.jpg,320.0,48.0,500.0,286.0,0.0,0.0,0.0,0.0,0.0,0.0,1024.0,802.0,0.0521645105985037,Male,White,True,Male_White,1.0,1
7472,34--Baseball/34_Baseball_Baseball_34_764.jpg,340.0,104.0,560.0,370.0,0.0,0.0,0.0,0.0,0.0,0.0,1024.0,856.0,0.0667621933411214,Male,White,True,Male_White,2.0,1
7473,34--Baseball/34_Baseball_Baseball_34_571.jpg,226.0,88.0,636.0,642.0,0.0,0.0,0.0,0.0,0.0,0.0,1024.0,718.0,0.3089364989554317,Male,White,True,Male_White,11.0,1
7474,34--Baseball/34_Baseball_Baseball_34_109.jpg,390.0,78.0,446.0,154.0,1.0,0.0,0.0,0.0,0.0,0.0,1024.0,680.0,0.0061121323529411,Male,White,True,Male_White,0.0,1
7475,34--Baseball/34_Baseball_Baseball_34_194.jpg,563.0,191.0,610.0,255.0,1.0,0.0,1.0,0.0,0.0,0.0,1024.0,820.0,0.0035823170731707,Male,White,True,Male_White,0.0,1
7477,34--Baseball/34_Baseball_Baseball_34_741.jpg,404.0,74.0,456.0,140.0,0.0,0.0,0.0,0.0,0.0,0.0,1024.0,684.0,0.0048999451754385,Male,White,True,Male_White,0.0,1
7481,34--Baseball/34_Baseball_Baseball_34_156.jpg,448.0,169.0,555.0,297.0,0.0,0.0,0.0,0.0,0.0,0.0,1024.0,1521.0,0.0087935568704799,Male,White,True,Male_White,0.0,1
7482,34--Baseball/34_Baseball_Baseball_34_887.jpg,717.0,253.0,761.0,302.0,1.0,1.0,1.0,0.0,0.0,0.0,1024.0,768.0,0.0027414957682291,Male,White,True,Male_White,0.0,1
7485,34--Baseball/34_Baseball_Baseball_34_722.jpg,254.0,358.0,744.0,1004.0,0.0,0.0,0.0,0.0,0.0,0.0,1024.0,1041.0,0.2969462956292027,Female,White,True,Female_White,11.0,1
7486,34--Baseball/34_Baseball_Baseball_34_809.jpg,454.0,132.0,540.0,258.0,0.0,1.0,0.0,0.0,0.0,0.0,1024.0,684.0,0.0154708059210526,Male,White,True,Male_White,0.0,1
7487,34--Baseball/34_Baseball_Baseball_34_69.jpg,476.0,57.0,513.0,108.0,0.0,0.0,0.0,0.0,0.0,0.0,1024.0,563.0,0.0032731322158081,Male,White,True,Male_White,0.0,1
7497,34--Baseball/34_Baseball_Baseball_34_417.jpg,706.0,110.0,788.0,214.0,0.0,0.0,0.0,0.0,0.0,1.0,1024.0,768.0,0.0108439127604166,Male,White,True,Male_White,0.0,1
7502,34--Baseball/34_Baseball_Baseball_34_161.jpg,632.0,164.0,684.0,234.0,1.0,0.0,0.0,0.0,0.0,0.0,1024.0,812.0,0.0043776939655172,Male,White,True,Male_White,0.0,1
7504,34--Baseball/34_Baseball_Baseball_34_928.jpg,490.0,106.0,734.0,486.0,0.0,0.0,0.0,0.0,0.0,0.0,1024.0,820.0,0.1104230182926829,Male,White,True,Male_White,4.0,1
7510,34--Baseball/34_Baseball_Baseball_34_71.jpg,500.0,192.0,554.0,268.0,0.0,0.0,0.0,0.0,0.0,0.0,1024.0,697.0,0.0057500896700143,Male,White,True,Male_White,0.0,1
7515,35--Basketball/35_Basketball_playingbasketball_35_315.jpg,324.0,66.0,392.0,178.0,0.0,0.0,1.0,0.0,0.0,0.0,1024.0,640.0,0.01162109375,Male,Black,True,Male_Black,0.0,1
7525,35--Basketball/35_Basketball_playingbasketball_35_851.jpg,589.0,422.0,721.0,623.0,1.0,0.0,0.0,0.0,0.0,0.0,1024.0,2189.0,0.0118365263819095,Female,White,True,Female_White,0.0,1
7526,35--Basketball/35_Basketball_playingbasketball_35_851.jpg,444.0,102.0,598.0,341.0,1.0,0.0,0.0,0.0,0.0,0.0,1024.0,2189.0,0.0164199905778894,Male,Black,True,Male_Black,0.0,1
7536,35--Basketball/35_Basketball_Basketball_35_680.jpg,374.0,124.0,515.0,282.0,0.0,0.0,0.0,0.0,0.0,1.0,1024.0,1076.0,0.0202192001626394,Male,White,True,Male_White,0.0,1
7539,35--Basketball/35_Basketball_basketballgame_ball_35_352.jpg,338.0,118.0,580.0,422.0,0.0,0.0,0.0,0.0,1.0,0.0,1024.0,768.0,0.0935465494791666,Male,White,True,Male_White,3.0,1
7540,35--Basketball/35_Basketball_basketballgame_ball_35_859.jpg,184.0,180.0,312.0,382.0,0.0,0.0,0.0,0.0,0.0,0.0,1024.0,673.0,0.037518573551263,Male,Black,True,Male_Black,1.0,10
7541,35--Basketball/35_Basketball_basketballgame_ball_35_859.jpg,484.0,224.0,618.0,398.0,0.0,0.0,0.0,0.0,0.0,0.0,1024.0,673.0,0.0338328844725111,Male,Black,True,Male_Black,1.0,10
7542,35--Basketball/35_Basketball_basketballgame_ball_35_859.jpg,808.0,36.0,958.0,238.0,0.0,0.0,0.0,0.0,0.0,0.0,1024.0,673.0,0.0439670783803863,Male,Black,True,Male_Black,1.0,10
7550,35--Basketball/35_Basketball_basketballgame_ball_35_358.jpg,412.0,102.0,542.0,252.0,0.0,0.0,0.0,0.0,0.0,0.0,1024.0,684.0,0.0278405975877193,Male,White,True,Male_White,0.0,1
7553,35--Basketball/35_Basketball_basketballgame_ball_35_842.jpg,114.0,131.0,156.0,194.0,1.0,1.0,0.0,0.0,0.0,0.0,1024.0,768.0,0.0033645629882812,Male,Black,True,Male_Black,0.0,10
7554,35--Basketball/35_Basketball_basketballgame_ball_35_842.jpg,478.0,87.0,545.0,185.0,0.0,0.0,0.0,0.0,0.0,0.0,1024.0,768.0,0.0083491007486979,Male,Black,True,Male_Black,0.0,10
7555,35--Basketball/35_Basketball_basketballgame_ball_35_842.jpg,914.0,280.0,957.0,345.0,1.0,0.0,0.0,0.0,0.0,0.0,1024.0,768.0,0.0035540262858072,Male,Black,True,Male_Black,0.0,10
7556,35--Basketball/35_Basketball_basketballgame_ball_35_594.jpg,731.0,612.0,931.0,711.0,0.0,0.0,0.0,0.0,0.0,1.0,1024.0,1445.0,0.0133812716262975,Male,Black,True,Male_Black,0.0,1
7557,35--Basketball/35_Basketball_basketballgame_ball_35_594.jpg,155.0,818.0,313.0,905.0,1.0,0.0,0.0,0.0,0.0,1.0,1024.0,1445.0,0.0092898464532871,Male,Black,True,Male_Black,0.0,1
7558,35--Basketball/35_Basketball_playingbasketball_35_232.jpg,683.0,491.0,815.0,600.0,0.0,0.0,0.0,0.0,0.0,1.0,1024.0,1325.0,0.0106043632075471,Male,Black,True,Male_Black,0.0,1
7559,35--Basketball/35_Basketball_playingbasketball_35_232.jpg,49.0,701.0,189.0,799.0,0.0,0.0,0.0,0.0,0.0,1.0,1024.0,1325.0,0.0101120283018867,Male,Black,True,Male_Black,0.0,1
7561,35--Basketball/35_Basketball_Basketball_35_611.jpg,449.0,504.0,551.0,620.0,0.0,0.0,0.0,0.0,0.0,1.0,1024.0,1345.0,0.008590845724907,Male,White,True,Male_White,0.0,1
7568,35--Basketball/35_Basketball_basketballgame_ball_35_710.jpg,290.0,133.0,603.0,556.0,0.0,0.0,0.0,0.0,0.0,0.0,1024.0,1135.0,0.1139170911343612,Male,White,True,Male_White,4.0,1
7574,35--Basketball/35_Basketball_basketballgame_ball_35_158.jpg,430.0,307.0,987.0,1159.0,0.0,0.0,0.0,0.0,0.0,0.0,1024.0,1439.0,0.3220579612578179,Female,Black,True,Female_Black,12.0,1
7575,35--Basketball/35_Basketball_basketballgame_ball_35_158.jpg,115.0,138.0,652.0,1021.0,0.0,0.0,0.0,0.0,0.0,0.0,1024.0,1439.0,0.3217912558634468,Male,Black,True,Male_Black,12.0,1
7583,35--Basketball/35_Basketball_playingbasketball_35_313.jpg,470.0,460.0,564.0,590.0,1.0,0.0,0.0,0.0,0.0,0.0,1024.0,710.0,0.0168078785211267,Male,Black,True,Male_Black,0.0,1
7584,35--Basketball/35_Basketball_playingbasketball_35_313.jpg,60.0,478.0,162.0,674.0,1.0,1.0,0.0,0.0,0.0,0.0,1024.0,710.0,0.0274977992957746,Male,White,True,Male_White,0.0,1
7588,35--Basketball/35_Basketball_basketballgame_ball_35_56.jpg,414.0,448.0,622.0,750.0,0.0,0.0,0.0,0.0,0.0,0.0,1024.0,1461.0,0.0419875085557837,Male,White,True,Male_White,1.0,1
7598,35--Basketball/35_Basketball_basketballgame_ball_35_515.jpg,167.0,373.0,696.0,1059.0,0.0,0.0,1.0,0.0,0.0,0.0,1024.0,1273.0,0.2783885874901807,Male,White,True,Male_White,10.0,1
7609,35--Basketball/35_Basketball_playingbasketball_35_831.jpg,222.0,78.0,310.0,192.0,0.0,1.0,0.0,0.0,0.0,0.0,1024.0,768.0,0.01275634765625,Male,Black,True,Male_Black,0.0,1
7610,35--Basketball/35_Basketball_playingbasketball_35_831.jpg,624.0,96.0,726.0,242.0,0.0,0.0,0.0,0.0,0.0,0.0,1024.0,768.0,0.0189361572265625,Male,Black,True,Male_Black,0.0,1
7612,35--Basketball/35_Basketball_Basketball_35_705.jpg,408.0,328.0,616.0,595.0,0.0,0.0,0.0,0.0,0.0,0.0,1024.0,1365.0,0.0397321428571428,Female,White,True,Female_White,1.0,1
7614,35--Basketball/35_Basketball_playingbasketball_35_430.jpg,473.0,80.0,578.0,212.0,0.0,0.0,1.0,0.0,0.0,0.0,1024.0,1410.0,0.0095994015957446,Female,White,True,Female_White,0.0,1
7616,35--Basketball/35_Basketball_basketballgame_ball_35_237.jpg,630.0,134.0,720.0,248.0,0.0,0.0,0.0,0.0,0.0,0.0,1024.0,731.0,0.0137066090971272,Male,White,True,Male_White,0.0,1
7631,35--Basketball/35_Basketball_playingbasketball_35_865.jpg,440.0,64.0,582.0,282.0,0.0,0.0,0.0,0.0,0.0,0.0,1024.0,606.0,0.0498852619636963,Female,White,True,Female_White,1.0,1
7632,35--Basketball/35_Basketball_Basketball_35_280.jpg,117.0,143.0,151.0,192.0,1.0,0.0,0.0,0.0,0.0,0.0,1024.0,683.0,0.0023820689970717,Male,Black,True,Male_Black,0.0,1
7633,35--Basketball/35_Basketball_Basketball_35_280.jpg,240.0,147.0,278.0,197.0,1.0,0.0,0.0,0.0,0.0,0.0,1024.0,683.0,0.0027166453147877,Male,White,True,Male_White,0.0,1
7634,35--Basketball/35_Basketball_Basketball_35_280.jpg,355.0,165.0,392.0,213.0,1.0,0.0,0.0,0.0,0.0,0.0,1024.0,683.0,0.0025393484626647,Male,Black,True,Male_Black,0.0,1
7635,35--Basketball/35_Basketball_Basketball_35_280.jpg,458.0,157.0,494.0,205.0,1.0,0.0,0.0,0.0,0.0,0.0,1024.0,683.0,0.0024707174231332,Male,Black,True,Male_Black,0.0,1
7636,35--Basketball/35_Basketball_Basketball_35_280.jpg,518.0,137.0,551.0,184.0,1.0,0.0,0.0,0.0,0.0,0.0,1024.0,683.0,0.0022176404648609,Male,Black,True,Male_Black,0.0,1
7637,35--Basketball/35_Basketball_Basketball_35_280.jpg,627.0,135.0,660.0,184.0,1.0,0.0,0.0,0.0,0.0,0.0,1024.0,683.0,0.0023120081442166,Male,Black,True,Male_Black,0.0,1
7638,35--Basketball/35_Basketball_Basketball_35_280.jpg,737.0,143.0,772.0,191.0,1.0,0.0,0.0,0.0,0.0,0.0,1024.0,683.0,0.0024020863836017,Male,Black,True,Male_Black,0.0,1
7639,35--Basketball/35_Basketball_Basketball_35_280.jpg,853.0,155.0,890.0,201.0,1.0,0.0,0.0,0.0,0.0,0.0,1024.0,683.0,0.0024335422767203,Male,Black,True,Male_Black,0.0,1
7640,35--Basketball/35_Basketball_Basketball_35_280.jpg,169.0,278.0,208.0,337.0,1.0,0.0,0.0,0.0,0.0,0.0,1024.0,683.0,0.0032900004575402,Male,Black,True,Male_Black,0.0,1
7641,35--Basketball/35_Basketball_Basketball_35_280.jpg,327.0,281.0,370.0,340.0,1.0,0.0,0.0,0.0,0.0,0.0,1024.0,683.0,0.0036274364019033,Male,Black,True,Male_Black,0.0,1
7642,35--Basketball/35_Basketball_Basketball_35_280.jpg,496.0,292.0,539.0,351.0,1.0,0.0,0.0,0.0,0.0,0.0,1024.0,683.0,0.0036274364019033,Male,Black,True,Male_Black,0.0,1
7643,35--Basketball/35_Basketball_Basketball_35_280.jpg,651.0,274.0,691.0,331.0,1.0,0.0,0.0,0.0,0.0,0.0,1024.0,683.0,0.0032599743777452,Male,Black,True,Male_Black,0.0,1
7644,35--Basketball/35_Basketball_Basketball_35_280.jpg,832.0,283.0,873.0,345.0,1.0,0.0,0.0,0.0,0.0,0.0,1024.0,683.0,0.0036345854685212,Male,Black,True,Male_Black,0.0,1
7645,35--Basketball/35_Basketball_Basketball_35_746.jpg,790.0,14.0,844.0,98.0,0.0,0.0,1.0,0.0,0.0,0.0,1024.0,768.0,0.005767822265625,Male,Black,True,Male_Black,0.0,1
7649,35--Basketball/35_Basketball_playingbasketball_35_369.jpg,408.0,104.0,474.0,202.0,1.0,0.0,0.0,0.0,0.0,0.0,1024.0,768.0,0.0082244873046875,Male,White,True,Male_White,0.0,1
7652,35--Basketball/35_Basketball_Basketball_35_285.jpg,568.0,495.0,735.0,732.0,0.0,0.0,0.0,0.0,0.0,0.0,1024.0,1555.0,0.0248561846864951,Male,White,True,Male_White,0.0,1
7654,35--Basketball/35_Basketball_playingbasketball_35_69.jpg,620.0,52.0,700.0,192.0,0.0,0.0,0.0,0.0,0.0,0.0,1024.0,774.0,0.0141311369509043,Female,White,True,Female_White,0.0,1
7655,35--Basketball/35_Basketball_playingbasketball_35_324.jpg,589.0,775.0,755.0,887.0,1.0,0.0,1.0,0.0,0.0,1.0,1024.0,2121.0,0.0085602310231023,Male,White,True,Male_White,0.0,1
7657,35--Basketball/35_Basketball_playingbasketball_35_817.jpg,466.0,97.0,633.0,316.0,0.0,0.0,0.0,0.0,0.0,0.0,1024.0,1275.0,0.0280124080882352,Female,White,True,Female_White,0.0,1
7658,35--Basketball/35_Basketball_playingbasketball_35_265.jpg,494.0,148.0,556.0,214.0,0.0,0.0,0.0,0.0,0.0,1.0,1024.0,576.0,0.0069376627604166,Male,White,True,Male_White,0.0,1
7659,35--Basketball/35_Basketball_playingbasketball_35_265.jpg,234.0,84.0,308.0,154.0,0.0,0.0,0.0,0.0,0.0,1.0,1024.0,576.0,0.0087822808159722,Male,Black,True,Male_Black,0.0,1
7666,35--Basketball/35_Basketball_Basketball_35_709.jpg,196.0,96.0,416.0,398.0,0.0,0.0,0.0,0.0,0.0,0.0,1024.0,576.0,0.1126437717013889,Female,White,True,Female_White,4.0,1
7671,35--Basketball/35_Basketball_Basketball_35_47.jpg,473.0,285.0,559.0,376.0,0.0,0.0,0.0,0.0,0.0,1.0,1024.0,1416.0,0.0053973009357344,Male,Black,True,Male_Black,0.0,1
7672,35--Basketball/35_Basketball_Basketball_35_47.jpg,753.0,554.0,869.0,631.0,0.0,0.0,0.0,0.0,0.0,1.0,1024.0,1416.0,0.0061600679731638,Male,Black,True,Male_Black,0.0,1
7674,35--Basketball/35_Basketball_Basketball_35_840.jpg,370.0,38.0,500.0,212.0,0.0,0.0,0.0,0.0,0.0,0.0,1024.0,768.0,0.0287628173828125,Male,Black,True,Male_Black,1.0,1
7675,35--Basketball/35_Basketball_Basketball_35_840.jpg,302.0,50.0,378.0,126.0,1.0,0.0,0.0,0.0,0.0,1.0,1024.0,768.0,0.0073445638020833,Male,Black,True,Male_Black,0.0,1
7676,35--Basketball/35_Basketball_basketballgame_ball_35_297.jpg,466.0,78.0,640.0,312.0,0.0,0.0,1.0,0.0,0.0,0.0,1024.0,854.0,0.0465593896370023,Male,Black,True,Male_Black,1.0,1
7681,35--Basketball/35_Basketball_Basketball_35_69.jpg,490.0,379.0,643.0,542.0,0.0,0.0,0.0,0.0,0.0,1.0,1024.0,1349.0,0.0180537377223869,Male,Black,True,Male_Black,0.0,1
7683,35--Basketball/35_Basketball_playingbasketball_35_189.jpg,374.0,178.0,508.0,354.0,0.0,0.0,0.0,0.0,0.0,0.0,1024.0,754.0,0.030545424403183,Male,White,True,Male_White,1.0,1
7684,35--Basketball/35_Basketball_playingbasketball_35_336.jpg,402.0,47.0,574.0,316.0,0.0,0.0,1.0,0.0,0.0,0.0,1024.0,1518.0,0.0297652132740447,Male,Black,True,Male_Black,1.0,1
7685,35--Basketball/35_Basketball_basketballgame_ball_35_1030.jpg,482.0,326.0,540.0,398.0,1.0,0.0,0.0,0.0,0.0,0.0,1024.0,682.0,0.0059796554252199,Female,White,True,Female_White,0.0,1
7686,35--Basketball/35_Basketball_basketballgame_ball_35_1030.jpg,494.0,492.0,568.0,612.0,1.0,0.0,0.0,0.0,0.0,0.0,1024.0,682.0,0.0127153592375366,Male,Black,True,Male_Black,0.0,1
7693,35--Basketball/35_Basketball_playingbasketball_35_75.jpg,444.0,201.0,648.0,456.0,0.0,0.0,0.0,0.0,0.0,0.0,1024.0,1536.0,0.0330734252929687,Male,White,True,Male_White,1.0,1
7695,35--Basketball/35_Basketball_basketballgame_ball_35_964.jpg,400.0,34.0,542.0,258.0,0.0,1.0,0.0,0.0,0.0,0.0,1024.0,1024.0,0.03033447265625,Male,Black,True,Male_Black,1.0,1
7701,35--Basketball/35_Basketball_playingbasketball_35_394.jpg,462.0,120.0,564.0,261.0,0.0,0.0,0.0,0.0,0.0,0.0,1024.0,1536.0,0.0091438293457031,Female,White,True,Female_White,0.0,1
7702,35--Basketball/35_Basketball_playingbasketball_35_769.jpg,495.0,123.0,587.0,283.0,0.0,0.0,1.0,0.0,0.0,0.0,1024.0,1466.0,0.0098055934515688,Female,White,True,Female_White,0.0,1
7706,35--Basketball/35_Basketball_playingbasketball_35_439.jpg,438.0,111.0,552.0,240.0,0.0,0.0,1.0,0.0,0.0,0.0,1024.0,1536.0,0.0093498229980468,Female,White,True,Female_White,0.0,1
7712,35--Basketball/35_Basketball_playingbasketball_35_396.jpg,348.0,228.0,450.0,345.0,0.0,0.0,0.0,0.0,0.0,0.0,1024.0,1536.0,0.0075874328613281,Male,White,True,Male_White,0.0,1
7713,35--Basketball/35_Basketball_basketballgame_ball_35_983.jpg,478.0,76.0,620.0,266.0,0.0,0.0,0.0,0.0,0.0,0.0,1024.0,576.0,0.0457424587673611,Male,White,True,Male_White,1.0,1
7733,35--Basketball/35_Basketball_playingbasketball_35_648.jpg,514.0,159.0,659.0,348.0,0.0,0.0,0.0,0.0,0.0,1.0,1024.0,1729.0,0.0154787133097166,Female,White,True,Female_White,0.0,1
7734,35--Basketball/35_Basketball_playingbasketball_35_613.jpg,300.0,172.0,352.0,208.0,1.0,0.0,0.0,0.0,1.0,1.0,1024.0,683.0,0.0026766105417276,Male,White,True,Male_White,0.0,1
7735,35--Basketball/35_Basketball_playingbasketball_35_873.jpg,670.0,357.0,796.0,519.0,1.0,0.0,0.0,0.0,0.0,1.0,1024.0,1536.0,0.0129776000976562,Female,White,True,Female_White,0.0,1
7744,35--Basketball/35_Basketball_Basketball_35_821.jpg,306.0,156.0,378.0,270.0,0.0,0.0,0.0,0.0,0.0,0.0,1024.0,820.0,0.0097751524390243,Male,White,True,Male_White,0.0,1
7745,35--Basketball/35_Basketball_playingbasketball_35_563.jpg,520.0,249.0,613.0,360.0,0.0,0.0,0.0,0.0,0.0,1.0,1024.0,1537.0,0.0065589165175666,Female,White,True,Female_White,0.0,1
7746,35--Basketball/35_Basketball_basketballgame_ball_35_806.jpg,214.0,457.0,311.0,520.0,1.0,0.0,0.0,0.0,0.0,1.0,1024.0,1536.0,0.003885269165039,Male,Black,True,Male_Black,0.0,1
7747,35--Basketball/35_Basketball_basketballgame_ball_35_806.jpg,512.0,501.0,574.0,585.0,1.0,0.0,0.0,0.0,1.0,0.0,1024.0,1536.0,0.0033111572265625,Male,White,True,Male_White,0.0,1
7748,35--Basketball/35_Basketball_basketballgame_ball_35_806.jpg,708.0,580.0,762.0,636.0,1.0,0.0,0.0,0.0,0.0,1.0,1024.0,1536.0,0.001922607421875,Male,White,True,Male_White,0.0,1
7759,35--Basketball/35_Basketball_basketballgame_ball_35_743.jpg,369.0,257.0,759.0,849.0,0.0,0.0,0.0,0.0,0.0,0.0,1024.0,1547.0,0.1457457983193277,Female,White,True,Female_White,5.0,1
7760,35--Basketball/35_Basketball_playingbasketball_35_520.jpg,746.0,108.0,824.0,238.0,0.0,1.0,0.0,0.0,0.0,0.0,1024.0,683.0,0.0144983071010248,Male,Black,True,Male_Black,0.0,1
7762,35--Basketball/35_Basketball_playingbasketball_35_415.jpg,534.0,1073.0,821.0,1206.0,0.0,0.0,1.0,0.0,0.0,1.0,1024.0,1579.0,0.0236075789661177,Male,White,True,Male_White,0.0,1
7763,35--Basketball/35_Basketball_playingbasketball_35_676.jpg,500.0,50.0,834.0,460.0,0.0,0.0,0.0,0.0,0.0,0.0,1024.0,768.0,0.1741282145182291,Male,White,True,Male_White,6.0,1
7766,35--Basketball/35_Basketball_playingbasketball_35_412.jpg,350.0,153.0,381.0,186.0,1.0,0.0,0.0,0.0,0.0,1.0,1024.0,634.0,0.0015757467468454,Female,White,True,Female_White,0.0,1
7767,35--Basketball/35_Basketball_playingbasketball_35_696.jpg,218.0,246.0,380.0,368.0,0.0,0.0,0.0,0.0,0.0,1.0,1024.0,711.0,0.0271459651898734,Male,Black,True,Male_Black,0.0,1
7768,35--Basketball/35_Basketball_playingbasketball_35_696.jpg,740.0,72.0,936.0,200.0,0.0,0.0,0.0,0.0,0.0,1.0,1024.0,711.0,0.0344585091420534,Male,White,True,Male_White,1.0,1
7769,35--Basketball/35_Basketball_playingbasketball_35_24.jpg,418.0,116.0,496.0,230.0,0.0,0.0,0.0,0.0,0.0,0.0,1024.0,754.0,0.0115167025862068,Male,White,True,Male_White,0.0,1
7771,35--Basketball/35_Basketball_basketballgame_ball_35_539.jpg,628.0,66.0,722.0,194.0,0.0,0.0,0.0,0.0,0.0,0.0,1024.0,695.0,0.0169064748201438,Male,White,True,Male_White,0.0,1
7775,35--Basketball/35_Basketball_playingbasketball_35_131.jpg,177.0,513.0,394.0,795.0,0.0,0.0,0.0,0.0,0.0,0.0,1024.0,1392.0,0.0429308661099137,Male,White,True,Male_White,1.0,1
7780,35--Basketball/35_Basketball_basketballgame_ball_35_313.jpg,564.0,314.0,654.0,358.0,0.0,0.0,0.0,0.0,1.0,1.0,1024.0,707.0,0.0054698550212164,Male,Black,True,Male_Black,0.0,1
7781,35--Basketball/35_Basketball_basketballgame_ball_35_313.jpg,260.0,336.0,340.0,406.0,0.0,0.0,0.0,0.0,1.0,0.0,1024.0,707.0,0.0077351485148514,Male,Black,True,Male_Black,0.0,1
7782,35--Basketball/35_Basketball_playingbasketball_35_42.jpg,443.0,464.0,511.0,537.0,0.0,1.0,0.0,0.0,0.0,1.0,1024.0,1392.0,0.0034825116738505,Male,Black,True,Male_Black,0.0,1
7790,35--Basketball/35_Basketball_Basketball_35_381.jpg,443.0,40.0,494.0,112.0,0.0,0.0,1.0,0.0,0.0,0.0,1024.0,576.0,0.0062255859375,Male,Black,True,Male_Black,0.0,1
7807,35--Basketball/35_Basketball_playingbasketball_35_32.jpg,312.0,524.0,369.0,595.0,0.0,0.0,1.0,0.0,0.0,0.0,1024.0,1392.0,0.0028391870959051,Male,Black,True,Male_Black,0.0,1
7808,35--Basketball/35_Basketball_playingbasketball_35_54.jpg,405.0,435.0,516.0,531.0,0.0,1.0,0.0,0.0,0.0,1.0,1024.0,1540.0,0.0067573051948051,Male,Asian,True,Male_Asian,0.0,1
7813,35--Basketball/35_Basketball_basketballgame_ball_35_1046.jpg,300.0,53.0,405.0,205.0,0.0,0.0,0.0,0.0,0.0,0.0,1024.0,1038.0,0.0150153540462427,Male,White,True,Male_White,0.0,1
7814,35--Basketball/35_Basketball_basketballgame_ball_35_1046.jpg,389.0,61.0,494.0,217.0,0.0,0.0,0.0,0.0,1.0,0.0,1024.0,1038.0,0.0154104949421965,Male,Black,True,Male_Black,0.0,1
7815,35--Basketball/35_Basketball_basketballgame_ball_35_1046.jpg,576.0,87.0,690.0,257.0,0.0,0.0,0.0,0.0,0.0,0.0,1024.0,1038.0,0.0182329299132948,Male,White,True,Male_White,0.0,1
7816,35--Basketball/35_Basketball_playingbasketball_35_141.jpg,406.0,573.0,541.0,740.0,0.0,0.0,0.0,0.0,0.0,1.0,1024.0,1360.0,0.0161886776194852,Male,White,True,Male_White,0.0,1
7817,35--Basketball/35_Basketball_playingbasketball_35_533.jpg,376.0,24.0,542.0,286.0,0.0,1.0,0.0,0.0,0.0,0.0,1024.0,693.0,0.0612881042568542,Male,Black,True,Male_Black,2.0,1
7818,35--Basketball/35_Basketball_playingbasketball_35_103.jpg,375.0,481.0,505.0,668.0,0.0,0.0,0.0,0.0,0.0,0.0,1024.0,1392.0,0.0170547660739942,Male,White,True,Male_White,0.0,1
7819,35--Basketball/35_Basketball_Basketball_35_163.jpg,229.0,555.0,314.0,645.0,0.0,0.0,0.0,0.0,0.0,1.0,1024.0,1358.0,0.0055012541421207,Male,White,True,Male_White,0.0,1
7820,35--Basketball/35_Basketball_Basketball_35_163.jpg,742.0,635.0,791.0,705.0,0.0,0.0,0.0,0.0,0.0,0.0,1024.0,1358.0,0.0024665753865979,Male,White,True,Male_White,0.0,1
7821,35--Basketball/35_Basketball_Basketball_35_163.jpg,568.0,248.0,669.0,354.0,0.0,0.0,0.0,0.0,0.0,1.0,1024.0,1358.0,0.007698879326215,Male,Black,True,Male_Black,0.0,1
7824,35--Basketball/35_Basketball_Basketball_35_730.jpg,116.0,10.0,284.0,198.0,0.0,1.0,0.0,0.0,0.0,0.0,1024.0,615.0,0.0501524390243902,Male,Black,True,Male_Black,1.0,1
7825,35--Basketball/35_Basketball_Basketball_35_730.jpg,370.0,70.0,524.0,340.0,0.0,1.0,0.0,0.0,0.0,0.0,1024.0,615.0,0.0660251524390243,Male,Black,True,Male_Black,2.0,1
7826,35--Basketball/35_Basketball_basketballgame_ball_35_621.jpg,248.0,60.0,390.0,226.0,0.0,1.0,0.0,0.0,0.0,1.0,1024.0,660.0,0.0348780776515151,Male,Black,True,Male_Black,1.0,1
7827,35--Basketball/35_Basketball_basketballgame_ball_35_621.jpg,770.0,58.0,902.0,250.0,0.0,0.0,0.0,0.0,0.0,0.0,1024.0,660.0,0.0375,Male,White,True,Male_White,1.0,1
7828,35--Basketball/35_Basketball_basketballgame_ball_35_621.jpg,608.0,8.0,768.0,118.0,0.0,0.0,0.0,0.0,0.0,1.0,1024.0,660.0,0.0260416666666666,Male,White,True,Male_White,0.0,1
7851,35--Basketball/35_Basketball_basketballgame_ball_35_356.jpg,388.0,75.0,679.0,435.0,0.0,0.0,0.0,0.0,0.0,0.0,1024.0,1272.0,0.0804282134433962,Male,White,True,Male_White,2.0,1
7855,35--Basketball/35_Basketball_Basketball_35_73.jpg,470.0,10.0,594.0,150.0,0.0,0.0,0.0,0.0,0.0,0.0,1024.0,827.0,0.0204995465538089,Male,White,True,Male_White,0.0,1
7859,35--Basketball/35_Basketball_Basketball_35_188.jpg,85.0,37.0,135.0,108.0,1.0,0.0,0.0,0.0,0.0,0.0,1024.0,727.0,0.0047686339408528,Male,Indian,True,Male_Indian,0.0,10
7860,35--Basketball/35_Basketball_Basketball_35_188.jpg,204.0,64.0,255.0,127.0,1.0,0.0,0.0,0.0,0.0,0.0,1024.0,727.0,0.0043159495357634,Male,Indian,True,Male_Indian,0.0,10
7861,35--Basketball/35_Basketball_Basketball_35_188.jpg,339.0,104.0,378.0,162.0,1.0,0.0,0.0,0.0,0.0,0.0,1024.0,727.0,0.0030384929504814,Male,Indian,True,Male_Indian,0.0,10
7862,35--Basketball/35_Basketball_Basketball_35_188.jpg,443.0,107.0,486.0,171.0,1.0,0.0,0.0,0.0,0.0,0.0,1024.0,727.0,0.0036966987620357,Male,Indian,True,Male_Indian,0.0,10
7863,35--Basketball/35_Basketball_Basketball_35_188.jpg,568.0,81.0,615.0,146.0,1.0,0.0,0.0,0.0,0.0,0.0,1024.0,727.0,0.0041037117434663,Male,Indian,True,Male_Indian,0.0,10
7864,35--Basketball/35_Basketball_Basketball_35_188.jpg,739.0,39.0,788.0,107.0,1.0,0.0,0.0,0.0,0.0,0.0,1024.0,727.0,0.0044757995185694,Male,Indian,True,Male_Indian,0.0,10
7865,35--Basketball/35_Basketball_Basketball_35_188.jpg,873.0,19.0,925.0,91.0,1.0,0.0,0.0,0.0,0.0,0.0,1024.0,727.0,0.0050292297111416,Male,Indian,True,Male_Indian,0.0,10
7866,35--Basketball/35_Basketball_Basketball_35_188.jpg,353.0,350.0,405.0,418.0,1.0,0.0,0.0,0.0,0.0,0.0,1024.0,727.0,0.0047498280605226,Male,Indian,True,Male_Indian,0.0,10
7867,35--Basketball/35_Basketball_Basketball_35_188.jpg,598.0,343.0,649.0,407.0,1.0,0.0,0.0,0.0,0.0,0.0,1024.0,727.0,0.0043844566712517,Male,Indian,True,Male_Indian,0.0,10
7873,35--Basketball/35_Basketball_basketballgame_ball_35_573.jpg,638.0,98.0,752.0,224.0,0.0,0.0,0.0,0.0,0.0,1.0,1024.0,577.0,0.0243108210571923,Male,Black,True,Male_Black,0.0,1
7874,35--Basketball/35_Basketball_basketballgame_ball_35_918.jpg,427.0,85.0,622.0,327.0,0.0,0.0,0.0,0.0,0.0,0.0,1024.0,1280.0,0.0360031127929687,Male,White,True,Male_White,1.0,1
7878,35--Basketball/35_Basketball_playingbasketball_35_203.jpg,387.0,459.0,478.0,533.0,0.0,0.0,0.0,0.0,0.0,1.0,1024.0,1392.0,0.004724261404454,Male,White,True,Male_White,0.0,1
7879,35--Basketball/35_Basketball_playingbasketball_35_14.jpg,335.0,134.0,466.0,274.0,0.0,0.0,0.0,0.0,0.0,0.0,1024.0,1427.0,0.0125509153819201,Female,White,True,Female_White,0.0,1
7910,35--Basketball/35_Basketball_playingbasketball_35_332.jpg,340.0,130.0,380.0,179.0,0.0,0.0,0.0,0.0,0.0,0.0,1024.0,985.0,0.0019432106598984,Female,Asian,True,Female_Asian,0.0,1
7911,35--Basketball/35_Basketball_playingbasketball_35_332.jpg,293.0,384.0,357.0,452.0,0.0,0.0,0.0,0.0,0.0,0.0,1024.0,985.0,0.0043147208121827,Male,White,True,Male_White,0.0,1
7912,35--Basketball/35_Basketball_playingbasketball_35_332.jpg,871.0,63.0,921.0,122.0,0.0,0.0,0.0,0.0,0.0,0.0,1024.0,985.0,0.0029247303299492,Male,Asian,True,Male_Asian,0.0,1
7913,35--Basketball/35_Basketball_playingbasketball_35_332.jpg,786.0,271.0,840.0,324.0,0.0,0.0,0.0,0.0,0.0,0.0,1024.0,985.0,0.0028374841370558,Female,Asian,True,Female_Asian,0.0,1
7919,35--Basketball/35_Basketball_playingbasketball_35_106.jpg,722.0,4.0,790.0,96.0,0.0,0.0,0.0,0.0,0.0,0.0,1024.0,754.0,0.0081026193633952,Male,White,True,Male_White,0.0,1
7920,35--Basketball/35_Basketball_playingbasketball_35_34.jpg,407.0,177.0,548.0,356.0,0.0,0.0,0.0,0.0,0.0,0.0,1024.0,1392.0,0.017706509294181,Male,White,True,Male_White,0.0,1
7925,35--Basketball/35_Basketball_basketballgame_ball_35_447.jpg,482.0,104.0,780.0,398.0,0.0,0.0,0.0,0.0,0.0,1.0,1024.0,1024.0,0.0835533142089843,Female,Black,True,Female_Black,3.0,1
7945,35--Basketball/35_Basketball_playingbasketball_35_744.jpg,398.0,272.0,452.0,338.0,1.0,0.0,0.0,0.0,0.0,0.0,1024.0,1024.0,0.0033988952636718,Male,Black,True,Male_Black,0.0,1
7946,35--Basketball/35_Basketball_playingbasketball_35_744.jpg,540.0,342.0,598.0,400.0,1.0,0.0,0.0,0.0,0.0,1.0,1024.0,1024.0,0.0032081604003906,Male,Black,True,Male_Black,0.0,1
7947,35--Basketball/35_Basketball_playingbasketball_35_866.jpg,509.0,57.0,863.0,592.0,0.0,0.0,0.0,0.0,0.0,0.0,1024.0,1449.0,0.127640560300207,Male,Black,True,Male_Black,4.0,10
7958,35--Basketball/35_Basketball_playingbasketball_35_10.jpg,595.0,251.0,675.0,371.0,0.0,0.0,0.0,0.0,0.0,1.0,1024.0,1366.0,0.0068631039531478,Female,White,True,Female_White,0.0,1
7959,35--Basketball/35_Basketball_basketballgame_ball_35_318.jpg,670.0,26.0,866.0,278.0,0.0,0.0,0.0,0.0,0.0,0.0,1024.0,684.0,0.0705180921052631,Female,Black,True,Female_Black,2.0,1
7960,35--Basketball/35_Basketball_basketballgame_ball_35_318.jpg,306.0,36.0,516.0,212.0,0.0,0.0,0.0,0.0,1.0,1.0,1024.0,684.0,0.0527686403508771,Female,Black,True,Female_Black,1.0,1
7961,35--Basketball/35_Basketball_basketballgame_ball_35_451.jpg,367.0,90.0,707.0,527.0,0.0,0.0,0.0,0.0,0.0,0.0,1024.0,1280.0,0.1133575439453125,Female,Indian,True,Female_Indian,4.0,1
7962,35--Basketball/35_Basketball_playingbasketball_35_720.jpg,571.0,314.0,659.0,430.0,0.0,0.0,0.0,0.0,0.0,0.0,1024.0,1451.0,0.0068702618883528,Female,White,True,Female_White,0.0,1
7963,35--Basketball/35_Basketball_playingbasketball_35_236.jpg,565.0,242.0,744.0,609.0,0.0,1.0,0.0,0.0,0.0,0.0,1024.0,1392.0,0.0460871553969109,Male,White,True,Male_White,1.0,1
7964,35--Basketball/35_Basketball_playingbasketball_35_514.jpg,535.0,456.0,655.0,567.0,0.0,0.0,0.0,0.0,0.0,0.0,1024.0,1536.0,0.0084686279296875,Male,White,True,Male_White,0.0,1
7971,35--Basketball/35_Basketball_basketballgame_ball_35_79.jpg,426.0,112.0,690.0,572.0,0.0,0.0,0.0,0.0,0.0,0.0,1024.0,782.0,0.1516544117647058,Female,Black,True,Female_Black,5.0,1
7972,35--Basketball/35_Basketball_basketballgame_ball_35_79.jpg,184.0,220.0,470.0,630.0,0.0,0.0,0.0,0.0,0.0,0.0,1024.0,782.0,0.1464344229539642,Female,Black,True,Female_Black,5.0,1
7975,35--Basketball/35_Basketball_Basketball_35_512.jpg,282.0,7.0,316.0,63.0,1.0,0.0,0.0,0.0,0.0,0.0,1024.0,685.0,0.0027144160583941,Female,Black,True,Female_Black,0.0,1
7976,35--Basketball/35_Basketball_Basketball_35_512.jpg,550.0,130.0,703.0,264.0,0.0,0.0,0.0,0.0,0.0,1.0,1024.0,685.0,0.0292284443430656,Male,Black,True,Male_Black,1.0,1
7980,35--Basketball/35_Basketball_playingbasketball_35_708.jpg,389.0,77.0,508.0,263.0,0.0,0.0,0.0,0.0,0.0,0.0,1024.0,1322.0,0.0163504042170953,Female,White,True,Female_White,0.0,1
7981,35--Basketball/35_Basketball_Basketball_35_717.jpg,245.0,207.0,735.0,879.0,0.0,0.0,0.0,0.0,0.0,0.0,1024.0,1610.0,0.1997282608695652,Male,White,True,Male_White,7.0,1
7985,35--Basketball/35_Basketball_playingbasketball_35_290.jpg,443.0,302.0,506.0,413.0,1.0,0.0,0.0,0.0,1.0,0.0,1024.0,1289.0,0.0052979841446858,Male,Asian,True,Male_Asian,0.0,1
7986,35--Basketball/35_Basketball_playingbasketball_35_290.jpg,392.0,317.0,460.0,418.0,1.0,0.0,0.0,0.0,0.0,0.0,1024.0,1289.0,0.0052032825833979,Female,Asian,True,Female_Asian,0.0,1
8001,35--Basketball/35_Basketball_playingbasketball_35_848.jpg,410.0,22.0,767.0,372.0,0.0,0.0,0.0,0.0,0.0,1.0,1024.0,1229.0,0.0992851784987794,Female,White,True,Female_White,3.0,1
8006,35--Basketball/35_Basketball_playingbasketball_35_578.jpg,570.0,34.0,688.0,244.0,0.0,0.0,0.0,0.0,0.0,0.0,1024.0,441.0,0.0548735119047619,Male,Black,True,Male_Black,2.0,1
8007,35--Basketball/35_Basketball_playingbasketball_35_578.jpg,66.0,42.0,190.0,280.0,0.0,0.0,0.0,0.0,0.0,0.0,1024.0,441.0,0.0653521825396825,Male,Black,True,Male_Black,2.0,1
8008,35--Basketball/35_Basketball_playingbasketball_35_157.jpg,542.0,387.0,610.0,476.0,0.0,0.0,0.0,0.0,0.0,1.0,1024.0,1387.0,0.0042611076063446,Female,White,True,Female_White,0.0,1
8010,35--Basketball/35_Basketball_basketballgame_ball_35_223.jpg,428.0,110.0,622.0,374.0,0.0,1.0,0.0,0.0,0.0,0.0,1024.0,740.0,0.0675886824324324,Male,Black,True,Male_Black,2.0,10
8011,35--Basketball/35_Basketball_basketballgame_ball_35_223.jpg,16.0,8.0,196.0,226.0,0.0,0.0,0.0,0.0,1.0,0.0,1024.0,740.0,0.051784206081081,Male,Black,True,Male_Black,1.0,10
8012,35--Basketball/35_Basketball_basketballgame_ball_35_223.jpg,806.0,8.0,984.0,160.0,0.0,0.0,0.0,0.0,0.0,0.0,1024.0,740.0,0.0357052364864864,Male,Black,True,Male_Black,1.0,10
8013,35--Basketball/35_Basketball_playingbasketball_35_441.jpg,390.0,144.0,492.0,303.0,0.0,0.0,0.0,0.0,0.0,0.0,1024.0,1536.0,0.0103111267089843,Male,White,True,Male_White,0.0,1
8024,35--Basketball/35_Basketball_playingbasketball_35_587.jpg,402.0,292.0,548.0,488.0,0.0,0.0,0.0,0.0,0.0,0.0,1024.0,824.0,0.0339142141990291,Male,Black,True,Male_Black,1.0,1
8025,35--Basketball/35_Basketball_playingbasketball_35_587.jpg,848.0,238.0,990.0,454.0,0.0,0.0,0.0,0.0,0.0,0.0,1024.0,824.0,0.0363508798543689,Male,White,True,Male_White,1.0,1
8026,35--Basketball/35_Basketball_playingbasketball_35_587.jpg,52.0,312.0,204.0,508.0,0.0,0.0,0.0,0.0,1.0,0.0,1024.0,824.0,0.0353079490291262,Male,Black,True,Male_Black,1.0,1
8028,35--Basketball/35_Basketball_playingbasketball_35_510.jpg,460.0,164.0,534.0,272.0,0.0,0.0,0.0,0.0,1.0,0.0,1024.0,683.0,0.0114270680819912,Male,White,True,Male_White,0.0,1
8033,35--Basketball/35_Basketball_playingbasketball_35_53.jpg,251.0,508.0,330.0,620.0,0.0,0.0,1.0,0.0,0.0,0.0,1024.0,1397.0,0.0061851288475304,Male,White,True,Male_White,0.0,1
8048,35--Basketball/35_Basketball_basketballgame_ball_35_766.jpg,472.0,293.0,716.0,631.0,0.0,0.0,0.0,0.0,0.0,0.0,1024.0,1145.0,0.0703397925764192,Male,Black,True,Male_Black,2.0,1
8049,35--Basketball/35_Basketball_basketballgame_ball_35_766.jpg,293.0,250.0,483.0,485.0,0.0,0.0,0.0,0.0,0.0,0.0,1024.0,1145.0,0.0380816730349344,Male,Black,True,Male_Black,1.0,1
8085,35--Basketball/35_Basketball_Basketball_35_713.jpg,303.0,447.0,512.0,719.0,1.0,1.0,0.0,0.0,0.0,0.0,1024.0,1192.0,0.0465735109060402,Male,Asian,True,Male_Asian,1.0,1
8086,35--Basketball/35_Basketball_Basketball_35_713.jpg,586.0,815.0,849.0,1024.0,1.0,0.0,0.0,0.0,0.0,1.0,1024.0,1192.0,0.045032475618708,Male,White,True,Male_White,1.0,1
8087,35--Basketball/35_Basketball_basketballgame_ball_35_336.jpg,472.0,84.0,558.0,198.0,0.0,0.0,0.0,0.0,0.0,0.0,1024.0,683.0,0.0140178898243045,Male,Black,True,Male_Black,0.0,1
8088,35--Basketball/35_Basketball_basketballgame_ball_35_336.jpg,680.0,124.0,736.0,190.0,0.0,0.0,1.0,0.0,1.0,0.0,1024.0,683.0,0.0052845900439238,Male,White,True,Male_White,0.0,1
8089,35--Basketball/35_Basketball_basketballgame_ball_35_336.jpg,312.0,146.0,390.0,260.0,0.0,0.0,0.0,0.0,0.0,0.0,1024.0,683.0,0.0127139000732064,Male,Black,True,Male_Black,0.0,1
8090,35--Basketball/35_Basketball_basketballgame_ball_35_336.jpg,924.0,44.0,1004.0,154.0,0.0,0.0,0.0,0.0,0.0,0.0,1024.0,683.0,0.0125823572474377,Male,Black,True,Male_Black,0.0,1
8094,35--Basketball/35_Basketball_basketballgame_ball_35_294.jpg,438.0,63.0,567.0,237.0,0.0,0.0,0.0,0.0,0.0,0.0,1024.0,1536.0,0.0142707824707031,Male,White,True,Male_White,0.0,1
8095,35--Basketball/35_Basketball_playingbasketball_35_43.jpg,360.0,104.0,482.0,266.0,0.0,0.0,0.0,0.0,0.0,0.0,1024.0,1013.0,0.0190530910661401,Male,White,True,Male_White,0.0,1
8103,35--Basketball/35_Basketball_basketballgame_ball_35_245.jpg,452.0,145.0,747.0,588.0,0.0,0.0,0.0,0.0,0.0,0.0,1024.0,1544.0,0.0826567812904792,Female,Black,True,Female_Black,3.0,1
8104,35--Basketball/35_Basketball_playingbasketball_35_710.jpg,558.0,180.0,632.0,234.0,1.0,1.0,0.0,0.0,0.0,0.0,1024.0,768.0,0.0050811767578125,Male,Black,True,Male_Black,0.0,1
8105,35--Basketball/35_Basketball_basketballgame_ball_35_486.jpg,332.0,192.0,737.0,813.0,0.0,0.0,0.0,0.0,0.0,0.0,1024.0,1348.0,0.182203524897997,Female,White,True,Female_White,6.0,1
8106,35--Basketball/35_Basketball_playingbasketball_35_863.jpg,432.0,477.0,588.0,678.0,0.0,0.0,0.0,0.0,0.0,1.0,1024.0,1428.0,0.0214433429621848,Male,Black,True,Male_Black,0.0,10
8112,35--Basketball/35_Basketball_playingbasketball_35_406.jpg,366.0,363.0,462.0,483.0,0.0,0.0,0.0,0.0,0.0,1.0,1024.0,1536.0,0.00732421875,Female,White,True,Female_White,0.0,1
8121,35--Basketball/35_Basketball_Basketball_35_827.jpg,442.0,98.0,498.0,172.0,1.0,0.0,1.0,0.0,0.0,0.0,1024.0,687.0,0.0058906477438136,Male,White,True,Male_White,0.0,1
8122,35--Basketball/35_Basketball_Basketball_35_291.jpg,79.0,275.0,123.0,320.0,0.0,0.0,0.0,0.0,0.0,0.0,1024.0,576.0,0.00335693359375,Male,White,True,Male_White,0.0,1
8123,35--Basketball/35_Basketball_Basketball_35_291.jpg,370.0,277.0,444.0,372.0,0.0,0.0,0.0,0.0,0.0,0.0,1024.0,576.0,0.0119188096788194,Male,Black,True,Male_Black,0.0,1
8124,35--Basketball/35_Basketball_Basketball_35_291.jpg,627.0,293.0,675.0,355.0,0.0,1.0,0.0,0.0,0.0,0.0,1024.0,576.0,0.0050455729166666,Male,White,True,Male_White,0.0,1
8125,35--Basketball/35_Basketball_Basketball_35_291.jpg,805.0,245.0,856.0,298.0,0.0,0.0,0.0,0.0,0.0,0.0,1024.0,576.0,0.0045827229817708,Male,Black,True,Male_Black,0.0,1
8126,35--Basketball/35_Basketball_Basketball_35_291.jpg,527.0,78.0,552.0,121.0,1.0,0.0,1.0,0.0,0.0,0.0,1024.0,576.0,0.0018225775824652,Male,Black,True,Male_Black,0.0,1
8128,35--Basketball/35_Basketball_playingbasketball_35_337.jpg,111.0,685.0,192.0,763.0,0.0,1.0,0.0,0.0,0.0,1.0,1024.0,1538.0,0.0040116527145643,Male,White,True,Male_White,0.0,1
8132,35--Basketball/35_Basketball_Basketball_35_828.jpg,285.0,190.0,815.0,1000.0,0.0,0.0,0.0,0.0,0.0,0.0,1024.0,1247.0,0.3361974989975942,Male,White,True,Male_White,12.0,1
8133,35--Basketball/35_Basketball_basketballgame_ball_35_1015.jpg,325.0,123.0,469.0,294.0,1.0,0.0,0.0,0.0,0.0,1.0,1024.0,1171.0,0.0205353330486763,Male,Black,True,Male_Black,0.0,1
8134,35--Basketball/35_Basketball_Basketball_35_608.jpg,588.0,402.0,678.0,480.0,0.0,1.0,0.0,0.0,0.0,1.0,1024.0,768.0,0.0089263916015625,Male,Black,True,Male_Black,0.0,1
8135,35--Basketball/35_Basketball_Basketball_35_608.jpg,422.0,668.0,480.0,734.0,0.0,0.0,0.0,0.0,1.0,1.0,1024.0,768.0,0.0048675537109375,Male,Black,True,Male_Black,0.0,1
8140,35--Basketball/35_Basketball_basketballgame_ball_35_607.jpg,570.0,42.0,672.0,168.0,0.0,1.0,0.0,0.0,0.0,0.0,1024.0,884.0,0.0141977163461538,Female,Black,True,Female_Black,0.0,10
8141,35--Basketball/35_Basketball_basketballgame_ball_35_607.jpg,712.0,184.0,810.0,290.0,0.0,0.0,0.0,0.0,1.0,0.0,1024.0,884.0,0.0114757140837104,Female,Black,True,Female_Black,0.0,10
8142,35--Basketball/35_Basketball_basketballgame_ball_35_607.jpg,312.0,166.0,392.0,292.0,0.0,0.0,0.0,0.0,1.0,1.0,1024.0,884.0,0.0111354638009049,Male,Black,True,Male_Black,0.0,10
8148,35--Basketball/35_Basketball_playingbasketball_35_201.jpg,828.0,101.0,863.0,150.0,1.0,0.0,0.0,0.0,0.0,0.0,1024.0,729.0,0.0022974001200274,Male,Asian,True,Male_Asian,0.0,1
8149,35--Basketball/35_Basketball_playingbasketball_35_201.jpg,537.0,238.0,587.0,301.0,1.0,0.0,0.0,0.0,0.0,0.0,1024.0,729.0,0.0042197145061728,Male,Black,True,Male_Black,0.0,1
8150,35--Basketball/35_Basketball_playingbasketball_35_201.jpg,472.0,178.0,511.0,247.0,1.0,0.0,0.0,0.0,0.0,1.0,1024.0,729.0,0.0036048418209876,Male,White,True,Male_White,0.0,1
8151,35--Basketball/35_Basketball_playingbasketball_35_201.jpg,66.0,38.0,105.0,85.0,1.0,0.0,0.0,0.0,0.0,0.0,1024.0,729.0,0.0024554719650205,Male,White,True,Male_White,0.0,1
8153,35--Basketball/35_Basketball_playingbasketball_35_665.jpg,540.0,439.0,608.0,513.0,1.0,0.0,0.0,0.0,0.0,0.0,1024.0,1024.0,0.0047988891601562,Male,Indian,True,Male_Indian,0.0,10
8154,35--Basketball/35_Basketball_playingbasketball_35_665.jpg,496.0,515.0,550.0,594.0,1.0,0.0,0.0,0.0,0.0,0.0,1024.0,1024.0,0.004068374633789,Male,Indian,True,Male_Indian,0.0,10
8155,35--Basketball/35_Basketball_playingbasketball_35_727.jpg,269.0,253.0,453.0,600.0,0.0,0.0,0.0,0.0,0.0,0.0,1024.0,1348.0,0.0462548683234421,Male,White,True,Male_White,1.0,1
8156,35--Basketball/35_Basketball_Basketball_35_834.jpg,478.0,264.0,540.0,310.0,0.0,0.0,0.0,0.0,0.0,1.0,1024.0,820.0,0.0033965320121951,Male,Black,True,Male_Black,0.0,1
8157,35--Basketball/35_Basketball_Basketball_35_118.jpg,76.0,268.0,174.0,382.0,1.0,0.0,0.0,0.0,0.0,1.0,1024.0,768.0,0.0142059326171875,Male,White,True,Male_White,0.0,1
8158,35--Basketball/35_Basketball_Basketball_35_118.jpg,552.0,142.0,656.0,276.0,1.0,0.0,0.0,0.0,0.0,0.0,1024.0,768.0,0.0177205403645833,Male,White,True,Male_White,0.0,1
8159,35--Basketball/35_Basketball_Basketball_35_118.jpg,858.0,538.0,1014.0,624.0,1.0,1.0,0.0,0.0,0.0,1.0,1024.0,768.0,0.017059326171875,Male,Black,True,Male_Black,0.0,1
8166,35--Basketball/35_Basketball_Basketball_35_453.jpg,526.0,469.0,625.0,585.0,0.0,0.0,0.0,0.0,0.0,0.0,1024.0,1262.0,0.0088865639857369,Male,White,True,Male_White,0.0,1
8167,35--Basketball/35_Basketball_Basketball_35_453.jpg,313.0,456.0,399.0,587.0,0.0,0.0,0.0,0.0,0.0,1.0,1024.0,1262.0,0.0087178709389857,Male,Black,True,Male_Black,0.0,1
8171,35--Basketball/35_Basketball_Basketball_35_57.jpg,490.0,80.0,556.0,154.0,0.0,0.0,0.0,0.0,0.0,0.0,1024.0,768.0,0.0062103271484375,Male,Black,True,Male_Black,0.0,1
8172,35--Basketball/35_Basketball_Basketball_35_57.jpg,922.0,224.0,1000.0,276.0,1.0,0.0,0.0,0.0,0.0,1.0,1024.0,768.0,0.005157470703125,Male,White,True,Male_White,0.0,1
8173,35--Basketball/35_Basketball_Basketball_35_57.jpg,180.0,252.0,260.0,340.0,0.0,0.0,0.0,0.0,0.0,1.0,1024.0,768.0,0.0089518229166666,Male,White,True,Male_White,0.0,1
8174,35--Basketball/35_Basketball_playingbasketball_35_810.jpg,375.0,345.0,576.0,624.0,1.0,0.0,0.0,0.0,0.0,0.0,1024.0,1536.0,0.035654067993164,Male,Black,True,Male_Black,1.0,10
8179,35--Basketball/35_Basketball_basketballgame_ball_35_93.jpg,504.0,176.0,607.0,334.0,0.0,1.0,0.0,0.0,0.0,0.0,1024.0,1557.0,0.010207179271034,Male,Black,True,Male_Black,0.0,10
8180,35--Basketball/35_Basketball_basketballgame_ball_35_93.jpg,802.0,392.0,921.0,562.0,0.0,0.0,0.0,0.0,0.0,1.0,1024.0,1557.0,0.012688413214515,Male,Black,True,Male_Black,0.0,10
8181,35--Basketball/35_Basketball_basketballgame_ball_35_93.jpg,404.0,173.0,504.0,285.0,0.0,0.0,0.0,0.0,0.0,1.0,1024.0,1557.0,0.0070247270391779,Male,Black,True,Male_Black,0.0,10
8182,35--Basketball/35_Basketball_playingbasketball_35_535.jpg,390.0,126.0,556.0,340.0,0.0,0.0,0.0,0.0,0.0,0.0,1024.0,768.0,0.0451711018880208,Male,White,True,Male_White,1.0,1
8185,36--Football/36_Football_americanfootball_ball_36_761.jpg,700.0,192.0,862.0,390.0,1.0,0.0,0.0,0.0,1.0,0.0,1024.0,766.0,0.0408932359660574,Male,Black,True,Male_Black,1.0,1
8186,36--Football/36_Football_americanfootball_ball_36_761.jpg,358.0,166.0,482.0,410.0,1.0,1.0,0.0,0.0,1.0,0.0,1024.0,766.0,0.0385729438642297,Male,Black,True,Male_Black,1.0,1
8188,36--Football/36_Football_americanfootball_ball_36_219.jpg,421.0,573.0,535.0,703.0,0.0,0.0,0.0,0.0,1.0,0.0,1024.0,1392.0,0.0103970231681034,Male,White,True,Male_White,0.0,1
8189,36--Football/36_Football_americanfootball_ball_36_678.jpg,482.0,269.0,575.0,392.0,0.0,0.0,0.0,0.0,1.0,0.0,1024.0,1536.0,0.007272720336914,Male,Black,True,Male_Black,0.0,1
8190,36--Football/36_Football_americanfootball_ball_36_431.jpg,556.0,727.0,757.0,886.0,0.0,0.0,0.0,0.0,0.0,1.0,1024.0,1199.0,0.026029992441618,Male,White,True,Male_White,0.0,1
8192,36--Football/36_Football_americanfootball_ball_36_390.jpg,496.0,114.0,730.0,494.0,0.0,0.0,0.0,0.0,0.0,0.0,1024.0,652.0,0.1331839532208589,Male,Black,True,Male_Black,4.0,1
8193,36--Football/36_Football_americanfootball_ball_36_800.jpg,320.0,198.0,719.0,739.0,0.0,0.0,0.0,0.0,0.0,0.0,1024.0,1195.0,0.1764015101987447,Male,White,True,Male_White,6.0,1
8195,36--Football/36_Football_Football_36_30.jpg,368.0,91.0,405.0,131.0,1.0,0.0,0.0,0.0,0.0,0.0,1024.0,576.0,0.0025092230902777,Male,White,True,Male_White,0.0,1
8196,36--Football/36_Football_americanfootball_ball_36_149.jpg,481.0,217.0,631.0,390.0,0.0,1.0,0.0,0.0,1.0,0.0,1024.0,1426.0,0.0177712460553997,Male,Black,True,Male_Black,0.0,10
8197,36--Football/36_Football_americanfootball_ball_36_85.jpg,476.0,150.0,558.0,250.0,0.0,0.0,0.0,0.0,1.0,0.0,1024.0,640.0,0.01251220703125,Male,Black,True,Male_Black,0.0,1
8200,36--Football/36_Football_americanfootball_ball_36_403.jpg,324.0,96.0,574.0,498.0,0.0,0.0,0.0,0.0,0.0,0.0,1024.0,683.0,0.1436962390190336,Male,Black,True,Male_Black,5.0,10
8203,36--Football/36_Football_americanfootball_ball_36_931.jpg,362.0,234.0,663.0,660.0,0.0,0.0,0.0,0.0,0.0,0.0,1024.0,1639.0,0.0764006730475899,Female,White,True,Female_White,2.0,1
8207,36--Football/36_Football_americanfootball_ball_36_578.jpg,156.0,122.0,290.0,290.0,0.0,0.0,0.0,0.0,1.0,0.0,1024.0,820.0,0.0268102134146341,Male,Black,True,Male_Black,0.0,1
8208,36--Football/36_Football_Football_36_201.jpg,246.0,216.0,352.0,350.0,1.0,0.0,0.0,0.0,1.0,0.0,1024.0,742.0,0.0186941964285714,Male,Black,True,Male_Black,0.0,1
8209,36--Football/36_Football_Football_36_201.jpg,784.0,212.0,888.0,348.0,0.0,0.0,0.0,0.0,1.0,0.0,1024.0,742.0,0.0186152291105121,Male,White,True,Male_White,0.0,1
8210,36--Football/36_Football_Football_36_201.jpg,480.0,112.0,586.0,234.0,1.0,0.0,0.0,0.0,1.0,0.0,1024.0,742.0,0.0170200892857142,Male,White,True,Male_White,0.0,1
8217,36--Football/36_Football_americanfootball_ball_36_672.jpg,426.0,542.0,527.0,685.0,0.0,1.0,0.0,0.0,1.0,0.0,1024.0,1527.0,0.0092367335870988,Male,White,True,Male_White,0.0,1
8218,36--Football/36_Football_americanfootball_ball_36_364.jpg,252.0,220.0,448.0,438.0,1.0,0.0,0.0,0.0,0.0,0.0,1024.0,806.0,0.0517699286600496,Male,Black,True,Male_Black,1.0,10
8219,36--Football/36_Football_Football_36_131.jpg,238.0,104.0,346.0,244.0,0.0,0.0,0.0,0.0,1.0,0.0,1024.0,714.0,0.0206801470588235,Male,Black,True,Male_Black,0.0,10
8220,36--Football/36_Football_americanfootball_ball_36_331.jpg,560.0,128.0,662.0,248.0,0.0,0.0,0.0,0.0,1.0,0.0,1024.0,683.0,0.017500915080527,Male,White,True,Male_White,0.0,1
8221,36--Football/36_Football_americanfootball_ball_36_320.jpg,798.0,8.0,932.0,202.0,0.0,0.0,0.0,0.0,1.0,0.0,1024.0,576.0,0.0440741644965277,Female,White,True,Female_White,1.0,1
8227,36--Football/36_Football_Football_36_186.jpg,392.0,132.0,635.0,457.0,0.0,0.0,0.0,0.0,0.0,0.0,1024.0,1231.0,0.0626515218826157,Male,White,True,Male_White,2.0,1
8235,36--Football/36_Football_americanfootball_ball_36_668.jpg,634.0,226.0,744.0,376.0,0.0,0.0,0.0,0.0,1.0,0.0,1024.0,768.0,0.0209808349609375,Male,White,True,Male_White,0.0,1
8236,36--Football/36_Football_americanfootball_ball_36_571.jpg,398.0,112.0,595.0,365.0,1.0,0.0,0.0,0.0,0.0,0.0,1024.0,2056.0,0.023673565935068,Male,White,True,Male_White,0.0,1
8237,36--Football/36_Football_americanfootball_ball_36_484.jpg,366.0,208.0,602.0,506.0,0.0,0.0,0.0,0.0,0.0,0.0,1024.0,1024.0,0.0670700073242187,Male,White,True,Male_White,2.0,1
8249,36--Football/36_Football_americanfootball_ball_36_741.jpg,532.0,178.0,598.0,264.0,1.0,0.0,0.0,0.0,1.0,0.0,1024.0,682.0,0.0081275201612903,Male,Black,True,Male_Black,0.0,1
8250,36--Football/36_Football_americanfootball_ball_36_15.jpg,642.0,158.0,836.0,406.0,0.0,0.0,0.0,0.0,1.0,0.0,1024.0,1397.0,0.0336323371510379,Male,White,True,Male_White,1.0,1
8253,36--Football/36_Football_americanfootball_ball_36_587.jpg,560.0,92.0,638.0,194.0,1.0,0.0,0.0,0.0,1.0,0.0,1024.0,854.0,0.0090978117681498,Male,Black,True,Male_Black,0.0,1
8254,36--Football/36_Football_americanfootball_ball_36_55.jpg,138.0,126.0,212.0,196.0,1.0,0.0,0.0,0.0,1.0,0.0,1024.0,905.0,0.0055896063535911,Male,Asian,True,Male_Asian,0.0,1
8256,36--Football/36_Football_americanfootball_ball_36_367.jpg,284.0,262.0,394.0,406.0,1.0,0.0,0.0,0.0,0.0,1.0,1024.0,682.0,0.0226814516129032,Male,Black,True,Male_Black,0.0,1
8257,36--Football/36_Football_americanfootball_ball_36_444.jpg,314.0,80.0,494.0,274.0,0.0,0.0,0.0,0.0,0.0,1.0,1024.0,871.0,0.0391521957520091,Male,Black,True,Male_Black,1.0,1
8258,36--Football/36_Football_americanfootball_ball_36_444.jpg,534.0,616.0,774.0,824.0,0.0,0.0,0.0,0.0,1.0,1.0,1024.0,871.0,0.0559701492537313,Male,Black,True,Male_Black,2.0,1
8262,36--Football/36_Football_americanfootball_ball_36_871.jpg,384.0,352.0,520.0,492.0,1.0,0.0,0.0,0.0,1.0,1.0,1024.0,853.0,0.0217980656506447,Male,Black,True,Male_Black,0.0,1
8263,36--Football/36_Football_americanfootball_ball_36_871.jpg,698.0,158.0,854.0,354.0,1.0,0.0,0.0,0.0,1.0,0.0,1024.0,853.0,0.0350051289566236,Male,White,True,Male_White,1.0,1
8268,36--Football/36_Football_americanfootball_ball_36_842.jpg,357.0,87.0,412.0,152.0,0.0,0.0,0.0,0.0,0.0,0.0,1024.0,769.0,0.0045399361996098,Male,White,True,Male_White,0.0,1
8269,36--Football/36_Football_americanfootball_ball_36_842.jpg,619.0,98.0,670.0,161.0,1.0,0.0,0.0,0.0,1.0,0.0,1024.0,769.0,0.0040802279746423,Male,Black,True,Male_Black,0.0,1
8279,36--Football/36_Football_americanfootball_ball_36_518.jpg,528.0,44.0,598.0,142.0,0.0,0.0,0.0,0.0,1.0,0.0,1024.0,768.0,0.0087229410807291,Male,White,True,Male_White,0.0,1
8280,36--Football/36_Football_americanfootball_ball_36_518.jpg,816.0,234.0,886.0,306.0,1.0,0.0,0.0,0.0,1.0,0.0,1024.0,768.0,0.00640869140625,Male,Black,True,Male_Black,0.0,1
8281,36--Football/36_Football_Football_36_226.jpg,568.0,119.0,668.0,253.0,0.0,0.0,0.0,0.0,0.0,0.0,1024.0,1223.0,0.0106998671300081,Male,White,True,Male_White,0.0,1
8282,36--Football/36_Football_americanfootball_ball_36_316.jpg,390.0,96.0,538.0,286.0,0.0,0.0,0.0,0.0,1.0,0.0,1024.0,759.0,0.0361804183135704,Male,Black,True,Male_Black,1.0,10
8283,36--Football/36_Football_americanfootball_ball_36_202.jpg,399.0,181.0,532.0,359.0,0.0,0.0,0.0,0.0,1.0,0.0,1024.0,1621.0,0.0142622705891425,Male,Black,True,Male_Black,0.0,1
8284,36--Football/36_Football_americanfootball_ball_36_285.jpg,158.0,143.0,368.0,426.0,0.0,0.0,0.0,0.0,0.0,0.0,1024.0,1561.0,0.0371794422645739,Male,White,True,Male_White,1.0,1
8285,36--Football/36_Football_americanfootball_ball_36_323.jpg,170.0,86.0,258.0,204.0,0.0,0.0,0.0,0.0,1.0,0.0,1024.0,768.0,0.0132039388020833,Male,White,True,Male_White,0.0,1
8286,36--Football/36_Football_americanfootball_ball_36_323.jpg,630.0,146.0,688.0,248.0,0.0,0.0,0.0,0.0,1.0,0.0,1024.0,768.0,0.0075225830078125,Male,Black,True,Male_Black,0.0,1
8287,36--Football/36_Football_americanfootball_ball_36_323.jpg,826.0,66.0,914.0,190.0,0.0,0.0,0.0,0.0,1.0,0.0,1024.0,768.0,0.0138753255208333,Male,Black,True,Male_Black,0.0,1
8288,36--Football/36_Football_americanfootball_ball_36_536.jpg,550.0,108.0,620.0,180.0,1.0,0.0,1.0,0.0,1.0,0.0,1024.0,647.0,0.0076072256568778,Male,Black,True,Male_Black,0.0,1
8289,36--Football/36_Football_americanfootball_ball_36_105.jpg,252.0,308.0,362.0,488.0,1.0,1.0,0.0,0.0,1.0,0.0,1024.0,780.0,0.0247896634615384,Male,White,True,Male_White,0.0,1
8297,36--Football/36_Football_americanfootball_ball_36_674.jpg,495.0,191.0,634.0,349.0,0.0,0.0,0.0,0.0,1.0,0.0,1024.0,1067.0,0.0201005301077788,Male,White,True,Male_White,0.0,1
8302,36--Football/36_Football_americanfootball_ball_36_1004.jpg,432.0,158.0,518.0,280.0,0.0,0.0,0.0,0.0,1.0,0.0,1024.0,799.0,0.0128236467459324,Male,Black,True,Male_Black,0.0,1
8303,36--Football/36_Football_americanfootball_ball_36_455.jpg,374.0,124.0,552.0,358.0,0.0,0.0,0.0,0.0,0.0,0.0,1024.0,754.0,0.0539466594827586,Male,White,True,Male_White,1.0,1
8304,36--Football/36_Football_americanfootball_ball_36_890.jpg,604.0,82.0,658.0,160.0,1.0,0.0,0.0,0.0,1.0,0.0,1024.0,576.0,0.00714111328125,Male,Black,True,Male_Black,0.0,1
8305,36--Football/36_Football_americanfootball_ball_36_789.jpg,540.0,104.0,664.0,322.0,0.0,0.0,0.0,0.0,0.0,0.0,1024.0,935.0,0.0282336229946524,Female,White,True,Female_White,1.0,1
8306,36--Football/36_Football_americanfootball_ball_36_537.jpg,496.0,80.0,658.0,294.0,0.0,0.0,0.0,0.0,0.0,0.0,1024.0,747.0,0.0453219126506024,Male,White,True,Male_White,1.0,1
8311,36--Football/36_Football_americanfootball_ball_36_426.jpg,252.0,132.0,387.0,300.0,1.0,0.0,1.0,0.0,1.0,0.0,1024.0,1535.0,0.0144289495114006,Male,White,True,Male_White,0.0,1
8312,36--Football/36_Football_americanfootball_ball_36_200.jpg,476.0,76.0,588.0,226.0,0.0,0.0,0.0,0.0,0.0,0.0,1024.0,554.0,0.0296141696750902,Male,White,True,Male_White,1.0,1
8313,36--Football/36_Football_americanfootball_ball_36_792.jpg,414.0,4.0,630.0,286.0,0.0,0.0,0.0,0.0,0.0,0.0,1024.0,576.0,0.103271484375,Male,Black,True,Male_Black,3.0,1
8319,36--Football/36_Football_americanfootball_ball_36_849.jpg,432.0,151.0,648.0,423.0,0.0,0.0,0.0,0.0,1.0,0.0,1024.0,2210.0,0.0259615384615384,Male,Black,True,Male_Black,0.0,1
8321,36--Football/36_Football_americanfootball_ball_36_523.jpg,376.0,150.0,646.0,446.0,0.0,0.0,0.0,0.0,0.0,0.0,1024.0,983.0,0.0793966174974567,Male,Black,True,Male_Black,2.0,1
8327,36--Football/36_Football_americanfootball_ball_36_106.jpg,22.0,106.0,114.0,234.0,0.0,0.0,1.0,0.0,1.0,0.0,1024.0,640.0,0.01796875,Male,White,True,Male_White,0.0,1
8330,36--Football/36_Football_americanfootball_ball_36_58.jpg,330.0,84.0,694.0,566.0,0.0,0.0,0.0,0.0,1.0,0.0,1024.0,576.0,0.2974582248263889,Male,White,True,Male_White,11.0,1
8331,36--Football/36_Football_americanfootball_ball_36_916.jpg,536.0,122.0,600.0,226.0,1.0,1.0,0.0,0.0,0.0,0.0,1024.0,822.0,0.0079075425790754,Male,Black,True,Male_Black,0.0,1
8342,36--Football/36_Football_americanfootball_ball_36_921.jpg,369.0,183.0,651.0,561.0,0.0,0.0,0.0,0.0,0.0,0.0,1024.0,1539.0,0.0676398026315789,Male,Black,True,Male_Black,2.0,1
8343,36--Football/36_Football_americanfootball_ball_36_874.jpg,307.0,186.0,590.0,573.0,0.0,0.0,0.0,0.0,0.0,0.0,1024.0,1107.0,0.0966161712398374,Male,Black,True,Male_Black,3.0,1
8344,36--Football/36_Football_americanfootball_ball_36_387.jpg,454.0,126.0,594.0,336.0,0.0,1.0,0.0,0.0,1.0,0.0,1024.0,757.0,0.0379272622192866,Male,Black,True,Male_Black,1.0,10
8345,36--Football/36_Football_americanfootball_ball_36_404.jpg,170.0,40.0,288.0,210.0,0.0,0.0,0.0,0.0,0.0,0.0,1024.0,728.0,0.0269091260302197,Male,White,True,Male_White,0.0,1
8346,36--Football/36_Football_americanfootball_ball_36_404.jpg,796.0,76.0,890.0,172.0,1.0,0.0,0.0,0.0,1.0,0.0,1024.0,728.0,0.0121050824175824,Male,Black,True,Male_Black,0.0,1
8347,36--Football/36_Football_americanfootball_ball_36_558.jpg,260.0,160.0,408.0,372.0,0.0,0.0,0.0,0.0,0.0,1.0,1024.0,820.0,0.0373666158536585,Male,White,True,Male_White,1.0,1
8349,37--Soccer/37_Soccer_soccer_ball_37_298.jpg,475.0,110.0,580.0,234.0,0.0,0.0,0.0,0.0,0.0,0.0,1024.0,1222.0,0.0104049457855973,Male,White,True,Male_White,0.0,1
8350,37--Soccer/37_Soccer_soccer_ball_37_925.jpg,758.0,686.0,798.0,743.0,1.0,0.0,0.0,0.0,0.0,0.0,1024.0,1269.0,0.0017545803782505,Male,Black,True,Male_Black,0.0,10
8351,37--Soccer/37_Soccer_soccer_ball_37_925.jpg,602.0,730.0,646.0,787.0,1.0,0.0,0.0,0.0,0.0,0.0,1024.0,1269.0,0.0019300384160756,Male,Black,True,Male_Black,0.0,10
8352,37--Soccer/37_Soccer_soccer_ball_37_925.jpg,282.0,695.0,321.0,750.0,1.0,0.0,0.0,0.0,0.0,0.0,1024.0,1269.0,0.001650690750591,Male,Black,True,Male_Black,0.0,10
8353,37--Soccer/37_Soccer_soccer_ball_37_925.jpg,420.0,712.0,463.0,768.0,1.0,0.0,0.0,0.0,0.0,0.0,1024.0,1269.0,0.0018530831363278,Male,Black,True,Male_Black,0.0,10
8354,37--Soccer/37_Soccer_soccer_ball_37_100.jpg,414.0,197.0,580.0,348.0,0.0,0.0,0.0,0.0,0.0,0.0,1024.0,1309.0,0.0187001647249809,Male,White,True,Male_White,0.0,1
8357,37--Soccer/37_Soccer_soccer_ball_37_694.jpg,648.0,102.0,708.0,174.0,1.0,0.0,0.0,0.0,0.0,0.0,1024.0,820.0,0.0051448170731707,Male,White,True,Male_White,0.0,1
8373,37--Soccer/37_Soccer_soccer_ball_37_240.jpg,384.0,24.0,476.0,168.0,1.0,0.0,0.0,0.0,0.0,0.0,1024.0,678.0,0.0190818584070796,Female,White,True,Female_White,0.0,1
8374,37--Soccer/37_Soccer_soccer_ball_37_240.jpg,644.0,296.0,768.0,392.0,1.0,1.0,0.0,0.0,0.0,1.0,1024.0,678.0,0.017146017699115,Female,Asian,True,Female_Asian,0.0,1
8375,37--Soccer/37_Soccer_soccer_ball_37_916.jpg,668.0,130.0,842.0,360.0,0.0,0.0,1.0,0.0,0.0,0.0,1024.0,640.0,0.061065673828125,Male,White,True,Male_White,2.0,1
8415,37--Soccer/37_Soccer_soccer_ball_37_205.jpg,60.0,228.0,180.0,362.0,0.0,1.0,0.0,0.0,0.0,1.0,1024.0,681.0,0.0230589207048458,Male,White,True,Male_White,0.0,1
8430,37--Soccer/37_Soccer_soccer_ball_37_920.jpg,514.0,106.0,570.0,174.0,0.0,0.0,1.0,0.0,0.0,0.0,1024.0,768.0,0.0048421223958333,Male,White,True,Male_White,0.0,1
8434,37--Soccer/37_Soccer_soccer_ball_37_572.jpg,272.0,102.0,466.0,346.0,0.0,0.0,0.0,0.0,0.0,0.0,1024.0,768.0,0.0601908365885416,Male,White,True,Male_White,2.0,1
8436,37--Soccer/37_Soccer_soccer_ball_37_966.jpg,388.0,84.0,592.0,346.0,0.0,0.0,0.0,0.0,0.0,0.0,1024.0,820.0,0.0636528201219512,Female,White,True,Female_White,2.0,1
8437,37--Soccer/37_Soccer_soccer_ball_37_543.jpg,470.0,72.0,548.0,180.0,0.0,0.0,0.0,0.0,0.0,0.0,1024.0,576.0,0.0142822265625,Male,White,True,Male_White,0.0,1
8438,37--Soccer/37_Soccer_soccer_ball_37_403.jpg,784.0,42.0,858.0,152.0,0.0,0.0,1.0,0.0,0.0,0.0,1024.0,768.0,0.0103505452473958,Male,Black,True,Male_Black,0.0,1
8452,37--Soccer/37_Soccer_soccer_ball_37_789.jpg,310.0,390.0,394.0,514.0,0.0,0.0,0.0,0.0,0.0,0.0,1024.0,678.0,0.0150027654867256,Male,White,True,Male_White,0.0,1
8455,37--Soccer/37_Soccer_Soccer_37_572.jpg,432.0,113.0,521.0,240.0,0.0,0.0,0.0,0.0,0.0,1.0,1024.0,1383.0,0.0079812624276934,Female,White,True,Female_White,0.0,1
8467,37--Soccer/37_Soccer_Soccer_37_562.jpg,316.0,126.0,454.0,302.0,0.0,0.0,1.0,0.0,0.0,0.0,1024.0,683.0,0.0347273060029282,Male,White,True,Male_White,1.0,1
8484,37--Soccer/37_Soccer_Soccer_37_357.jpg,478.0,282.0,547.0,331.0,0.0,0.0,0.0,0.0,0.0,1.0,1024.0,684.0,0.0048271313048245,Male,White,True,Male_White,0.0,1
8487,37--Soccer/37_Soccer_soccer_ball_37_29.jpg,196.0,178.0,272.0,278.0,1.0,0.0,0.0,0.0,0.0,0.0,1024.0,936.0,0.0079293536324786,Male,White,True,Male_White,0.0,1
8488,37--Soccer/37_Soccer_soccer_ball_37_29.jpg,668.0,232.0,736.0,312.0,1.0,0.0,1.0,0.0,0.0,0.0,1024.0,936.0,0.0056757478632478,Male,Black,True,Male_Black,0.0,1
8492,37--Soccer/37_Soccer_soccer_ball_37_311.jpg,653.0,82.0,710.0,157.0,0.0,0.0,0.0,0.0,1.0,0.0,1024.0,733.0,0.0056955043485675,Female,White,True,Female_White,0.0,1
8493,37--Soccer/37_Soccer_soccer_ball_37_746.jpg,486.0,108.0,664.0,372.0,0.0,0.0,0.0,0.0,0.0,0.0,1024.0,768.0,0.05975341796875,Female,White,True,Female_White,2.0,1
8504,37--Soccer/37_Soccer_soccer_ball_37_797.jpg,404.0,160.0,604.0,408.0,0.0,0.0,0.0,0.0,0.0,0.0,1024.0,801.0,0.0604712858926342,Male,White,True,Male_White,2.0,1
8519,37--Soccer/37_Soccer_soccer_ball_37_569.jpg,95.0,159.0,134.0,206.0,1.0,0.0,0.0,0.0,0.0,0.0,1024.0,689.0,0.0025980247641509,Male,Black,True,Male_Black,0.0,10
8520,37--Soccer/37_Soccer_soccer_ball_37_569.jpg,121.0,264.0,160.0,315.0,1.0,0.0,1.0,0.0,0.0,0.0,1024.0,689.0,0.0028191332547169,Male,Black,True,Male_Black,0.0,10
8521,37--Soccer/37_Soccer_soccer_ball_37_569.jpg,217.0,207.0,249.0,254.0,1.0,0.0,0.0,0.0,0.0,0.0,1024.0,689.0,0.0021317126269956,Male,Black,True,Male_Black,0.0,10
8522,37--Soccer/37_Soccer_soccer_ball_37_569.jpg,266.0,276.0,299.0,320.0,1.0,0.0,0.0,0.0,0.0,0.0,1024.0,689.0,0.0020580097968069,Male,Black,True,Male_Black,0.0,10
8523,37--Soccer/37_Soccer_soccer_ball_37_569.jpg,375.0,187.0,408.0,234.0,1.0,0.0,0.0,0.0,0.0,0.0,1024.0,689.0,0.0021983286465892,Male,Black,True,Male_Black,0.0,10
8524,37--Soccer/37_Soccer_soccer_ball_37_569.jpg,508.0,289.0,549.0,336.0,1.0,1.0,1.0,0.0,0.0,0.0,1024.0,689.0,0.0027312568033381,Male,Black,True,Male_Black,0.0,10
8525,37--Soccer/37_Soccer_soccer_ball_37_569.jpg,633.0,245.0,674.0,278.0,1.0,0.0,1.0,0.0,0.0,1.0,1024.0,689.0,0.0019176909470246,Male,Black,True,Male_Black,0.0,10
8526,37--Soccer/37_Soccer_soccer_ball_37_569.jpg,693.0,210.0,732.0,259.0,1.0,0.0,0.0,0.0,0.0,0.0,1024.0,689.0,0.0027085790094339,Male,Black,True,Male_Black,0.0,10
8527,37--Soccer/37_Soccer_soccer_ball_37_569.jpg,902.0,203.0,940.0,261.0,0.0,1.0,0.0,0.0,0.0,0.0,1024.0,689.0,0.0031238661103047,Male,Black,True,Male_Black,0.0,10
8552,37--Soccer/37_Soccer_soccer_ball_37_898.jpg,260.0,280.0,622.0,696.0,0.0,0.0,0.0,0.0,0.0,0.0,1024.0,1019.0,0.1443204121687929,Male,White,True,Male_White,5.0,1
8556,37--Soccer/37_Soccer_Soccer_37_237.jpg,640.0,144.0,670.0,185.0,1.0,0.0,0.0,0.0,0.0,0.0,1024.0,686.0,0.0017509794096209,Male,White,True,Male_White,0.0,1
8557,37--Soccer/37_Soccer_Soccer_37_237.jpg,246.0,291.0,274.0,329.0,1.0,0.0,0.0,0.0,0.0,1.0,1024.0,686.0,0.0015146683673469,Male,Black,True,Male_Black,0.0,1
8585,37--Soccer/37_Soccer_Soccer_37_194.jpg,256.0,54.0,316.0,138.0,0.0,0.0,0.0,0.0,0.0,0.0,1024.0,769.0,0.0064003576072821,Male,White,True,Male_White,0.0,1
8587,37--Soccer/37_Soccer_Soccer_37_445.jpg,20.0,200.0,74.0,270.0,1.0,0.0,0.0,0.0,0.0,0.0,1024.0,640.0,0.005767822265625,Male,White,True,Male_White,0.0,1
8608,37--Soccer/37_Soccer_Soccer_37_383.jpg,537.0,130.0,675.0,283.0,0.0,0.0,0.0,0.0,0.0,0.0,1024.0,1478.0,0.0139507040764546,Male,White,True,Male_White,0.0,1
8624,37--Soccer/37_Soccer_Soccer_37_520.jpg,389.0,260.0,743.0,705.0,0.0,0.0,0.0,0.0,0.0,0.0,1024.0,1375.0,0.1118821022727272,Male,White,True,Male_White,4.0,1
8625,37--Soccer/37_Soccer_soccer_ball_37_639.jpg,400.0,186.0,692.0,532.0,0.0,0.0,0.0,0.0,0.0,0.0,1024.0,768.0,0.1284688313802083,Male,White,True,Male_White,4.0,1
8644,37--Soccer/37_Soccer_soccer_ball_37_5.jpg,486.0,42.0,542.0,122.0,0.0,0.0,0.0,0.0,0.0,0.0,1024.0,644.0,0.0067934782608695,Male,White,True,Male_White,0.0,1
8647,37--Soccer/37_Soccer_Soccer_37_792.jpg,355.0,164.0,805.0,735.0,0.0,0.0,0.0,0.0,0.0,0.0,1024.0,1476.0,0.1700052400914634,Female,White,True,Female_White,6.0,1
8648,37--Soccer/37_Soccer_Soccer_37_164.jpg,284.0,106.0,352.0,196.0,0.0,0.0,0.0,0.0,0.0,0.0,1024.0,828.0,0.0072180706521739,Male,White,True,Male_White,0.0,1
8653,37--Soccer/37_Soccer_soccer_ball_37_133.jpg,286.0,110.0,334.0,183.0,0.0,0.0,1.0,0.0,0.0,0.0,1024.0,640.0,0.0053466796875,Male,White,True,Male_White,0.0,1
8656,37--Soccer/37_Soccer_soccer_ball_37_290.jpg,545.0,47.0,605.0,118.0,1.0,0.0,1.0,0.0,0.0,0.0,1024.0,572.0,0.0072730004370629,Male,Asian,True,Male_Asian,0.0,1
8657,37--Soccer/37_Soccer_soccer_ball_37_290.jpg,315.0,29.0,365.0,109.0,1.0,0.0,1.0,0.0,0.0,0.0,1024.0,572.0,0.0068291083916083,Male,White,True,Male_White,0.0,1
8661,37--Soccer/37_Soccer_Soccer_37_46.jpg,404.0,178.0,476.0,240.0,0.0,0.0,1.0,0.0,0.0,1.0,1024.0,576.0,0.007568359375,Male,White,True,Male_White,0.0,1
8664,37--Soccer/37_Soccer_soccer_ball_37_783.jpg,535.0,80.0,584.0,141.0,0.0,0.0,0.0,0.0,0.0,0.0,1024.0,640.0,0.0045608520507812,Male,White,True,Male_White,0.0,1
8714,37--Soccer/37_Soccer_soccer_ball_37_987.jpg,345.0,306.0,755.0,800.0,0.0,0.0,0.0,0.0,0.0,0.0,1024.0,1439.0,0.1374516808547602,Male,White,True,Male_White,5.0,1
8715,37--Soccer/37_Soccer_Soccer_37_781.jpg,558.0,262.0,632.0,346.0,1.0,0.0,0.0,0.0,0.0,0.0,1024.0,613.0,0.0099026305057096,Male,White,True,Male_White,0.0,1
8717,37--Soccer/37_Soccer_soccer_ball_37_462.jpg,761.0,132.0,813.0,210.0,0.0,0.0,0.0,0.0,0.0,1.0,1024.0,787.0,0.0050329574332909,Male,White,True,Male_White,0.0,1
8718,37--Soccer/37_Soccer_soccer_ball_37_910.jpg,444.0,70.0,674.0,408.0,0.0,0.0,0.0,0.0,0.0,0.0,1024.0,768.0,0.0988515218098958,Male,White,True,Male_White,3.0,1
8719,37--Soccer/37_Soccer_soccer_ball_37_332.jpg,613.0,146.0,660.0,213.0,0.0,1.0,0.0,0.0,0.0,0.0,1024.0,769.0,0.0039989535923276,Male,Black,True,Male_Black,0.0,1
8732,37--Soccer/37_Soccer_Soccer_37_218.jpg,436.0,54.0,500.0,142.0,0.0,0.0,0.0,0.0,0.0,0.0,1024.0,677.0,0.0081240768094534,Male,White,True,Male_White,0.0,1
8735,37--Soccer/37_Soccer_soccer_ball_37_251.jpg,175.0,226.0,212.0,285.0,0.0,0.0,1.0,0.0,0.0,0.0,1024.0,640.0,0.0033309936523437,Male,White,True,Male_White,0.0,1
8744,37--Soccer/37_Soccer_soccer_ball_37_308.jpg,392.0,202.0,468.0,334.0,0.0,1.0,0.0,0.0,0.0,0.0,1024.0,768.0,0.01275634765625,Male,White,True,Male_White,0.0,1
8758,37--Soccer/37_Soccer_Soccer_37_215.jpg,430.0,98.0,538.0,200.0,1.0,1.0,0.0,0.0,0.0,0.0,1024.0,688.0,0.0156363553779069,Male,White,True,Male_White,0.0,1
8762,37--Soccer/37_Soccer_soccer_ball_37_327.jpg,456.0,797.0,508.0,851.0,0.0,0.0,0.0,0.0,0.0,0.0,1024.0,1366.0,0.0020074579062957,Male,White,True,Male_White,0.0,1
8763,37--Soccer/37_Soccer_soccer_ball_37_404.jpg,468.0,80.0,526.0,152.0,0.0,0.0,0.0,0.0,0.0,0.0,1024.0,640.0,0.0063720703125,Male,White,True,Male_White,0.0,1
8766,37--Soccer/37_Soccer_soccer_ball_37_824.jpg,320.0,99.0,372.0,171.0,0.0,0.0,0.0,0.0,0.0,0.0,1024.0,820.0,0.0044588414634146,Male,White,True,Male_White,0.0,1
8796,37--Soccer/37_Soccer_soccer_ball_37_670.jpg,257.0,132.0,305.0,207.0,0.0,0.0,0.0,0.0,0.0,0.0,1024.0,640.0,0.0054931640625,Male,White,True,Male_White,0.0,1
8800,37--Soccer/37_Soccer_soccer_ball_37_709.jpg,432.0,142.0,746.0,554.0,0.0,0.0,0.0,0.0,1.0,0.0,1024.0,682.0,0.185243310117302,Male,White,True,Male_White,6.0,1
8803,38--Tennis/38_Tennis_Tennis_38_784.jpg,290.0,74.0,610.0,470.0,0.0,0.0,0.0,0.0,0.0,0.0,1024.0,768.0,0.1611328125,Female,White,True,Female_White,6.0,1
8804,38--Tennis/38_Tennis_Tennis_38_130.jpg,344.0,102.0,466.0,242.0,0.0,0.0,0.0,0.0,0.0,0.0,1024.0,685.0,0.024349908759124,Male,White,True,Male_White,0.0,1
8806,38--Tennis/38_Tennis_Tennis_38_917.jpg,313.0,150.0,535.0,491.0,0.0,0.0,0.0,0.0,0.0,0.0,1024.0,1305.0,0.0566496048850574,Female,White,True,Female_White,2.0,1
8807,38--Tennis/38_Tennis_Tennis_38_373.jpg,572.0,109.0,657.0,236.0,0.0,0.0,0.0,0.0,0.0,0.0,1024.0,1118.0,0.0094293311158318,Female,White,True,Female_White,0.0,1
8809,38--Tennis/38_Tennis_Tennis_38_162.jpg,252.0,279.0,456.0,522.0,0.0,0.0,0.0,0.0,0.0,0.0,1024.0,1539.0,0.0314555921052631,Female,White,True,Female_White,1.0,1
8811,38--Tennis/38_Tennis_Tennis_38_419.jpg,392.0,106.0,490.0,232.0,0.0,1.0,0.0,0.0,0.0,0.0,1024.0,659.0,0.018298321320182,Male,White,True,Male_White,0.0,1
8812,38--Tennis/38_Tennis_Tennis_38_183.jpg,451.0,116.0,497.0,183.0,0.0,0.0,0.0,0.0,0.0,0.0,1024.0,683.0,0.0044066846632503,Female,White,True,Female_White,0.0,1
8814,38--Tennis/38_Tennis_Tennis_38_521.jpg,622.0,174.0,844.0,452.0,0.0,0.0,0.0,0.0,0.0,0.0,1024.0,827.0,0.0728773050181378,Male,White,True,Male_White,2.0,1
8815,38--Tennis/38_Tennis_Tennis_38_392.jpg,420.0,238.0,510.0,352.0,0.0,1.0,0.0,0.0,0.0,0.0,1024.0,683.0,0.0146698846998535,Female,Black,True,Female_Black,0.0,1
8816,38--Tennis/38_Tennis_Tennis_38_895.jpg,396.0,4.0,686.0,306.0,0.0,0.0,0.0,0.0,0.0,0.0,1024.0,768.0,0.1113637288411458,Female,White,True,Female_White,4.0,1
8817,38--Tennis/38_Tennis_Tennis_38_95.jpg,410.0,186.0,531.0,338.0,0.0,0.0,0.0,0.0,1.0,0.0,1024.0,1343.0,0.0133737434847356,Female,White,True,Female_White,0.0,1
8818,38--Tennis/38_Tennis_Tennis_38_450.jpg,248.0,114.0,380.0,304.0,0.0,0.0,0.0,0.0,0.0,0.0,1024.0,768.0,0.031890869140625,Male,White,True,Male_White,1.0,1
8819,38--Tennis/38_Tennis_Tennis_38_563.jpg,132.0,6.0,258.0,132.0,1.0,1.0,0.0,0.0,0.0,0.0,1024.0,628.0,0.0246877488057324,Female,White,True,Female_White,0.0,1
8820,38--Tennis/38_Tennis_Tennis_38_1027.jpg,307.0,156.0,885.0,951.0,0.0,0.0,0.0,0.0,0.0,0.0,1024.0,1248.0,0.3595674954927884,Female,White,True,Female_White,13.0,1
8822,38--Tennis/38_Tennis_Tennis_38_280.jpg,695.0,423.0,771.0,547.0,0.0,0.0,0.0,0.0,1.0,0.0,1024.0,1549.0,0.0059413331181407,Female,White,True,Female_White,0.0,1
8823,38--Tennis/38_Tennis_Tennis_38_82.jpg,511.0,46.0,566.0,117.0,1.0,0.0,0.0,0.0,0.0,0.0,1024.0,586.0,0.0065076391851535,Male,White,True,Male_White,0.0,1
8827,38--Tennis/38_Tennis_Tennis_38_163.jpg,634.0,378.0,729.0,489.0,0.0,0.0,0.0,0.0,0.0,0.0,1024.0,1424.0,0.0072316373332162,Male,White,True,Male_White,0.0,1
8829,38--Tennis/38_Tennis_Tennis_38_736.jpg,191.0,254.0,398.0,521.0,0.0,0.0,0.0,0.0,0.0,0.0,1024.0,1343.0,0.0401888554076693,Male,White,True,Male_White,1.0,1
8830,38--Tennis/38_Tennis_Tennis_38_768.jpg,474.0,66.0,620.0,292.0,0.0,1.0,0.0,0.0,0.0,0.0,1024.0,902.0,0.0357235656873614,Male,White,True,Male_White,1.0,1
8831,38--Tennis/38_Tennis_Tennis_38_271.jpg,414.0,152.0,600.0,385.0,0.0,0.0,0.0,0.0,0.0,0.0,1024.0,1341.0,0.0315602279082774,Female,White,True,Female_White,1.0,1
8832,38--Tennis/38_Tennis_Tennis_38_208.jpg,494.0,64.0,578.0,170.0,0.0,0.0,0.0,0.0,0.0,0.0,1024.0,876.0,0.0099261558219178,Female,White,True,Female_White,0.0,1
8833,38--Tennis/38_Tennis_Tennis_38_181.jpg,526.0,122.0,634.0,238.0,0.0,0.0,0.0,0.0,0.0,0.0,1024.0,658.0,0.0185932750759878,Female,White,True,Female_White,0.0,1
8834,38--Tennis/38_Tennis_Tennis_38_640.jpg,462.0,70.0,606.0,270.0,0.0,0.0,0.0,0.0,0.0,0.0,1024.0,683.0,0.0411786237188872,Female,White,True,Female_White,1.0,1
8835,38--Tennis/38_Tennis_Tennis_38_408.jpg,246.0,94.0,418.0,340.0,0.0,0.0,0.0,0.0,0.0,0.0,1024.0,1076.0,0.0384017774163568,Female,White,True,Female_White,1.0,1
8836,38--Tennis/38_Tennis_Tennis_38_141.jpg,660.0,168.0,892.0,316.0,0.0,0.0,0.0,0.0,0.0,1.0,1024.0,683.0,0.0490940702781844,Female,White,True,Female_White,1.0,1
8837,38--Tennis/38_Tennis_Tennis_38_641.jpg,432.0,146.0,713.0,570.0,0.0,0.0,0.0,0.0,0.0,0.0,1024.0,1411.0,0.0824603561304039,Female,White,True,Female_White,3.0,1
8840,38--Tennis/38_Tennis_Tennis_38_963.jpg,314.0,230.0,703.0,827.0,0.0,0.0,0.0,0.0,0.0,0.0,1024.0,1296.0,0.1749923140914351,Female,White,True,Female_White,6.0,1
8841,38--Tennis/38_Tennis_Tennis_38_380.jpg,382.0,86.0,494.0,222.0,0.0,0.0,0.0,0.0,0.0,0.0,1024.0,893.0,0.0166573348264277,Male,White,True,Male_White,0.0,1
8842,38--Tennis/38_Tennis_Tennis_38_133.jpg,504.0,56.0,580.0,134.0,1.0,0.0,1.0,0.0,0.0,0.0,1024.0,576.0,0.0100504557291666,Female,White,True,Female_White,0.0,1
8843,38--Tennis/38_Tennis_Tennis_38_787.jpg,338.0,197.0,609.0,594.0,0.0,0.0,0.0,0.0,0.0,0.0,1024.0,1177.0,0.0892654457837723,Male,Black,True,Male_Black,3.0,1
8847,38--Tennis/38_Tennis_Tennis_38_766.jpg,408.0,96.0,702.0,556.0,0.0,0.0,0.0,0.0,0.0,0.0,1024.0,683.0,0.1933679538799414,Female,White,True,Female_White,7.0,1
8848,38--Tennis/38_Tennis_Tennis_38_711.jpg,616.0,116.0,830.0,422.0,0.0,0.0,0.0,0.0,0.0,0.0,1024.0,768.0,0.0832672119140625,Male,White,True,Male_White,3.0,1
8849,38--Tennis/38_Tennis_Tennis_38_600.jpg,658.0,96.0,858.0,362.0,0.0,0.0,0.0,0.0,0.0,0.0,1024.0,724.0,0.0717584599447513,Male,White,True,Male_White,2.0,1
8850,38--Tennis/38_Tennis_Tennis_38_663.jpg,233.0,245.0,828.0,1028.0,0.0,0.0,0.0,0.0,0.0,0.0,1024.0,1219.0,0.3732287287223134,Female,White,True,Female_White,13.0,1
8851,38--Tennis/38_Tennis_Tennis_38_192.jpg,492.0,80.0,544.0,146.0,0.0,0.0,1.0,0.0,0.0,0.0,1024.0,692.0,0.0048432984104046,Female,White,True,Female_White,0.0,1
8852,38--Tennis/38_Tennis_Tennis_38_344.jpg,570.0,46.0,718.0,238.0,0.0,0.0,0.0,0.0,0.0,0.0,1024.0,768.0,0.0361328125,Female,Indian,True,Female_Indian,1.0,1
8853,38--Tennis/38_Tennis_Tennis_38_537.jpg,197.0,256.0,540.0,665.0,0.0,0.0,0.0,0.0,0.0,0.0,1024.0,1599.0,0.0856779383599124,Female,White,True,Female_White,3.0,1
8854,38--Tennis/38_Tennis_Tennis_38_358.jpg,702.0,58.0,818.0,198.0,0.0,0.0,0.0,0.0,0.0,0.0,1024.0,768.0,0.0206502278645833,Female,White,True,Female_White,0.0,1
8855,38--Tennis/38_Tennis_Tennis_38_321.jpg,532.0,88.0,608.0,176.0,0.0,0.0,0.0,0.0,0.0,0.0,1024.0,678.0,0.0096331120943952,Female,White,True,Female_White,0.0,1
8856,38--Tennis/38_Tennis_Tennis_38_7.jpg,554.0,96.0,640.0,192.0,0.0,0.0,0.0,0.0,0.0,1.0,1024.0,987.0,0.0081686930091185,Male,White,True,Male_White,0.0,1
8857,38--Tennis/38_Tennis_Tennis_38_528.jpg,416.0,88.0,520.0,192.0,1.0,0.0,0.0,0.0,1.0,0.0,1024.0,685.0,0.015419708029197,Male,White,True,Male_White,0.0,1
8858,38--Tennis/38_Tennis_Tennis_38_418.jpg,683.0,755.0,766.0,851.0,1.0,0.0,0.0,0.0,0.0,1.0,1024.0,1366.0,0.0056963762811127,Female,White,True,Female_White,0.0,1
8859,38--Tennis/38_Tennis_Tennis_38_151.jpg,142.0,106.0,254.0,238.0,0.0,0.0,0.0,0.0,0.0,0.0,1024.0,721.0,0.0200242718446601,Male,White,True,Male_White,0.0,1
8861,38--Tennis/38_Tennis_Tennis_38_925.jpg,346.0,100.0,670.0,566.0,0.0,0.0,0.0,0.0,0.0,0.0,1024.0,1086.0,0.1357691643646408,Female,White,True,Female_White,5.0,1
8862,38--Tennis/38_Tennis_Tennis_38_329.jpg,508.0,56.0,636.0,258.0,0.0,1.0,0.0,0.0,0.0,0.0,1024.0,640.0,0.039453125,Male,White,True,Male_White,1.0,1
8863,38--Tennis/38_Tennis_Tennis_38_483.jpg,182.0,94.0,348.0,264.0,0.0,0.0,0.0,0.0,0.0,0.0,1024.0,926.0,0.0297609003779697,Female,White,True,Female_White,1.0,1
8875,38--Tennis/38_Tennis_Tennis_38_615.jpg,402.0,148.0,650.0,468.0,0.0,0.0,0.0,0.0,1.0,0.0,1024.0,677.0,0.1144756277695716,Female,White,True,Female_White,4.0,1
8876,38--Tennis/38_Tennis_Tennis_38_639.jpg,414.0,174.0,626.0,422.0,0.0,1.0,0.0,0.0,0.0,0.0,1024.0,768.0,0.0668538411458333,Female,White,True,Female_White,2.0,1
8877,38--Tennis/38_Tennis_Tennis_38_126.jpg,358.0,130.0,472.0,278.0,0.0,0.0,0.0,0.0,0.0,0.0,1024.0,649.0,0.0253876155624037,Male,White,True,Male_White,0.0,1
8878,38--Tennis/38_Tennis_Tennis_38_1005.jpg,390.0,128.0,550.0,366.0,0.0,0.0,0.0,0.0,0.0,0.0,1024.0,768.0,0.0484212239583333,Female,White,True,Female_White,1.0,1
8884,38--Tennis/38_Tennis_Tennis_38_781.jpg,295.0,242.0,583.0,703.0,0.0,0.0,0.0,0.0,0.0,0.0,1024.0,1136.0,0.1141340228873239,Female,White,True,Female_White,4.0,1
8885,38--Tennis/38_Tennis_Tennis_38_966.jpg,126.0,38.0,544.0,676.0,0.0,0.0,0.0,0.0,0.0,0.0,1024.0,768.0,0.3391062418619792,Male,White,True,Male_White,12.0,1
8886,38--Tennis/38_Tennis_Tennis_38_759.jpg,384.0,82.0,588.0,344.0,0.0,0.0,0.0,0.0,0.0,0.0,1024.0,768.0,0.067962646484375,Female,White,True,Female_White,2.0,1
8887,38--Tennis/38_Tennis_Tennis_38_740.jpg,420.0,56.0,500.0,172.0,0.0,0.0,0.0,0.0,0.0,0.0,1024.0,768.0,0.0118001302083333,Female,White,True,Female_White,0.0,1
8888,38--Tennis/38_Tennis_Tennis_38_992.jpg,422.0,122.0,656.0,416.0,0.0,1.0,0.0,0.0,0.0,0.0,1024.0,848.0,0.0792259360259434,Female,White,True,Female_White,2.0,1
8895,38--Tennis/38_Tennis_Tennis_38_279.jpg,380.0,756.0,558.0,923.0,0.0,0.0,0.0,0.0,0.0,1.0,1024.0,1475.0,0.0196808792372881,Male,White,True,Male_White,0.0,1
8896,38--Tennis/38_Tennis_Tennis_38_174.jpg,352.0,86.0,474.0,260.0,0.0,0.0,0.0,0.0,0.0,0.0,1024.0,768.0,0.0269927978515625,Male,White,True,Male_White,0.0,1
8897,38--Tennis/38_Tennis_Tennis_38_36.jpg,616.0,85.0,664.0,143.0,1.0,0.0,1.0,0.0,0.0,0.0,1024.0,780.0,0.0034855769230769,Female,White,True,Female_White,0.0,1
8899,38--Tennis/38_Tennis_Tennis_38_583.jpg,278.0,132.0,582.0,540.0,0.0,1.0,0.0,0.0,0.0,0.0,1024.0,663.0,0.1826923076923076,Male,White,True,Male_White,6.0,1
8900,38--Tennis/38_Tennis_Tennis_38_140.jpg,600.0,172.0,674.0,246.0,0.0,0.0,0.0,0.0,0.0,0.0,1024.0,926.0,0.00577500674946,Male,White,True,Male_White,0.0,1
8905,38--Tennis/38_Tennis_Tennis_38_122.jpg,602.0,82.0,656.0,180.0,0.0,0.0,0.0,0.0,0.0,0.0,1024.0,768.0,0.0067291259765625,Male,White,True,Male_White,0.0,1
8908,38--Tennis/38_Tennis_Tennis_38_314.jpg,472.0,44.0,532.0,124.0,1.0,0.0,0.0,0.0,0.0,0.0,1024.0,512.0,0.0091552734375,Male,White,True,Male_White,0.0,1
8909,38--Tennis/38_Tennis_Tennis_38_777.jpg,541.0,154.0,773.0,417.0,0.0,0.0,0.0,0.0,0.0,0.0,1024.0,1465.0,0.040672994880546,Female,White,True,Female_White,1.0,1
8910,38--Tennis/38_Tennis_Tennis_38_49.jpg,515.0,259.0,600.0,376.0,1.0,0.0,0.0,0.0,0.0,0.0,1024.0,1366.0,0.0071097467514641,Male,White,True,Male_White,0.0,1
8911,38--Tennis/38_Tennis_Tennis_38_324.jpg,536.0,137.0,700.0,319.0,0.0,0.0,1.0,0.0,0.0,0.0,1024.0,1295.0,0.0225084459459459,Male,White,True,Male_White,0.0,1
8915,38--Tennis/38_Tennis_Tennis_38_220.jpg,520.0,58.0,612.0,174.0,0.0,0.0,0.0,0.0,0.0,0.0,1024.0,683.0,0.0152589677891654,Male,White,True,Male_White,0.0,1
8920,38--Tennis/38_Tennis_Tennis_38_41.jpg,566.0,343.0,672.0,436.0,0.0,1.0,0.0,0.0,1.0,0.0,1024.0,1107.0,0.0086964346205962,Male,White,True,Male_White,0.0,1
8921,38--Tennis/38_Tennis_Tennis_38_566.jpg,720.0,80.0,848.0,234.0,0.0,1.0,0.0,0.0,0.0,0.0,1024.0,576.0,0.0334201388888888,Female,White,True,Female_White,1.0,1
8928,38--Tennis/38_Tennis_Tennis_38_645.jpg,412.0,92.0,578.0,278.0,0.0,0.0,0.0,0.0,0.0,0.0,1024.0,768.0,0.0392608642578125,Male,White,True,Male_White,1.0,1
8932,38--Tennis/38_Tennis_Tennis_38_726.jpg,376.0,188.0,608.0,350.0,0.0,0.0,1.0,0.0,0.0,1.0,1024.0,768.0,0.04779052734375,Female,Black,True,Female_Black,1.0,1
8935,38--Tennis/38_Tennis_Tennis_38_644.jpg,468.0,171.0,759.0,528.0,0.0,0.0,0.0,0.0,0.0,0.0,1024.0,1536.0,0.066049575805664,Female,White,True,Female_White,2.0,1
8936,38--Tennis/38_Tennis_Tennis_38_757.jpg,358.0,235.0,747.0,753.0,0.0,0.0,0.0,0.0,0.0,0.0,1024.0,1542.0,0.1276130329928664,Female,White,True,Female_White,4.0,1
8937,38--Tennis/38_Tennis_Tennis_38_634.jpg,562.0,94.0,746.0,336.0,0.0,1.0,0.0,0.0,0.0,0.0,1024.0,804.0,0.0540850435323383,Female,White,True,Female_White,1.0,1
8938,38--Tennis/38_Tennis_Tennis_38_499.jpg,252.0,184.0,464.0,442.0,0.0,0.0,0.0,0.0,0.0,0.0,1024.0,820.0,0.0651391006097561,Male,White,True,Male_White,2.0,1
8939,38--Tennis/38_Tennis_Tennis_38_854.jpg,451.0,363.0,550.0,502.0,0.0,0.0,1.0,0.0,0.0,0.0,1024.0,1366.0,0.0098378305728404,Female,White,True,Female_White,0.0,1
8942,38--Tennis/38_Tennis_Tennis_38_91.jpg,508.0,104.0,606.0,208.0,0.0,0.0,0.0,0.0,0.0,0.0,1024.0,576.0,0.0172797309027777,Male,White,True,Male_White,0.0,1
8943,38--Tennis/38_Tennis_Tennis_38_442.jpg,334.0,153.0,554.0,376.0,0.0,0.0,0.0,0.0,0.0,0.0,1024.0,1504.0,0.031855157081117,Female,White,True,Female_White,1.0,1
8946,38--Tennis/38_Tennis_Tennis_38_780.jpg,243.0,240.0,820.0,934.0,0.0,0.0,0.0,0.0,0.0,0.0,1024.0,1536.0,0.2545916239420573,Male,White,True,Male_White,9.0,1
8947,38--Tennis/38_Tennis_Tennis_38_53.jpg,680.0,88.0,800.0,242.0,0.0,1.0,0.0,0.0,0.0,0.0,1024.0,729.0,0.0247556584362139,Male,White,True,Male_White,0.0,1
8948,38--Tennis/38_Tennis_Tennis_38_112.jpg,572.0,114.0,668.0,246.0,0.0,0.0,0.0,0.0,0.0,0.0,1024.0,684.0,0.0180921052631578,Male,White,True,Male_White,0.0,1
8951,39--Ice_Skating/39_Ice_Skating_Ice_Skating_39_298.jpg,196.0,313.0,227.0,351.0,1.0,0.0,0.0,0.0,0.0,0.0,1024.0,682.0,0.0016867897727272,Male,White,True,Male_White,0.0,1
8953,39--Ice_Skating/39_Ice_Skating_Ice_Skating_39_422.jpg,292.0,252.0,414.0,380.0,1.0,0.0,0.0,0.0,0.0,1.0,1024.0,768.0,0.0198567708333333,Female,White,True,Female_White,0.0,1
8954,39--Ice_Skating/39_Ice_Skating_Ice_Skating_39_304.jpg,541.0,195.0,669.0,360.0,0.0,0.0,0.0,0.0,0.0,0.0,1024.0,1365.0,0.0151098901098901,Female,White,True,Female_White,0.0,1
8955,39--Ice_Skating/39_Ice_Skating_Ice_Skating_39_462.jpg,674.0,338.0,763.0,545.0,0.0,0.0,0.0,0.0,0.0,0.0,1024.0,1470.0,0.012238919005102,Female,White,True,Female_White,0.0,1
8956,39--Ice_Skating/39_Ice_Skating_iceskiing_39_915.jpg,354.0,310.0,418.0,408.0,1.0,0.0,0.0,0.0,0.0,0.0,1024.0,915.0,0.0066939890710382,Male,White,True,Male_White,0.0,1
8971,39--Ice_Skating/39_Ice_Skating_Ice_Skating_39_279.jpg,474.0,210.0,570.0,342.0,0.0,0.0,0.0,0.0,0.0,0.0,1024.0,1540.0,0.0080357142857142,Female,White,True,Female_White,0.0,1
8972,39--Ice_Skating/39_Ice_Skating_Ice_Skating_39_90.jpg,425.0,575.0,484.0,663.0,1.0,0.0,0.0,0.0,0.0,0.0,1024.0,1504.0,0.0033712184175531,Female,White,True,Female_White,0.0,1
8973,39--Ice_Skating/39_Ice_Skating_iceskiing_39_773.jpg,276.0,174.0,384.0,292.0,0.0,0.0,0.0,0.0,0.0,0.0,1024.0,684.0,0.0181949013157894,Male,White,True,Male_White,0.0,1
8975,39--Ice_Skating/39_Ice_Skating_Ice_Skating_39_533.jpg,412.0,180.0,466.0,244.0,0.0,0.0,0.0,0.0,1.0,0.0,1024.0,768.0,0.00439453125,Female,White,True,Female_White,0.0,1
8981,39--Ice_Skating/39_Ice_Skating_iceskiing_39_392.jpg,460.0,346.0,507.0,407.0,1.0,0.0,0.0,0.0,0.0,0.0,1024.0,768.0,0.0036455790201822,Female,White,True,Female_White,0.0,1
8982,39--Ice_Skating/39_Ice_Skating_iceskiing_39_669.jpg,470.0,176.0,684.0,454.0,0.0,0.0,0.0,0.0,0.0,0.0,1024.0,681.0,0.0853122705580029,Female,White,True,Female_White,3.0,1
8983,39--Ice_Skating/39_Ice_Skating_Ice_Skating_39_276.jpg,476.0,144.0,570.0,256.0,0.0,0.0,0.0,0.0,1.0,0.0,1024.0,779.0,0.0131980102695763,Female,Indian,True,Female_Indian,0.0,1
8985,39--Ice_Skating/39_Ice_Skating_Ice_Skating_39_41.jpg,504.0,138.0,580.0,238.0,0.0,0.0,0.0,0.0,0.0,1.0,1024.0,901.0,0.0082373751387347,Female,White,True,Female_White,0.0,1
8986,39--Ice_Skating/39_Ice_Skating_Ice_Skating_39_232.jpg,752.0,262.0,814.0,367.0,1.0,0.0,0.0,0.0,0.0,0.0,1024.0,1314.0,0.0048382206050228,Male,White,True,Male_White,0.0,1
8992,39--Ice_Skating/39_Ice_Skating_Ice_Skating_39_537.jpg,401.0,236.0,563.0,423.0,0.0,0.0,0.0,0.0,0.0,0.0,1024.0,1406.0,0.0210412406650071,Female,White,True,Female_White,0.0,1
9009,39--Ice_Skating/39_Ice_Skating_Ice_Skating_39_394.jpg,509.0,238.0,618.0,378.0,0.0,0.0,0.0,0.0,0.0,0.0,1024.0,1435.0,0.0103849085365853,Female,White,True,Female_White,0.0,1
9011,39--Ice_Skating/39_Ice_Skating_Ice_Skating_39_561.jpg,521.0,121.0,636.0,274.0,0.0,0.0,0.0,0.0,0.0,0.0,1024.0,1507.0,0.011401869401128,Female,White,True,Female_White,0.0,1
9017,39--Ice_Skating/39_Ice_Skating_iceskiing_39_734.jpg,364.0,270.0,400.0,313.0,1.0,0.0,0.0,0.0,0.0,0.0,1024.0,820.0,0.0018435594512195,Male,White,True,Male_White,0.0,1
9018,39--Ice_Skating/39_Ice_Skating_Ice_Skating_39_296.jpg,538.0,240.0,697.0,447.0,0.0,0.0,0.0,0.0,0.0,0.0,1024.0,1536.0,0.0209255218505859,Female,White,True,Female_White,0.0,1
9026,39--Ice_Skating/39_Ice_Skating_iceskiing_39_157.jpg,140.0,222.0,424.0,608.0,0.0,0.0,0.0,0.0,0.0,0.0,1024.0,768.0,0.1393941243489583,Male,White,True,Male_White,5.0,1
9027,39--Ice_Skating/39_Ice_Skating_Ice_Skating_39_321.jpg,466.0,134.0,530.0,216.0,0.0,0.0,0.0,0.0,0.0,1.0,1024.0,687.0,0.0074599708879184,Male,White,True,Male_White,0.0,1
9028,39--Ice_Skating/39_Ice_Skating_Ice_Skating_39_101.jpg,443.0,168.0,544.0,290.0,0.0,0.0,0.0,0.0,1.0,0.0,1024.0,1176.0,0.0102323155824829,Male,White,True,Male_White,0.0,1
9029,39--Ice_Skating/39_Ice_Skating_Ice_Skating_39_886.jpg,376.0,98.0,584.0,396.0,0.0,0.0,0.0,0.0,0.0,0.0,1024.0,768.0,0.0788167317708333,Female,White,True,Female_White,2.0,1
9032,39--Ice_Skating/39_Ice_Skating_Ice_Skating_39_179.jpg,306.0,134.0,370.0,206.0,0.0,0.0,0.0,0.0,0.0,0.0,1024.0,898.0,0.005011135857461,Male,White,True,Male_White,0.0,1
9038,39--Ice_Skating/39_Ice_Skating_iceskiing_39_45.jpg,364.0,102.0,420.0,176.0,0.0,0.0,0.0,0.0,0.0,0.0,1024.0,673.0,0.0060131872213967,Male,White,True,Male_White,0.0,1
9039,39--Ice_Skating/39_Ice_Skating_Ice_Skating_39_782.jpg,496.0,256.0,789.0,597.0,0.0,0.0,0.0,0.0,0.0,0.0,1024.0,1366.0,0.0714284692990483,Female,White,True,Female_White,2.0,1
9040,39--Ice_Skating/39_Ice_Skating_Ice_Skating_39_57.jpg,325.0,145.0,362.0,193.0,1.0,0.0,0.0,0.0,0.0,0.0,1024.0,792.0,0.0021898674242424,Female,White,True,Female_White,0.0,1
9041,39--Ice_Skating/39_Ice_Skating_iceskiing_39_631.jpg,609.0,203.0,660.0,263.0,1.0,0.0,0.0,0.0,1.0,0.0,1024.0,682.0,0.0043816440615835,Male,White,True,Male_White,0.0,1
9042,39--Ice_Skating/39_Ice_Skating_iceskiing_39_617.jpg,324.0,411.0,718.0,936.0,0.0,0.0,0.0,0.0,0.0,0.0,1024.0,2239.0,0.0902197200200982,Female,White,True,Female_White,3.0,1
9046,39--Ice_Skating/39_Ice_Skating_Ice_Skating_39_266.jpg,344.0,142.0,459.0,265.0,0.0,0.0,0.0,0.0,0.0,0.0,1024.0,1397.0,0.0098879574534717,Female,White,True,Female_White,0.0,1
9048,39--Ice_Skating/39_Ice_Skating_iceskiing_39_1038.jpg,84.0,250.0,582.0,916.0,0.0,0.0,0.0,0.0,0.0,0.0,1024.0,1231.0,0.2631149725832656,Female,White,True,Female_White,9.0,1
9050,39--Ice_Skating/39_Ice_Skating_iceskiing_39_507.jpg,382.0,42.0,684.0,460.0,0.0,0.0,0.0,0.0,0.0,0.0,1024.0,768.0,0.1605173746744791,Female,White,True,Female_White,5.0,1
9051,39--Ice_Skating/39_Ice_Skating_Ice_Skating_39_391.jpg,691.0,181.0,735.0,233.0,1.0,0.0,0.0,0.0,0.0,0.0,1024.0,829.0,0.0026952653799758,Female,White,True,Female_White,0.0,1
9052,39--Ice_Skating/39_Ice_Skating_Ice_Skating_39_1017.jpg,235.0,228.0,850.0,1074.0,0.0,0.0,0.0,0.0,0.0,0.0,1024.0,1621.0,0.3134458378315854,Female,White,True,Female_White,11.0,1
9056,39--Ice_Skating/39_Ice_Skating_iceskiing_39_888.jpg,430.0,981.0,506.0,1083.0,1.0,0.0,0.0,0.0,0.0,1.0,1024.0,1303.0,0.0058099098234842,Male,White,True,Male_White,0.0,1
9057,39--Ice_Skating/39_Ice_Skating_iceskiing_39_863.jpg,102.0,378.0,230.0,494.0,0.0,0.0,0.0,0.0,0.0,1.0,1024.0,695.0,0.0208633093525179,Female,White,True,Female_White,0.0,1
9059,39--Ice_Skating/39_Ice_Skating_Ice_Skating_39_272.jpg,117.0,544.0,231.0,661.0,0.0,0.0,0.0,0.0,0.0,1.0,1024.0,1536.0,0.0084800720214843,Female,Asian,True,Female_Asian,0.0,1
9060,39--Ice_Skating/39_Ice_Skating_Ice_Skating_39_272.jpg,426.0,426.0,522.0,546.0,1.0,0.0,0.0,0.0,0.0,0.0,1024.0,1536.0,0.00732421875,Male,White,True,Male_White,0.0,1
9061,39--Ice_Skating/39_Ice_Skating_Ice_Skating_39_139.jpg,610.0,70.0,726.0,158.0,1.0,0.0,0.0,0.0,0.0,1.0,1024.0,767.0,0.0129970664928292,Female,Asian,True,Female_Asian,0.0,1
9062,39--Ice_Skating/39_Ice_Skating_iceskiing_39_484.jpg,571.0,565.0,631.0,646.0,1.0,0.0,0.0,0.0,0.0,0.0,1024.0,1536.0,0.0030899047851562,Male,White,True,Male_White,0.0,1
9063,39--Ice_Skating/39_Ice_Skating_Ice_Skating_39_663.jpg,187.0,1208.0,389.0,1440.0,0.0,0.0,0.0,0.0,0.0,1.0,1024.0,1544.0,0.0296409488341968,Female,White,True,Female_White,1.0,1
9065,39--Ice_Skating/39_Ice_Skating_Ice_Skating_39_473.jpg,91.0,274.0,740.0,1027.0,0.0,0.0,0.0,0.0,0.0,0.0,1024.0,1512.0,0.3156370132688492,Female,White,True,Female_White,11.0,1
9066,39--Ice_Skating/39_Ice_Skating_iceskiing_39_658.jpg,768.0,206.0,821.0,285.0,0.0,0.0,0.0,0.0,0.0,0.0,1024.0,683.0,0.0059866283857979,Male,Black,True,Male_Black,0.0,10
9067,39--Ice_Skating/39_Ice_Skating_iceskiing_39_658.jpg,558.0,200.0,613.0,273.0,1.0,0.0,0.0,0.0,0.0,0.0,1024.0,683.0,0.0057407004941434,Male,Black,True,Male_Black,0.0,10
9068,39--Ice_Skating/39_Ice_Skating_iceskiing_39_658.jpg,369.0,192.0,428.0,269.0,1.0,0.0,0.0,0.0,0.0,0.0,1024.0,683.0,0.0064956419289897,Male,Black,True,Male_Black,0.0,10
9069,39--Ice_Skating/39_Ice_Skating_iceskiing_39_658.jpg,198.0,242.0,250.0,320.0,1.0,0.0,0.0,0.0,0.0,0.0,1024.0,683.0,0.0057993228404099,Male,Black,True,Male_Black,0.0,10
9070,39--Ice_Skating/39_Ice_Skating_Ice_Skating_39_876.jpg,513.0,184.0,549.0,227.0,1.0,0.0,1.0,0.0,0.0,0.0,1024.0,684.0,0.0022101151315789,Male,White,True,Male_White,0.0,1
9074,39--Ice_Skating/39_Ice_Skating_Ice_Skating_39_844.jpg,482.0,71.0,604.0,216.0,0.0,0.0,0.0,0.0,0.0,0.0,1024.0,1451.0,0.0119058515678842,Female,White,True,Female_White,0.0,1
9079,39--Ice_Skating/39_Ice_Skating_Ice_Skating_39_583.jpg,366.0,64.0,446.0,174.0,1.0,0.0,0.0,0.0,0.0,0.0,1024.0,768.0,0.0111897786458333,Female,White,True,Female_White,0.0,1
9080,39--Ice_Skating/39_Ice_Skating_Ice_Skating_39_142.jpg,228.0,162.0,310.0,230.0,0.0,0.0,0.0,0.0,0.0,1.0,1024.0,640.0,0.00850830078125,Male,Indian,True,Male_Indian,0.0,1
9081,39--Ice_Skating/39_Ice_Skating_Ice_Skating_39_142.jpg,298.0,248.0,366.0,292.0,0.0,0.0,0.0,0.0,0.0,1.0,1024.0,640.0,0.0045654296875,Female,White,True,Female_White,0.0,1
9085,39--Ice_Skating/39_Ice_Skating_iceskiing_39_509.jpg,381.0,200.0,575.0,397.0,0.0,0.0,0.0,0.0,0.0,0.0,1024.0,1343.0,0.0277902201228592,Female,White,True,Female_White,0.0,1
9110,39--Ice_Skating/39_Ice_Skating_Ice_Skating_39_127.jpg,464.0,144.0,493.0,210.0,1.0,0.0,0.0,0.0,0.0,1.0,1024.0,803.0,0.0023276969178082,Female,Asian,True,Female_Asian,0.0,1
9111,39--Ice_Skating/39_Ice_Skating_Ice_Skating_39_354.jpg,438.0,172.0,518.0,270.0,1.0,0.0,0.0,0.0,0.0,1.0,1024.0,683.0,0.0112097364568081,Female,Asian,True,Female_Asian,0.0,1
9114,39--Ice_Skating/39_Ice_Skating_Ice_Skating_39_109.jpg,434.0,532.0,552.0,700.0,0.0,0.0,0.0,0.0,0.0,1.0,1024.0,1229.0,0.0157521358828315,Male,Asian,True,Male_Asian,0.0,1
9117,39--Ice_Skating/39_Ice_Skating_Ice_Skating_39_908.jpg,497.0,242.0,598.0,348.0,0.0,0.0,0.0,0.0,0.0,1.0,1024.0,1290.0,0.0081047117248062,Female,White,True,Female_White,0.0,1
9121,39--Ice_Skating/39_Ice_Skating_Ice_Skating_39_32.jpg,518.0,369.0,608.0,473.0,0.0,0.0,0.0,0.0,0.0,1.0,1024.0,1435.0,0.0063697735191637,Female,White,True,Female_White,0.0,1
9122,39--Ice_Skating/39_Ice_Skating_iceskiing_39_723.jpg,471.0,78.0,511.0,129.0,1.0,0.0,0.0,0.0,0.0,0.0,1024.0,342.0,0.0058251096491228,Male,White,True,Male_White,0.0,1
9124,39--Ice_Skating/39_Ice_Skating_iceskiing_39_628.jpg,407.0,168.0,510.0,301.0,0.0,0.0,0.0,0.0,0.0,0.0,1024.0,1286.0,0.010402744702566,Male,White,True,Male_White,0.0,1
9125,39--Ice_Skating/39_Ice_Skating_iceskiing_39_628.jpg,567.0,238.0,662.0,343.0,0.0,0.0,0.0,0.0,0.0,0.0,1024.0,1286.0,0.0075748141038102,Female,Asian,True,Female_Asian,0.0,1
9129,39--Ice_Skating/39_Ice_Skating_iceskiing_39_26.jpg,520.0,250.0,565.0,302.0,1.0,0.0,0.0,0.0,1.0,0.0,1024.0,684.0,0.0033408717105263,Male,White,True,Male_White,0.0,1
9130,39--Ice_Skating/39_Ice_Skating_Ice_Skating_39_55.jpg,226.0,416.0,344.0,576.0,0.0,0.0,0.0,0.0,0.0,1.0,1024.0,768.0,0.0240071614583333,Female,White,True,Female_White,0.0,1
9131,39--Ice_Skating/39_Ice_Skating_Ice_Skating_39_208.jpg,422.0,212.0,488.0,296.0,1.0,0.0,0.0,0.0,0.0,0.0,1024.0,648.0,0.0083550347222222,Male,Asian,True,Male_Asian,0.0,1
9132,39--Ice_Skating/39_Ice_Skating_Ice_Skating_39_208.jpg,560.0,182.0,622.0,262.0,1.0,0.0,0.0,0.0,0.0,0.0,1024.0,648.0,0.0074749228395061,Male,White,True,Male_White,0.0,1
9133,39--Ice_Skating/39_Ice_Skating_Ice_Skating_39_208.jpg,732.0,126.0,798.0,194.0,1.0,0.0,0.0,0.0,0.0,0.0,1024.0,648.0,0.006763599537037,Male,Asian,True,Male_Asian,0.0,1
9136,39--Ice_Skating/39_Ice_Skating_iceskiing_39_227.jpg,469.0,349.0,581.0,469.0,0.0,0.0,0.0,0.0,0.0,0.0,1024.0,1366.0,0.009608345534407,Female,White,True,Female_White,0.0,1
9137,39--Ice_Skating/39_Ice_Skating_Ice_Skating_39_20.jpg,588.0,133.0,757.0,360.0,0.0,0.0,0.0,0.0,0.0,0.0,1024.0,1847.0,0.0202836313955062,Male,White,True,Male_White,0.0,1
9138,39--Ice_Skating/39_Ice_Skating_iceskiing_39_803.jpg,446.0,373.0,490.0,434.0,1.0,0.0,0.0,0.0,0.0,1.0,1024.0,1119.0,0.0023423536639857,Male,White,True,Male_White,0.0,1
9145,39--Ice_Skating/39_Ice_Skating_Ice_Skating_39_78.jpg,692.0,148.0,760.0,234.0,1.0,0.0,0.0,0.0,0.0,0.0,1024.0,990.0,0.0057686237373737,Female,White,True,Female_White,0.0,1
9146,39--Ice_Skating/39_Ice_Skating_Ice_Skating_39_301.jpg,165.0,178.0,204.0,232.0,0.0,0.0,0.0,0.0,0.0,0.0,1024.0,755.0,0.0027240273178807,Male,Asian,True,Male_Asian,0.0,1
9147,39--Ice_Skating/39_Ice_Skating_Ice_Skating_39_301.jpg,220.0,194.0,254.0,239.0,0.0,0.0,0.0,0.0,0.0,0.0,1024.0,755.0,0.001978994205298,Male,Asian,True,Male_Asian,0.0,1
9148,39--Ice_Skating/39_Ice_Skating_Ice_Skating_39_301.jpg,354.0,214.0,384.0,254.0,0.0,0.0,0.0,0.0,0.0,0.0,1024.0,755.0,0.0015521523178807,Female,Asian,True,Female_Asian,0.0,1
9149,39--Ice_Skating/39_Ice_Skating_Ice_Skating_39_301.jpg,441.0,200.0,474.0,245.0,0.0,0.0,0.0,0.0,0.0,0.0,1024.0,755.0,0.0019207884933774,Female,Asian,True,Female_Asian,0.0,1
9150,39--Ice_Skating/39_Ice_Skating_Ice_Skating_39_301.jpg,534.0,151.0,567.0,199.0,0.0,0.0,0.0,0.0,0.0,0.0,1024.0,755.0,0.0020488410596026,Male,White,True,Male_White,0.0,1
9151,39--Ice_Skating/39_Ice_Skating_Ice_Skating_39_301.jpg,657.0,173.0,698.0,221.0,0.0,0.0,0.0,0.0,0.0,0.0,1024.0,755.0,0.0025455298013245,Male,Asian,True,Male_Asian,0.0,1
9152,39--Ice_Skating/39_Ice_Skating_Ice_Skating_39_301.jpg,771.0,202.0,810.0,245.0,1.0,0.0,0.0,0.0,0.0,0.0,1024.0,755.0,0.0021691328642384,Male,Asian,True,Male_Asian,0.0,1
9155,39--Ice_Skating/39_Ice_Skating_iceskiing_39_264.jpg,502.0,687.0,584.0,796.0,0.0,0.0,0.0,0.0,0.0,0.0,1024.0,1504.0,0.0058035343251329,Male,White,True,Male_White,0.0,1
9156,39--Ice_Skating/39_Ice_Skating_iceskiing_39_281.jpg,378.0,284.0,664.0,670.0,0.0,0.0,0.0,0.0,0.0,0.0,1024.0,768.0,0.1403757731119791,Male,White,True,Male_White,5.0,1
9157,39--Ice_Skating/39_Ice_Skating_iceskiing_39_128.jpg,462.0,76.0,518.0,136.0,1.0,0.0,0.0,0.0,0.0,0.0,1024.0,579.0,0.0056670984455958,Female,White,True,Female_White,0.0,1
9161,39--Ice_Skating/39_Ice_Skating_Ice_Skating_39_28.jpg,267.0,222.0,306.0,273.0,1.0,0.0,0.0,0.0,0.0,0.0,1024.0,681.0,0.0028522508259911,Male,Asian,True,Male_Asian,0.0,1
9162,39--Ice_Skating/39_Ice_Skating_Ice_Skating_39_28.jpg,501.0,530.0,537.0,586.0,1.0,0.0,0.0,0.0,0.0,1.0,1024.0,681.0,0.0028909691629955,Female,Asian,True,Female_Asian,0.0,1
9167,39--Ice_Skating/39_Ice_Skating_iceskiing_39_788.jpg,252.0,266.0,322.0,356.0,0.0,0.0,0.0,0.0,0.0,0.0,1024.0,721.0,0.0085330703883495,Male,White,True,Male_White,0.0,1
9168,39--Ice_Skating/39_Ice_Skating_Ice_Skating_39_284.jpg,232.0,623.0,371.0,749.0,1.0,0.0,0.0,0.0,0.0,1.0,1024.0,1540.0,0.0111061789772727,Male,Asian,True,Male_Asian,0.0,1
9169,39--Ice_Skating/39_Ice_Skating_iceskiing_39_889.jpg,530.0,230.0,660.0,400.0,0.0,0.0,0.0,0.0,0.0,0.0,1024.0,805.0,0.0268099767080745,Female,White,True,Female_White,0.0,1
9170,39--Ice_Skating/39_Ice_Skating_Ice_Skating_39_1039.jpg,407.0,389.0,513.0,501.0,1.0,0.0,0.0,0.0,0.0,0.0,1024.0,1556.0,0.0074509961439588,Female,White,True,Female_White,0.0,1
9171,39--Ice_Skating/39_Ice_Skating_Ice_Skating_39_2.jpg,226.0,74.0,280.0,158.0,1.0,0.0,0.0,0.0,0.0,0.0,1024.0,768.0,0.005767822265625,Female,White,True,Female_White,0.0,1
9172,39--Ice_Skating/39_Ice_Skating_iceskiing_39_437.jpg,549.0,264.0,584.0,309.0,1.0,0.0,0.0,0.0,0.0,0.0,1024.0,790.0,0.0019469442246835,Female,White,True,Female_White,0.0,1
9187,39--Ice_Skating/39_Ice_Skating_Ice_Skating_39_254.jpg,561.0,325.0,636.0,424.0,0.0,0.0,0.0,0.0,0.0,0.0,1024.0,1332.0,0.0054436760979729,Female,White,True,Female_White,0.0,1
9193,4--Dancing/4_Dancing_Dancing_4_935.jpg,388.0,378.0,564.0,538.0,0.0,0.0,0.0,0.0,0.0,1.0,1024.0,1024.0,0.02685546875,Female,White,True,Female_White,0.0,1
9194,4--Dancing/4_Dancing_Dancing_4_954.jpg,361.0,202.0,631.0,556.0,0.0,0.0,0.0,0.0,0.0,0.0,1024.0,1341.0,0.0696046560402684,Female,White,True,Female_White,2.0,1
9195,4--Dancing/4_Dancing_Dancing_4_198.jpg,506.0,114.0,584.0,226.0,1.0,0.0,0.0,0.0,0.0,0.0,1024.0,768.0,0.0111083984375,Male,White,True,Male_White,0.0,1
9196,4--Dancing/4_Dancing_Dancing_4_871.jpg,126.0,8.0,404.0,320.0,0.0,0.0,0.0,0.0,0.0,0.0,1024.0,888.0,0.095386402027027,Male,White,True,Male_White,3.0,1
9197,4--Dancing/4_Dancing_Dancing_4_241.jpg,572.0,277.0,653.0,400.0,0.0,0.0,0.0,0.0,0.0,0.0,1024.0,1541.0,0.0063137522306943,Female,White,True,Female_White,0.0,1
9205,4--Dancing/4_Dancing_Dancing_4_531.jpg,209.0,322.0,410.0,504.0,0.0,0.0,0.0,0.0,0.0,1.0,1024.0,1072.0,0.0333251953125,Male,Indian,True,Male_Indian,1.0,1
9210,4--Dancing/4_Dancing_Dancing_4_963.jpg,447.0,137.0,658.0,405.0,0.0,0.0,0.0,0.0,0.0,0.0,1024.0,1635.0,0.0337753249235474,Female,Indian,True,Female_Indian,1.0,1
9214,4--Dancing/4_Dancing_Dancing_4_33.jpg,304.0,282.0,410.0,394.0,1.0,0.0,0.0,0.0,0.0,0.0,1024.0,1004.0,0.0115475597609561,Male,White,True,Male_White,0.0,1
9215,4--Dancing/4_Dancing_Dancing_4_33.jpg,140.0,606.0,274.0,700.0,1.0,0.0,0.0,0.0,0.0,1.0,1024.0,1004.0,0.0122517741533864,Female,Asian,True,Female_Asian,0.0,1
9218,4--Dancing/4_Dancing_Dancing_4_502.jpg,80.0,218.0,254.0,402.0,0.0,0.0,0.0,0.0,0.0,0.0,1024.0,640.0,0.0488525390625,Female,White,True,Female_White,1.0,1
9219,4--Dancing/4_Dancing_Dancing_4_502.jpg,468.0,22.0,632.0,268.0,0.0,0.0,0.0,0.0,0.0,0.0,1024.0,640.0,0.06156005859375,Male,Black,True,Male_Black,2.0,1
9231,4--Dancing/4_Dancing_Dancing_4_12.jpg,643.0,147.0,679.0,208.0,0.0,0.0,0.0,0.0,0.0,1.0,1024.0,683.0,0.0031398700585651,Female,Asian,True,Female_Asian,0.0,1
9234,4--Dancing/4_Dancing_Dancing_4_1020.jpg,361.0,175.0,650.0,633.0,0.0,0.0,0.0,0.0,0.0,0.0,1024.0,1422.0,0.0908999758263009,Female,White,True,Female_White,3.0,1
9237,4--Dancing/4_Dancing_Dancing_4_400.jpg,471.0,55.0,538.0,172.0,1.0,0.0,1.0,0.0,0.0,0.0,1024.0,1034.0,0.0074035526474854,Female,White,True,Female_White,0.0,1
9243,4--Dancing/4_Dancing_Dancing_4_512.jpg,188.0,160.0,252.0,272.0,0.0,0.0,0.0,0.0,0.0,0.0,1024.0,960.0,0.0072916666666666,Female,Asian,True,Female_Asian,0.0,1
9244,4--Dancing/4_Dancing_Dancing_4_512.jpg,522.0,248.0,588.0,356.0,0.0,0.0,0.0,0.0,0.0,1.0,1024.0,960.0,0.0072509765625,Female,Asian,True,Female_Asian,0.0,1
9245,4--Dancing/4_Dancing_Dancing_4_144.jpg,652.0,55.0,698.0,106.0,0.0,0.0,0.0,0.0,0.0,0.0,1024.0,576.0,0.0039774576822916,Female,White,True,Female_White,0.0,1
9253,4--Dancing/4_Dancing_Dancing_4_507.jpg,360.0,129.0,474.0,294.0,0.0,0.0,0.0,0.0,0.0,0.0,1024.0,1536.0,0.0119590759277343,Female,White,True,Female_White,0.0,1
9254,4--Dancing/4_Dancing_Dancing_4_113.jpg,474.0,214.0,558.0,346.0,0.0,0.0,0.0,0.0,0.0,0.0,1024.0,1000.0,0.010828125,Female,White,True,Female_White,0.0,1
9265,4--Dancing/4_Dancing_Dancing_4_944.jpg,362.0,184.0,858.0,924.0,0.0,0.0,1.0,0.0,0.0,0.0,1024.0,1020.0,0.3514093137254901,Male,White,True,Male_White,13.0,1
9266,4--Dancing/4_Dancing_Dancing_4_491.jpg,324.0,312.0,400.0,366.0,0.0,0.0,0.0,0.0,0.0,1.0,1024.0,576.0,0.0069580078125,Female,White,True,Female_White,0.0,1
9267,4--Dancing/4_Dancing_Dancing_4_539.jpg,598.0,229.0,711.0,408.0,0.0,0.0,0.0,0.0,0.0,0.0,1024.0,1348.0,0.0146535086702522,Female,Black,True,Female_Black,0.0,1
9268,4--Dancing/4_Dancing_Dancing_4_539.jpg,787.0,305.0,900.0,484.0,0.0,1.0,0.0,0.0,0.0,0.0,1024.0,1348.0,0.0146535086702522,Female,Black,True,Female_Black,0.0,1
9272,4--Dancing/4_Dancing_Dancing_4_786.jpg,406.0,282.0,632.0,506.0,0.0,0.0,0.0,0.0,0.0,1.0,1024.0,768.0,0.0643717447916666,Female,Indian,True,Female_Indian,2.0,1
9275,4--Dancing/4_Dancing_Dancing_4_226.jpg,453.0,207.0,654.0,422.0,0.0,0.0,0.0,0.0,0.0,0.0,1024.0,1433.0,0.029450208260642,Male,White,True,Male_White,1.0,1
9278,4--Dancing/4_Dancing_Dancing_4_522.jpg,441.0,155.0,643.0,464.0,0.0,0.0,0.0,0.0,0.0,0.0,1024.0,1056.0,0.0577226118607954,Male,White,True,Male_White,2.0,1
9297,4--Dancing/4_Dancing_Dancing_4_896.jpg,467.0,123.0,564.0,275.0,0.0,0.0,0.0,0.0,0.0,0.0,1024.0,1661.0,0.0086685355207706,Female,White,True,Female_White,0.0,1
9300,4--Dancing/4_Dancing_Dancing_4_197.jpg,358.0,22.0,432.0,118.0,1.0,0.0,0.0,0.0,0.0,0.0,1024.0,817.0,0.0084914320685434,Male,White,True,Male_White,0.0,1
9301,4--Dancing/4_Dancing_Dancing_4_197.jpg,730.0,60.0,804.0,144.0,1.0,1.0,0.0,0.0,0.0,0.0,1024.0,817.0,0.0074300030599755,Female,Black,True,Female_Black,0.0,1
9308,4--Dancing/4_Dancing_Dancing_4_328.jpg,450.0,114.0,828.0,528.0,0.0,0.0,0.0,0.0,0.0,0.0,1024.0,820.0,0.1863709984756097,Female,White,True,Female_White,6.0,1
9309,4--Dancing/4_Dancing_Dancing_4_419.jpg,529.0,159.0,867.0,610.0,0.0,0.0,1.0,0.0,0.0,0.0,1024.0,1031.0,0.1443891701018428,Male,White,True,Male_White,5.0,1
9310,4--Dancing/4_Dancing_Dancing_4_862.jpg,572.0,112.0,670.0,232.0,1.0,0.0,0.0,0.0,0.0,1.0,1024.0,768.0,0.01495361328125,Male,Indian,True,Male_Indian,0.0,1
9315,4--Dancing/4_Dancing_Dancing_4_927.jpg,294.0,339.0,603.0,729.0,0.0,0.0,0.0,0.0,0.0,0.0,1024.0,1536.0,0.0766181945800781,Female,White,True,Female_White,2.0,1
9332,4--Dancing/4_Dancing_Dancing_4_380.jpg,452.0,18.0,776.0,472.0,0.0,0.0,0.0,0.0,0.0,0.0,1024.0,576.0,0.2493896484375,Female,Asian,True,Female_Asian,9.0,1
9333,4--Dancing/4_Dancing_Dancing_4_455.jpg,466.0,244.0,582.0,410.0,0.0,1.0,0.0,0.0,0.0,0.0,1024.0,768.0,0.0244852701822916,Female,White,True,Female_White,0.0,1
9350,4--Dancing/4_Dancing_Dancing_4_595.jpg,483.0,155.0,563.0,278.0,0.0,0.0,0.0,0.0,0.0,0.0,1024.0,1366.0,0.0070346815519765,Female,White,True,Female_White,0.0,1
9351,4--Dancing/4_Dancing_Dancing_4_685.jpg,422.0,196.0,614.0,390.0,0.0,0.0,0.0,0.0,0.0,0.0,1024.0,1024.0,0.0355224609375,Female,White,True,Female_White,1.0,1
9357,4--Dancing/4_Dancing_Dancing_4_1025.jpg,400.0,184.0,597.0,452.0,0.0,0.0,0.0,0.0,0.0,0.0,1024.0,1599.0,0.032244273764853,Female,White,True,Female_White,1.0,1
9359,4--Dancing/4_Dancing_Dancing_4_49.jpg,344.0,347.0,428.0,485.0,0.0,0.0,0.0,0.0,0.0,0.0,1024.0,1536.0,0.0073699951171875,Female,Asian,True,Female_Asian,0.0,1
9360,4--Dancing/4_Dancing_Dancing_4_49.jpg,539.0,353.0,629.0,470.0,1.0,0.0,0.0,0.0,0.0,0.0,1024.0,1536.0,0.0066947937011718,Male,White,True,Male_White,0.0,1
9377,4--Dancing/4_Dancing_Dancing_4_170.jpg,522.0,84.0,578.0,136.0,0.0,0.0,0.0,0.0,0.0,1.0,1024.0,640.0,0.004443359375,Female,White,True,Female_White,0.0,1
9380,4--Dancing/4_Dancing_Dancing_4_945.jpg,289.0,307.0,735.0,807.0,0.0,0.0,0.0,0.0,0.0,0.0,1024.0,1541.0,0.1413195571057754,Female,White,True,Female_White,5.0,1
9389,4--Dancing/4_Dancing_Dancing_4_767.jpg,657.0,806.0,1015.0,1158.0,0.0,0.0,0.0,0.0,0.0,1.0,1024.0,1490.0,0.0825922818791946,Female,White,True,Female_White,3.0,1
9390,4--Dancing/4_Dancing_Dancing_4_1017.jpg,440.0,26.0,594.0,294.0,0.0,0.0,0.0,0.0,0.0,0.0,1024.0,687.0,0.0586676673944687,Female,White,True,Female_White,2.0,1
9404,40--Gymnastics/40_Gymnastics_Gymnastics_40_785.jpg,480.0,212.0,582.0,332.0,0.0,0.0,0.0,0.0,0.0,0.0,1024.0,683.0,0.017500915080527,Female,White,True,Female_White,0.0,1
9405,40--Gymnastics/40_Gymnastics_Gymnastics_40_231.jpg,393.0,974.0,505.0,1047.0,1.0,0.0,0.0,0.0,0.0,1.0,1024.0,1436.0,0.0055601497214484,Female,White,True,Female_White,0.0,1
9406,40--Gymnastics/40_Gymnastics_Gymnastics_40_755.jpg,336.0,68.0,572.0,480.0,0.0,0.0,0.0,0.0,0.0,0.0,1024.0,641.0,0.1481328003120124,Female,White,True,Female_White,5.0,1
9407,40--Gymnastics/40_Gymnastics_Gymnastics_40_204.jpg,456.0,144.0,516.0,222.0,0.0,0.0,0.0,0.0,0.0,0.0,1024.0,468.0,0.009765625,Male,White,True,Male_White,0.0,1
9420,40--Gymnastics/40_Gymnastics_Gymnastics_40_904.jpg,529.0,169.0,566.0,220.0,0.0,0.0,0.0,0.0,0.0,0.0,1024.0,683.0,0.0026980577415812,Male,White,True,Male_White,0.0,1
9433,40--Gymnastics/40_Gymnastics_Gymnastics_40_464.jpg,530.0,220.0,590.0,302.0,0.0,0.0,0.0,0.0,0.0,0.0,1024.0,683.0,0.0070346815519765,Female,White,True,Female_White,0.0,1
9439,40--Gymnastics/40_Gymnastics_Gymnastics_40_26.jpg,400.0,773.0,507.0,952.0,1.0,0.0,0.0,0.0,0.0,1.0,1024.0,1366.0,0.0136926072931918,Male,Asian,True,Male_Asian,0.0,1
9440,40--Gymnastics/40_Gymnastics_Gymnastics_40_112.jpg,412.0,1188.0,579.0,1278.0,0.0,0.0,0.0,0.0,0.0,1.0,1024.0,1651.0,0.0088902085857056,Female,Asian,True,Female_Asian,0.0,1
9441,40--Gymnastics/40_Gymnastics_Gymnastics_40_66.jpg,474.0,104.0,552.0,206.0,0.0,0.0,0.0,0.0,0.0,0.0,1024.0,683.0,0.0113755948023426,Male,White,True,Male_White,0.0,1
9454,40--Gymnastics/40_Gymnastics_Gymnastics_40_74.jpg,487.0,95.0,521.0,145.0,0.0,0.0,0.0,0.0,0.0,0.0,1024.0,685.0,0.0024235857664233,Female,White,True,Female_White,0.0,1
9457,40--Gymnastics/40_Gymnastics_Gymnastics_40_121.jpg,164.0,372.0,260.0,446.0,1.0,0.0,0.0,0.0,0.0,1.0,1024.0,683.0,0.0101573938506588,Female,White,True,Female_White,0.0,1
9461,40--Gymnastics/40_Gymnastics_Gymnastics_40_111.jpg,586.0,434.0,656.0,484.0,1.0,0.0,0.0,0.0,0.0,1.0,1024.0,683.0,0.0050043466325036,Female,White,True,Female_White,0.0,1
9462,40--Gymnastics/40_Gymnastics_Gymnastics_40_629.jpg,320.0,268.0,436.0,342.0,0.0,0.0,0.0,0.0,0.0,1.0,1024.0,681.0,0.0123095631424375,Female,White,True,Female_White,0.0,1
9471,40--Gymnastics/40_Gymnastics_Gymnastics_40_435.jpg,517.0,142.0,611.0,286.0,0.0,0.0,0.0,0.0,0.0,0.0,1024.0,1274.0,0.0103757849293563,Female,White,True,Female_White,0.0,1
9497,40--Gymnastics/40_Gymnastics_Gymnastics_40_875.jpg,458.0,154.0,644.0,448.0,0.0,0.0,0.0,0.0,0.0,0.0,1024.0,769.0,0.0694438800390117,Female,White,True,Female_White,2.0,1
9507,40--Gymnastics/40_Gymnastics_Gymnastics_40_591.jpg,460.0,86.0,520.0,176.0,0.0,0.0,0.0,0.0,0.0,0.0,1024.0,768.0,0.006866455078125,Female,White,True,Female_White,0.0,1
9522,40--Gymnastics/40_Gymnastics_Gymnastics_40_6.jpg,504.0,116.0,612.0,180.0,0.0,0.0,0.0,0.0,0.0,0.0,1024.0,682.0,0.0098973607038123,Female,White,True,Female_White,0.0,1
9523,40--Gymnastics/40_Gymnastics_Gymnastics_40_327.jpg,372.0,216.0,460.0,358.0,0.0,0.0,0.0,0.0,0.0,0.0,1024.0,685.0,0.0178147810218978,Female,White,True,Female_White,0.0,1
9524,40--Gymnastics/40_Gymnastics_Gymnastics_40_433.jpg,684.0,314.0,808.0,412.0,0.0,0.0,0.0,0.0,0.0,1.0,1024.0,683.0,0.0173750915080527,Female,Asian,True,Female_Asian,0.0,1
9566,40--Gymnastics/40_Gymnastics_Gymnastics_40_796.jpg,34.0,110.0,112.0,164.0,1.0,0.0,0.0,0.0,0.0,1.0,1024.0,563.0,0.0073060057726465,Male,White,True,Male_White,0.0,1
9569,40--Gymnastics/40_Gymnastics_Gymnastics_40_223.jpg,406.0,340.0,496.0,474.0,0.0,0.0,0.0,0.0,0.0,0.0,1024.0,867.0,0.0135840181660899,Female,White,True,Female_White,0.0,1
9570,40--Gymnastics/40_Gymnastics_Gymnastics_40_376.jpg,345.0,177.0,459.0,372.0,1.0,0.0,0.0,0.0,0.0,0.0,1024.0,1536.0,0.0141334533691406,Female,White,True,Female_White,0.0,1
9571,40--Gymnastics/40_Gymnastics_Gymnastics_40_681.jpg,264.0,176.0,334.0,272.0,1.0,0.0,1.0,0.0,0.0,0.0,1024.0,1024.0,0.00640869140625,Female,Indian,True,Female_Indian,0.0,1
9572,40--Gymnastics/40_Gymnastics_Gymnastics_40_681.jpg,442.0,154.0,506.0,260.0,1.0,0.0,1.0,0.0,0.0,0.0,1024.0,1024.0,0.0064697265625,Female,White,True,Female_White,0.0,1
9573,40--Gymnastics/40_Gymnastics_Gymnastics_40_681.jpg,820.0,146.0,890.0,244.0,1.0,0.0,0.0,0.0,0.0,0.0,1024.0,1024.0,0.0065422058105468,Female,Black,True,Female_Black,0.0,1
9574,40--Gymnastics/40_Gymnastics_Gymnastics_40_681.jpg,638.0,146.0,708.0,240.0,1.0,0.0,1.0,0.0,0.0,0.0,1024.0,1024.0,0.0062751770019531,Female,White,True,Female_White,0.0,1
9575,40--Gymnastics/40_Gymnastics_Gymnastics_40_681.jpg,110.0,194.0,188.0,304.0,1.0,0.0,1.0,0.0,0.0,0.0,1024.0,1024.0,0.0081825256347656,Female,Black,True,Female_Black,0.0,1
9593,40--Gymnastics/40_Gymnastics_Gymnastics_40_1023.jpg,616.0,320.0,674.0,368.0,0.0,0.0,0.0,0.0,0.0,1.0,1024.0,679.0,0.0040040500736377,Female,White,True,Female_White,0.0,1
9604,40--Gymnastics/40_Gymnastics_Gymnastics_40_506.jpg,334.0,152.0,400.0,256.0,0.0,0.0,0.0,0.0,0.0,0.0,1024.0,683.0,0.0098142386530014,Female,White,True,Female_White,0.0,1
9615,40--Gymnastics/40_Gymnastics_Gymnastics_40_33.jpg,319.0,535.0,420.0,716.0,0.0,0.0,0.0,0.0,0.0,1.0,1024.0,1473.0,0.012119850008486,Female,Black,True,Female_Black,0.0,1
9616,40--Gymnastics/40_Gymnastics_Gymnastics_40_208.jpg,350.0,496.0,468.0,634.0,0.0,0.0,0.0,0.0,0.0,1.0,1024.0,768.0,0.0207061767578125,Female,White,True,Female_White,0.0,1
9617,40--Gymnastics/40_Gymnastics_Gymnastics_40_1038.jpg,750.0,220.0,820.0,294.0,0.0,0.0,0.0,0.0,0.0,0.0,1024.0,791.0,0.0063951880530973,Female,White,True,Female_White,0.0,1
9618,40--Gymnastics/40_Gymnastics_Gymnastics_40_673.jpg,434.0,180.0,638.0,470.0,0.0,0.0,0.0,0.0,0.0,0.0,1024.0,888.0,0.0650601773648648,Female,White,True,Female_White,2.0,1
9621,40--Gymnastics/40_Gymnastics_Gymnastics_40_94.jpg,458.0,432.0,538.0,476.0,1.0,0.0,0.0,0.0,0.0,1.0,1024.0,683.0,0.0050329428989751,Female,White,True,Female_White,0.0,1
9622,40--Gymnastics/40_Gymnastics_Gymnastics_40_585.jpg,448.0,110.0,514.0,212.0,0.0,0.0,0.0,0.0,0.0,0.0,1024.0,682.0,0.0096396169354838,Female,White,True,Female_White,0.0,1
9624,40--Gymnastics/40_Gymnastics_Gymnastics_40_20.jpg,236.0,352.0,318.0,418.0,0.0,0.0,0.0,0.0,0.0,1.0,1024.0,576.0,0.0091756184895833,Female,White,True,Female_White,0.0,1
9626,40--Gymnastics/40_Gymnastics_Gymnastics_40_926.jpg,134.0,6.0,528.0,482.0,0.0,0.0,0.0,0.0,0.0,0.0,1024.0,576.0,0.3179660373263889,Male,Indian,True,Male_Indian,11.0,1
9627,40--Gymnastics/40_Gymnastics_Gymnastics_40_307.jpg,504.0,470.0,580.0,520.0,0.0,0.0,0.0,0.0,0.0,1.0,1024.0,683.0,0.0054332906295754,Female,White,True,Female_White,0.0,1
9628,40--Gymnastics/40_Gymnastics_Gymnastics_40_643.jpg,354.0,429.0,474.0,600.0,0.0,0.0,0.0,0.0,0.0,0.0,1024.0,1201.0,0.0166853143213988,Female,White,True,Female_White,0.0,1
9629,40--Gymnastics/40_Gymnastics_Gymnastics_40_514.jpg,500.0,353.0,612.0,522.0,0.0,0.0,0.0,0.0,0.0,0.0,1024.0,1597.0,0.0115744364433312,Female,White,True,Female_White,0.0,1
9636,40--Gymnastics/40_Gymnastics_Gymnastics_40_38.jpg,405.0,243.0,512.0,398.0,0.0,0.0,0.0,0.0,0.0,0.0,1024.0,1364.0,0.011874112215909,Female,White,True,Female_White,0.0,1
9637,40--Gymnastics/40_Gymnastics_Gymnastics_40_679.jpg,390.0,124.0,642.0,434.0,0.0,0.0,0.0,0.0,0.0,0.0,1024.0,685.0,0.1113708941605839,Female,White,True,Female_White,4.0,1
9638,40--Gymnastics/40_Gymnastics_Gymnastics_40_179.jpg,552.0,154.0,687.0,316.0,0.0,0.0,0.0,0.0,0.0,0.0,1024.0,1357.0,0.015738704403095,Female,White,True,Female_White,0.0,1
9652,40--Gymnastics/40_Gymnastics_Gymnastics_40_50.jpg,465.0,192.0,569.0,337.0,1.0,0.0,0.0,0.0,0.0,0.0,1024.0,1517.0,0.0097076878707976,Female,White,True,Female_White,0.0,1
9654,40--Gymnastics/40_Gymnastics_Gymnastics_40_1041.jpg,902.0,223.0,947.0,283.0,1.0,0.0,0.0,0.0,0.0,0.0,1024.0,752.0,0.0035062749335106,Female,Asian,True,Female_Asian,0.0,1
9655,40--Gymnastics/40_Gymnastics_Gymnastics_40_1041.jpg,70.0,167.0,114.0,225.0,1.0,0.0,0.0,0.0,0.0,0.0,1024.0,752.0,0.0033140791223404,Female,Asian,True,Female_Asian,0.0,1
9656,40--Gymnastics/40_Gymnastics_Gymnastics_40_1041.jpg,253.0,177.0,299.0,235.0,1.0,0.0,0.0,0.0,0.0,0.0,1024.0,752.0,0.0034647190824468,Female,Asian,True,Female_Asian,0.0,1
9657,40--Gymnastics/40_Gymnastics_Gymnastics_40_1041.jpg,425.0,193.0,471.0,251.0,1.0,0.0,0.0,0.0,0.0,0.0,1024.0,752.0,0.0034647190824468,Female,Asian,True,Female_Asian,0.0,1
9658,40--Gymnastics/40_Gymnastics_Gymnastics_40_1041.jpg,584.0,209.0,632.0,263.0,1.0,0.0,0.0,0.0,0.0,0.0,1024.0,752.0,0.0033660239361702,Female,Asian,True,Female_Asian,0.0,1
9659,40--Gymnastics/40_Gymnastics_Gymnastics_40_1041.jpg,745.0,213.0,790.0,263.0,1.0,0.0,0.0,0.0,0.0,0.0,1024.0,752.0,0.0029218957779255,Female,Asian,True,Female_Asian,0.0,1
9661,40--Gymnastics/40_Gymnastics_Gymnastics_40_41.jpg,404.0,152.0,510.0,298.0,0.0,0.0,0.0,0.0,0.0,0.0,1024.0,683.0,0.0221277909956076,Female,White,True,Female_White,0.0,1
9665,40--Gymnastics/40_Gymnastics_Gymnastics_40_915.jpg,474.0,223.0,595.0,409.0,0.0,0.0,0.0,0.0,0.0,0.0,1024.0,1444.0,0.0152205786876731,Female,White,True,Female_White,0.0,1
9666,40--Gymnastics/40_Gymnastics_Gymnastics_40_574.jpg,550.0,408.0,642.0,482.0,0.0,0.0,0.0,0.0,0.0,1.0,1024.0,663.0,0.0100278092006033,Female,Asian,True,Female_Asian,0.0,1
9667,40--Gymnastics/40_Gymnastics_Gymnastics_40_75.jpg,526.0,312.0,590.0,372.0,0.0,0.0,0.0,0.0,0.0,1.0,1024.0,725.0,0.0051724137931034,Female,Black,True,Female_Black,0.0,1
9685,40--Gymnastics/40_Gymnastics_Gymnastics_40_245.jpg,56.0,165.0,211.0,360.0,1.0,0.0,0.0,0.0,0.0,0.0,1024.0,1366.0,0.021608053852489,Female,White,True,Female_White,0.0,1
9686,40--Gymnastics/40_Gymnastics_Gymnastics_40_245.jpg,389.0,301.0,514.0,416.0,0.0,0.0,0.0,0.0,0.0,1.0,1024.0,1366.0,0.0102767832631771,Female,Indian,True,Female_Indian,0.0,1
9708,40--Gymnastics/40_Gymnastics_Gymnastics_40_169.jpg,694.0,1054.0,826.0,1132.0,0.0,0.0,0.0,0.0,1.0,1.0,1024.0,1536.0,0.0065460205078125,Female,Asian,True,Female_Asian,0.0,1
9714,40--Gymnastics/40_Gymnastics_Gymnastics_40_859.jpg,329.0,516.0,490.0,764.0,0.0,0.0,0.0,0.0,0.0,1.0,1024.0,1308.0,0.0298105409021406,Female,White,True,Female_White,1.0,1
9743,40--Gymnastics/40_Gymnastics_Gymnastics_40_145.jpg,470.0,372.0,526.0,464.0,1.0,0.0,0.0,0.0,0.0,1.0,1024.0,678.0,0.0074207227138643,Male,Asian,True,Male_Asian,0.0,1
9744,40--Gymnastics/40_Gymnastics_Gymnastics_40_1007.jpg,691.0,462.0,814.0,666.0,0.0,0.0,0.0,0.0,0.0,0.0,1024.0,1536.0,0.0159530639648437,Male,White,True,Male_White,0.0,1
9745,40--Gymnastics/40_Gymnastics_Gymnastics_40_781.jpg,290.0,164.0,360.0,252.0,1.0,0.0,0.0,0.0,0.0,0.0,1024.0,768.0,0.0078328450520833,Male,Black,True,Male_Black,0.0,1
9746,40--Gymnastics/40_Gymnastics_Gymnastics_40_781.jpg,580.0,116.0,648.0,212.0,1.0,0.0,0.0,0.0,0.0,0.0,1024.0,768.0,0.00830078125,Male,White,True,Male_White,0.0,1
9751,40--Gymnastics/40_Gymnastics_Gymnastics_40_966.jpg,366.0,122.0,728.0,674.0,0.0,0.0,0.0,0.0,0.0,0.0,1024.0,1024.0,0.1905670166015625,Female,Indian,True,Female_Indian,7.0,1
9752,40--Gymnastics/40_Gymnastics_Gymnastics_40_46.jpg,330.0,178.0,414.0,322.0,0.0,0.0,0.0,0.0,0.0,1.0,1024.0,689.0,0.017144412191582,Female,Asian,True,Female_Asian,0.0,1
9753,40--Gymnastics/40_Gymnastics_Gymnastics_40_43.jpg,792.0,276.0,858.0,350.0,0.0,0.0,0.0,0.0,0.0,1.0,1024.0,685.0,0.0069628193430656,Female,Asian,True,Female_Asian,0.0,1
9754,40--Gymnastics/40_Gymnastics_Gymnastics_40_533.jpg,306.0,100.0,374.0,184.0,0.0,0.0,0.0,0.0,0.0,0.0,1024.0,683.0,0.0081670937042459,Male,White,True,Male_White,0.0,1
9758,40--Gymnastics/40_Gymnastics_Gymnastics_40_124.jpg,176.0,252.0,302.0,350.0,0.0,0.0,0.0,0.0,0.0,0.0,1024.0,1024.0,0.0117759704589843,Female,White,True,Female_White,0.0,1
9759,40--Gymnastics/40_Gymnastics_Gymnastics_40_429.jpg,406.0,260.0,485.0,385.0,0.0,0.0,0.0,0.0,0.0,0.0,1024.0,1231.0,0.0078339193237205,Female,White,True,Female_White,0.0,1
9761,40--Gymnastics/40_Gymnastics_Gymnastics_40_508.jpg,549.0,1272.0,699.0,1405.0,0.0,0.0,0.0,0.0,0.0,1.0,1024.0,1787.0,0.0109023065892557,Male,White,True,Male_White,0.0,1
9762,40--Gymnastics/40_Gymnastics_Gymnastics_40_309.jpg,430.0,454.0,520.0,528.0,0.0,0.0,0.0,0.0,0.0,1.0,1024.0,683.0,0.0095225567349926,Female,White,True,Female_White,0.0,1
9763,40--Gymnastics/40_Gymnastics_Gymnastics_40_337.jpg,494.0,32.0,570.0,146.0,0.0,0.0,0.0,0.0,0.0,0.0,1024.0,427.0,0.0198148419203747,Female,White,True,Female_White,0.0,1
9770,40--Gymnastics/40_Gymnastics_Gymnastics_40_191.jpg,478.0,571.0,551.0,672.0,0.0,0.0,0.0,0.0,0.0,1.0,1024.0,1434.0,0.0050210567032775,Female,White,True,Female_White,0.0,1
9772,40--Gymnastics/40_Gymnastics_Gymnastics_40_667.jpg,255.0,174.0,486.0,473.0,0.0,1.0,0.0,0.0,0.0,0.0,1024.0,1532.0,0.0440275426321801,Male,Indian,True,Male_Indian,1.0,1
9773,40--Gymnastics/40_Gymnastics_Gymnastics_40_563.jpg,620.0,1138.0,751.0,1301.0,0.0,0.0,0.0,0.0,0.0,0.0,1024.0,2087.0,0.0099916334750838,Female,White,True,Female_White,0.0,1
9774,40--Gymnastics/40_Gymnastics_Gymnastics_40_144.jpg,710.0,353.0,748.0,406.0,1.0,0.0,0.0,0.0,0.0,1.0,1024.0,683.0,0.0028796440336749,Female,Asian,True,Female_Asian,0.0,1
9784,40--Gymnastics/40_Gymnastics_Gymnastics_40_45.jpg,352.0,422.0,434.0,524.0,0.0,0.0,0.0,0.0,0.0,1.0,1024.0,683.0,0.0119589586383601,Female,White,True,Female_White,0.0,1
9789,40--Gymnastics/40_Gymnastics_Gymnastics_40_445.jpg,384.0,208.0,448.0,260.0,1.0,0.0,0.0,0.0,0.0,1.0,1024.0,684.0,0.004751461988304,Female,Asian,True,Female_Asian,0.0,1
9790,40--Gymnastics/40_Gymnastics_Gymnastics_40_577.jpg,370.0,331.0,512.0,547.0,0.0,0.0,0.0,0.0,0.0,1.0,1024.0,1516.0,0.0197579980211081,Female,White,True,Female_White,0.0,1
9792,40--Gymnastics/40_Gymnastics_Gymnastics_40_103.jpg,405.0,192.0,510.0,339.0,1.0,0.0,0.0,0.0,0.0,0.0,1024.0,1280.0,0.0117759704589843,Female,White,True,Female_White,0.0,1
9793,40--Gymnastics/40_Gymnastics_Gymnastics_40_266.jpg,338.0,472.0,444.0,616.0,0.0,0.0,0.0,0.0,0.0,0.0,1024.0,683.0,0.0218246705710102,Female,White,True,Female_White,0.0,1
9804,40--Gymnastics/40_Gymnastics_Gymnastics_40_512.jpg,543.0,284.0,644.0,408.0,0.0,0.0,0.0,0.0,0.0,0.0,1024.0,1442.0,0.0084816010748959,Female,White,True,Female_White,0.0,1
9812,40--Gymnastics/40_Gymnastics_Gymnastics_40_428.jpg,472.0,116.0,554.0,228.0,0.0,0.0,0.0,0.0,0.0,0.0,1024.0,622.0,0.0144192122186495,Male,White,True,Male_White,0.0,1
9826,40--Gymnastics/40_Gymnastics_Gymnastics_40_486.jpg,640.0,255.0,826.0,399.0,0.0,0.0,0.0,0.0,0.0,1.0,1024.0,1536.0,0.01702880859375,Female,White,True,Female_White,0.0,1
9827,40--Gymnastics/40_Gymnastics_Gymnastics_40_102.jpg,418.0,386.0,512.0,456.0,1.0,0.0,0.0,0.0,0.0,1.0,1024.0,719.0,0.0089371088317107,Female,White,True,Female_White,0.0,1
9828,40--Gymnastics/40_Gymnastics_Gymnastics_40_132.jpg,465.0,129.0,588.0,300.0,0.0,0.0,0.0,0.0,0.0,0.0,1024.0,1536.0,0.0133724212646484,Female,White,True,Female_White,0.0,1
9829,40--Gymnastics/40_Gymnastics_Gymnastics_40_5.jpg,424.0,248.0,630.0,480.0,0.0,0.0,0.0,0.0,0.0,0.0,1024.0,768.0,0.0607706705729166,Female,White,True,Female_White,2.0,1
9840,40--Gymnastics/40_Gymnastics_Gymnastics_40_268.jpg,135.0,803.0,230.0,964.0,1.0,0.0,0.0,0.0,0.0,1.0,1024.0,1474.0,0.0101333266197421,Female,White,True,Female_White,0.0,1
9841,40--Gymnastics/40_Gymnastics_Gymnastics_40_234.jpg,534.0,252.0,596.0,326.0,0.0,0.0,0.0,0.0,0.0,0.0,1024.0,768.0,0.0058339436848958,Female,White,True,Female_White,0.0,1
9850,40--Gymnastics/40_Gymnastics_Gymnastics_40_32.jpg,532.0,114.0,598.0,188.0,0.0,0.0,0.0,0.0,0.0,0.0,1024.0,686.0,0.0069526694606413,Female,White,True,Female_White,0.0,1
9851,40--Gymnastics/40_Gymnastics_Gymnastics_40_354.jpg,262.0,316.0,392.0,474.0,0.0,0.0,0.0,0.0,0.0,0.0,1024.0,747.0,0.0268522004685408,Female,White,True,Female_White,0.0,1
9852,40--Gymnastics/40_Gymnastics_Gymnastics_40_765.jpg,353.0,198.0,563.0,473.0,0.0,0.0,0.0,0.0,0.0,0.0,1024.0,1532.0,0.0368123266155352,Male,White,True,Male_White,1.0,1
9853,40--Gymnastics/40_Gymnastics_Gymnastics_40_131.jpg,539.0,107.0,639.0,287.0,0.0,0.0,0.0,0.0,0.0,1.0,1024.0,1196.0,0.0146974289297658,Female,Asian,True,Female_Asian,0.0,1
9854,40--Gymnastics/40_Gymnastics_Gymnastics_40_28.jpg,423.0,1105.0,513.0,1219.0,0.0,0.0,0.0,0.0,0.0,1.0,1024.0,1536.0,0.0065231323242187,Female,White,True,Female_White,0.0,1
9855,40--Gymnastics/40_Gymnastics_Gymnastics_40_382.jpg,688.0,84.0,776.0,200.0,0.0,0.0,0.0,0.0,0.0,0.0,1024.0,920.0,0.0108355978260869,Male,White,True,Male_White,0.0,1
9856,40--Gymnastics/40_Gymnastics_Gymnastics_40_386.jpg,688.0,58.0,737.0,112.0,1.0,1.0,0.0,0.0,0.0,1.0,1024.0,685.0,0.0037722399635036,Female,Asian,True,Female_Asian,0.0,1
9866,40--Gymnastics/40_Gymnastics_Gymnastics_40_564.jpg,299.0,431.0,545.0,778.0,0.0,0.0,0.0,0.0,0.0,0.0,1024.0,1532.0,0.0544133995593994,Female,Indian,True,Female_Indian,1.0,1
9867,40--Gymnastics/40_Gymnastics_Gymnastics_40_507.jpg,430.0,430.0,579.0,620.0,0.0,0.0,0.0,0.0,0.0,1.0,1024.0,1191.0,0.0232128332283795,Female,White,True,Female_White,0.0,1
9868,40--Gymnastics/40_Gymnastics_Gymnastics_40_77.jpg,579.0,43.0,669.0,174.0,0.0,0.0,0.0,0.0,1.0,0.0,1024.0,1051.0,0.0109549684823977,Female,White,True,Female_White,0.0,1
9869,40--Gymnastics/40_Gymnastics_Gymnastics_40_313.jpg,562.0,48.0,634.0,164.0,0.0,0.0,0.0,0.0,0.0,0.0,1024.0,683.0,0.0119418008784773,Male,White,True,Male_White,0.0,1
9870,40--Gymnastics/40_Gymnastics_Gymnastics_40_4.jpg,346.0,154.0,428.0,220.0,0.0,0.0,0.0,0.0,0.0,1.0,1024.0,576.0,0.0091756184895833,Female,Black,True,Female_Black,0.0,1
9871,40--Gymnastics/40_Gymnastics_Gymnastics_40_573.jpg,536.0,414.0,604.0,516.0,0.0,0.0,0.0,0.0,0.0,0.0,1024.0,577.0,0.0117390597920277,Female,White,True,Female_White,0.0,1
9872,40--Gymnastics/40_Gymnastics_Gymnastics_40_649.jpg,408.0,408.0,587.0,629.0,0.0,0.0,0.0,0.0,0.0,0.0,1024.0,1366.0,0.0282809926336017,Female,White,True,Female_White,1.0,1
9898,40--Gymnastics/40_Gymnastics_Gymnastics_40_625.jpg,263.0,686.0,426.0,916.0,0.0,0.0,0.0,0.0,1.0,0.0,1024.0,1493.0,0.0245219880274614,Female,White,True,Female_White,0.0,1
9902,40--Gymnastics/40_Gymnastics_Gymnastics_40_262.jpg,383.0,253.0,467.0,380.0,0.0,0.0,0.0,0.0,0.0,0.0,1024.0,1381.0,0.007543786205648,Female,White,True,Female_White,0.0,1
9903,40--Gymnastics/40_Gymnastics_Gymnastics_40_804.jpg,458.0,254.0,613.0,375.0,0.0,0.0,0.0,0.0,0.0,1.0,1024.0,1586.0,0.0115481902191046,Female,Asian,True,Female_Asian,0.0,1
9909,40--Gymnastics/40_Gymnastics_Gymnastics_40_936.jpg,388.0,120.0,644.0,508.0,0.0,0.0,0.0,0.0,0.0,0.0,1024.0,1024.0,0.0947265625,Female,White,True,Female_White,3.0,1
9910,40--Gymnastics/40_Gymnastics_Gymnastics_40_806.jpg,506.0,508.0,590.0,624.0,1.0,0.0,0.0,0.0,0.0,0.0,1024.0,780.0,0.0121995192307692,Female,White,True,Female_White,0.0,1
9911,40--Gymnastics/40_Gymnastics_Gymnastics_40_210.jpg,457.0,404.0,601.0,526.0,0.0,0.0,0.0,0.0,0.0,1.0,1024.0,1605.0,0.0106892523364485,Female,White,True,Female_White,0.0,1
9912,40--Gymnastics/40_Gymnastics_Gymnastics_40_230.jpg,683.0,129.0,828.0,316.0,0.0,0.0,0.0,0.0,0.0,0.0,1024.0,1434.0,0.0184654757235007,Female,White,True,Female_White,0.0,1
9914,40--Gymnastics/40_Gymnastics_Gymnastics_40_311.jpg,324.0,62.0,396.0,188.0,0.0,0.0,0.0,0.0,0.0,1.0,1024.0,576.0,0.015380859375,Female,Asian,True,Female_Asian,0.0,1
9915,40--Gymnastics/40_Gymnastics_Gymnastics_40_221.jpg,225.0,1129.0,366.0,1228.0,0.0,0.0,0.0,0.0,0.0,1.0,1024.0,1532.0,0.008898065233355,Female,Black,True,Female_Black,0.0,1
9924,40--Gymnastics/40_Gymnastics_Gymnastics_40_336.jpg,422.0,524.0,490.0,568.0,0.0,0.0,0.0,0.0,0.0,1.0,1024.0,772.0,0.0037848121761658,Female,Asian,True,Female_Asian,0.0,1
9925,40--Gymnastics/40_Gymnastics_Gymnastics_40_590.jpg,462.0,130.0,542.0,260.0,0.0,0.0,0.0,0.0,0.0,0.0,1024.0,576.0,0.0176323784722222,Female,White,True,Female_White,0.0,1
9927,41--Swimming/41_Swimming_Swimmer_41_351.jpg,434.0,132.0,696.0,492.0,0.0,0.0,0.0,0.0,0.0,0.0,1024.0,683.0,0.1348599926793557,Female,White,True,Female_White,5.0,1
9929,41--Swimming/41_Swimming_Swimmer_41_143.jpg,382.0,194.0,558.0,470.0,0.0,1.0,0.0,0.0,0.0,0.0,1024.0,754.0,0.0629144562334217,Male,White,True,Male_White,2.0,1
9930,41--Swimming/41_Swimming_Swimmer_41_565.jpg,291.0,258.0,677.0,796.0,0.0,0.0,0.0,0.0,0.0,0.0,1024.0,1392.0,0.1456902164152299,Male,White,True,Male_White,5.0,1
9932,41--Swimming/41_Swimming_Swimmer_41_128.jpg,394.0,186.0,550.0,434.0,0.0,1.0,0.0,0.0,0.0,0.0,1024.0,577.0,0.0654787694974003,Male,White,True,Male_White,2.0,1
9939,41--Swimming/41_Swimming_Swimmer_41_946.jpg,450.0,230.0,574.0,358.0,0.0,0.0,0.0,0.0,0.0,0.0,1024.0,877.0,0.0176738882554161,Female,White,True,Female_White,0.0,1
9940,41--Swimming/41_Swimming_Swimming_41_166.jpg,302.0,136.0,514.0,412.0,0.0,1.0,0.0,0.0,0.0,0.0,1024.0,683.0,0.0836612371888726,Female,White,True,Female_White,3.0,1
9942,41--Swimming/41_Swimming_Swimming_41_367.jpg,410.0,164.0,606.0,362.0,0.0,0.0,0.0,0.0,0.0,0.0,1024.0,686.0,0.0552455357142857,Male,White,True,Male_White,2.0,1
9943,41--Swimming/41_Swimming_Swimmer_41_417.jpg,438.0,126.0,814.0,566.0,0.0,0.0,0.0,0.0,0.0,0.0,1024.0,768.0,0.2103678385416666,Female,White,True,Female_White,7.0,1
9949,41--Swimming/41_Swimming_Swimmer_41_861.jpg,423.0,117.0,591.0,345.0,0.0,0.0,0.0,0.0,0.0,0.0,1024.0,1536.0,0.02435302734375,Female,White,True,Female_White,0.0,1
9950,41--Swimming/41_Swimming_Swimming_41_64.jpg,460.0,176.0,574.0,344.0,0.0,1.0,0.0,0.0,0.0,0.0,1024.0,686.0,0.0272640306122449,Male,White,True,Male_White,0.0,1
9951,41--Swimming/41_Swimming_Swimmer_41_793.jpg,376.0,420.0,510.0,582.0,0.0,0.0,0.0,0.0,0.0,0.0,1024.0,768.0,0.0276031494140625,Female,White,True,Female_White,0.0,1
9957,41--Swimming/41_Swimming_Swimmer_41_533.jpg,412.0,22.0,632.0,336.0,0.0,1.0,0.0,0.0,0.0,0.0,1024.0,750.0,0.0899479166666666,Female,White,True,Female_White,3.0,1
9958,41--Swimming/41_Swimming_Swimmer_41_402.jpg,386.0,88.0,682.0,460.0,0.0,0.0,0.0,0.0,0.0,0.0,1024.0,683.0,0.1574396046852123,Female,White,True,Female_White,5.0,1
9959,41--Swimming/41_Swimming_Swimmer_41_1022.jpg,485.0,199.0,750.0,622.0,0.0,0.0,0.0,0.0,0.0,0.0,1024.0,1758.0,0.0622683580418088,Male,White,True,Male_White,2.0,1
9960,41--Swimming/41_Swimming_Swimming_41_614.jpg,430.0,122.0,664.0,412.0,0.0,0.0,0.0,0.0,0.0,0.0,1024.0,683.0,0.0970271321376281,Female,White,True,Female_White,3.0,1
9961,41--Swimming/41_Swimming_Swimming_41_53.jpg,582.0,318.0,710.0,484.0,0.0,0.0,0.0,0.0,0.0,0.0,1024.0,922.0,0.0225054229934924,Male,White,True,Male_White,0.0,1
9965,41--Swimming/41_Swimming_Swimming_41_410.jpg,184.0,206.0,348.0,400.0,0.0,0.0,0.0,0.0,0.0,0.0,1024.0,661.0,0.0470050113464447,Female,White,True,Female_White,1.0,1
9966,41--Swimming/41_Swimming_Swimmer_41_871.jpg,432.0,629.0,517.0,751.0,1.0,0.0,0.0,0.0,0.0,0.0,1024.0,1280.0,0.0079116821289062,Female,White,True,Female_White,0.0,1
9968,41--Swimming/41_Swimming_Swimmer_41_783.jpg,106.0,295.0,697.0,929.0,0.0,0.0,0.0,0.0,0.0,0.0,1024.0,1387.0,0.2638155078406633,Male,White,True,Male_White,9.0,1
9969,41--Swimming/41_Swimming_Swimmer_41_661.jpg,305.0,282.0,864.0,1039.0,0.0,0.0,0.0,0.0,0.0,0.0,1024.0,1303.0,0.3171489771201074,Male,White,True,Male_White,11.0,1
9970,41--Swimming/41_Swimming_Swimming_41_917.jpg,260.0,538.0,320.0,606.0,1.0,0.0,0.0,0.0,0.0,1.0,1024.0,827.0,0.0048178657799274,Male,White,True,Male_White,0.0,1
9971,41--Swimming/41_Swimming_Swimmer_41_833.jpg,412.0,104.0,602.0,330.0,0.0,0.0,0.0,0.0,0.0,0.0,1024.0,576.0,0.0728013780381944,Female,White,True,Female_White,2.0,1
9972,41--Swimming/41_Swimming_Swimmer_41_167.jpg,526.0,206.0,678.0,386.0,0.0,0.0,0.0,0.0,0.0,0.0,1024.0,681.0,0.0392345814977973,Male,White,True,Male_White,1.0,1
9975,41--Swimming/41_Swimming_Swimming_41_118.jpg,628.0,318.0,752.0,418.0,1.0,0.0,0.0,0.0,1.0,1.0,1024.0,682.0,0.0177556818181818,Male,White,True,Male_White,0.0,1
9978,41--Swimming/41_Swimming_Swimmer_41_499.jpg,556.0,350.0,708.0,550.0,0.0,0.0,0.0,0.0,0.0,0.0,1024.0,733.0,0.0405013642564802,Female,White,True,Female_White,1.0,1
9979,41--Swimming/41_Swimming_Swimmer_41_104.jpg,578.0,833.0,679.0,947.0,0.0,0.0,0.0,0.0,0.0,1.0,1024.0,1359.0,0.0082738341611479,Male,White,True,Male_White,0.0,1
9990,41--Swimming/41_Swimming_Swimmer_41_1025.jpg,607.0,126.0,757.0,366.0,0.0,0.0,0.0,0.0,0.0,0.0,1024.0,1536.0,0.02288818359375,Female,White,True,Female_White,0.0,1
9996,41--Swimming/41_Swimming_Swimmer_41_791.jpg,436.0,226.0,616.0,450.0,0.0,0.0,0.0,0.0,0.0,0.0,1024.0,683.0,0.0576500732064421,Female,White,True,Female_White,2.0,1
9998,41--Swimming/41_Swimming_Swimmer_41_937.jpg,442.0,108.0,626.0,350.0,0.0,0.0,0.0,0.0,0.0,0.0,1024.0,683.0,0.0636667276720351,Male,White,True,Male_White,2.0,1
9999,41--Swimming/41_Swimming_Swimmer_41_121.jpg,348.0,120.0,690.0,564.0,0.0,0.0,0.0,0.0,0.0,0.0,1024.0,674.0,0.2200134458456973,Male,White,True,Male_White,8.0,1
10000,41--Swimming/41_Swimming_Swimmer_41_353.jpg,465.0,59.0,575.0,211.0,0.0,0.0,0.0,0.0,0.0,0.0,1024.0,1040.0,0.0157001201923076,Male,White,True,Male_White,0.0,1
10001,41--Swimming/41_Swimming_Swimming_41_329.jpg,446.0,206.0,558.0,294.0,0.0,0.0,0.0,0.0,0.0,1.0,1024.0,651.0,0.0147849462365591,Female,White,True,Female_White,0.0,1
10003,41--Swimming/41_Swimming_Swimmer_41_105.jpg,270.0,144.0,566.0,536.0,0.0,0.0,0.0,0.0,0.0,0.0,1024.0,641.0,0.1767745709828393,Male,White,True,Male_White,6.0,1
10004,41--Swimming/41_Swimming_Swimmer_41_241.jpg,223.0,315.0,712.0,942.0,0.0,0.0,0.0,0.0,0.0,0.0,1024.0,1392.0,0.2150984139278017,Male,White,True,Male_White,8.0,1
10005,41--Swimming/41_Swimming_Swimmer_41_273.jpg,459.0,489.0,642.0,720.0,0.0,1.0,0.0,0.0,0.0,0.0,1024.0,1536.0,0.0268764495849609,Male,White,True,Male_White,0.0,1
10007,41--Swimming/41_Swimming_Swimmer_41_765.jpg,428.0,160.0,620.0,378.0,0.0,0.0,0.0,0.0,0.0,0.0,1024.0,640.0,0.0638671875,Female,White,True,Female_White,2.0,1
10008,41--Swimming/41_Swimming_Swimmer_41_186.jpg,460.0,168.0,748.0,488.0,0.0,0.0,0.0,0.0,0.0,0.0,1024.0,781.0,0.115236875800256,Male,White,True,Male_White,4.0,1
10010,41--Swimming/41_Swimming_Swimmer_41_888.jpg,425.0,546.0,490.0,624.0,1.0,0.0,0.0,0.0,0.0,0.0,1024.0,1376.0,0.0035982353742732,Male,White,True,Male_White,0.0,1
10011,41--Swimming/41_Swimming_Swimmer_41_745.jpg,454.0,468.0,542.0,556.0,1.0,1.0,0.0,0.0,0.0,1.0,1024.0,820.0,0.0092225609756097,Male,White,True,Male_White,0.0,1
10013,41--Swimming/41_Swimming_Swimmer_41_760.jpg,223.0,426.0,459.0,711.0,0.0,1.0,0.0,0.0,0.0,0.0,1024.0,1392.0,0.047186489762931,Female,White,True,Female_White,1.0,1
10016,41--Swimming/41_Swimming_Swimmer_41_919.jpg,598.0,136.0,820.0,396.0,0.0,0.0,0.0,0.0,0.0,0.0,1024.0,683.0,0.0825288250366032,Female,White,True,Female_White,3.0,1
10020,41--Swimming/41_Swimming_Swimmer_41_754.jpg,350.0,197.0,618.0,585.0,0.0,0.0,0.0,0.0,0.0,0.0,1024.0,1506.0,0.0674282038512616,Male,White,True,Male_White,2.0,1
10021,41--Swimming/41_Swimming_Swimmer_41_41.jpg,436.0,238.0,604.0,434.0,1.0,1.0,0.0,0.0,0.0,0.0,1024.0,768.0,0.0418701171875,Male,Black,True,Male_Black,1.0,1
10028,41--Swimming/41_Swimming_Swimming_41_62.jpg,474.0,276.0,596.0,416.0,0.0,0.0,0.0,0.0,0.0,0.0,1024.0,690.0,0.0241734601449275,Male,White,True,Male_White,0.0,1
10029,41--Swimming/41_Swimming_Swimmer_41_557.jpg,422.0,266.0,640.0,520.0,0.0,0.0,0.0,0.0,0.0,0.0,1024.0,808.0,0.0669235380569306,Male,White,True,Male_White,2.0,1
10030,41--Swimming/41_Swimming_Swimming_41_39.jpg,474.0,270.0,558.0,358.0,1.0,1.0,0.0,0.0,0.0,1.0,1024.0,710.0,0.0101672535211267,Male,White,True,Male_White,0.0,1
10035,41--Swimming/41_Swimming_Swimming_41_336.jpg,362.0,236.0,566.0,508.0,0.0,0.0,0.0,0.0,0.0,0.0,1024.0,685.0,0.0791058394160584,Male,White,True,Male_White,2.0,1
10036,41--Swimming/41_Swimming_Swimmer_41_391.jpg,366.0,309.0,771.0,829.0,0.0,0.0,0.0,0.0,0.0,0.0,1024.0,1539.0,0.1336348684210526,Male,White,True,Male_White,4.0,1
10043,41--Swimming/41_Swimming_Swimming_41_291.jpg,508.0,220.0,602.0,360.0,0.0,1.0,0.0,0.0,0.0,0.0,1024.0,581.0,0.0221197289156626,Male,White,True,Male_White,0.0,1
10044,41--Swimming/41_Swimming_Swimmer_41_566.jpg,386.0,116.0,666.0,488.0,0.0,0.0,0.0,0.0,0.0,0.0,1024.0,754.0,0.1349055039787798,Female,White,True,Female_White,5.0,1
10045,41--Swimming/41_Swimming_Swimmer_41_136.jpg,285.0,71.0,649.0,546.0,0.0,0.0,0.0,0.0,0.0,0.0,1024.0,1392.0,0.1212986036278735,Male,White,True,Male_White,4.0,1
10046,41--Swimming/41_Swimming_Swimmer_41_554.jpg,354.0,104.0,674.0,462.0,0.0,0.0,0.0,0.0,0.0,0.0,1024.0,598.0,0.1870819397993311,Female,White,True,Female_White,6.0,1
10048,41--Swimming/41_Swimming_Swimming_41_633.jpg,364.0,360.0,428.0,456.0,1.0,0.0,0.0,0.0,0.0,0.0,1024.0,738.0,0.008130081300813,Male,White,True,Male_White,0.0,1
10053,41--Swimming/41_Swimming_Swimmer_41_190.jpg,374.0,220.0,486.0,322.0,1.0,0.0,0.0,0.0,0.0,1.0,1024.0,683.0,0.0163341874084919,Male,White,True,Male_White,0.0,1
10054,41--Swimming/41_Swimming_Swimmer_41_243.jpg,427.0,213.0,726.0,616.0,0.0,0.0,0.0,0.0,0.0,0.0,1024.0,1366.0,0.0861441080252562,Male,White,True,Male_White,3.0,1
10055,41--Swimming/41_Swimming_Swimming_41_137.jpg,420.0,294.0,496.0,388.0,0.0,0.0,0.0,0.0,1.0,0.0,1024.0,683.0,0.0102145863836017,Male,White,True,Male_White,0.0,1
10058,41--Swimming/41_Swimming_Swimmer_41_331.jpg,290.0,188.0,534.0,522.0,0.0,0.0,0.0,0.0,0.0,0.0,1024.0,754.0,0.1055516412466843,Female,White,True,Female_White,3.0,1
10059,41--Swimming/41_Swimming_Swimmer_41_368.jpg,432.0,68.0,600.0,304.0,0.0,0.0,0.0,0.0,0.0,0.0,1024.0,683.0,0.0566892386530014,Male,White,True,Male_White,2.0,1
10060,41--Swimming/41_Swimming_Swimmer_41_511.jpg,291.0,209.0,641.0,679.0,0.0,0.0,0.0,0.0,0.0,0.0,1024.0,1392.0,0.115405554058908,Male,White,True,Male_White,4.0,1
10063,41--Swimming/41_Swimming_Swimming_41_566.jpg,416.0,260.0,620.0,434.0,0.0,0.0,0.0,0.0,0.0,1.0,1024.0,683.0,0.0507526537335285,Female,Asian,True,Female_Asian,1.0,1
10069,41--Swimming/41_Swimming_Swimmer_41_618.jpg,396.0,152.0,638.0,470.0,0.0,1.0,0.0,0.0,0.0,0.0,1024.0,751.0,0.1000696987350199,Female,White,True,Female_White,3.0,1
10076,41--Swimming/41_Swimming_Swimmer_41_796.jpg,326.0,198.0,382.0,286.0,1.0,0.0,0.0,0.0,0.0,0.0,1024.0,806.0,0.0059708436724565,Female,White,True,Female_White,0.0,1
10077,41--Swimming/41_Swimming_Swimmer_41_845.jpg,554.0,196.0,668.0,356.0,1.0,0.0,0.0,0.0,0.0,0.0,1024.0,1541.0,0.0115590525632706,Female,White,True,Female_White,0.0,1
10078,41--Swimming/41_Swimming_Swimmer_41_917.jpg,198.0,62.0,410.0,222.0,0.0,1.0,1.0,0.0,0.0,1.0,1024.0,721.0,0.0459431345353675,Male,White,True,Male_White,1.0,1
10083,41--Swimming/41_Swimming_Swimming_41_176.jpg,21.0,376.0,265.0,548.0,0.0,0.0,0.0,0.0,0.0,1.0,1024.0,1542.0,0.0265787127107652,Female,White,True,Female_White,0.0,1
10084,41--Swimming/41_Swimming_Swimming_41_726.jpg,410.0,24.0,662.0,358.0,0.0,1.0,0.0,0.0,0.0,0.0,1024.0,684.0,0.1201685855263157,Male,White,True,Male_White,4.0,1
10086,41--Swimming/41_Swimming_Swimmer_41_650.jpg,556.0,208.0,796.0,534.0,0.0,1.0,0.0,0.0,0.0,0.0,1024.0,681.0,0.1121971365638766,Male,White,True,Male_White,4.0,1
10087,41--Swimming/41_Swimming_Swimmer_41_84.jpg,462.0,164.0,596.0,344.0,0.0,1.0,0.0,0.0,0.0,0.0,1024.0,713.0,0.0330360273492286,Male,White,True,Male_White,1.0,1
10088,41--Swimming/41_Swimming_Swimmer_41_641.jpg,500.0,156.0,704.0,438.0,0.0,0.0,0.0,0.0,0.0,0.0,1024.0,1007.0,0.0557891633565044,Female,White,True,Female_White,2.0,1
10093,41--Swimming/41_Swimming_Swimmer_41_406.jpg,171.0,173.0,474.0,558.0,0.0,0.0,0.0,0.0,0.0,0.0,1024.0,1387.0,0.0821347501351838,Male,White,True,Male_White,3.0,1
10094,41--Swimming/41_Swimming_Swimmer_41_1000.jpg,403.0,180.0,642.0,467.0,0.0,0.0,0.0,0.0,0.0,0.0,1024.0,1358.0,0.0493264739046391,Female,White,True,Female_White,1.0,1
10095,41--Swimming/41_Swimming_Swimmer_41_339.jpg,474.0,106.0,660.0,342.0,0.0,0.0,0.0,0.0,0.0,0.0,1024.0,684.0,0.0626713267543859,Male,White,True,Male_White,2.0,1
10096,41--Swimming/41_Swimming_Swimming_41_320.jpg,410.0,100.0,604.0,368.0,1.0,1.0,0.0,0.0,0.0,0.0,1024.0,682.0,0.0744478555718475,Male,White,True,Male_White,2.0,1
10127,41--Swimming/41_Swimming_Swimming_41_150.jpg,526.0,136.0,778.0,388.0,0.0,0.0,0.0,0.0,0.0,0.0,1024.0,683.0,0.0907988653001464,Female,White,True,Female_White,3.0,1
10128,41--Swimming/41_Swimming_Swimmer_41_594.jpg,374.0,176.0,600.0,530.0,0.0,0.0,0.0,0.0,0.0,0.0,1024.0,1431.0,0.0545974187631027,Male,White,True,Male_White,1.0,1
10132,41--Swimming/41_Swimming_Swimmer_41_826.jpg,416.0,146.0,710.0,544.0,0.0,0.0,0.0,0.0,1.0,0.0,1024.0,640.0,0.178546142578125,Male,White,True,Male_White,6.0,1
10133,41--Swimming/41_Swimming_Swimming_41_308.jpg,456.0,322.0,594.0,512.0,1.0,1.0,0.0,0.0,0.0,0.0,1024.0,669.0,0.0382742432735426,Male,White,True,Male_White,1.0,1
10134,41--Swimming/41_Swimming_Swimmer_41_728.jpg,488.0,166.0,738.0,542.0,0.0,0.0,0.0,0.0,0.0,0.0,1024.0,871.0,0.1053925086107921,Male,White,True,Male_White,3.0,1
10135,41--Swimming/41_Swimming_Swimmer_41_53.jpg,686.0,154.0,830.0,376.0,0.0,1.0,0.0,0.0,0.0,0.0,1024.0,713.0,0.0437850631136044,Male,White,True,Male_White,1.0,1
10136,41--Swimming/41_Swimming_Swimmer_41_910.jpg,412.0,133.0,653.0,400.0,0.0,0.0,0.0,0.0,0.0,0.0,1024.0,1219.0,0.051549521892945,Male,White,True,Male_White,1.0,1
10137,41--Swimming/41_Swimming_Swimmer_41_683.jpg,596.0,348.0,770.0,512.0,1.0,0.0,0.0,0.0,0.0,0.0,1024.0,870.0,0.03203125,Male,White,True,Male_White,1.0,1
10138,41--Swimming/41_Swimming_Swimming_41_162.jpg,462.0,230.0,542.0,328.0,1.0,0.0,1.0,0.0,0.0,0.0,1024.0,684.0,0.0111933479532163,Female,White,True,Female_White,0.0,1
10139,41--Swimming/41_Swimming_Swimming_41_184.jpg,472.0,458.0,534.0,550.0,1.0,1.0,0.0,0.0,0.0,1.0,1024.0,820.0,0.0067930640243902,Male,White,True,Male_White,0.0,1
10140,41--Swimming/41_Swimming_Swimmer_41_371.jpg,242.0,232.0,442.0,488.0,0.0,0.0,0.0,0.0,0.0,0.0,1024.0,750.0,0.0666666666666666,Female,White,True,Female_White,2.0,1
10141,41--Swimming/41_Swimming_Swimmer_41_5.jpg,668.0,310.0,810.0,454.0,0.0,1.0,0.0,0.0,0.0,1.0,1024.0,576.0,0.03466796875,Male,White,True,Male_White,1.0,1
10142,41--Swimming/41_Swimming_Swimmer_41_122.jpg,482.0,320.0,586.0,476.0,0.0,0.0,0.0,0.0,0.0,0.0,1024.0,683.0,0.0231972913616398,Female,White,True,Female_White,0.0,1
10143,41--Swimming/41_Swimming_Swimming_41_219.jpg,436.0,214.0,642.0,448.0,0.0,0.0,0.0,0.0,0.0,0.0,1024.0,681.0,0.0691251376651982,Female,White,True,Female_White,2.0,1
10148,41--Swimming/41_Swimming_Swimmer_41_343.jpg,332.0,128.0,510.0,374.0,0.0,0.0,0.0,0.0,0.0,0.0,1024.0,754.0,0.0567131548408488,Female,White,True,Female_White,2.0,1
10151,41--Swimming/41_Swimming_Swimmer_41_387.jpg,258.0,120.0,646.0,652.0,0.0,0.0,0.0,0.0,0.0,0.0,1024.0,1392.0,0.1448118714080459,Male,White,True,Male_White,5.0,1
10152,41--Swimming/41_Swimming_Swimming_41_242.jpg,394.0,324.0,486.0,446.0,0.0,0.0,1.0,0.0,0.0,0.0,1024.0,768.0,0.0142720540364583,Female,White,True,Female_White,0.0,1
10153,41--Swimming/41_Swimming_Swimmer_41_941.jpg,182.0,208.0,476.0,556.0,0.0,0.0,0.0,0.0,0.0,0.0,1024.0,696.0,0.1435546875,Female,White,True,Female_White,5.0,1
10156,41--Swimming/41_Swimming_Swimmer_41_544.jpg,185.0,445.0,522.0,863.0,1.0,0.0,0.0,0.0,0.0,0.0,1024.0,1392.0,0.0988250381645114,Female,White,True,Female_White,3.0,1
10157,41--Swimming/41_Swimming_Swimmer_41_329.jpg,470.0,214.0,666.0,480.0,0.0,0.0,0.0,0.0,0.0,0.0,1024.0,746.0,0.068249413538874,Female,White,True,Female_White,2.0,1
10158,41--Swimming/41_Swimming_Swimmer_41_266.jpg,478.0,76.0,604.0,212.0,0.0,0.0,0.0,0.0,0.0,0.0,1024.0,768.0,0.02178955078125,Female,White,True,Female_White,0.0,1
10159,41--Swimming/41_Swimming_Swimmer_41_281.jpg,144.0,240.0,316.0,408.0,0.0,0.0,0.0,0.0,0.0,0.0,1024.0,731.0,0.0386029411764705,Male,Black,True,Male_Black,1.0,1
10160,41--Swimming/41_Swimming_Swimmer_41_281.jpg,678.0,254.0,820.0,402.0,0.0,0.0,0.0,0.0,0.0,0.0,1024.0,731.0,0.0280758378932968,Male,White,True,Male_White,1.0,1
10161,41--Swimming/41_Swimming_Swimmer_41_860.jpg,344.0,156.0,572.0,482.0,0.0,0.0,0.0,0.0,0.0,0.0,1024.0,826.0,0.0878764376513317,Female,White,True,Female_White,3.0,1
10164,41--Swimming/41_Swimming_Swimming_41_538.jpg,548.0,192.0,786.0,428.0,0.0,0.0,0.0,0.0,0.0,0.0,1024.0,684.0,0.0801923428362573,Female,White,True,Female_White,2.0,1
10165,41--Swimming/41_Swimming_Swimmer_41_230.jpg,422.0,274.0,568.0,422.0,1.0,0.0,0.0,0.0,1.0,0.0,1024.0,684.0,0.0308502375730994,Male,White,True,Male_White,1.0,1
10169,41--Swimming/41_Swimming_Swimming_41_12.jpg,458.0,160.0,620.0,370.0,1.0,1.0,0.0,0.0,0.0,0.0,1024.0,739.0,0.0449562330852503,Male,White,True,Male_White,1.0,1
10172,41--Swimming/41_Swimming_Swimmer_41_307.jpg,428.0,274.0,586.0,476.0,0.0,0.0,0.0,0.0,0.0,0.0,1024.0,683.0,0.045633922035139,Male,White,True,Male_White,1.0,1
10173,41--Swimming/41_Swimming_Swimming_41_203.jpg,470.0,150.0,562.0,254.0,0.0,1.0,0.0,0.0,0.0,0.0,1024.0,583.0,0.0160270154373927,Male,White,True,Male_White,0.0,1
10174,41--Swimming/41_Swimming_Swimming_41_199.jpg,458.0,228.0,528.0,300.0,0.0,0.0,0.0,0.0,1.0,0.0,1024.0,683.0,0.0072062591508052,Male,Black,True,Male_Black,0.0,1
10176,41--Swimming/41_Swimming_Swimmer_41_268.jpg,508.0,370.0,596.0,448.0,0.0,0.0,1.0,0.0,0.0,1.0,1024.0,681.0,0.0098430616740088,Male,White,True,Male_White,0.0,1
10177,41--Swimming/41_Swimming_Swimmer_41_662.jpg,684.0,210.0,780.0,322.0,0.0,0.0,0.0,0.0,0.0,0.0,1024.0,668.0,0.0157185628742514,Male,White,True,Male_White,0.0,1
10180,41--Swimming/41_Swimming_Swimmer_41_213.jpg,266.0,126.0,628.0,524.0,0.0,0.0,0.0,0.0,0.0,0.0,1024.0,751.0,0.1873491594540612,Female,White,True,Female_White,6.0,1
10182,41--Swimming/41_Swimming_Swimmer_41_386.jpg,272.0,154.0,528.0,448.0,0.0,0.0,0.0,0.0,0.0,0.0,1024.0,752.0,0.0977393617021276,Female,White,True,Female_White,3.0,1
10183,41--Swimming/41_Swimming_Swimmer_41_321.jpg,410.0,198.0,624.0,452.0,0.0,0.0,0.0,0.0,0.0,0.0,1024.0,682.0,0.0778328903958944,Female,White,True,Female_White,2.0,1
10184,41--Swimming/41_Swimming_Swimmer_41_822.jpg,406.0,266.0,634.0,524.0,0.0,0.0,0.0,0.0,0.0,0.0,1024.0,1375.0,0.041778409090909,Female,White,True,Female_White,1.0,1
10187,41--Swimming/41_Swimming_Swimmer_41_448.jpg,420.0,222.0,598.0,428.0,0.0,0.0,0.0,0.0,0.0,0.0,1024.0,683.0,0.0524283949487554,Male,White,True,Male_White,1.0,1
10190,41--Swimming/41_Swimming_Swimmer_41_543.jpg,458.0,202.0,710.0,530.0,0.0,0.0,0.0,0.0,0.0,0.0,1024.0,719.0,0.1122652990264256,Female,White,True,Female_White,4.0,1
10191,41--Swimming/41_Swimming_Swimming_41_183.jpg,662.0,208.0,760.0,350.0,1.0,0.0,0.0,0.0,0.0,0.0,1024.0,608.0,0.0223517166940789,Female,White,True,Female_White,0.0,1
10195,41--Swimming/41_Swimming_Swimmer_41_214.jpg,336.0,142.0,696.0,576.0,0.0,0.0,0.0,0.0,0.0,0.0,1024.0,576.0,0.264892578125,Female,White,True,Female_White,9.0,1
10196,41--Swimming/41_Swimming_Swimmer_41_265.jpg,434.0,216.0,620.0,468.0,0.0,0.0,0.0,0.0,0.0,0.0,1024.0,683.0,0.067018210102489,Male,White,True,Male_White,2.0,1
10197,41--Swimming/41_Swimming_Swimmer_41_226.jpg,392.0,156.0,606.0,448.0,0.0,0.0,0.0,0.0,0.0,0.0,1024.0,989.0,0.0617021612740141,Male,White,True,Male_White,2.0,1
10200,41--Swimming/41_Swimming_Swimmer_41_794.jpg,478.0,180.0,664.0,400.0,0.0,0.0,0.0,0.0,0.0,0.0,1024.0,1590.0,0.0251326650943396,Female,White,True,Female_White,0.0,1
10201,41--Swimming/41_Swimming_Swimmer_41_367.jpg,404.0,104.0,768.0,542.0,0.0,0.0,0.0,0.0,0.0,0.0,1024.0,814.0,0.1912718826781326,Male,White,True,Male_White,7.0,1
10202,41--Swimming/41_Swimming_Swimming_41_285.jpg,470.0,182.0,598.0,330.0,0.0,1.0,0.0,0.0,0.0,0.0,1024.0,644.0,0.0287267080745341,Male,White,True,Male_White,1.0,1
10204,41--Swimming/41_Swimming_Swimming_41_346.jpg,368.0,324.0,628.0,556.0,0.0,1.0,0.0,0.0,0.0,1.0,1024.0,684.0,0.0861202485380117,Male,Indian,True,Male_Indian,3.0,1
10209,41--Swimming/41_Swimming_Swimmer_41_924.jpg,700.0,88.0,842.0,260.0,0.0,0.0,0.0,0.0,0.0,0.0,1024.0,578.0,0.0412656790657439,Female,White,True,Female_White,1.0,1
10210,41--Swimming/41_Swimming_Swimming_41_40.jpg,484.0,186.0,580.0,334.0,1.0,1.0,0.0,0.0,0.0,0.0,1024.0,641.0,0.0216458658346333,Male,White,True,Male_White,0.0,1
10211,41--Swimming/41_Swimming_Swimmer_41_722.jpg,464.0,113.0,680.0,409.0,0.0,0.0,0.0,0.0,0.0,0.0,1024.0,1873.0,0.033335557928457,Female,White,True,Female_White,1.0,1
10217,41--Swimming/41_Swimming_Swimmer_41_996.jpg,484.0,144.0,586.0,288.0,0.0,0.0,0.0,0.0,0.0,0.0,1024.0,768.0,0.0186767578125,Male,White,True,Male_White,0.0,1
10218,41--Swimming/41_Swimming_Swimmer_41_1029.jpg,246.0,82.0,320.0,170.0,0.0,0.0,0.0,0.0,0.0,0.0,1024.0,677.0,0.0093934638109305,Female,White,True,Female_White,0.0,1
10219,41--Swimming/41_Swimming_Swimmer_41_590.jpg,302.0,306.0,684.0,706.0,0.0,0.0,0.0,0.0,0.0,0.0,1024.0,768.0,0.1942952473958333,Male,White,True,Male_White,7.0,1
10220,41--Swimming/41_Swimming_Swimming_41_16.jpg,456.0,212.0,570.0,348.0,0.0,1.0,0.0,0.0,0.0,0.0,1024.0,608.0,0.02490234375,Male,White,True,Male_White,0.0,1
10221,41--Swimming/41_Swimming_Swimmer_41_12.jpg,470.0,174.0,608.0,356.0,1.0,1.0,0.0,0.0,0.0,0.0,1024.0,572.0,0.042879971590909,Male,White,True,Male_White,1.0,1
10222,41--Swimming/41_Swimming_Swimming_41_80.jpg,422.0,228.0,636.0,504.0,0.0,1.0,0.0,0.0,0.0,0.0,1024.0,633.0,0.0911211492890995,Male,White,True,Male_White,3.0,1
10223,41--Swimming/41_Swimming_Swimmer_41_667.jpg,365.0,187.0,602.0,480.0,0.0,0.0,0.0,0.0,0.0,0.0,1024.0,1366.0,0.0496438335010981,Female,Indian,True,Female_Indian,1.0,1
10225,41--Swimming/41_Swimming_Swimming_41_231.jpg,490.0,242.0,584.0,374.0,1.0,1.0,0.0,0.0,0.0,0.0,1024.0,577.0,0.0210003249566724,Male,White,True,Male_White,0.0,1
10226,41--Swimming/41_Swimming_Swimmer_41_61.jpg,210.0,140.0,404.0,362.0,0.0,0.0,0.0,0.0,0.0,0.0,1024.0,683.0,0.0615792002196193,Male,White,True,Male_White,2.0,1
10227,41--Swimming/41_Swimming_Swimmer_41_279.jpg,480.0,230.0,560.0,326.0,1.0,0.0,0.0,0.0,0.0,0.0,1024.0,683.0,0.0109809663250366,Male,White,True,Male_White,0.0,1
10228,41--Swimming/41_Swimming_Swimmer_41_106.jpg,516.0,318.0,710.0,530.0,0.0,0.0,0.0,0.0,0.0,0.0,1024.0,737.0,0.0544966926729986,Female,White,True,Female_White,1.0,1
10232,41--Swimming/41_Swimming_Swimmer_41_129.jpg,520.0,236.0,870.0,622.0,0.0,0.0,0.0,0.0,0.0,0.0,1024.0,680.0,0.1940199908088235,Male,White,True,Male_White,7.0,1
10233,41--Swimming/41_Swimming_Swimmer_41_789.jpg,448.0,242.0,588.0,402.0,1.0,1.0,0.0,0.0,0.0,0.0,1024.0,615.0,0.0355691056910569,Male,White,True,Male_White,1.0,1
10244,41--Swimming/41_Swimming_Swimming_41_849.jpg,198.0,64.0,292.0,196.0,0.0,0.0,0.0,0.0,0.0,0.0,1024.0,768.0,0.015777587890625,Male,White,True,Male_White,0.0,1
10245,41--Swimming/41_Swimming_Swimmer_41_519.jpg,364.0,234.0,544.0,472.0,0.0,0.0,0.0,0.0,0.0,0.0,1024.0,768.0,0.054473876953125,Male,White,True,Male_White,1.0,1
10247,41--Swimming/41_Swimming_Swimming_41_403.jpg,248.0,338.0,444.0,608.0,0.0,1.0,0.0,0.0,0.0,0.0,1024.0,768.0,0.067291259765625,Male,White,True,Male_White,2.0,1
10249,41--Swimming/41_Swimming_Swimmer_41_294.jpg,331.0,179.0,551.0,466.0,0.0,0.0,0.0,0.0,0.0,0.0,1024.0,1254.0,0.0491707785087719,Female,White,True,Female_White,1.0,1
10250,41--Swimming/41_Swimming_Swimming_41_13.jpg,476.0,284.0,574.0,416.0,0.0,1.0,0.0,0.0,0.0,0.0,1024.0,683.0,0.0184960651537335,Female,White,True,Female_White,0.0,1
10251,41--Swimming/41_Swimming_Swimming_41_112.jpg,482.0,328.0,584.0,464.0,1.0,1.0,0.0,0.0,0.0,0.0,1024.0,660.0,0.0205255681818181,Male,White,True,Male_White,0.0,1
10254,41--Swimming/41_Swimming_Swimmer_41_430.jpg,495.0,645.0,744.0,993.0,0.0,0.0,0.0,0.0,0.0,0.0,1024.0,1300.0,0.0650931490384615,Female,White,True,Female_White,2.0,1
10255,41--Swimming/41_Swimming_Swimmer_41_325.jpg,298.0,262.0,746.0,886.0,0.0,0.0,0.0,0.0,0.0,0.0,1024.0,939.0,0.2907348242811501,Male,White,True,Male_White,10.0,1
10260,41--Swimming/41_Swimming_Swimmer_41_949.jpg,326.0,162.0,518.0,460.0,0.0,0.0,0.0,0.0,0.0,0.0,1024.0,708.0,0.0789194915254237,Female,White,True,Female_White,2.0,1
10261,41--Swimming/41_Swimming_Swimming_41_253.jpg,280.0,72.0,592.0,488.0,0.0,0.0,0.0,0.0,0.0,0.0,1024.0,683.0,0.1855783308931186,Female,White,True,Female_White,6.0,1
10262,41--Swimming/41_Swimming_Swimmer_41_175.jpg,340.0,250.0,584.0,560.0,0.0,0.0,0.0,0.0,0.0,0.0,1024.0,754.0,0.0979670921750663,Female,White,True,Female_White,3.0,1
10268,41--Swimming/41_Swimming_Swimmer_41_78.jpg,436.0,236.0,634.0,502.0,0.0,0.0,0.0,0.0,0.0,0.0,1024.0,682.0,0.0754158266129032,Male,White,True,Male_White,2.0,1
10269,41--Swimming/41_Swimming_Swimmer_41_182.jpg,404.0,284.0,560.0,488.0,0.0,0.0,0.0,0.0,1.0,0.0,1024.0,615.0,0.0505335365853658,Male,White,True,Male_White,1.0,1
10273,41--Swimming/41_Swimming_Swimmer_41_784.jpg,168.0,351.0,781.0,1105.0,0.0,0.0,0.0,0.0,0.0,0.0,1024.0,1536.0,0.293860117594401,Male,White,True,Male_White,11.0,1
10275,41--Swimming/41_Swimming_Swimmer_41_895.jpg,390.0,228.0,801.0,729.0,0.0,0.0,0.0,0.0,0.0,0.0,1024.0,1537.0,0.130829512646389,Female,White,True,Female_White,4.0,1
10276,41--Swimming/41_Swimming_Swimmer_41_671.jpg,293.0,264.0,498.0,496.0,0.0,0.0,0.0,0.0,0.0,0.0,1024.0,1366.0,0.0340009608345534,Female,White,True,Female_White,1.0,1
10277,41--Swimming/41_Swimming_Swimmer_41_62.jpg,430.0,202.0,634.0,512.0,0.0,0.0,0.0,0.0,0.0,0.0,1024.0,829.0,0.0744967581423401,Male,White,True,Male_White,2.0,1
10281,41--Swimming/41_Swimming_Swimming_41_527.jpg,99.0,561.0,459.0,972.0,0.0,0.0,0.0,0.0,0.0,0.0,1024.0,1037.0,0.1393367285438765,Female,White,True,Female_White,5.0,1
10282,41--Swimming/41_Swimming_Swimmer_41_621.jpg,300.0,6.0,627.0,324.0,0.0,0.0,0.0,0.0,0.0,0.0,1024.0,1536.0,0.0661125183105468,Female,White,True,Female_White,2.0,1
10283,41--Swimming/41_Swimming_Swimming_41_715.jpg,258.0,250.0,500.0,548.0,0.0,0.0,0.0,0.0,0.0,0.0,1024.0,732.0,0.0962100836748633,Female,Black,True,Female_Black,3.0,1
10286,41--Swimming/41_Swimming_Swimmer_41_229.jpg,470.0,212.0,670.0,460.0,1.0,1.0,0.0,0.0,0.0,0.0,1024.0,576.0,0.0840928819444444,Male,White,True,Male_White,3.0,1
10287,41--Swimming/41_Swimming_Swimmer_41_34.jpg,458.0,374.0,596.0,552.0,1.0,1.0,0.0,0.0,0.0,0.0,1024.0,808.0,0.0296884668935643,Male,White,True,Male_White,1.0,1
10320,42--Car_Racing/42_Car_Racing_Nascar_42_390.jpg,478.0,290.0,564.0,410.0,1.0,0.0,0.0,0.0,0.0,0.0,1024.0,718.0,0.0140363857938718,Male,White,True,Male_White,0.0,1
10325,42--Car_Racing/42_Car_Racing_Nascar_42_728.jpg,414.0,68.0,596.0,324.0,0.0,0.0,0.0,0.0,0.0,0.0,1024.0,576.0,0.0789930555555555,Female,White,True,Female_White,2.0,1
10326,42--Car_Racing/42_Car_Racing_Car_Racing_42_822.jpg,510.0,76.0,562.0,150.0,0.0,0.0,0.0,0.0,0.0,0.0,1024.0,711.0,0.0052852496483825,Male,White,True,Male_White,0.0,1
10327,42--Car_Racing/42_Car_Racing_Car_Racing_42_536.jpg,887.0,47.0,927.0,104.0,0.0,0.0,0.0,0.0,0.0,0.0,1024.0,756.0,0.0029451884920634,Male,White,True,Male_White,0.0,1
10328,42--Car_Racing/42_Car_Racing_Nascar_42_410.jpg,310.0,164.0,705.0,710.0,0.0,0.0,0.0,0.0,0.0,0.0,1024.0,1359.0,0.154978097406181,Male,White,True,Male_White,5.0,1
10329,42--Car_Racing/42_Car_Racing_Nascar_42_673.jpg,624.0,60.0,760.0,242.0,0.0,0.0,0.0,0.0,0.0,0.0,1024.0,768.0,0.0314737955729166,Male,White,True,Male_White,1.0,1
10330,42--Car_Racing/42_Car_Racing_Nascar_42_551.jpg,694.0,162.0,802.0,290.0,1.0,0.0,0.0,0.0,0.0,0.0,1024.0,576.0,0.0234375,Male,White,True,Male_White,0.0,1
10342,42--Car_Racing/42_Car_Racing_Nascar_42_601.jpg,146.0,68.0,186.0,126.0,1.0,0.0,0.0,0.0,0.0,0.0,1024.0,687.0,0.0032978529839883,Male,White,True,Male_White,0.0,1
10343,42--Car_Racing/42_Car_Racing_Nascar_42_601.jpg,267.0,71.0,301.0,124.0,1.0,0.0,0.0,0.0,0.0,0.0,1024.0,687.0,0.0025615220160116,Male,Black,True,Male_Black,0.0,1
10344,42--Car_Racing/42_Car_Racing_Nascar_42_530.jpg,382.0,78.0,574.0,340.0,0.0,0.0,0.0,0.0,0.0,0.0,1024.0,577.0,0.0851386481802426,Male,White,True,Male_White,3.0,1
10345,42--Car_Racing/42_Car_Racing_Nascar_42_624.jpg,357.0,135.0,651.0,537.0,0.0,0.0,0.0,0.0,0.0,0.0,1024.0,1536.0,0.0751419067382812,Female,White,True,Female_White,2.0,1
10346,42--Car_Racing/42_Car_Racing_Nascar_42_441.jpg,554.0,98.0,728.0,338.0,0.0,0.0,0.0,0.0,0.0,0.0,1024.0,683.0,0.0597090043923865,Female,White,True,Female_White,2.0,1
10347,42--Car_Racing/42_Car_Racing_Car_Racing_42_516.jpg,542.0,190.0,578.0,235.0,1.0,0.0,0.0,0.0,0.0,0.0,1024.0,834.0,0.0018969199640287,Male,White,True,Male_White,0.0,1
10350,42--Car_Racing/42_Car_Racing_Car_Racing_42_405.jpg,566.0,318.0,626.0,398.0,0.0,0.0,0.0,0.0,0.0,1.0,1024.0,803.0,0.0058374844333748,Female,Asian,True,Female_Asian,0.0,1
10352,42--Car_Racing/42_Car_Racing_Nascar_42_635.jpg,54.0,92.0,306.0,440.0,0.0,0.0,0.0,0.0,0.0,0.0,1024.0,768.0,0.11151123046875,Male,White,True,Male_White,4.0,1
10354,42--Car_Racing/42_Car_Racing_Car_Racing_42_839.jpg,433.0,150.0,609.0,349.0,1.0,0.0,0.0,0.0,0.0,0.0,1024.0,1967.0,0.0173884722928317,Male,White,True,Male_White,0.0,1
10355,42--Car_Racing/42_Car_Racing_Nascar_42_507.jpg,448.0,55.0,488.0,110.0,1.0,0.0,0.0,0.0,0.0,0.0,1024.0,576.0,0.0037299262152777,Male,White,True,Male_White,0.0,1
10356,42--Car_Racing/42_Car_Racing_Nascar_42_727.jpg,454.0,52.0,514.0,124.0,1.0,0.0,0.0,0.0,0.0,0.0,1024.0,692.0,0.0060964595375722,Female,White,True,Female_White,0.0,1
10357,42--Car_Racing/42_Car_Racing_Nascar_42_367.jpg,784.0,82.0,886.0,186.0,1.0,0.0,0.0,0.0,0.0,0.0,1024.0,682.0,0.0151896994134897,Male,White,True,Male_White,0.0,1
10359,42--Car_Racing/42_Car_Racing_Nascar_42_522.jpg,502.0,90.0,708.0,388.0,0.0,0.0,0.0,0.0,0.0,0.0,1024.0,577.0,0.1038981260831889,Male,White,True,Male_White,3.0,1
10360,42--Car_Racing/42_Car_Racing_Nascar_42_945.jpg,302.0,164.0,767.0,749.0,0.0,0.0,0.0,0.0,0.0,0.0,1024.0,1036.0,0.2564183533421815,Female,White,True,Female_White,9.0,1
10361,42--Car_Racing/42_Car_Racing_Nascar_42_361.jpg,779.0,50.0,811.0,87.0,1.0,0.0,1.0,0.0,0.0,0.0,1024.0,768.0,0.0015055338541666,Male,White,True,Male_White,0.0,1
10362,42--Car_Racing/42_Car_Racing_Nascar_42_331.jpg,750.0,118.0,898.0,282.0,0.0,0.0,0.0,0.0,0.0,0.0,1024.0,683.0,0.034704428989751,Male,White,True,Male_White,1.0,1
10363,42--Car_Racing/42_Car_Racing_Nascar_42_208.jpg,321.0,318.0,654.0,729.0,0.0,0.0,0.0,0.0,0.0,0.0,1024.0,1539.0,0.0868455317982456,Male,White,True,Male_White,3.0,1
10364,42--Car_Racing/42_Car_Racing_Nascar_42_192.jpg,704.0,116.0,766.0,192.0,0.0,0.0,1.0,0.0,0.0,0.0,1024.0,682.0,0.006747159090909,Male,White,True,Male_White,0.0,1
10365,42--Car_Racing/42_Car_Racing_Nascar_42_762.jpg,552.0,76.0,714.0,294.0,0.0,0.0,0.0,0.0,0.0,0.0,1024.0,640.0,0.053887939453125,Female,White,True,Female_White,1.0,1
10366,43--Row_Boat/43_Row_Boat_Canoe_43_908.jpg,146.0,66.0,508.0,536.0,0.0,0.0,0.0,0.0,0.0,0.0,1024.0,577.0,0.2879590012998267,Female,White,True,Female_White,10.0,1
10388,43--Row_Boat/43_Row_Boat_Canoe_43_1000.jpg,681.0,270.0,743.0,346.0,0.0,0.0,1.0,0.0,0.0,0.0,1024.0,577.0,0.0079749783362218,Male,White,True,Male_White,0.0,1
10389,43--Row_Boat/43_Row_Boat_Rowboat_43_183.jpg,476.0,564.0,525.0,627.0,1.0,0.0,0.0,0.0,0.0,0.0,1024.0,1544.0,0.0019524925113341,Male,White,True,Male_White,0.0,1
10390,43--Row_Boat/43_Row_Boat_Canoe_43_1028.jpg,348.0,44.0,578.0,380.0,0.0,0.0,0.0,0.0,0.0,0.0,1024.0,577.0,0.1307950606585788,Male,White,True,Male_White,4.0,1
10391,43--Row_Boat/43_Row_Boat_Rowboat_43_912.jpg,330.0,240.0,702.0,763.0,0.0,0.0,0.0,0.0,0.0,0.0,1024.0,1538.0,0.1235345212938881,Female,White,True,Female_White,4.0,1
10392,43--Row_Boat/43_Row_Boat_Rowboat_43_381.jpg,504.0,132.0,538.0,174.0,1.0,0.0,0.0,0.0,0.0,0.0,1024.0,594.0,0.0023476957070707,Male,White,True,Male_White,0.0,1
10395,43--Row_Boat/43_Row_Boat_Canoe_43_919.jpg,452.0,266.0,532.0,388.0,1.0,0.0,0.0,0.0,0.0,0.0,1024.0,1024.0,0.009307861328125,Male,White,True,Male_White,0.0,1
10403,43--Row_Boat/43_Row_Boat_Rowboat_43_693.jpg,224.0,230.0,900.0,1021.0,0.0,0.0,0.0,0.0,0.0,0.0,1024.0,1435.0,0.363891006097561,Male,White,True,Male_White,13.0,1
10410,43--Row_Boat/43_Row_Boat_Canoe_43_891.jpg,628.0,6.0,896.0,276.0,0.0,0.0,0.0,0.0,0.0,0.0,1024.0,933.0,0.0757385450160771,Male,White,True,Male_White,2.0,1
10411,43--Row_Boat/43_Row_Boat_Rowboat_43_653.jpg,370.0,404.0,446.0,516.0,0.0,0.0,0.0,0.0,0.0,0.0,1024.0,985.0,0.0084390862944162,Female,White,True,Female_White,0.0,1
10412,43--Row_Boat/43_Row_Boat_Rowboat_43_423.jpg,220.0,84.0,388.0,300.0,0.0,0.0,0.0,0.0,0.0,0.0,1024.0,541.0,0.0655036968576709,Female,White,True,Female_White,2.0,1
10413,43--Row_Boat/43_Row_Boat_Canoe_43_385.jpg,548.0,163.0,589.0,214.0,1.0,0.0,0.0,0.0,0.0,0.0,1024.0,659.0,0.0030986224393019,Male,White,True,Male_White,0.0,1
10422,43--Row_Boat/43_Row_Boat_Canoe_43_455.jpg,565.0,400.0,602.0,455.0,0.0,0.0,0.0,0.0,0.0,0.0,1024.0,768.0,0.0025876363118489,Male,White,True,Male_White,0.0,1
10423,43--Row_Boat/43_Row_Boat_Canoe_43_525.jpg,576.0,232.0,644.0,286.0,1.0,0.0,0.0,0.0,0.0,1.0,1024.0,768.0,0.004669189453125,Male,White,True,Male_White,0.0,1
10424,43--Row_Boat/43_Row_Boat_Canoe_43_266.jpg,436.0,206.0,528.0,352.0,0.0,0.0,1.0,0.0,0.0,0.0,1024.0,768.0,0.0170796712239583,Male,White,True,Male_White,0.0,1
10425,43--Row_Boat/43_Row_Boat_Canoe_43_24.jpg,766.0,68.0,804.0,116.0,1.0,0.0,0.0,0.0,0.0,0.0,1024.0,680.0,0.0026194852941176,Male,White,True,Male_White,0.0,1
10426,43--Row_Boat/43_Row_Boat_Canoe_43_1024.jpg,398.0,413.0,430.0,451.0,1.0,0.0,0.0,0.0,0.0,1.0,1024.0,683.0,0.0017386530014641,Male,White,True,Male_White,0.0,1
10437,43--Row_Boat/43_Row_Boat_Rowboat_43_821.jpg,254.0,118.0,308.0,202.0,1.0,0.0,0.0,0.0,0.0,0.0,1024.0,899.0,0.0049273498331479,Male,White,True,Male_White,0.0,1
10438,43--Row_Boat/43_Row_Boat_Canoe_43_218.jpg,258.0,134.0,297.0,186.0,1.0,0.0,0.0,0.0,0.0,0.0,1024.0,683.0,0.0028996614202049,Male,White,True,Male_White,0.0,1
10439,43--Row_Boat/43_Row_Boat_Canoe_43_218.jpg,496.0,219.0,533.0,268.0,1.0,0.0,1.0,0.0,0.0,0.0,1024.0,683.0,0.0025922515556368,Female,Asian,True,Female_Asian,0.0,1
10447,43--Row_Boat/43_Row_Boat_Canoe_43_77.jpg,301.0,119.0,342.0,174.0,1.0,0.0,0.0,0.0,0.0,0.0,1024.0,681.0,0.0032336981461086,Male,White,True,Male_White,0.0,1
10460,43--Row_Boat/43_Row_Boat_Canoe_43_779.jpg,675.0,571.0,734.0,664.0,1.0,0.0,0.0,0.0,0.0,0.0,1024.0,1366.0,0.003922692853221,Male,White,True,Male_White,0.0,1
10476,43--Row_Boat/43_Row_Boat_Canoe_43_941.jpg,530.0,4.0,716.0,286.0,0.0,0.0,0.0,0.0,0.0,0.0,1024.0,577.0,0.0887741009532062,Male,White,True,Male_White,3.0,1
10477,43--Row_Boat/43_Row_Boat_Canoe_43_844.jpg,480.0,46.0,548.0,142.0,1.0,0.0,0.0,0.0,0.0,0.0,1024.0,786.0,0.0081106870229007,Male,White,True,Male_White,0.0,1
10478,43--Row_Boat/43_Row_Boat_Rowboat_43_16.jpg,528.0,250.0,558.0,294.0,1.0,0.0,1.0,0.0,0.0,0.0,1024.0,740.0,0.0017419763513513,Male,White,True,Male_White,0.0,1
10485,43--Row_Boat/43_Row_Boat_Canoe_43_833.jpg,330.0,42.0,688.0,568.0,0.0,0.0,0.0,0.0,0.0,0.0,1024.0,577.0,0.3187080264298093,Male,White,True,Male_White,11.0,1
10490,43--Row_Boat/43_Row_Boat_Rowboat_43_18.jpg,464.0,94.0,508.0,146.0,1.0,0.0,0.0,0.0,0.0,0.0,1024.0,703.0,0.0031783428165007,Male,White,True,Male_White,0.0,1
10491,43--Row_Boat/43_Row_Boat_Rowboat_43_915.jpg,371.0,188.0,471.0,351.0,0.0,0.0,0.0,0.0,0.0,0.0,1024.0,1285.0,0.0123875243190661,Female,White,True,Female_White,0.0,1
10492,43--Row_Boat/43_Row_Boat_Canoe_43_221.jpg,154.0,287.0,189.0,332.0,1.0,0.0,0.0,0.0,0.0,0.0,1024.0,762.0,0.0020184854822834,Male,White,True,Male_White,0.0,1
10494,43--Row_Boat/43_Row_Boat_Rowboat_43_1015.jpg,397.0,102.0,519.0,264.0,0.0,0.0,0.0,0.0,0.0,0.0,1024.0,1280.0,0.0150787353515625,Female,White,True,Female_White,0.0,1
10499,43--Row_Boat/43_Row_Boat_Canoe_43_273.jpg,614.0,202.0,670.0,294.0,1.0,0.0,0.0,0.0,0.0,0.0,1024.0,704.0,0.0071466619318181,Male,White,True,Male_White,0.0,1
10516,44--Aerobics/44_Aerobics_Aerobics_44_415.jpg,602.0,123.0,639.0,192.0,0.0,0.0,0.0,0.0,0.0,0.0,1024.0,768.0,0.0032463073730468,Female,White,True,Female_White,0.0,1
10517,44--Aerobics/44_Aerobics_Aerobics_44_472.jpg,564.0,304.0,634.0,408.0,1.0,0.0,0.0,0.0,0.0,1.0,1024.0,683.0,0.0104090409956076,Female,White,True,Female_White,0.0,1
10519,44--Aerobics/44_Aerobics_Aerobics_44_683.jpg,786.0,108.0,866.0,160.0,1.0,0.0,0.0,0.0,0.0,1.0,1024.0,362.0,0.0112223756906077,Female,White,True,Female_White,0.0,1
10520,44--Aerobics/44_Aerobics_Aerobics_44_271.jpg,716.0,114.0,798.0,228.0,1.0,0.0,0.0,0.0,0.0,1.0,1024.0,596.0,0.015316956795302,Female,White,True,Female_White,0.0,1
10524,44--Aerobics/44_Aerobics_Aerobics_44_386.jpg,464.0,84.0,528.0,190.0,0.0,0.0,0.0,0.0,0.0,0.0,1024.0,683.0,0.0096998535871156,Female,White,True,Female_White,0.0,1
10526,44--Aerobics/44_Aerobics_Aerobics_44_929.jpg,339.0,372.0,717.0,825.0,0.0,0.0,0.0,0.0,0.0,0.0,1024.0,1323.0,0.1263950892857142,Female,White,True,Female_White,4.0,1
10536,44--Aerobics/44_Aerobics_Aerobics_44_479.jpg,321.0,198.0,447.0,339.0,1.0,0.0,0.0,0.0,0.0,0.0,1024.0,1538.0,0.0112806302828348,Female,White,True,Female_White,0.0,1
10559,44--Aerobics/44_Aerobics_Aerobics_44_210.jpg,444.0,414.0,732.0,741.0,0.0,0.0,0.0,0.0,0.0,1.0,1024.0,1536.0,0.05987548828125,Female,White,True,Female_White,2.0,1
10560,44--Aerobics/44_Aerobics_Aerobics_44_15.jpg,464.0,111.0,527.0,207.0,0.0,0.0,0.0,0.0,0.0,0.0,1024.0,683.0,0.0086475109809663,Female,White,True,Female_White,0.0,1
10561,44--Aerobics/44_Aerobics_Aerobics_44_15.jpg,261.0,71.0,310.0,139.0,0.0,0.0,0.0,0.0,0.0,0.0,1024.0,683.0,0.0047641379941434,Male,White,True,Male_White,0.0,1
10562,44--Aerobics/44_Aerobics_Aerobics_44_15.jpg,44.0,66.0,84.0,120.0,0.0,0.0,0.0,0.0,0.0,0.0,1024.0,683.0,0.0030883967789165,Male,Asian,True,Male_Asian,0.0,1
10563,44--Aerobics/44_Aerobics_Aerobics_44_15.jpg,594.0,2.0,630.0,32.0,1.0,0.0,0.0,0.0,1.0,0.0,1024.0,683.0,0.0015441983894582,Male,Black,True,Male_Black,0.0,1
10576,44--Aerobics/44_Aerobics_Aerobics_44_533.jpg,362.0,189.0,635.0,492.0,0.0,0.0,0.0,0.0,0.0,0.0,1024.0,1383.0,0.0584094529555314,Female,White,True,Female_White,2.0,1
10581,44--Aerobics/44_Aerobics_Aerobics_44_664.jpg,612.0,74.0,692.0,168.0,0.0,0.0,0.0,0.0,0.0,0.0,1024.0,942.0,0.0077959129511677,Female,White,True,Female_White,0.0,1
10583,44--Aerobics/44_Aerobics_Aerobics_44_973.jpg,280.0,400.0,378.0,550.0,0.0,0.0,0.0,0.0,0.0,0.0,1024.0,966.0,0.0148607336956521,Female,White,True,Female_White,0.0,1
10592,44--Aerobics/44_Aerobics_Aerobics_44_849.jpg,613.0,21.0,744.0,101.0,1.0,0.0,0.0,0.0,0.0,1.0,1024.0,1366.0,0.0074922218155197,Female,White,True,Female_White,0.0,1
10597,44--Aerobics/44_Aerobics_Aerobics_44_977.jpg,810.0,106.0,912.0,240.0,0.0,0.0,0.0,0.0,0.0,0.0,1024.0,640.0,0.020855712890625,Female,White,True,Female_White,0.0,1
10610,44--Aerobics/44_Aerobics_Aerobics_44_886.jpg,354.0,123.0,660.0,542.0,0.0,0.0,0.0,0.0,0.0,0.0,1024.0,1341.0,0.0933698615771812,Female,White,True,Female_White,3.0,1
10634,44--Aerobics/44_Aerobics_Aerobics_44_463.jpg,540.0,375.0,606.0,471.0,1.0,0.0,0.0,0.0,0.0,0.0,1024.0,1362.0,0.0045429515418502,Male,White,True,Male_White,0.0,1
10647,44--Aerobics/44_Aerobics_Aerobics_44_551.jpg,535.0,78.0,682.0,255.0,0.0,0.0,0.0,0.0,0.0,0.0,1024.0,1536.0,0.0165424346923828,Female,White,True,Female_White,0.0,1
10664,44--Aerobics/44_Aerobics_Aerobics_44_205.jpg,740.0,228.0,810.0,362.0,0.0,0.0,0.0,0.0,0.0,0.0,1024.0,662.0,0.0138370940332326,Female,White,True,Female_White,0.0,1
10665,44--Aerobics/44_Aerobics_Aerobics_44_67.jpg,312.0,98.0,430.0,248.0,1.0,0.0,0.0,0.0,0.0,0.0,1024.0,1009.0,0.0171309774529236,Female,White,True,Female_White,0.0,1
10685,44--Aerobics/44_Aerobics_Aerobics_44_113.jpg,400.0,88.0,694.0,500.0,0.0,0.0,0.0,0.0,0.0,0.0,1024.0,681.0,0.173699063876652,Female,White,True,Female_White,6.0,1
10686,44--Aerobics/44_Aerobics_Aerobics_44_476.jpg,456.0,75.0,573.0,203.0,1.0,0.0,0.0,0.0,0.0,0.0,1024.0,1366.0,0.0107064421669106,Female,White,True,Female_White,0.0,1
10689,44--Aerobics/44_Aerobics_Aerobics_44_900.jpg,246.0,312.0,672.0,919.0,0.0,0.0,0.0,0.0,0.0,0.0,1024.0,1536.0,0.1644020080566406,Female,White,True,Female_White,6.0,1
10691,44--Aerobics/44_Aerobics_Aerobics_44_848.jpg,326.0,48.0,462.0,244.0,0.0,0.0,0.0,0.0,0.0,0.0,1024.0,534.0,0.0487476591760299,Female,White,True,Female_White,1.0,1
10701,44--Aerobics/44_Aerobics_Aerobics_44_826.jpg,318.0,186.0,806.0,836.0,0.0,0.0,0.0,0.0,0.0,0.0,1024.0,991.0,0.3125788345105953,Female,White,True,Female_White,11.0,1
10708,44--Aerobics/44_Aerobics_Aerobics_44_321.jpg,206.0,353.0,529.0,755.0,0.0,0.0,0.0,0.0,0.0,0.0,1024.0,1392.0,0.0910939183728448,Female,White,True,Female_White,3.0,1
10709,44--Aerobics/44_Aerobics_Aerobics_44_665.jpg,362.0,40.0,514.0,232.0,0.0,0.0,0.0,0.0,0.0,0.0,1024.0,523.0,0.0544933078393881,Female,White,True,Female_White,1.0,1
10719,44--Aerobics/44_Aerobics_Aerobics_44_943.jpg,415.0,221.0,546.0,392.0,0.0,1.0,0.0,0.0,0.0,0.0,1024.0,1156.0,0.0189238551578719,Female,White,True,Female_White,0.0,1
10727,44--Aerobics/44_Aerobics_Aerobics_44_177.jpg,48.0,354.0,204.0,522.0,0.0,0.0,0.0,0.0,0.0,0.0,1024.0,918.0,0.0278799019607843,Female,White,True,Female_White,0.0,1
10739,44--Aerobics/44_Aerobics_Aerobics_44_419.jpg,488.0,260.0,550.0,340.0,0.0,0.0,0.0,0.0,0.0,0.0,1024.0,768.0,0.0063069661458333,Female,White,True,Female_White,0.0,1
10740,44--Aerobics/44_Aerobics_Aerobics_44_259.jpg,526.0,417.0,718.0,663.0,0.0,0.0,0.0,0.0,0.0,0.0,1024.0,1538.0,0.0299902470741222,Female,White,True,Female_White,1.0,1
10741,44--Aerobics/44_Aerobics_Aerobics_44_484.jpg,526.0,151.0,611.0,283.0,1.0,0.0,0.0,0.0,0.0,0.0,1024.0,1408.0,0.007781982421875,Male,White,True,Male_White,0.0,1
10747,44--Aerobics/44_Aerobics_Aerobics_44_1041.jpg,458.0,310.0,548.0,438.0,1.0,0.0,0.0,0.0,0.0,0.0,1024.0,1397.0,0.0080529706513958,Male,White,True,Male_White,0.0,1
10775,44--Aerobics/44_Aerobics_Aerobics_44_729.jpg,330.0,74.0,516.0,314.0,0.0,0.0,0.0,0.0,0.0,0.0,1024.0,683.0,0.0638268667642752,Male,White,True,Male_White,2.0,1
10786,44--Aerobics/44_Aerobics_Aerobics_44_203.jpg,650.0,236.0,706.0,314.0,0.0,0.0,0.0,0.0,0.0,0.0,1024.0,754.0,0.0056573275862068,Female,White,True,Female_White,0.0,1
10787,44--Aerobics/44_Aerobics_Aerobics_44_737.jpg,336.0,138.0,660.0,591.0,0.0,0.0,0.0,0.0,0.0,0.0,1024.0,1536.0,0.0933151245117187,Female,White,True,Female_White,3.0,1
10788,44--Aerobics/44_Aerobics_Aerobics_44_274.jpg,444.0,249.0,549.0,396.0,0.0,0.0,0.0,0.0,0.0,0.0,1024.0,1536.0,0.0098133087158203,Female,White,True,Female_White,0.0,1
10789,44--Aerobics/44_Aerobics_Aerobics_44_251.jpg,477.0,252.0,609.0,456.0,0.0,0.0,0.0,0.0,0.0,0.0,1024.0,1537.0,0.0171092225113858,Female,White,True,Female_White,0.0,1
10793,44--Aerobics/44_Aerobics_Aerobics_44_714.jpg,602.0,32.0,700.0,132.0,0.0,0.0,0.0,0.0,0.0,1.0,1024.0,534.0,0.0179219335205992,Female,White,True,Female_White,0.0,1
10794,44--Aerobics/44_Aerobics_Aerobics_44_207.jpg,498.0,132.0,610.0,288.0,0.0,0.0,0.0,0.0,0.0,0.0,1024.0,754.0,0.0226293103448275,Female,White,True,Female_White,0.0,1
10795,44--Aerobics/44_Aerobics_Aerobics_44_424.jpg,307.0,346.0,731.0,977.0,0.0,0.0,0.0,0.0,0.0,0.0,1024.0,1429.0,0.1828365552834149,Female,White,True,Female_White,6.0,1
10814,44--Aerobics/44_Aerobics_Aerobics_44_500.jpg,442.0,162.0,530.0,290.0,1.0,1.0,0.0,0.0,0.0,0.0,1024.0,1024.0,0.0107421875,Male,White,True,Male_White,0.0,1
10817,44--Aerobics/44_Aerobics_Aerobics_44_625.jpg,473.0,50.0,554.0,153.0,0.0,0.0,0.0,0.0,0.0,0.0,1024.0,1424.0,0.0057215315572331,Female,White,True,Female_White,0.0,1
10818,44--Aerobics/44_Aerobics_Aerobics_44_961.jpg,356.0,97.0,645.0,513.0,0.0,0.0,0.0,0.0,0.0,0.0,1024.0,1721.0,0.0682197850087158,Female,White,True,Female_White,2.0,1
10820,44--Aerobics/44_Aerobics_Aerobics_44_513.jpg,254.0,18.0,352.0,196.0,0.0,0.0,0.0,0.0,0.0,0.0,1024.0,740.0,0.0230204814189189,Female,White,True,Female_White,0.0,1
10821,44--Aerobics/44_Aerobics_Aerobics_44_513.jpg,400.0,120.0,522.0,300.0,0.0,0.0,0.0,0.0,0.0,0.0,1024.0,740.0,0.028980152027027,Female,Asian,True,Female_Asian,1.0,1
10822,44--Aerobics/44_Aerobics_Aerobics_44_168.jpg,544.0,309.0,670.0,492.0,0.0,0.0,0.0,0.0,0.0,0.0,1024.0,1216.0,0.0185177451685855,Female,White,True,Female_White,0.0,1
10823,44--Aerobics/44_Aerobics_Aerobics_44_168.jpg,418.0,157.0,501.0,271.0,0.0,0.0,0.0,0.0,0.0,0.0,1024.0,1216.0,0.007598876953125,Female,Black,True,Female_Black,0.0,1
10824,44--Aerobics/44_Aerobics_Aerobics_44_168.jpg,271.0,461.0,390.0,566.0,0.0,0.0,0.0,0.0,0.0,1.0,1024.0,1216.0,0.0100346615439967,Female,Asian,True,Female_Asian,0.0,1
10825,44--Aerobics/44_Aerobics_Aerobics_44_168.jpg,133.0,273.0,209.0,363.0,0.0,0.0,0.0,0.0,0.0,0.0,1024.0,1216.0,0.0054931640625,Female,White,True,Female_White,0.0,1
10842,45--Balloonist/45_Balloonist_Balloonist_45_761.jpg,206.0,24.0,542.0,546.0,0.0,0.0,0.0,0.0,0.0,0.0,1024.0,775.0,0.221008064516129,Male,White,True,Male_White,8.0,1
10845,45--Balloonist/45_Balloonist_Balloonist_45_362.jpg,554.0,342.0,764.0,652.0,0.0,0.0,0.0,0.0,0.0,0.0,1024.0,1279.0,0.0497061913604378,Female,White,True,Female_White,1.0,1
10847,45--Balloonist/45_Balloonist_Balloonist_45_721.jpg,608.0,298.0,720.0,460.0,1.0,0.0,0.0,0.0,1.0,0.0,1024.0,768.0,0.0230712890625,Male,White,True,Male_White,0.0,1
10849,45--Balloonist/45_Balloonist_Balloonist_45_451.jpg,574.0,291.0,623.0,338.0,1.0,0.0,0.0,0.0,0.0,1.0,1024.0,576.0,0.003904554578993,Male,Indian,True,Male_Indian,0.0,1
10854,45--Balloonist/45_Balloonist_Balloonist_45_943.jpg,648.0,70.0,776.0,250.0,0.0,0.0,0.0,0.0,0.0,0.0,1024.0,576.0,0.0390625,Male,White,True,Male_White,1.0,1
10862,45--Balloonist/45_Balloonist_Balloonist_45_182.jpg,256.0,120.0,410.0,302.0,0.0,0.0,0.0,0.0,0.0,0.0,1024.0,790.0,0.034646954113924,Female,White,True,Female_White,1.0,1
10863,45--Balloonist/45_Balloonist_Balloonist_45_663.jpg,514.0,547.0,595.0,628.0,1.0,0.0,0.0,0.0,0.0,0.0,1024.0,1538.0,0.0041659470497399,Male,White,True,Male_White,0.0,1
10866,45--Balloonist/45_Balloonist_Balloonist_45_527.jpg,524.0,304.0,642.0,422.0,0.0,0.0,0.0,0.0,0.0,1.0,1024.0,684.0,0.0198796144005847,Male,White,True,Male_White,0.0,1
10871,45--Balloonist/45_Balloonist_Balloonist_45_773.jpg,413.0,160.0,606.0,478.0,0.0,0.0,1.0,0.0,0.0,0.0,1024.0,1190.0,0.0503660057773109,Male,White,True,Male_White,1.0,1
10874,45--Balloonist/45_Balloonist_Balloonist_45_487.jpg,486.0,594.0,547.0,662.0,0.0,0.0,0.0,0.0,1.0,0.0,1024.0,1535.0,0.0026389454397394,Male,White,True,Male_White,0.0,1
10879,45--Balloonist/45_Balloonist_Balloonist_45_224.jpg,574.0,509.0,644.0,589.0,1.0,0.0,0.0,0.0,0.0,0.0,1024.0,1373.0,0.0039830662782228,Male,White,True,Male_White,0.0,1
10883,45--Balloonist/45_Balloonist_Balloonist_45_1029.jpg,377.0,183.0,649.0,605.0,0.0,0.0,0.0,0.0,0.0,0.0,1024.0,1341.0,0.0835896718866517,Female,White,True,Female_White,3.0,1
10888,45--Balloonist/45_Balloonist_Balloonist_45_906.jpg,490.0,130.0,578.0,246.0,0.0,0.0,0.0,0.0,0.0,0.0,1024.0,768.0,0.0129801432291666,Male,White,True,Male_White,0.0,1
10889,45--Balloonist/45_Balloonist_Balloonist_45_853.jpg,583.0,1288.0,682.0,1456.0,0.0,0.0,0.0,0.0,0.0,1.0,1024.0,1539.0,0.0105537280701754,Male,White,True,Male_White,0.0,1
10890,45--Balloonist/45_Balloonist_Balloonist_45_1038.jpg,200.0,392.0,483.0,709.0,0.0,0.0,0.0,0.0,0.0,1.0,1024.0,1366.0,0.0641349915355051,Female,White,True,Female_White,2.0,1
10891,45--Balloonist/45_Balloonist_Balloonist_45_933.jpg,263.0,258.0,297.0,299.0,1.0,0.0,0.0,0.0,0.0,0.0,1024.0,693.0,0.0019643984487734,Male,White,True,Male_White,0.0,1
10892,45--Balloonist/45_Balloonist_Balloonist_45_183.jpg,322.0,126.0,652.0,551.0,0.0,0.0,0.0,0.0,0.0,0.0,1024.0,1434.0,0.0955110813284518,Male,White,True,Male_White,3.0,1
10899,45--Balloonist/45_Balloonist_Balloonist_45_572.jpg,384.0,384.0,616.0,709.0,0.0,0.0,0.0,0.0,0.0,0.0,1024.0,1366.0,0.0539039622986822,Male,White,True,Male_White,1.0,1
10901,45--Balloonist/45_Balloonist_Balloonist_45_467.jpg,298.0,94.0,456.0,304.0,0.0,0.0,0.0,0.0,0.0,0.0,1024.0,576.0,0.0562540690104166,Female,Asian,True,Female_Asian,2.0,1
10902,45--Balloonist/45_Balloonist_Balloonist_45_467.jpg,528.0,64.0,712.0,322.0,0.0,0.0,0.0,0.0,0.0,0.0,1024.0,576.0,0.0804850260416666,Female,Asian,True,Female_Asian,2.0,1
10903,45--Balloonist/45_Balloonist_Balloonist_45_295.jpg,506.0,120.0,744.0,414.0,0.0,0.0,0.0,0.0,0.0,0.0,1024.0,683.0,0.1000468978770131,Male,White,True,Male_White,3.0,1
10904,45--Balloonist/45_Balloonist_Balloonist_45_405.jpg,504.0,128.0,578.0,238.0,0.0,1.0,0.0,0.0,0.0,0.0,1024.0,1024.0,0.0077629089355468,Male,White,True,Male_White,0.0,1
10905,45--Balloonist/45_Balloonist_Balloonist_45_613.jpg,328.0,734.0,394.0,818.0,1.0,0.0,0.0,0.0,0.0,1.0,1024.0,1024.0,0.0052871704101562,Male,White,True,Male_White,0.0,1
10906,45--Balloonist/45_Balloonist_Balloonist_45_919.jpg,664.0,94.0,770.0,210.0,0.0,0.0,0.0,0.0,0.0,0.0,1024.0,673.0,0.0178422176820208,Female,White,True,Female_White,0.0,1
10907,45--Balloonist/45_Balloonist_Balloonist_45_874.jpg,298.0,331.0,763.0,966.0,0.0,0.0,1.0,0.0,0.0,0.0,1024.0,1555.0,0.1854369724678456,Male,White,True,Male_White,6.0,1
10908,45--Balloonist/45_Balloonist_Balloonist_45_141.jpg,674.0,354.0,752.0,464.0,0.0,0.0,0.0,0.0,0.0,0.0,1024.0,1024.0,0.0081825256347656,Female,White,True,Female_White,0.0,1
10910,45--Balloonist/45_Balloonist_Balloonist_45_882.jpg,494.0,1087.0,754.0,1414.0,0.0,0.0,0.0,0.0,0.0,1.0,1024.0,1707.0,0.0486393343585237,Female,White,True,Female_White,1.0,1
10913,45--Balloonist/45_Balloonist_Balloonist_45_897.jpg,465.0,42.0,564.0,195.0,0.0,0.0,0.0,0.0,0.0,0.0,1024.0,1331.0,0.0111134426652892,Male,White,True,Male_White,0.0,1
10921,45--Balloonist/45_Balloonist_Balloonist_45_436.jpg,340.0,128.0,458.0,302.0,0.0,0.0,0.0,0.0,0.0,0.0,1024.0,683.0,0.02935692715959,Male,White,True,Male_White,1.0,1
10922,45--Balloonist/45_Balloonist_Balloonist_45_808.jpg,334.0,268.0,410.0,370.0,0.0,0.0,0.0,0.0,0.0,0.0,1024.0,682.0,0.0111001649560117,Male,White,True,Male_White,0.0,1
10925,45--Balloonist/45_Balloonist_Balloonist_45_385.jpg,220.0,1021.0,508.0,1336.0,0.0,0.0,0.0,0.0,0.0,1.0,1024.0,1734.0,0.0510921280276816,Male,White,True,Male_White,1.0,1
10931,45--Balloonist/45_Balloonist_Balloonist_45_679.jpg,725.0,763.0,778.0,832.0,0.0,0.0,1.0,0.0,0.0,0.0,1024.0,1366.0,0.0026144136621522,Female,White,True,Female_White,0.0,1
10932,45--Balloonist/45_Balloonist_Balloonist_45_744.jpg,442.0,134.0,530.0,270.0,0.0,0.0,0.0,0.0,0.0,0.0,1024.0,768.0,0.0152180989583333,Female,White,True,Female_White,0.0,1
10933,45--Balloonist/45_Balloonist_Balloonist_45_442.jpg,652.0,196.0,817.0,381.0,0.0,0.0,0.0,0.0,0.0,0.0,1024.0,1431.0,0.0208312860324947,Male,White,True,Male_White,0.0,1
10934,45--Balloonist/45_Balloonist_Balloonist_45_271.jpg,366.0,208.0,428.0,274.0,0.0,0.0,0.0,0.0,1.0,0.0,1024.0,615.0,0.0064977134146341,Female,Asian,True,Female_Asian,0.0,1
10935,45--Balloonist/45_Balloonist_Balloonist_45_271.jpg,276.0,312.0,334.0,380.0,1.0,0.0,0.0,0.0,0.0,0.0,1024.0,615.0,0.0062627032520325,Male,Asian,True,Male_Asian,0.0,1
10936,45--Balloonist/45_Balloonist_Balloonist_45_271.jpg,426.0,246.0,480.0,322.0,0.0,0.0,0.0,0.0,0.0,0.0,1024.0,615.0,0.0065167682926829,Female,Asian,True,Female_Asian,0.0,1
10937,45--Balloonist/45_Balloonist_Balloonist_45_33.jpg,550.0,148.0,696.0,346.0,0.0,0.0,0.0,0.0,0.0,0.0,1024.0,577.0,0.0489262889948006,Female,White,True,Female_White,1.0,1
10938,45--Balloonist/45_Balloonist_Balloonist_45_873.jpg,148.0,217.0,777.0,1066.0,0.0,0.0,0.0,0.0,0.0,0.0,1024.0,1540.0,0.3386395342938311,Male,White,True,Male_White,12.0,1
10943,45--Balloonist/45_Balloonist_Balloonist_45_657.jpg,346.0,118.0,448.0,320.0,0.0,0.0,0.0,0.0,0.0,0.0,1024.0,534.0,0.0376799508426966,Male,White,True,Male_White,1.0,1
10946,45--Balloonist/45_Balloonist_Balloonist_45_564.jpg,548.0,28.0,756.0,310.0,0.0,0.0,0.0,0.0,0.0,0.0,1024.0,683.0,0.083867130307467,Male,White,True,Male_White,3.0,1
10947,45--Balloonist/45_Balloonist_Balloonist_45_616.jpg,336.0,244.0,488.0,456.0,0.0,0.0,0.0,0.0,0.0,0.0,1024.0,682.0,0.0461418621700879,Male,White,True,Male_White,1.0,1
10948,45--Balloonist/45_Balloonist_Balloonist_45_188.jpg,286.0,264.0,556.0,654.0,0.0,0.0,0.0,0.0,0.0,0.0,1024.0,1024.0,0.1004219055175781,Male,White,True,Male_White,3.0,1
10951,45--Balloonist/45_Balloonist_Balloonist_45_20.jpg,269.0,342.0,672.0,1000.0,0.0,0.0,0.0,0.0,0.0,0.0,1024.0,1718.0,0.1507328197759022,Male,White,True,Male_White,5.0,1
10956,45--Balloonist/45_Balloonist_Balloonist_45_894.jpg,510.0,57.0,539.0,93.0,1.0,0.0,0.0,0.0,0.0,0.0,1024.0,490.0,0.0020806760204081,Female,White,True,Female_White,0.0,1
10963,45--Balloonist/45_Balloonist_Balloonist_45_665.jpg,243.0,132.0,781.0,997.0,0.0,0.0,0.0,0.0,0.0,0.0,1024.0,1536.0,0.295874277750651,Male,White,True,Male_White,11.0,1
10966,46--Jockey/46_Jockey_Jockey_46_619.jpg,696.0,189.0,821.0,346.0,0.0,0.0,0.0,0.0,0.0,0.0,1024.0,1366.0,0.0140300432375549,Male,White,True,Male_White,0.0,1
10967,46--Jockey/46_Jockey_Jockey_46_936.jpg,340.0,179.0,686.0,642.0,0.0,0.0,0.0,0.0,0.0,0.0,1024.0,1528.0,0.1023843974967277,Male,White,True,Male_White,3.0,1
10969,46--Jockey/46_Jockey_Jockey_46_122.jpg,290.0,52.0,352.0,136.0,0.0,0.0,0.0,0.0,0.0,1.0,1024.0,561.0,0.0090658422459893,Female,White,True,Female_White,0.0,1
10970,46--Jockey/46_Jockey_Jockey_46_301.jpg,476.0,138.0,692.0,429.0,0.0,0.0,0.0,0.0,0.0,0.0,1024.0,1417.0,0.0433188514467184,Female,White,True,Female_White,1.0,1
10971,46--Jockey/46_Jockey_Jockey_46_27.jpg,633.0,70.0,688.0,116.0,1.0,0.0,0.0,0.0,1.0,0.0,1024.0,644.0,0.0038364955357142,Male,White,True,Male_White,0.0,1
10973,46--Jockey/46_Jockey_Jockey_46_716.jpg,364.0,106.0,536.0,310.0,0.0,0.0,0.0,0.0,0.0,0.0,1024.0,698.0,0.0490911532951289,Male,White,True,Male_White,1.0,1
10975,46--Jockey/46_Jockey_Jockey_46_383.jpg,606.0,44.0,676.0,134.0,1.0,0.0,0.0,0.0,0.0,1.0,1024.0,768.0,0.0080108642578125,Male,Indian,True,Male_Indian,0.0,1
10976,46--Jockey/46_Jockey_Jockey_46_574.jpg,276.0,261.0,488.0,540.0,0.0,0.0,0.0,0.0,0.0,0.0,1024.0,1910.0,0.030241737565445,Male,White,True,Male_White,1.0,1
10977,46--Jockey/46_Jockey_Jockey_46_536.jpg,400.0,28.0,730.0,488.0,0.0,0.0,0.0,0.0,0.0,0.0,1024.0,640.0,0.23162841796875,Female,White,True,Female_White,8.0,1
10978,46--Jockey/46_Jockey_Jockey_46_948.jpg,184.0,0.0,386.0,242.0,0.0,0.0,0.0,0.0,0.0,0.0,1024.0,640.0,0.074591064453125,Female,White,True,Female_White,2.0,1
10979,46--Jockey/46_Jockey_Jockey_46_783.jpg,371.0,47.0,623.0,411.0,0.0,0.0,0.0,0.0,0.0,0.0,1024.0,1267.0,0.0707009668508287,Male,White,True,Male_White,2.0,1
10983,46--Jockey/46_Jockey_Jockey_46_206.jpg,428.0,107.0,639.0,417.0,0.0,0.0,0.0,0.0,0.0,0.0,1024.0,1483.0,0.0430727937457855,Male,White,True,Male_White,1.0,1
10984,46--Jockey/46_Jockey_Jockey_46_706.jpg,418.0,238.0,812.0,790.0,0.0,0.0,0.0,0.0,0.0,0.0,1024.0,1021.0,0.2080221596474045,Female,White,True,Female_White,7.0,1
10985,46--Jockey/46_Jockey_Jockey_46_509.jpg,529.0,116.0,728.0,420.0,0.0,0.0,0.0,0.0,0.0,0.0,1024.0,1417.0,0.0416923959068454,Male,White,True,Male_White,1.0,1
10986,46--Jockey/46_Jockey_Jockey_46_366.jpg,505.0,119.0,753.0,480.0,0.0,0.0,0.0,0.0,0.0,0.0,1024.0,1529.0,0.0571809597776324,Female,White,True,Female_White,2.0,1
10988,46--Jockey/46_Jockey_Jockey_46_217.jpg,417.0,130.0,674.0,506.0,0.0,0.0,0.0,0.0,0.0,0.0,1024.0,1908.0,0.0494586936582809,Male,White,True,Male_White,1.0,1
10990,46--Jockey/46_Jockey_Jockey_46_243.jpg,261.0,197.0,522.0,562.0,0.0,0.0,0.0,0.0,0.0,0.0,1024.0,1908.0,0.0487590285966981,Male,White,True,Male_White,1.0,1
10991,46--Jockey/46_Jockey_Jockey_46_151.jpg,186.0,404.0,692.0,1072.0,0.0,0.0,0.0,0.0,0.0,0.0,1024.0,1532.0,0.2154607947127937,Male,White,True,Male_White,8.0,1
10992,46--Jockey/46_Jockey_Jockey_46_386.jpg,420.0,104.0,558.0,302.0,0.0,0.0,0.0,0.0,1.0,0.0,1024.0,1333.0,0.0200176997374343,Female,White,True,Female_White,0.0,1
10996,46--Jockey/46_Jockey_Jockey_46_15.jpg,483.0,74.0,518.0,111.0,0.0,0.0,0.0,0.0,0.0,0.0,1024.0,686.0,0.0018435108418367,Female,White,True,Female_White,0.0,1
10997,46--Jockey/46_Jockey_Jockey_46_1003.jpg,224.0,158.0,368.0,328.0,0.0,0.0,0.0,0.0,1.0,0.0,1024.0,640.0,0.037353515625,Female,White,True,Female_White,1.0,1
10998,46--Jockey/46_Jockey_Jockey_46_408.jpg,259.0,330.0,374.0,518.0,0.0,0.0,0.0,0.0,0.0,0.0,1024.0,1397.0,0.0151133008231925,Female,White,True,Female_White,0.0,1
11005,46--Jockey/46_Jockey_Jockey_46_222.jpg,472.0,166.0,548.0,276.0,0.0,0.0,0.0,0.0,0.0,0.0,1024.0,741.0,0.0110176282051282,Female,White,True,Female_White,0.0,1
11008,46--Jockey/46_Jockey_Jockey_46_36.jpg,600.0,113.0,789.0,377.0,0.0,0.0,0.0,0.0,0.0,0.0,1024.0,1229.0,0.0396473250610252,Male,White,True,Male_White,1.0,1
11009,46--Jockey/46_Jockey_Jockey_46_471.jpg,294.0,162.0,502.0,468.0,0.0,0.0,0.0,0.0,0.0,0.0,1024.0,768.0,0.0809326171875,Male,White,True,Male_White,2.0,1
11014,46--Jockey/46_Jockey_Jockey_46_304.jpg,476.0,141.0,535.0,206.0,1.0,0.0,0.0,0.0,0.0,0.0,1024.0,817.0,0.0045839867656058,Male,White,True,Male_White,0.0,1
11018,46--Jockey/46_Jockey_Jockey_46_549.jpg,477.0,179.0,674.0,496.0,0.0,0.0,0.0,0.0,0.0,0.0,1024.0,1908.0,0.0319629725170335,Male,White,True,Male_White,1.0,1
11022,46--Jockey/46_Jockey_Jockey_46_838.jpg,184.0,60.0,498.0,440.0,0.0,0.0,0.0,0.0,0.0,1.0,1024.0,576.0,0.2022976345486111,Female,White,True,Female_White,7.0,1
11023,46--Jockey/46_Jockey_Jockey_46_600.jpg,480.0,62.0,532.0,123.0,0.0,0.0,0.0,0.0,0.0,0.0,1024.0,640.0,0.004840087890625,Female,White,True,Female_White,0.0,1
11024,46--Jockey/46_Jockey_Jockey_46_114.jpg,201.0,519.0,315.0,698.0,0.0,0.0,0.0,0.0,0.0,0.0,1024.0,1392.0,0.0143159011314655,Female,White,True,Female_White,0.0,1
11025,46--Jockey/46_Jockey_Jockey_46_77.jpg,493.0,151.0,718.0,464.0,0.0,0.0,0.0,0.0,0.0,0.0,1024.0,1359.0,0.0506066328642384,Male,White,True,Male_White,1.0,1
11026,46--Jockey/46_Jockey_Jockey_46_362.jpg,805.0,179.0,857.0,240.0,1.0,0.0,0.0,0.0,0.0,0.0,1024.0,727.0,0.0042608751719394,Male,White,True,Male_White,0.0,1
11027,46--Jockey/46_Jockey_Jockey_46_913.jpg,388.0,230.0,458.0,340.0,0.0,0.0,0.0,0.0,0.0,0.0,1024.0,676.0,0.0111235669378698,Female,White,True,Female_White,0.0,1
11028,46--Jockey/46_Jockey_Jockey_46_277.jpg,461.0,137.0,585.0,327.0,0.0,0.0,0.0,0.0,0.0,0.0,1024.0,1678.0,0.0137114496424314,Male,White,True,Male_White,0.0,1
11030,46--Jockey/46_Jockey_Jockey_46_622.jpg,490.0,160.0,554.0,250.0,0.0,0.0,0.0,0.0,0.0,0.0,1024.0,749.0,0.0075100133511348,Male,White,True,Male_White,0.0,1
11031,46--Jockey/46_Jockey_Jockey_46_332.jpg,728.0,64.0,822.0,220.0,0.0,0.0,0.0,0.0,0.0,0.0,1024.0,683.0,0.0209667825768667,Male,White,True,Male_White,0.0,1
11044,46--Jockey/46_Jockey_Jockey_46_439.jpg,518.0,25.0,734.0,327.0,0.0,0.0,0.0,0.0,0.0,0.0,1024.0,1417.0,0.0449563338038108,Female,White,True,Female_White,1.0,1
11049,46--Jockey/46_Jockey_Jockey_46_659.jpg,404.0,172.0,626.0,476.0,0.0,0.0,0.0,0.0,0.0,0.0,1024.0,669.0,0.0985145739910313,Male,White,True,Male_White,3.0,1
11052,46--Jockey/46_Jockey_Jockey_46_826.jpg,148.0,150.0,388.0,384.0,0.0,0.0,0.0,0.0,0.0,0.0,1024.0,640.0,0.085693359375,Female,White,True,Female_White,3.0,1
11054,46--Jockey/46_Jockey_Jockey_46_824.jpg,414.0,84.0,538.0,216.0,1.0,0.0,0.0,0.0,0.0,0.0,1024.0,574.0,0.0278473432055749,Male,White,True,Male_White,0.0,1
11055,46--Jockey/46_Jockey_Jockey_46_137.jpg,540.0,281.0,645.0,446.0,0.0,0.0,0.0,0.0,0.0,0.0,1024.0,1408.0,0.0120162963867187,Male,White,True,Male_White,0.0,1
11057,46--Jockey/46_Jockey_Jockey_46_642.jpg,554.0,76.0,716.0,275.0,0.0,0.0,0.0,0.0,0.0,0.0,1024.0,1434.0,0.0219542690899581,Male,White,True,Male_White,0.0,1
11058,46--Jockey/46_Jockey_Jockey_46_802.jpg,682.0,82.0,890.0,422.0,0.0,0.0,0.0,0.0,0.0,0.0,1024.0,734.0,0.0940905994550408,Male,White,True,Male_White,3.0,1
11062,46--Jockey/46_Jockey_Jockey_46_668.jpg,392.0,104.0,576.0,388.0,0.0,0.0,0.0,0.0,0.0,0.0,1024.0,881.0,0.0579242338251986,Female,White,True,Female_White,2.0,1
11063,46--Jockey/46_Jockey_Jockey_46_8.jpg,540.0,24.0,648.0,180.0,0.0,0.0,1.0,0.0,0.0,0.0,1024.0,768.0,0.02142333984375,Male,White,True,Male_White,0.0,1
11067,46--Jockey/46_Jockey_Jockey_46_703.jpg,667.0,123.0,726.0,198.0,1.0,0.0,0.0,0.0,0.0,0.0,1024.0,978.0,0.0044184959739263,Male,White,True,Male_White,0.0,1
11068,46--Jockey/46_Jockey_Jockey_46_729.jpg,443.0,175.0,689.0,551.0,0.0,0.0,0.0,0.0,0.0,0.0,1024.0,1908.0,0.0473417845911949,Male,White,True,Male_White,1.0,1
11069,46--Jockey/46_Jockey_Jockey_46_529.jpg,300.0,160.0,472.0,402.0,0.0,0.0,0.0,0.0,0.0,0.0,1024.0,714.0,0.0569305847338935,Male,White,True,Male_White,2.0,1
11075,47--Matador_Bullfighter/47_Matador_Bullfighter_matadorbullfighting_47_900.jpg,254.0,194.0,605.0,606.0,0.0,0.0,0.0,0.0,0.0,0.0,1024.0,3109.0,0.0454238199581859,Female,White,True,Female_White,1.0,1
11077,47--Matador_Bullfighter/47_Matador_Bullfighter_Matador_Bullfighter_47_23.jpg,429.0,111.0,540.0,267.0,0.0,0.0,0.0,0.0,1.0,0.0,1024.0,1536.0,0.0110092163085937,Male,White,True,Male_White,0.0,1
11082,47--Matador_Bullfighter/47_Matador_Bullfighter_Matador_Bullfighter_47_993.jpg,375.0,138.0,663.0,552.0,0.0,0.0,0.0,0.0,0.0,0.0,1024.0,1536.0,0.0758056640625,Male,White,True,Male_White,2.0,1
11083,47--Matador_Bullfighter/47_Matador_Bullfighter_Matador_Bullfighter_47_81.jpg,606.0,64.0,670.0,140.0,1.0,1.0,0.0,0.0,0.0,0.0,1024.0,786.0,0.0060432569974554,Male,White,True,Male_White,0.0,1
11085,47--Matador_Bullfighter/47_Matador_Bullfighter_Matador_Bullfighter_47_876.jpg,389.0,137.0,604.0,412.0,0.0,0.0,0.0,0.0,0.0,0.0,1024.0,1466.0,0.0393855783168485,Male,White,True,Male_White,1.0,1
11086,47--Matador_Bullfighter/47_Matador_Bullfighter_Matador_Bullfighter_47_274.jpg,830.0,250.0,928.0,400.0,0.0,0.0,0.0,0.0,0.0,0.0,1024.0,727.0,0.0197461743466299,Male,White,True,Male_White,0.0,1
11088,47--Matador_Bullfighter/47_Matador_Bullfighter_Matador_Bullfighter_47_672.jpg,554.0,72.0,608.0,132.0,1.0,0.0,0.0,0.0,0.0,0.0,1024.0,708.0,0.0044690148305084,Male,White,True,Male_White,0.0,1
11089,47--Matador_Bullfighter/47_Matador_Bullfighter_Matador_Bullfighter_47_212.jpg,530.0,106.0,648.0,210.0,0.0,0.0,0.0,0.0,0.0,0.0,1024.0,1024.0,0.0117034912109375,Male,White,True,Male_White,0.0,1
11092,47--Matador_Bullfighter/47_Matador_Bullfighter_matadorbullfighting_47_468.jpg,350.0,34.0,404.0,108.0,1.0,0.0,0.0,0.0,0.0,0.0,1024.0,617.0,0.0063247062398703,Male,White,True,Male_White,0.0,1
11093,47--Matador_Bullfighter/47_Matador_Bullfighter_Matador_Bullfighter_47_245.jpg,704.0,86.0,794.0,184.0,1.0,0.0,0.0,0.0,0.0,0.0,1024.0,683.0,0.0126109535139092,Male,White,True,Male_White,0.0,1
11094,47--Matador_Bullfighter/47_Matador_Bullfighter_Matador_Bullfighter_47_232.jpg,710.0,352.0,804.0,466.0,0.0,0.0,0.0,0.0,1.0,0.0,1024.0,683.0,0.0153218795754026,Male,White,True,Male_White,0.0,1
11095,47--Matador_Bullfighter/47_Matador_Bullfighter_Matador_Bullfighter_47_140.jpg,593.0,117.0,646.0,160.0,1.0,0.0,0.0,0.0,0.0,1.0,1024.0,721.0,0.003086804351595,Male,White,True,Male_White,0.0,1
11096,47--Matador_Bullfighter/47_Matador_Bullfighter_Matador_Bullfighter_47_485.jpg,440.0,99.0,653.0,386.0,0.0,0.0,0.0,0.0,1.0,0.0,1024.0,2531.0,0.0235868203032398,Male,White,True,Male_White,0.0,1
11097,47--Matador_Bullfighter/47_Matador_Bullfighter_matadorbullfighting_47_170.jpg,467.0,118.0,559.0,196.0,0.0,0.0,1.0,0.0,1.0,0.0,1024.0,1044.0,0.0067124640804597,Male,White,True,Male_White,0.0,1
11098,47--Matador_Bullfighter/47_Matador_Bullfighter_matadorbullfighting_47_372.jpg,716.0,196.0,758.0,258.0,1.0,0.0,0.0,0.0,0.0,0.0,1024.0,817.0,0.0031125688494492,Male,White,True,Male_White,0.0,1
11099,47--Matador_Bullfighter/47_Matador_Bullfighter_Matador_Bullfighter_47_896.jpg,836.0,256.0,922.0,420.0,0.0,0.0,0.0,0.0,0.0,1.0,1024.0,576.0,0.0239122178819444,Male,White,True,Male_White,0.0,1
11100,47--Matador_Bullfighter/47_Matador_Bullfighter_matadorbullfighting_47_298.jpg,577.0,75.0,628.0,144.0,0.0,0.0,1.0,0.0,0.0,0.0,1024.0,741.0,0.004637683451417,Male,White,True,Male_White,0.0,1
11101,47--Matador_Bullfighter/47_Matador_Bullfighter_matadorbullfighting_47_126.jpg,316.0,654.0,370.0,710.0,1.0,0.0,0.0,0.0,0.0,1.0,1024.0,1024.0,0.0028839111328125,Male,White,True,Male_White,0.0,1
11102,47--Matador_Bullfighter/47_Matador_Bullfighter_matadorbullfighting_47_628.jpg,412.0,150.0,584.0,350.0,0.0,0.0,0.0,0.0,0.0,0.0,1024.0,752.0,0.044672539893617,Male,White,True,Male_White,1.0,1
11103,47--Matador_Bullfighter/47_Matador_Bullfighter_matadorbullfighting_47_34.jpg,568.0,145.0,609.0,214.0,1.0,0.0,0.0,0.0,0.0,0.0,1024.0,739.0,0.0037384239682002,Male,White,True,Male_White,0.0,1
11107,47--Matador_Bullfighter/47_Matador_Bullfighter_matadorbullfighting_47_79.jpg,658.0,128.0,738.0,233.0,1.0,0.0,0.0,0.0,0.0,0.0,1024.0,1423.0,0.0057646697118763,Male,White,True,Male_White,0.0,1
11108,47--Matador_Bullfighter/47_Matador_Bullfighter_matadorbullfighting_47_125.jpg,269.0,216.0,309.0,249.0,1.0,0.0,0.0,0.0,0.0,0.0,1024.0,683.0,0.0018873535871156,Male,White,True,Male_White,0.0,1
11109,47--Matador_Bullfighter/47_Matador_Bullfighter_matadorbullfighting_47_719.jpg,466.0,124.0,552.0,238.0,0.0,0.0,0.0,0.0,0.0,0.0,1024.0,681.0,0.014059058370044,Male,White,True,Male_White,0.0,1
11115,47--Matador_Bullfighter/47_Matador_Bullfighter_matadorbullfighting_47_373.jpg,380.0,117.0,415.0,171.0,1.0,0.0,0.0,0.0,0.0,0.0,1024.0,683.0,0.0027023471815519,Male,White,True,Male_White,0.0,1
11116,47--Matador_Bullfighter/47_Matador_Bullfighter_matadorbullfighting_47_116.jpg,508.0,72.0,552.0,125.0,1.0,0.0,0.0,0.0,0.0,0.0,1024.0,689.0,0.0033052884615384,Male,White,True,Male_White,0.0,1
11117,47--Matador_Bullfighter/47_Matador_Bullfighter_Matador_Bullfighter_47_788.jpg,538.0,68.0,594.0,146.0,1.0,0.0,0.0,0.0,0.0,0.0,1024.0,794.0,0.0053723236775818,Male,White,True,Male_White,0.0,1
11118,47--Matador_Bullfighter/47_Matador_Bullfighter_Matador_Bullfighter_47_513.jpg,234.0,208.0,446.0,484.0,0.0,0.0,0.0,0.0,0.0,0.0,1024.0,690.0,0.0828125,Male,White,True,Male_White,3.0,1
11123,47--Matador_Bullfighter/47_Matador_Bullfighter_Matador_Bullfighter_47_437.jpg,578.0,76.0,630.0,126.0,1.0,1.0,0.0,0.0,0.0,1.0,1024.0,670.0,0.003789645522388,Male,White,True,Male_White,0.0,1
11124,47--Matador_Bullfighter/47_Matador_Bullfighter_matadorbullfighting_47_118.jpg,450.0,44.0,504.0,124.0,1.0,1.0,0.0,0.0,0.0,0.0,1024.0,683.0,0.006176793557833,Male,White,True,Male_White,0.0,1
11125,47--Matador_Bullfighter/47_Matador_Bullfighter_Matador_Bullfighter_47_337.jpg,366.0,142.0,407.0,173.0,1.0,0.0,0.0,0.0,0.0,1.0,1024.0,588.0,0.0021109029549319,Male,White,True,Male_White,0.0,1
11135,47--Matador_Bullfighter/47_Matador_Bullfighter_Matador_Bullfighter_47_551.jpg,268.0,406.0,368.0,534.0,0.0,0.0,0.0,0.0,0.0,0.0,1024.0,1024.0,0.01220703125,Male,White,True,Male_White,0.0,1
11136,47--Matador_Bullfighter/47_Matador_Bullfighter_Matador_Bullfighter_47_686.jpg,602.0,232.0,718.0,346.0,0.0,0.0,0.0,0.0,0.0,0.0,1024.0,683.0,0.0189078513909224,Male,White,True,Male_White,0.0,1
11137,47--Matador_Bullfighter/47_Matador_Bullfighter_Matador_Bullfighter_47_29.jpg,362.0,40.0,466.0,164.0,1.0,0.0,0.0,0.0,0.0,0.0,1024.0,705.0,0.0178634751773049,Male,White,True,Male_White,0.0,1
11138,47--Matador_Bullfighter/47_Matador_Bullfighter_Matador_Bullfighter_47_685.jpg,479.0,410.0,545.0,495.0,1.0,0.0,0.0,0.0,0.0,0.0,1024.0,1362.0,0.0040224050110132,Male,White,True,Male_White,0.0,1
11141,47--Matador_Bullfighter/47_Matador_Bullfighter_matadorbullfighting_47_111.jpg,442.0,18.0,494.0,66.0,1.0,0.0,0.0,0.0,0.0,0.0,1024.0,683.0,0.0035688140556368,Male,White,True,Male_White,0.0,1
11142,47--Matador_Bullfighter/47_Matador_Bullfighter_Matador_Bullfighter_47_579.jpg,310.0,230.0,502.0,494.0,0.0,0.0,0.0,0.0,0.0,0.0,1024.0,747.0,0.0662650602409638,Male,White,True,Male_White,2.0,1
11143,47--Matador_Bullfighter/47_Matador_Bullfighter_matadorbullfighting_47_571.jpg,650.0,50.0,710.0,124.0,1.0,0.0,0.0,0.0,0.0,0.0,1024.0,769.0,0.0056384102730819,Male,White,True,Male_White,0.0,1
11145,47--Matador_Bullfighter/47_Matador_Bullfighter_matadorbullfighting_47_781.jpg,368.0,306.0,460.0,440.0,0.0,0.0,0.0,0.0,0.0,0.0,1024.0,1024.0,0.0117568969726562,Male,White,True,Male_White,0.0,1
11146,47--Matador_Bullfighter/47_Matador_Bullfighter_Matador_Bullfighter_47_377.jpg,361.0,233.0,470.0,368.0,0.0,0.0,0.0,0.0,0.0,0.0,1024.0,1134.0,0.0126720610119047,Female,White,True,Female_White,0.0,1
11147,47--Matador_Bullfighter/47_Matador_Bullfighter_Matador_Bullfighter_47_571.jpg,874.0,464.0,972.0,558.0,0.0,0.0,0.0,0.0,0.0,1.0,1024.0,661.0,0.0136098241301059,Male,White,True,Male_White,0.0,1
11148,47--Matador_Bullfighter/47_Matador_Bullfighter_Matador_Bullfighter_47_32.jpg,418.0,64.0,478.0,160.0,0.0,1.0,0.0,0.0,0.0,0.0,1024.0,922.0,0.0061008676789587,Female,White,True,Female_White,0.0,1
11149,47--Matador_Bullfighter/47_Matador_Bullfighter_matadorbullfighting_47_729.jpg,430.0,372.0,484.0,432.0,1.0,0.0,0.0,0.0,0.0,0.0,1024.0,682.0,0.004639387829912,Male,White,True,Male_White,0.0,1
11150,47--Matador_Bullfighter/47_Matador_Bullfighter_Matador_Bullfighter_47_809.jpg,260.0,214.0,372.0,348.0,1.0,0.0,0.0,0.0,0.0,1.0,1024.0,768.0,0.0190836588541666,Male,White,True,Male_White,0.0,1
11151,47--Matador_Bullfighter/47_Matador_Bullfighter_matadorbullfighting_47_37.jpg,341.0,145.0,395.0,190.0,1.0,0.0,0.0,0.0,0.0,0.0,1024.0,702.0,0.0033804086538461,Male,White,True,Male_White,0.0,1
11152,47--Matador_Bullfighter/47_Matador_Bullfighter_matadorbullfighting_47_607.jpg,498.0,48.0,549.0,104.0,1.0,0.0,0.0,0.0,0.0,0.0,1024.0,683.0,0.0040835468521229,Male,White,True,Male_White,0.0,1
11153,47--Matador_Bullfighter/47_Matador_Bullfighter_Matador_Bullfighter_47_858.jpg,412.0,176.0,440.0,218.0,1.0,0.0,0.0,0.0,0.0,0.0,1024.0,684.0,0.0016790021929824,Male,White,True,Male_White,0.0,1
11154,47--Matador_Bullfighter/47_Matador_Bullfighter_matadorbullfighting_47_767.jpg,374.0,84.0,452.0,156.0,1.0,0.0,0.0,0.0,0.0,0.0,1024.0,833.0,0.0065838835534213,Female,White,True,Female_White,0.0,1
11157,47--Matador_Bullfighter/47_Matador_Bullfighter_matadorbullfighting_47_33.jpg,517.0,97.0,549.0,165.0,1.0,0.0,0.0,0.0,0.0,0.0,1024.0,768.0,0.0027669270833333,Male,White,True,Male_White,0.0,1
11159,47--Matador_Bullfighter/47_Matador_Bullfighter_Matador_Bullfighter_47_326.jpg,442.0,224.0,538.0,348.0,0.0,1.0,0.0,0.0,0.0,0.0,1024.0,730.0,0.0159246575342465,Male,White,True,Male_White,0.0,1
11160,47--Matador_Bullfighter/47_Matador_Bullfighter_Matador_Bullfighter_47_620.jpg,734.0,290.0,826.0,370.0,1.0,0.0,0.0,0.0,0.0,1.0,1024.0,682.0,0.0105388563049853,Male,White,True,Male_White,0.0,1
11161,47--Matador_Bullfighter/47_Matador_Bullfighter_Matador_Bullfighter_47_537.jpg,576.0,332.0,692.0,500.0,0.0,0.0,0.0,0.0,0.0,0.0,1024.0,1024.0,0.018585205078125,Male,White,True,Male_White,0.0,1
11162,47--Matador_Bullfighter/47_Matador_Bullfighter_Matador_Bullfighter_47_840.jpg,495.0,140.0,596.0,330.0,0.0,0.0,0.0,0.0,0.0,0.0,1024.0,1432.0,0.0130867558484636,Male,White,True,Male_White,0.0,1
11163,47--Matador_Bullfighter/47_Matador_Bullfighter_matadorbullfighting_47_397.jpg,654.0,42.0,708.0,116.0,0.0,0.0,0.0,0.0,1.0,0.0,1024.0,744.0,0.0052450856854838,Male,White,True,Male_White,0.0,1
11165,47--Matador_Bullfighter/47_Matador_Bullfighter_Matador_Bullfighter_47_878.jpg,314.0,78.0,464.0,240.0,0.0,0.0,0.0,0.0,0.0,0.0,1024.0,809.0,0.0293330886897404,Male,White,True,Male_White,1.0,1
11166,47--Matador_Bullfighter/47_Matador_Bullfighter_Matador_Bullfighter_47_144.jpg,620.0,164.0,657.0,236.0,1.0,1.0,0.0,0.0,0.0,1.0,1024.0,569.0,0.0045721660808435,Male,White,True,Male_White,0.0,1
11167,47--Matador_Bullfighter/47_Matador_Bullfighter_Matador_Bullfighter_47_963.jpg,424.0,192.0,546.0,326.0,1.0,0.0,0.0,0.0,0.0,0.0,1024.0,1561.0,0.0102273182254964,Male,White,True,Male_White,0.0,1
11168,47--Matador_Bullfighter/47_Matador_Bullfighter_matadorbullfighting_47_622.jpg,574.0,114.0,670.0,300.0,0.0,0.0,0.0,0.0,0.0,1.0,1024.0,682.0,0.0255681818181818,Male,White,True,Male_White,0.0,1
11169,47--Matador_Bullfighter/47_Matador_Bullfighter_matadorbullfighting_47_60.jpg,715.0,103.0,765.0,173.0,1.0,1.0,0.0,0.0,0.0,0.0,1024.0,700.0,0.0048828125,Male,White,True,Male_White,0.0,1
11170,47--Matador_Bullfighter/47_Matador_Bullfighter_matadorbullfighting_47_66.jpg,480.0,120.0,542.0,190.0,1.0,0.0,0.0,0.0,0.0,1.0,1024.0,768.0,0.0055185953776041,Male,White,True,Male_White,0.0,1
11171,47--Matador_Bullfighter/47_Matador_Bullfighter_matadorbullfighting_47_335.jpg,508.0,268.0,571.0,362.0,1.0,0.0,0.0,0.0,0.0,0.0,1024.0,1296.0,0.0044623480902777,Male,White,True,Male_White,0.0,1
11172,47--Matador_Bullfighter/47_Matador_Bullfighter_Matador_Bullfighter_47_231.jpg,504.0,580.0,551.0,640.0,1.0,0.0,0.0,0.0,0.0,0.0,1024.0,1644.0,0.0016751254562043,Female,White,True,Female_White,0.0,1
11173,47--Matador_Bullfighter/47_Matador_Bullfighter_Matador_Bullfighter_47_439.jpg,292.0,226.0,640.0,652.0,0.0,0.0,0.0,0.0,0.0,0.0,1024.0,1024.0,0.1413803100585937,Male,White,True,Male_White,5.0,1
11174,47--Matador_Bullfighter/47_Matador_Bullfighter_Matador_Bullfighter_47_828.jpg,478.0,141.0,551.0,237.0,0.0,0.0,0.0,0.0,0.0,0.0,1024.0,1097.0,0.0062386052871467,Male,White,True,Male_White,0.0,1
11175,47--Matador_Bullfighter/47_Matador_Bullfighter_matadorbullfighting_47_201.jpg,532.0,86.0,584.0,176.0,1.0,1.0,0.0,0.0,0.0,0.0,1024.0,560.0,0.0081612723214285,Male,White,True,Male_White,0.0,1
11176,47--Matador_Bullfighter/47_Matador_Bullfighter_matadorbullfighting_47_312.jpg,662.0,112.0,784.0,266.0,0.0,0.0,0.0,0.0,1.0,0.0,1024.0,768.0,0.0238901774088541,Male,White,True,Male_White,0.0,1
11177,47--Matador_Bullfighter/47_Matador_Bullfighter_matadorbullfighting_47_661.jpg,139.0,153.0,249.0,304.0,1.0,0.0,0.0,0.0,0.0,0.0,1024.0,1047.0,0.0154925531279847,Male,White,True,Male_White,0.0,1
11178,47--Matador_Bullfighter/47_Matador_Bullfighter_matadorbullfighting_47_736.jpg,708.0,312.0,798.0,402.0,0.0,0.0,0.0,0.0,0.0,0.0,1024.0,658.0,0.0120215140577507,Male,White,True,Male_White,0.0,1
11179,47--Matador_Bullfighter/47_Matador_Bullfighter_Matador_Bullfighter_47_12.jpg,284.0,42.0,336.0,143.0,1.0,0.0,0.0,0.0,0.0,1.0,1024.0,836.0,0.0061350553229665,Female,White,True,Female_White,0.0,1
11180,47--Matador_Bullfighter/47_Matador_Bullfighter_matadorbullfighting_47_598.jpg,604.0,326.0,698.0,420.0,1.0,0.0,0.0,0.0,0.0,0.0,1024.0,1502.0,0.0057449442410119,Male,White,True,Male_White,0.0,1
11181,47--Matador_Bullfighter/47_Matador_Bullfighter_Matador_Bullfighter_47_590.jpg,437.0,334.0,511.0,440.0,0.0,0.0,0.0,0.0,0.0,0.0,1024.0,1644.0,0.0046594624391727,Female,White,True,Female_White,0.0,1
11182,47--Matador_Bullfighter/47_Matador_Bullfighter_Matador_Bullfighter_47_220.jpg,670.0,180.0,754.0,282.0,0.0,0.0,0.0,0.0,0.0,0.0,1024.0,683.0,0.0122506405563689,Male,White,True,Male_White,0.0,1
11183,47--Matador_Bullfighter/47_Matador_Bullfighter_matadorbullfighting_47_153.jpg,226.0,155.0,261.0,187.0,1.0,0.0,0.0,0.0,0.0,0.0,1024.0,680.0,0.0016084558823529,Male,White,True,Male_White,0.0,1
11184,47--Matador_Bullfighter/47_Matador_Bullfighter_Matador_Bullfighter_47_709.jpg,736.0,202.0,954.0,478.0,0.0,0.0,0.0,0.0,0.0,0.0,1024.0,686.0,0.0856527879008746,Male,White,True,Male_White,3.0,1
11185,47--Matador_Bullfighter/47_Matador_Bullfighter_matadorbullfighting_47_556.jpg,476.0,208.0,530.0,280.0,0.0,0.0,0.0,0.0,0.0,0.0,1024.0,683.0,0.0055591142020497,Male,White,True,Male_White,0.0,1
11186,47--Matador_Bullfighter/47_Matador_Bullfighter_Matador_Bullfighter_47_572.jpg,721.0,62.0,829.0,229.0,0.0,0.0,0.0,0.0,0.0,0.0,1024.0,1029.0,0.0171168913994169,Female,White,True,Female_White,0.0,1
11187,47--Matador_Bullfighter/47_Matador_Bullfighter_matadorbullfighting_47_636.jpg,116.0,228.0,176.0,288.0,1.0,0.0,0.0,0.0,0.0,1.0,1024.0,680.0,0.0051700367647058,Male,White,True,Male_White,0.0,1
11188,47--Matador_Bullfighter/47_Matador_Bullfighter_matadorbullfighting_47_165.jpg,176.0,452.0,274.0,510.0,1.0,0.0,0.0,0.0,0.0,1.0,1024.0,661.0,0.0083975510590015,Male,White,True,Male_White,0.0,1
11189,47--Matador_Bullfighter/47_Matador_Bullfighter_Matador_Bullfighter_47_66.jpg,310.0,92.0,422.0,216.0,0.0,0.0,0.0,0.0,0.0,0.0,1024.0,714.0,0.0189950980392156,Male,White,True,Male_White,0.0,1
11190,47--Matador_Bullfighter/47_Matador_Bullfighter_Matador_Bullfighter_47_428.jpg,204.0,54.0,286.0,118.0,0.0,0.0,0.0,0.0,0.0,0.0,1024.0,646.0,0.0079334365325077,Male,White,True,Male_White,0.0,1
11193,47--Matador_Bullfighter/47_Matador_Bullfighter_matadorbullfighting_47_595.jpg,411.0,204.0,519.0,289.0,1.0,0.0,0.0,0.0,0.0,1.0,1024.0,1451.0,0.0061783899035148,Male,White,True,Male_White,0.0,1
11194,47--Matador_Bullfighter/47_Matador_Bullfighter_matadorbullfighting_47_6.jpg,671.0,53.0,729.0,136.0,0.0,0.0,0.0,0.0,0.0,0.0,1024.0,825.0,0.0056983901515151,Male,White,True,Male_White,0.0,1
11195,47--Matador_Bullfighter/47_Matador_Bullfighter_Matador_Bullfighter_47_425.jpg,168.0,400.0,792.0,1233.0,0.0,0.0,0.0,0.0,0.0,0.0,1024.0,1305.0,0.3889727011494253,Male,White,True,Male_White,14.0,1
11196,47--Matador_Bullfighter/47_Matador_Bullfighter_matadorbullfighting_47_97.jpg,518.0,124.0,572.0,192.0,1.0,0.0,0.0,0.0,0.0,0.0,1024.0,668.0,0.0053681699101796,Male,White,True,Male_White,0.0,1
11197,47--Matador_Bullfighter/47_Matador_Bullfighter_Matador_Bullfighter_47_731.jpg,376.0,236.0,640.0,574.0,0.0,0.0,0.0,0.0,1.0,0.0,1024.0,641.0,0.1359448127925117,Male,White,True,Male_White,5.0,1
11198,47--Matador_Bullfighter/47_Matador_Bullfighter_matadorbullfighting_47_563.jpg,148.0,550.0,256.0,600.0,1.0,0.0,0.0,0.0,0.0,1.0,1024.0,661.0,0.0079779689863842,Male,White,True,Male_White,0.0,1
11199,47--Matador_Bullfighter/47_Matador_Bullfighter_Matador_Bullfighter_47_40.jpg,380.0,90.0,442.0,204.0,0.0,1.0,0.0,0.0,0.0,0.0,1024.0,918.0,0.0075188929738562,Male,White,True,Male_White,0.0,1
11200,47--Matador_Bullfighter/47_Matador_Bullfighter_Matador_Bullfighter_47_332.jpg,522.0,57.0,573.0,116.0,1.0,0.0,0.0,0.0,0.0,0.0,1024.0,641.0,0.0045842068057722,Male,White,True,Male_White,0.0,1
11201,47--Matador_Bullfighter/47_Matador_Bullfighter_Matador_Bullfighter_47_3.jpg,409.0,168.0,525.0,284.0,1.0,0.0,0.0,0.0,0.0,1.0,1024.0,1487.0,0.0088370040349697,Male,White,True,Male_White,0.0,1
11202,47--Matador_Bullfighter/47_Matador_Bullfighter_matadorbullfighting_47_168.jpg,791.0,506.0,903.0,645.0,0.0,0.0,1.0,0.0,1.0,0.0,1024.0,1149.0,0.0132316144473455,Male,White,True,Male_White,0.0,1
11203,47--Matador_Bullfighter/47_Matador_Bullfighter_Matador_Bullfighter_47_167.jpg,324.0,112.0,384.0,168.0,1.0,0.0,0.0,0.0,0.0,0.0,1024.0,688.0,0.0047692587209302,Male,White,True,Male_White,0.0,1
11204,47--Matador_Bullfighter/47_Matador_Bullfighter_Matador_Bullfighter_47_205.jpg,308.0,175.0,460.0,368.0,0.0,0.0,0.0,0.0,0.0,0.0,1024.0,1338.0,0.0214113882660687,Male,White,True,Male_White,0.0,1
11205,47--Matador_Bullfighter/47_Matador_Bullfighter_matadorbullfighting_47_74.jpg,216.0,72.0,310.0,174.0,0.0,0.0,0.0,0.0,0.0,0.0,1024.0,768.0,0.0121917724609375,Male,White,True,Male_White,0.0,1
11209,47--Matador_Bullfighter/47_Matador_Bullfighter_Matador_Bullfighter_47_711.jpg,663.0,202.0,694.0,246.0,1.0,0.0,0.0,0.0,0.0,0.0,1024.0,768.0,0.0017344156901041,Male,White,True,Male_White,0.0,1
11210,47--Matador_Bullfighter/47_Matador_Bullfighter_Matador_Bullfighter_47_724.jpg,412.0,106.0,760.0,602.0,0.0,0.0,0.0,0.0,0.0,0.0,1024.0,683.0,0.2467972181551976,Male,White,True,Male_White,9.0,1
11213,47--Matador_Bullfighter/47_Matador_Bullfighter_matadorbullfighting_47_57.jpg,564.0,71.0,608.0,126.0,1.0,1.0,0.0,0.0,0.0,1.0,1024.0,698.0,0.0033857897564469,Male,White,True,Male_White,0.0,1
11215,47--Matador_Bullfighter/47_Matador_Bullfighter_matadorbullfighting_47_102.jpg,76.0,550.0,152.0,634.0,1.0,0.0,0.0,0.0,0.0,1.0,1024.0,797.0,0.0078223023839397,Male,White,True,Male_White,0.0,1
11216,47--Matador_Bullfighter/47_Matador_Bullfighter_Matador_Bullfighter_47_28.jpg,388.0,278.0,512.0,415.0,0.0,0.0,0.0,0.0,0.0,0.0,1024.0,1758.0,0.0094367711888509,Male,White,True,Male_White,0.0,1
11217,47--Matador_Bullfighter/47_Matador_Bullfighter_Matador_Bullfighter_47_976.jpg,372.0,50.0,720.0,534.0,0.0,0.0,0.0,0.0,0.0,0.0,1024.0,576.0,0.2855631510416667,Male,White,True,Male_White,10.0,1
11218,47--Matador_Bullfighter/47_Matador_Bullfighter_Matador_Bullfighter_47_600.jpg,310.0,88.0,382.0,192.0,0.0,0.0,0.0,0.0,0.0,0.0,1024.0,683.0,0.0107064421669106,Male,White,True,Male_White,0.0,1
11219,47--Matador_Bullfighter/47_Matador_Bullfighter_matadorbullfighting_47_528.jpg,422.0,22.0,528.0,158.0,0.0,0.0,0.0,0.0,0.0,0.0,1024.0,578.0,0.0243566176470588,Male,White,True,Male_White,0.0,1
11220,47--Matador_Bullfighter/47_Matador_Bullfighter_matadorbullfighting_47_526.jpg,236.0,224.0,420.0,356.0,1.0,0.0,0.0,0.0,0.0,1.0,1024.0,840.0,0.0282366071428571,Male,White,True,Male_White,1.0,1
11221,47--Matador_Bullfighter/47_Matador_Bullfighter_matadorbullfighting_47_517.jpg,483.0,207.0,565.0,319.0,1.0,1.0,0.0,0.0,0.0,1.0,1024.0,1557.0,0.0057602761721258,Male,White,True,Male_White,0.0,1
11223,47--Matador_Bullfighter/47_Matador_Bullfighter_matadorbullfighting_47_171.jpg,540.0,100.0,630.0,182.0,1.0,0.0,0.0,0.0,0.0,1.0,1024.0,804.0,0.0089639692164179,Male,White,True,Male_White,0.0,1
11224,47--Matador_Bullfighter/47_Matador_Bullfighter_matadorbullfighting_47_735.jpg,544.0,94.0,598.0,152.0,0.0,0.0,0.0,0.0,0.0,0.0,1024.0,774.0,0.0039516715116279,Male,White,True,Male_White,0.0,1
11229,47--Matador_Bullfighter/47_Matador_Bullfighter_Matador_Bullfighter_47_781.jpg,332.0,36.0,388.0,114.0,1.0,0.0,0.0,0.0,0.0,0.0,1024.0,579.0,0.0073672279792746,Male,White,True,Male_White,0.0,1
11230,47--Matador_Bullfighter/47_Matador_Bullfighter_matadorbullfighting_47_626.jpg,347.0,103.0,464.0,256.0,0.0,0.0,0.0,0.0,0.0,0.0,1024.0,1422.0,0.0122935621044303,Male,White,True,Male_White,0.0,1
11231,47--Matador_Bullfighter/47_Matador_Bullfighter_Matador_Bullfighter_47_891.jpg,536.0,319.0,753.0,575.0,0.0,0.0,0.0,0.0,0.0,0.0,1024.0,1545.0,0.0351132686084142,Male,White,True,Male_White,1.0,1
11239,47--Matador_Bullfighter/47_Matador_Bullfighter_Matador_Bullfighter_47_772.jpg,400.0,98.0,598.0,384.0,0.0,0.0,0.0,0.0,1.0,0.0,1024.0,679.0,0.0814444495581737,Male,White,True,Male_White,3.0,1
11240,47--Matador_Bullfighter/47_Matador_Bullfighter_matadorbullfighting_47_206.jpg,424.0,88.0,486.0,152.0,1.0,0.0,0.0,0.0,0.0,0.0,1024.0,816.0,0.0047487745098039,Male,White,True,Male_White,0.0,1
11241,47--Matador_Bullfighter/47_Matador_Bullfighter_Matador_Bullfighter_47_730.jpg,609.0,66.0,665.0,120.0,1.0,0.0,0.0,0.0,0.0,0.0,1024.0,676.0,0.0043685281065088,Male,White,True,Male_White,0.0,1
11242,47--Matador_Bullfighter/47_Matador_Bullfighter_Matador_Bullfighter_47_480.jpg,204.0,170.0,258.0,220.0,1.0,0.0,0.0,0.0,1.0,0.0,1024.0,670.0,0.0039354011194029,Male,White,True,Male_White,0.0,1
11243,47--Matador_Bullfighter/47_Matador_Bullfighter_matadorbullfighting_47_121.jpg,572.0,62.0,624.0,112.0,1.0,0.0,0.0,0.0,0.0,0.0,1024.0,640.0,0.00396728515625,Male,White,True,Male_White,0.0,1
11244,47--Matador_Bullfighter/47_Matador_Bullfighter_Matador_Bullfighter_47_234.jpg,432.0,72.0,486.0,140.0,0.0,0.0,0.0,0.0,0.0,0.0,1024.0,683.0,0.0052502745241581,Male,White,True,Male_White,0.0,1
11245,47--Matador_Bullfighter/47_Matador_Bullfighter_matadorbullfighting_47_141.jpg,666.0,67.0,797.0,353.0,0.0,0.0,0.0,0.0,0.0,1.0,1024.0,1369.0,0.0267259975346968,Male,White,True,Male_White,0.0,1
11246,47--Matador_Bullfighter/47_Matador_Bullfighter_Matador_Bullfighter_47_573.jpg,432.0,308.0,502.0,386.0,1.0,0.0,0.0,0.0,0.0,0.0,1024.0,1024.0,0.0052070617675781,Male,White,True,Male_White,0.0,1
11248,47--Matador_Bullfighter/47_Matador_Bullfighter_Matador_Bullfighter_47_132.jpg,712.0,145.0,830.0,296.0,0.0,1.0,0.0,0.0,0.0,0.0,1024.0,1552.0,0.0112115918975515,Male,White,True,Male_White,0.0,1
11249,47--Matador_Bullfighter/47_Matador_Bullfighter_matadorbullfighting_47_613.jpg,524.0,166.0,614.0,250.0,1.0,0.0,0.0,0.0,0.0,0.0,1024.0,768.0,0.009613037109375,Male,White,True,Male_White,0.0,1
11250,47--Matador_Bullfighter/47_Matador_Bullfighter_matadorbullfighting_47_869.jpg,449.0,141.0,661.0,431.0,0.0,0.0,0.0,0.0,0.0,0.0,1024.0,1339.0,0.0448387322628827,Male,White,True,Male_White,1.0,1
11254,47--Matador_Bullfighter/47_Matador_Bullfighter_matadorbullfighting_47_666.jpg,502.0,114.0,602.0,258.0,0.0,0.0,0.0,0.0,0.0,0.0,1024.0,842.0,0.0167013064133016,Female,White,True,Female_White,0.0,1
11270,48--Parachutist_Paratrooper/48_Parachutist_Paratrooper_Parachutist_Paratrooper_48_420.jpg,508.0,126.0,556.0,181.0,0.0,0.0,1.0,0.0,0.0,0.0,1024.0,768.0,0.00335693359375,Male,White,True,Male_White,0.0,1
11282,48--Parachutist_Paratrooper/48_Parachutist_Paratrooper_Parachutist_Paratrooper_48_53.jpg,302.0,70.0,364.0,162.0,0.0,0.0,0.0,0.0,0.0,0.0,1024.0,726.0,0.0076726067493112,Male,White,True,Male_White,0.0,1
11296,48--Parachutist_Paratrooper/48_Parachutist_Paratrooper_Parachutist_Paratrooper_48_771.jpg,722.0,162.0,852.0,332.0,0.0,0.0,0.0,0.0,0.0,0.0,1024.0,679.0,0.0317850239322533,Male,White,True,Male_White,1.0,1
11297,48--Parachutist_Paratrooper/48_Parachutist_Paratrooper_Parachutist_Paratrooper_48_459.jpg,178.0,300.0,712.0,986.0,0.0,0.0,0.0,0.0,0.0,0.0,1024.0,1493.0,0.2396103692230408,Male,White,True,Male_White,8.0,1
11299,48--Parachutist_Paratrooper/48_Parachutist_Paratrooper_Parachutist_Paratrooper_48_756.jpg,415.0,300.0,581.0,508.0,1.0,0.0,0.0,0.0,0.0,0.0,1024.0,1438.0,0.0234483657858136,Male,White,True,Male_White,0.0,1
11303,48--Parachutist_Paratrooper/48_Parachutist_Paratrooper_Parachutist_Paratrooper_48_505.jpg,124.0,171.0,399.0,491.0,0.0,0.0,1.0,0.0,0.0,0.0,1024.0,1271.0,0.0676140833988985,Male,White,True,Male_White,2.0,1
11304,48--Parachutist_Paratrooper/48_Parachutist_Paratrooper_Parachutist_Paratrooper_48_146.jpg,236.0,304.0,298.0,384.0,0.0,0.0,0.0,0.0,0.0,0.0,1024.0,679.0,0.0071336524300441,Male,White,True,Male_White,0.0,1
11306,48--Parachutist_Paratrooper/48_Parachutist_Paratrooper_Parachutist_Paratrooper_48_626.jpg,439.0,172.0,485.0,224.0,1.0,0.0,0.0,0.0,0.0,0.0,1024.0,768.0,0.0030415852864583,Male,White,True,Male_White,0.0,1
11307,48--Parachutist_Paratrooper/48_Parachutist_Paratrooper_Parachutist_Paratrooper_48_805.jpg,346.0,88.0,398.0,170.0,0.0,0.0,0.0,0.0,0.0,0.0,1024.0,768.0,0.0054219563802083,Male,White,True,Male_White,0.0,1
11308,48--Parachutist_Paratrooper/48_Parachutist_Paratrooper_Parachutist_Paratrooper_48_329.jpg,289.0,461.0,609.0,858.0,0.0,0.0,1.0,0.0,0.0,0.0,1024.0,1575.0,0.0787698412698412,Male,White,True,Male_White,2.0,1
11309,48--Parachutist_Paratrooper/48_Parachutist_Paratrooper_Parachutist_Paratrooper_48_277.jpg,491.0,123.0,598.0,254.0,1.0,0.0,0.0,0.0,0.0,0.0,1024.0,1366.0,0.0100208466782576,Male,White,True,Male_White,0.0,1
11310,48--Parachutist_Paratrooper/48_Parachutist_Paratrooper_Parachutist_Paratrooper_48_733.jpg,730.0,134.0,890.0,276.0,0.0,0.0,0.0,0.0,0.0,0.0,1024.0,686.0,0.0323432944606414,Female,Indian,True,Female_Indian,1.0,10
11311,48--Parachutist_Paratrooper/48_Parachutist_Paratrooper_Parachutist_Paratrooper_48_733.jpg,508.0,240.0,608.0,336.0,1.0,0.0,0.0,0.0,0.0,0.0,1024.0,686.0,0.0136661807580174,Female,Indian,True,Female_Indian,0.0,10
11312,48--Parachutist_Paratrooper/48_Parachutist_Paratrooper_Parachutist_Paratrooper_48_733.jpg,362.0,214.0,448.0,318.0,1.0,0.0,0.0,0.0,0.0,0.0,1024.0,686.0,0.0127323250728862,Female,Indian,True,Female_Indian,0.0,10
11313,48--Parachutist_Paratrooper/48_Parachutist_Paratrooper_Parachutist_Paratrooper_48_733.jpg,274.0,206.0,350.0,298.0,1.0,0.0,0.0,0.0,0.0,0.0,1024.0,686.0,0.0099535349854227,Female,Indian,True,Female_Indian,0.0,10
11314,48--Parachutist_Paratrooper/48_Parachutist_Paratrooper_Parachutist_Paratrooper_48_733.jpg,214.0,212.0,276.0,282.0,1.0,0.0,0.0,0.0,0.0,0.0,1024.0,686.0,0.0061782525510204,Female,Indian,True,Female_Indian,0.0,10
11315,48--Parachutist_Paratrooper/48_Parachutist_Paratrooper_Parachutist_Paratrooper_48_733.jpg,124.0,206.0,176.0,270.0,1.0,0.0,0.0,0.0,0.0,0.0,1024.0,686.0,0.004737609329446,Female,Indian,True,Female_Indian,0.0,10
11317,48--Parachutist_Paratrooper/48_Parachutist_Paratrooper_Parachutist_Paratrooper_48_83.jpg,894.0,306.0,1010.0,482.0,0.0,0.0,0.0,0.0,1.0,0.0,1024.0,682.0,0.0292338709677419,Male,White,True,Male_White,1.0,1
11322,48--Parachutist_Paratrooper/48_Parachutist_Paratrooper_Parachutist_Paratrooper_48_487.jpg,690.0,130.0,768.0,232.0,0.0,0.0,0.0,0.0,0.0,0.0,1024.0,544.0,0.0142822265625,Male,White,True,Male_White,0.0,1
11323,48--Parachutist_Paratrooper/48_Parachutist_Paratrooper_Parachutist_Paratrooper_48_802.jpg,324.0,284.0,424.0,396.0,1.0,0.0,1.0,0.0,0.0,0.0,1024.0,1275.0,0.008578431372549,Male,White,True,Male_White,0.0,1
11324,48--Parachutist_Paratrooper/48_Parachutist_Paratrooper_Parachutist_Paratrooper_48_347.jpg,457.0,199.0,574.0,358.0,1.0,0.0,0.0,0.0,0.0,0.0,1024.0,1572.0,0.0115566108062977,Male,White,True,Male_White,0.0,1
11328,48--Parachutist_Paratrooper/48_Parachutist_Paratrooper_Parachutist_Paratrooper_48_88.jpg,358.0,228.0,426.0,300.0,0.0,0.0,0.0,0.0,0.0,0.0,1024.0,680.0,0.00703125,Female,White,True,Female_White,0.0,1
11333,48--Parachutist_Paratrooper/48_Parachutist_Paratrooper_Parachutist_Paratrooper_48_664.jpg,402.0,255.0,499.0,390.0,1.0,0.0,0.0,0.0,0.0,0.0,1024.0,1304.0,0.0098068143692484,Male,White,True,Male_White,0.0,1
11342,48--Parachutist_Paratrooper/48_Parachutist_Paratrooper_Parachutist_Paratrooper_48_895.jpg,325.0,167.0,541.0,421.0,0.0,0.0,0.0,0.0,0.0,0.0,1024.0,1397.0,0.0383522727272727,Male,White,True,Male_White,1.0,1
11345,48--Parachutist_Paratrooper/48_Parachutist_Paratrooper_Parachutist_Paratrooper_48_382.jpg,370.0,132.0,422.0,192.0,0.0,0.0,0.0,0.0,0.0,1.0,1024.0,695.0,0.0043839928057553,Male,White,True,Male_White,0.0,1
11346,48--Parachutist_Paratrooper/48_Parachutist_Paratrooper_Parachutist_Paratrooper_48_1026.jpg,62.0,18.0,150.0,152.0,0.0,0.0,0.0,0.0,0.0,0.0,1024.0,216.0,0.0533130787037037,Male,White,True,Male_White,1.0,1
11347,48--Parachutist_Paratrooper/48_Parachutist_Paratrooper_Parachutist_Paratrooper_48_531.jpg,527.0,138.0,646.0,296.0,0.0,0.0,0.0,0.0,0.0,0.0,1024.0,1687.0,0.0108840119294605,Male,White,True,Male_White,0.0,1
11348,48--Parachutist_Paratrooper/48_Parachutist_Paratrooper_Parachutist_Paratrooper_48_774.jpg,684.0,38.0,788.0,194.0,0.0,0.0,0.0,0.0,0.0,0.0,1024.0,578.0,0.0274113321799307,Male,White,True,Male_White,0.0,1
11361,49--Greeting/49_Greeting_peoplegreeting_49_115.jpg,595.0,341.0,684.0,440.0,0.0,0.0,0.0,0.0,0.0,0.0,1024.0,1058.0,0.0081327903473534,Male,White,True,Male_White,0.0,1
11369,49--Greeting/49_Greeting_peoplegreeting_49_637.jpg,486.0,164.0,730.0,446.0,0.0,0.0,0.0,0.0,0.0,0.0,1024.0,681.0,0.0986715308370044,Male,White,True,Male_White,3.0,1
11386,49--Greeting/49_Greeting_peoplegreeting_49_267.jpg,574.0,143.0,874.0,516.0,0.0,0.0,0.0,0.0,0.0,0.0,1024.0,1033.0,0.1057863927879961,Male,White,True,Male_White,3.0,1
11390,49--Greeting/49_Greeting_peoplegreeting_49_569.jpg,160.0,56.0,316.0,280.0,0.0,0.0,0.0,0.0,0.0,0.0,1024.0,710.0,0.0480633802816901,Male,Black,True,Male_Black,1.0,1
11391,49--Greeting/49_Greeting_peoplegreeting_49_569.jpg,782.0,120.0,928.0,342.0,0.0,0.0,0.0,0.0,0.0,0.0,1024.0,710.0,0.0445807658450704,Male,White,True,Male_White,1.0,1
11392,49--Greeting/49_Greeting_peoplegreeting_49_685.jpg,217.0,279.0,251.0,319.0,1.0,0.0,0.0,0.0,0.0,0.0,1024.0,682.0,0.0019473973607038,Female,Asian,True,Female_Asian,0.0,1
11393,49--Greeting/49_Greeting_peoplegreeting_49_685.jpg,401.0,234.0,436.0,278.0,1.0,0.0,0.0,0.0,0.0,0.0,1024.0,682.0,0.0022051411290322,Male,Asian,True,Male_Asian,0.0,1
11394,49--Greeting/49_Greeting_peoplegreeting_49_685.jpg,628.0,149.0,664.0,186.0,1.0,0.0,0.0,0.0,1.0,0.0,1024.0,682.0,0.0019073038856304,Male,White,True,Male_White,0.0,1
11397,49--Greeting/49_Greeting_peoplegreeting_49_951.jpg,484.0,358.0,722.0,628.0,0.0,0.0,0.0,0.0,0.0,0.0,1024.0,1024.0,0.0612831115722656,Female,White,True,Female_White,2.0,1
11420,49--Greeting/49_Greeting_peoplegreeting_49_253.jpg,304.0,202.0,484.0,540.0,0.0,0.0,0.0,0.0,0.0,0.0,1024.0,685.0,0.0867358576642335,Male,Asian,True,Male_Asian,3.0,1
11421,49--Greeting/49_Greeting_peoplegreeting_49_253.jpg,482.0,182.0,660.0,544.0,0.0,0.0,0.0,0.0,0.0,0.0,1024.0,685.0,0.091862454379562,Female,Asian,True,Female_Asian,3.0,1
11449,49--Greeting/49_Greeting_peoplegreeting_49_365.jpg,360.0,153.0,439.0,257.0,1.0,0.0,0.0,0.0,0.0,0.0,1024.0,1400.0,0.0057310267857142,Male,White,True,Male_White,0.0,1
11461,49--Greeting/49_Greeting_peoplegreeting_49_338.jpg,554.0,102.0,604.0,163.0,1.0,0.0,0.0,0.0,0.0,0.0,1024.0,839.0,0.0035500782181168,Male,White,True,Male_White,0.0,1
11462,49--Greeting/49_Greeting_peoplegreeting_49_338.jpg,637.0,154.0,676.0,218.0,1.0,0.0,0.0,0.0,0.0,1.0,1024.0,839.0,0.0029052443384982,Female,Asian,True,Female_Asian,0.0,1
11463,49--Greeting/49_Greeting_peoplegreeting_49_338.jpg,340.0,108.0,401.0,172.0,1.0,0.0,0.0,0.0,0.0,0.0,1024.0,839.0,0.0045441001191895,Male,Black,True,Male_Black,0.0,1
11473,49--Greeting/49_Greeting_peoplegreeting_49_427.jpg,399.0,173.0,592.0,383.0,0.0,0.0,0.0,0.0,0.0,0.0,1024.0,2105.0,0.0188028874703087,Male,White,True,Male_White,0.0,1
11474,49--Greeting/49_Greeting_peoplegreeting_49_197.jpg,325.0,179.0,395.0,259.0,1.0,0.0,0.0,0.0,0.0,0.0,1024.0,883.0,0.0061933748584371,Male,Indian,True,Male_Indian,0.0,10
11475,49--Greeting/49_Greeting_peoplegreeting_49_197.jpg,554.0,429.0,602.0,483.0,1.0,0.0,0.0,0.0,0.0,0.0,1024.0,883.0,0.0028666477916194,Female,Indian,True,Female_Indian,0.0,10
11476,49--Greeting/49_Greeting_peoplegreeting_49_197.jpg,152.0,498.0,193.0,549.0,1.0,0.0,0.0,0.0,0.0,0.0,1024.0,883.0,0.0023125619337485,Male,Indian,True,Male_Indian,0.0,10
11477,49--Greeting/49_Greeting_peoplegreeting_49_197.jpg,813.0,434.0,858.0,494.0,1.0,0.0,0.0,0.0,0.0,0.0,1024.0,883.0,0.0029860914496036,Male,Indian,True,Male_Indian,0.0,10
11478,49--Greeting/49_Greeting_peoplegreeting_49_197.jpg,970.0,184.0,1024.0,279.0,0.0,0.0,0.0,0.0,0.0,0.0,1024.0,883.0,0.0056735737542468,Male,Indian,True,Male_Indian,0.0,10
11479,49--Greeting/49_Greeting_peoplegreeting_49_197.jpg,541.0,435.0,581.0,488.0,1.0,0.0,0.0,0.0,1.0,0.0,1024.0,883.0,0.0023446347678369,Male,Indian,True,Male_Indian,0.0,10
11480,49--Greeting/49_Greeting_peoplegreeting_49_330.jpg,300.0,42.0,432.0,266.0,0.0,0.0,0.0,0.0,0.0,0.0,1024.0,556.0,0.05193345323741,Male,White,True,Male_White,1.0,1
11481,49--Greeting/49_Greeting_peoplegreeting_49_330.jpg,550.0,50.0,676.0,254.0,0.0,0.0,0.0,0.0,0.0,0.0,1024.0,556.0,0.0451466951438848,Male,Black,True,Male_Black,1.0,1
11486,49--Greeting/49_Greeting_peoplegreeting_49_145.jpg,148.0,160.0,312.0,406.0,0.0,0.0,0.0,0.0,0.0,0.0,1024.0,682.0,0.0577689699413489,Female,Asian,True,Female_Asian,2.0,10
11487,49--Greeting/49_Greeting_peoplegreeting_49_145.jpg,410.0,252.0,574.0,472.0,0.0,0.0,0.0,0.0,0.0,0.0,1024.0,682.0,0.0516633064516129,Female,Asian,True,Female_Asian,1.0,10
11488,49--Greeting/49_Greeting_peoplegreeting_49_145.jpg,340.0,26.0,482.0,216.0,0.0,0.0,0.0,0.0,0.0,0.0,1024.0,682.0,0.0386329270527859,Female,Asian,True,Female_Asian,1.0,10
11489,49--Greeting/49_Greeting_peoplegreeting_49_145.jpg,570.0,110.0,746.0,326.0,0.0,0.0,0.0,0.0,0.0,0.0,1024.0,682.0,0.0544354838709677,Female,Asian,True,Female_Asian,1.0,10
11490,49--Greeting/49_Greeting_peoplegreeting_49_308.jpg,468.0,351.0,603.0,504.0,1.0,0.0,0.0,0.0,0.0,0.0,1024.0,1536.0,0.013132095336914,Female,White,True,Female_White,0.0,1
11494,49--Greeting/49_Greeting_peoplegreeting_49_88.jpg,272.0,214.0,386.0,374.0,0.0,0.0,0.0,0.0,0.0,0.0,1024.0,680.0,0.0261948529411764,Female,Asian,True,Female_Asian,0.0,1
11495,49--Greeting/49_Greeting_peoplegreeting_49_88.jpg,558.0,244.0,700.0,434.0,0.0,0.0,0.0,0.0,0.0,0.0,1024.0,680.0,0.0387465533088235,Female,Asian,True,Female_Asian,1.0,1
11517,49--Greeting/49_Greeting_peoplegreeting_49_610.jpg,528.0,388.0,584.0,472.0,0.0,0.0,1.0,0.0,0.0,0.0,1024.0,768.0,0.0059814453125,Female,White,True,Female_White,0.0,1
11537,49--Greeting/49_Greeting_peoplegreeting_49_684.jpg,282.0,258.0,396.0,426.0,0.0,0.0,0.0,0.0,0.0,0.0,1024.0,684.0,0.02734375,Male,White,True,Male_White,0.0,1
11538,49--Greeting/49_Greeting_peoplegreeting_49_684.jpg,788.0,238.0,900.0,408.0,0.0,1.0,0.0,0.0,0.0,0.0,1024.0,684.0,0.0271838450292397,Male,Black,True,Male_Black,0.0,1
11559,49--Greeting/49_Greeting_peoplegreeting_49_407.jpg,721.0,101.0,819.0,240.0,0.0,0.0,0.0,0.0,0.0,0.0,1024.0,1399.0,0.0095087450857755,Male,White,True,Male_White,0.0,1
11560,49--Greeting/49_Greeting_peoplegreeting_49_645.jpg,233.0,25.0,725.0,673.0,0.0,0.0,0.0,0.0,0.0,0.0,1024.0,1286.0,0.2421024494556765,Female,Asian,True,Female_Asian,9.0,1
11561,49--Greeting/49_Greeting_peoplegreeting_49_239.jpg,498.0,138.0,768.0,516.0,0.0,0.0,0.0,0.0,0.0,0.0,1024.0,1536.0,0.0648880004882812,Male,White,True,Male_White,2.0,1
11582,49--Greeting/49_Greeting_peoplegreeting_49_814.jpg,280.0,32.0,662.0,548.0,0.0,0.0,0.0,0.0,0.0,0.0,1024.0,576.0,0.3341878255208333,Female,Black,True,Female_Black,12.0,1
11594,49--Greeting/49_Greeting_peoplegreeting_49_877.jpg,484.0,527.0,626.0,709.0,1.0,0.0,0.0,0.0,0.0,0.0,1024.0,1579.0,0.0159837120012666,Female,White,True,Female_White,0.0,1
11596,49--Greeting/49_Greeting_peoplegreeting_49_106.jpg,498.0,246.0,640.0,438.0,0.0,0.0,0.0,0.0,0.0,0.0,1024.0,768.0,0.03466796875,Male,White,True,Male_White,1.0,1
11597,49--Greeting/49_Greeting_peoplegreeting_49_905.jpg,384.0,90.0,484.0,226.0,0.0,0.0,0.0,0.0,0.0,0.0,1024.0,462.0,0.0287472943722943,Female,White,True,Female_White,1.0,1
11607,49--Greeting/49_Greeting_peoplegreeting_49_484.jpg,592.0,90.0,804.0,398.0,0.0,0.0,0.0,0.0,0.0,0.0,1024.0,558.0,0.1142753136200716,Male,White,True,Male_White,4.0,1
11614,5--Car_Accident/5_Car_Accident_Car_Crash_5_531.jpg,420.0,190.0,474.0,266.0,1.0,0.0,0.0,0.0,0.0,0.0,1024.0,719.0,0.0055741481223922,Male,White,True,Male_White,0.0,1
11615,5--Car_Accident/5_Car_Accident_Car_Crash_5_823.jpg,217.0,321.0,813.0,1096.0,0.0,0.0,0.0,0.0,0.0,0.0,1024.0,1370.0,0.3292512545620438,Male,Black,True,Male_Black,12.0,10
11616,5--Car_Accident/5_Car_Accident_Accident_5_672.jpg,292.0,184.0,434.0,448.0,0.0,0.0,0.0,0.0,0.0,1.0,1024.0,728.0,0.050287603021978,Female,Asian,True,Female_Asian,1.0,10
11617,5--Car_Accident/5_Car_Accident_Accident_5_672.jpg,436.0,172.0,562.0,422.0,0.0,0.0,0.0,0.0,0.0,0.0,1024.0,728.0,0.0422551081730769,Female,Asian,True,Female_Asian,1.0,10
11618,5--Car_Accident/5_Car_Accident_Accident_5_672.jpg,704.0,132.0,828.0,328.0,0.0,0.0,0.0,0.0,0.0,0.0,1024.0,728.0,0.0326021634615384,Female,Asian,True,Female_Asian,1.0,10
11619,5--Car_Accident/5_Car_Accident_Accident_5_672.jpg,618.0,116.0,680.0,210.0,1.0,0.0,0.0,0.0,0.0,0.0,1024.0,728.0,0.0078178657280219,Male,Asian,True,Male_Asian,0.0,10
11620,5--Car_Accident/5_Car_Accident_Accident_5_283.jpg,678.0,376.0,730.0,452.0,1.0,0.0,0.0,0.0,1.0,1.0,1024.0,768.0,0.0050252278645833,Male,Black,True,Male_Black,0.0,10
11621,5--Car_Accident/5_Car_Accident_Accident_5_638.jpg,384.0,52.0,500.0,210.0,0.0,0.0,0.0,0.0,0.0,1.0,1024.0,482.0,0.0371336877593361,Female,White,True,Female_White,1.0,1
11625,5--Car_Accident/5_Car_Accident_Car_Crash_5_430.jpg,517.0,408.0,575.0,460.0,1.0,0.0,0.0,0.0,0.0,0.0,1024.0,677.0,0.0043505354505169,Female,White,True,Female_White,0.0,1
11626,5--Car_Accident/5_Car_Accident_Car_Crash_5_555.jpg,521.0,194.0,556.0,251.0,1.0,0.0,0.0,0.0,0.0,0.0,1024.0,684.0,0.0028483072916666,Female,White,True,Female_White,0.0,1
11632,5--Car_Accident/5_Car_Accident_Accident_5_867.jpg,670.0,662.0,778.0,750.0,1.0,0.0,0.0,0.0,0.0,1.0,1024.0,1024.0,0.009063720703125,Male,White,True,Male_White,0.0,1
11633,5--Car_Accident/5_Car_Accident_Car_Crash_5_878.jpg,318.0,246.0,728.0,807.0,0.0,0.0,0.0,0.0,0.0,0.0,1024.0,1614.0,0.1391692321096654,Female,White,True,Female_White,5.0,1
11639,5--Car_Accident/5_Car_Accident_Car_Crash_5_382.jpg,522.0,360.0,618.0,478.0,1.0,0.0,0.0,0.0,0.0,1.0,1024.0,795.0,0.0139150943396226,Male,White,True,Male_White,0.0,1
11640,5--Car_Accident/5_Car_Accident_Car_Crash_5_1011.jpg,487.0,228.0,680.0,520.0,0.0,0.0,0.0,0.0,0.0,0.0,1024.0,1496.0,0.0367882060494652,Female,White,True,Female_White,1.0,1
11641,5--Car_Accident/5_Car_Accident_Accident_5_482.jpg,88.0,158.0,130.0,202.0,1.0,0.0,0.0,0.0,0.0,0.0,1024.0,756.0,0.0023871527777777,Male,White,True,Male_White,0.0,1
11645,5--Car_Accident/5_Car_Accident_Car_Crash_5_739.jpg,704.0,162.0,758.0,246.0,1.0,0.0,0.0,0.0,0.0,1.0,1024.0,681.0,0.00650468061674,Male,White,True,Male_White,0.0,1
11646,5--Car_Accident/5_Car_Accident_Accident_5_810.jpg,256.0,404.0,376.0,482.0,1.0,0.0,0.0,0.0,0.0,1.0,1024.0,889.0,0.0102819178852643,Female,Black,True,Female_Black,0.0,10
11649,5--Car_Accident/5_Car_Accident_Accident_5_265.jpg,639.0,159.0,683.0,210.0,0.0,0.0,0.0,0.0,0.0,0.0,1024.0,683.0,0.0032085010980966,Male,White,True,Male_White,0.0,1
11653,5--Car_Accident/5_Car_Accident_Car_Crash_5_315.jpg,644.0,78.0,756.0,228.0,1.0,0.0,0.0,0.0,0.0,0.0,1024.0,577.0,0.0284337088388214,Male,White,True,Male_White,1.0,1
11654,5--Car_Accident/5_Car_Accident_Accident_5_620.jpg,638.0,384.0,732.0,504.0,1.0,0.0,0.0,0.0,0.0,1.0,1024.0,682.0,0.0161519428152492,Female,White,True,Female_White,0.0,1
11655,5--Car_Accident/5_Car_Accident_Car_Crash_5_383.jpg,611.0,249.0,737.0,486.0,0.0,0.0,0.0,0.0,0.0,0.0,1024.0,1534.0,0.0190105015482398,Female,White,True,Female_White,0.0,1
11656,5--Car_Accident/5_Car_Accident_Car_Crash_5_520.jpg,178.0,26.0,350.0,292.0,0.0,0.0,0.0,0.0,0.0,0.0,1024.0,760.0,0.0587890625,Male,White,True,Male_White,2.0,1
11657,5--Car_Accident/5_Car_Accident_Accident_5_220.jpg,340.0,250.0,502.0,491.0,0.0,0.0,0.0,0.0,0.0,0.0,1024.0,1453.0,0.0262401604439091,Male,White,True,Male_White,0.0,1
11661,5--Car_Accident/5_Car_Accident_Car_Crash_5_263.jpg,779.0,99.0,826.0,146.0,1.0,0.0,0.0,0.0,0.0,0.0,1024.0,664.0,0.0032488351844879,Male,White,True,Male_White,0.0,1
11662,5--Car_Accident/5_Car_Accident_Accident_5_938.jpg,503.0,212.0,632.0,379.0,1.0,0.0,0.0,0.0,0.0,0.0,1024.0,1296.0,0.0162330910011574,Female,White,True,Female_White,0.0,1
11665,5--Car_Accident/5_Car_Accident_Accident_5_901.jpg,576.0,74.0,634.0,150.0,1.0,0.0,0.0,0.0,0.0,1.0,1024.0,682.0,0.0063118585043988,Male,Asian,True,Male_Asian,0.0,1
11667,5--Car_Accident/5_Car_Accident_Accident_5_771.jpg,430.0,450.0,520.0,588.0,0.0,0.0,0.0,0.0,1.0,0.0,1024.0,1024.0,0.0118446350097656,Female,White,True,Female_White,0.0,1
11668,5--Car_Accident/5_Car_Accident_Accident_5_540.jpg,196.0,14.0,476.0,489.0,0.0,0.0,0.0,0.0,0.0,0.0,1024.0,1392.0,0.0933066181752873,Male,White,True,Male_White,3.0,1
11669,5--Car_Accident/5_Car_Accident_Car_Crash_5_853.jpg,133.0,464.0,182.0,521.0,1.0,0.0,0.0,0.0,0.0,1.0,1024.0,768.0,0.0035514831542968,Male,White,True,Male_White,0.0,1
11671,5--Car_Accident/5_Car_Accident_Car_Crash_5_403.jpg,829.0,178.0,864.0,218.0,1.0,0.0,0.0,0.0,0.0,0.0,1024.0,569.0,0.0024027899824253,Male,White,True,Male_White,0.0,1
11681,5--Car_Accident/5_Car_Accident_Accident_5_936.jpg,232.0,134.0,360.0,322.0,0.0,0.0,0.0,0.0,0.0,0.0,1024.0,618.0,0.0380258899676375,Male,White,True,Male_White,1.0,1
11684,5--Car_Accident/5_Car_Accident_Accident_5_332.jpg,246.0,225.0,282.0,272.0,1.0,0.0,0.0,0.0,0.0,0.0,1024.0,683.0,0.0024192441434846,Male,White,True,Male_White,0.0,1
11686,5--Car_Accident/5_Car_Accident_Car_Crash_5_322.jpg,191.0,163.0,250.0,229.0,1.0,0.0,0.0,0.0,0.0,0.0,1024.0,685.0,0.0055514370437956,Male,White,True,Male_White,0.0,1
11687,5--Car_Accident/5_Car_Accident_Accident_5_793.jpg,527.0,129.0,607.0,267.0,0.0,0.0,0.0,0.0,0.0,0.0,1024.0,1243.0,0.008673572003218,Female,White,True,Female_White,0.0,1
11688,5--Car_Accident/5_Car_Accident_Accident_5_210.jpg,128.0,336.0,304.0,462.0,1.0,0.0,0.0,0.0,1.0,1.0,1024.0,771.0,0.0280885214007782,Male,White,True,Male_White,1.0,1
11695,50--Celebration_Or_Party/50_Celebration_Or_Party_houseparty_50_896.jpg,254.0,305.0,773.0,1114.0,0.0,0.0,0.0,0.0,0.0,0.0,1024.0,1249.0,0.3282868482285828,Female,White,True,Female_White,12.0,1
11737,50--Celebration_Or_Party/50_Celebration_Or_Party_houseparty_50_390.jpg,277.0,208.0,774.0,850.0,0.0,0.0,1.0,0.0,0.0,0.0,1024.0,1542.0,0.2020724404182879,Male,White,True,Male_White,7.0,1
11738,50--Celebration_Or_Party/50_Celebration_Or_Party_houseparty_50_216.jpg,230.0,138.0,312.0,240.0,0.0,0.0,0.0,0.0,0.0,0.0,1024.0,770.0,0.0106077516233766,Female,White,True,Female_White,0.0,1
11741,50--Celebration_Or_Party/50_Celebration_Or_Party_houseparty_50_468.jpg,430.0,105.0,690.0,456.0,0.0,0.0,0.0,0.0,0.0,0.0,1024.0,1500.0,0.0594140625,Male,White,True,Male_White,2.0,1
11748,50--Celebration_Or_Party/50_Celebration_Or_Party_houseparty_50_478.jpg,387.0,181.0,722.0,637.0,0.0,0.0,0.0,0.0,0.0,0.0,1024.0,1404.0,0.1062533386752136,Female,White,True,Female_White,3.0,1
11756,50--Celebration_Or_Party/50_Celebration_Or_Party_houseparty_50_72.jpg,92.0,2.0,606.0,602.0,0.0,0.0,0.0,0.0,0.0,0.0,1024.0,1024.0,0.2941131591796875,Male,Black,True,Male_Black,11.0,10
11757,50--Celebration_Or_Party/50_Celebration_Or_Party_houseparty_50_186.jpg,464.0,102.0,676.0,358.0,0.0,0.0,0.0,0.0,0.0,0.0,1024.0,827.0,0.0640870616686819,Female,White,True,Female_White,2.0,1
11764,50--Celebration_Or_Party/50_Celebration_Or_Party_houseparty_50_994.jpg,42.0,502.0,202.0,702.0,0.0,0.0,0.0,0.0,0.0,0.0,1024.0,745.0,0.0419463087248322,Male,White,True,Male_White,1.0,1
11766,50--Celebration_Or_Party/50_Celebration_Or_Party_houseparty_50_981.jpg,696.0,97.0,730.0,142.0,0.0,0.0,0.0,0.0,0.0,0.0,1024.0,680.0,0.002197265625,Female,Indian,True,Female_Indian,0.0,1
11767,50--Celebration_Or_Party/50_Celebration_Or_Party_houseparty_50_981.jpg,578.0,95.0,611.0,137.0,1.0,0.0,0.0,0.0,0.0,0.0,1024.0,680.0,0.0019904641544117,Male,Indian,True,Male_Indian,0.0,1
11768,50--Celebration_Or_Party/50_Celebration_Or_Party_houseparty_50_981.jpg,503.0,81.0,554.0,145.0,1.0,0.0,0.0,0.0,1.0,0.0,1024.0,680.0,0.0046875,Male,Indian,True,Male_Indian,0.0,1
11769,50--Celebration_Or_Party/50_Celebration_Or_Party_houseparty_50_981.jpg,294.0,94.0,337.0,162.0,1.0,0.0,0.0,0.0,0.0,0.0,1024.0,680.0,0.00419921875,Male,Indian,True,Male_Indian,0.0,1
11770,50--Celebration_Or_Party/50_Celebration_Or_Party_houseparty_50_893.jpg,482.0,144.0,784.0,542.0,0.0,0.0,0.0,0.0,0.0,0.0,1024.0,755.0,0.15546875,Female,White,True,Female_White,5.0,1
11771,50--Celebration_Or_Party/50_Celebration_Or_Party_birthdayparty_50_322.jpg,125.0,296.0,344.0,600.0,0.0,0.0,0.0,0.0,0.0,0.0,1024.0,1367.0,0.0475608083394294,Female,White,True,Female_White,1.0,1
11774,50--Celebration_Or_Party/50_Celebration_Or_Party_houseparty_50_334.jpg,266.0,327.0,521.0,642.0,0.0,0.0,0.0,0.0,0.0,0.0,1024.0,1482.0,0.0529300828694331,Female,Indian,True,Female_Indian,1.0,1
11775,50--Celebration_Or_Party/50_Celebration_Or_Party_houseparty_50_283.jpg,284.0,137.0,390.0,289.0,0.0,0.0,0.0,0.0,0.0,0.0,1024.0,1322.0,0.011901947806354,Male,White,True,Male_White,0.0,1
11783,50--Celebration_Or_Party/50_Celebration_Or_Party_birthdayparty_50_42.jpg,726.0,542.0,834.0,672.0,0.0,0.0,0.0,0.0,0.0,0.0,1024.0,1024.0,0.0133895874023437,Male,White,True,Male_White,0.0,1
11784,50--Celebration_Or_Party/50_Celebration_Or_Party_houseparty_50_30.jpg,653.0,289.0,740.0,431.0,0.0,0.0,0.0,0.0,0.0,0.0,1024.0,576.0,0.0209452311197916,Male,Black,True,Male_Black,0.0,10
11785,50--Celebration_Or_Party/50_Celebration_Or_Party_houseparty_50_30.jpg,481.0,206.0,562.0,305.0,1.0,0.0,0.0,0.0,0.0,0.0,1024.0,576.0,0.0135955810546875,Male,Black,True,Male_Black,0.0,10
11786,50--Celebration_Or_Party/50_Celebration_Or_Party_houseparty_50_30.jpg,385.0,212.0,462.0,311.0,1.0,0.0,0.0,0.0,0.0,0.0,1024.0,576.0,0.0129241943359375,Male,Black,True,Male_Black,0.0,10
11787,50--Celebration_Or_Party/50_Celebration_Or_Party_houseparty_50_30.jpg,757.0,75.0,791.0,133.0,1.0,0.0,0.0,0.0,0.0,0.0,1024.0,576.0,0.0033433702256944,Female,Black,True,Female_Black,0.0,10
11788,50--Celebration_Or_Party/50_Celebration_Or_Party_houseparty_50_30.jpg,646.0,78.0,694.0,151.0,1.0,0.0,0.0,0.0,0.0,0.0,1024.0,576.0,0.0059407552083333,Female,Black,True,Female_Black,0.0,10
11789,50--Celebration_Or_Party/50_Celebration_Or_Party_houseparty_50_30.jpg,592.0,17.0,645.0,89.0,1.0,0.0,0.0,0.0,0.0,0.0,1024.0,576.0,0.0064697265625,Female,Black,True,Female_Black,0.0,10
11790,50--Celebration_Or_Party/50_Celebration_Or_Party_houseparty_50_30.jpg,506.0,43.0,558.0,109.0,1.0,0.0,1.0,0.0,0.0,0.0,1024.0,576.0,0.0058186848958333,Male,Black,True,Male_Black,0.0,10
11791,50--Celebration_Or_Party/50_Celebration_Or_Party_houseparty_50_30.jpg,267.0,180.0,321.0,255.0,1.0,0.0,0.0,0.0,0.0,0.0,1024.0,576.0,0.006866455078125,Male,Black,True,Male_Black,0.0,10
11792,50--Celebration_Or_Party/50_Celebration_Or_Party_houseparty_50_30.jpg,192.0,148.0,226.0,193.0,1.0,0.0,1.0,0.0,0.0,0.0,1024.0,576.0,0.002593994140625,Male,Black,True,Male_Black,0.0,10
11793,50--Celebration_Or_Party/50_Celebration_Or_Party_houseparty_50_30.jpg,132.0,172.0,164.0,218.0,1.0,0.0,0.0,0.0,0.0,0.0,1024.0,576.0,0.0024956597222222,Male,Black,True,Male_Black,0.0,10
11794,50--Celebration_Or_Party/50_Celebration_Or_Party_houseparty_50_879.jpg,538.0,303.0,718.0,501.0,0.0,1.0,0.0,0.0,0.0,1.0,1024.0,1536.0,0.0226593017578125,Female,Black,True,Female_Black,0.0,1
11795,50--Celebration_Or_Party/50_Celebration_Or_Party_houseparty_50_1042.jpg,318.0,237.0,677.0,739.0,0.0,0.0,0.0,0.0,0.0,0.0,1024.0,1304.0,0.134964831767638,Female,White,True,Female_White,5.0,1
11796,50--Celebration_Or_Party/50_Celebration_Or_Party_houseparty_50_839.jpg,367.0,137.0,473.0,259.0,0.0,1.0,0.0,0.0,0.0,0.0,1024.0,1212.0,0.0104198896452145,Female,White,True,Female_White,0.0,1
11797,50--Celebration_Or_Party/50_Celebration_Or_Party_houseparty_50_839.jpg,563.0,105.0,617.0,214.0,1.0,0.0,0.0,0.0,0.0,1.0,1024.0,1212.0,0.0047426129331683,Male,Asian,True,Male_Asian,0.0,1
11801,50--Celebration_Or_Party/50_Celebration_Or_Party_houseparty_50_458.jpg,484.0,270.0,620.0,446.0,0.0,0.0,0.0,0.0,0.0,0.0,1024.0,629.0,0.0371621621621621,Female,White,True,Female_White,1.0,1
11813,50--Celebration_Or_Party/50_Celebration_Or_Party_houseparty_50_274.jpg,290.0,704.0,478.0,1049.0,0.0,0.0,0.0,0.0,0.0,1.0,1024.0,1415.0,0.0447631404593639,Male,Black,True,Male_Black,1.0,1
11814,50--Celebration_Or_Party/50_Celebration_Or_Party_houseparty_50_274.jpg,698.0,673.0,980.0,1029.0,0.0,0.0,0.0,0.0,0.0,0.0,1024.0,1415.0,0.0692855565371024,Male,Black,True,Male_Black,2.0,1
11826,50--Celebration_Or_Party/50_Celebration_Or_Party_houseparty_50_887.jpg,395.0,175.0,576.0,428.0,0.0,0.0,0.0,0.0,0.0,0.0,1024.0,1543.0,0.0289823244086195,Female,Indian,True,Female_Indian,1.0,1
11827,50--Celebration_Or_Party/50_Celebration_Or_Party_houseparty_50_762.jpg,345.0,217.0,662.0,696.0,0.0,0.0,0.0,0.0,0.0,0.0,1024.0,1461.0,0.1014949895191649,Female,White,True,Female_White,3.0,1
11831,50--Celebration_Or_Party/50_Celebration_Or_Party_houseparty_50_56.jpg,248.0,146.0,402.0,348.0,0.0,0.0,0.0,0.0,0.0,0.0,1024.0,694.0,0.0437736401296829,Male,Black,True,Male_Black,1.0,1
11832,50--Celebration_Or_Party/50_Celebration_Or_Party_houseparty_50_56.jpg,516.0,156.0,630.0,352.0,0.0,0.0,0.0,0.0,0.0,0.0,1024.0,694.0,0.0314413724783861,Male,Black,True,Male_Black,1.0,1
11833,50--Celebration_Or_Party/50_Celebration_Or_Party_houseparty_50_409.jpg,423.0,338.0,576.0,544.0,0.0,0.0,1.0,0.0,0.0,0.0,1024.0,1819.0,0.0169209988317757,Female,White,True,Female_White,0.0,1
11834,50--Celebration_Or_Party/50_Celebration_Or_Party_houseparty_50_347.jpg,434.0,256.0,729.0,590.0,0.0,0.0,0.0,0.0,0.0,0.0,1024.0,1541.0,0.0624404303212199,Male,Black,True,Male_Black,2.0,1
11835,50--Celebration_Or_Party/50_Celebration_Or_Party_houseparty_50_614.jpg,372.0,230.0,580.0,530.0,0.0,0.0,0.0,0.0,0.0,0.0,1024.0,1024.0,0.05950927734375,Female,White,True,Female_White,2.0,1
11840,50--Celebration_Or_Party/50_Celebration_Or_Party_birthdayparty_50_343.jpg,338.0,152.0,544.0,386.0,0.0,0.0,0.0,0.0,0.0,0.0,1024.0,1024.0,0.0459709167480468,Female,White,True,Female_White,1.0,1
11854,50--Celebration_Or_Party/50_Celebration_Or_Party_houseparty_50_462.jpg,550.0,166.0,710.0,332.0,0.0,0.0,1.0,0.0,0.0,0.0,1024.0,683.0,0.0379758418740849,Male,White,True,Male_White,1.0,1
11859,50--Celebration_Or_Party/50_Celebration_Or_Party_birthdayparty_50_154.jpg,196.0,744.0,240.0,805.0,1.0,0.0,0.0,0.0,0.0,0.0,1024.0,1259.0,0.0020818854249404,Female,White,True,Female_White,0.0,1
11860,50--Celebration_Or_Party/50_Celebration_Or_Party_houseparty_50_856.jpg,413.0,144.0,533.0,303.0,0.0,0.0,0.0,0.0,0.0,0.0,1024.0,1532.0,0.0121624102480417,Female,White,True,Female_White,0.0,1
11861,50--Celebration_Or_Party/50_Celebration_Or_Party_houseparty_50_1020.jpg,424.0,121.0,592.0,344.0,0.0,0.0,0.0,0.0,0.0,0.0,1024.0,1872.0,0.0195437700320512,Female,White,True,Female_White,0.0,1
11880,50--Celebration_Or_Party/50_Celebration_Or_Party_houseparty_50_707.jpg,440.0,96.0,534.0,232.0,0.0,1.0,0.0,0.0,0.0,0.0,1024.0,785.0,0.0159036624203821,Male,Black,True,Male_Black,0.0,1
11888,50--Celebration_Or_Party/50_Celebration_Or_Party_houseparty_50_583.jpg,437.0,286.0,642.0,590.0,0.0,0.0,1.0,0.0,0.0,0.0,1024.0,1541.0,0.0394934295911745,Male,Black,True,Male_Black,1.0,1
11893,50--Celebration_Or_Party/50_Celebration_Or_Party_houseparty_50_663.jpg,206.0,300.0,276.0,386.0,1.0,0.0,0.0,0.0,0.0,0.0,1024.0,768.0,0.0076548258463541,Male,Indian,True,Male_Indian,0.0,10
11894,50--Celebration_Or_Party/50_Celebration_Or_Party_houseparty_50_663.jpg,388.0,50.0,446.0,122.0,1.0,0.0,0.0,0.0,0.0,0.0,1024.0,768.0,0.00531005859375,Male,Indian,True,Male_Indian,0.0,10
11895,50--Celebration_Or_Party/50_Celebration_Or_Party_houseparty_50_663.jpg,326.0,284.0,402.0,384.0,1.0,0.0,0.0,0.0,0.0,0.0,1024.0,768.0,0.0096638997395833,Male,Indian,True,Male_Indian,0.0,10
11896,50--Celebration_Or_Party/50_Celebration_Or_Party_houseparty_50_663.jpg,536.0,300.0,590.0,374.0,1.0,0.0,0.0,0.0,0.0,0.0,1024.0,768.0,0.0050811767578125,Male,Indian,True,Male_Indian,0.0,10
11897,50--Celebration_Or_Party/50_Celebration_Or_Party_houseparty_50_663.jpg,788.0,310.0,854.0,390.0,1.0,0.0,0.0,0.0,0.0,0.0,1024.0,768.0,0.0067138671875,Male,Indian,True,Male_Indian,0.0,10
11904,50--Celebration_Or_Party/50_Celebration_Or_Party_houseparty_50_787.jpg,378.0,196.0,666.0,600.0,0.0,0.0,0.0,0.0,0.0,0.0,1024.0,1477.0,0.076929587000677,Female,White,True,Female_White,2.0,1
11915,50--Celebration_Or_Party/50_Celebration_Or_Party_houseparty_50_778.jpg,360.0,156.0,528.0,394.0,0.0,0.0,0.0,0.0,0.0,0.0,1024.0,732.0,0.053342725409836,Male,White,True,Male_White,1.0,1
11916,50--Celebration_Or_Party/50_Celebration_Or_Party_houseparty_50_778.jpg,516.0,230.0,674.0,386.0,0.0,0.0,0.0,0.0,0.0,1.0,1024.0,732.0,0.0328829405737704,Female,Indian,True,Female_Indian,1.0,1
11924,50--Celebration_Or_Party/50_Celebration_Or_Party_birthdayparty_50_320.jpg,629.0,157.0,1015.0,738.0,0.0,0.0,0.0,0.0,0.0,0.0,1024.0,1541.0,0.1421218466093445,Female,White,True,Female_White,5.0,1
11931,50--Celebration_Or_Party/50_Celebration_Or_Party_houseparty_50_941.jpg,377.0,104.0,537.0,306.0,0.0,0.0,0.0,0.0,0.0,0.0,1024.0,1520.0,0.0207648026315789,Female,White,True,Female_White,0.0,1
12011,51--Dresses/51_Dresses_wearingdress_51_120.jpg,352.0,91.0,552.0,350.0,0.0,0.0,0.0,0.0,0.0,0.0,1024.0,1366.0,0.037032165080527,Female,White,True,Female_White,1.0,1
12016,51--Dresses/51_Dresses_wearingdress_51_932.jpg,424.0,103.0,564.0,313.0,0.0,0.0,0.0,0.0,0.0,0.0,1024.0,1709.0,0.0167998464014043,Female,White,True,Female_White,0.0,1
12020,51--Dresses/51_Dresses_wearingdress_51_514.jpg,423.0,228.0,634.0,504.0,0.0,0.0,0.0,0.0,0.0,0.0,1024.0,1663.0,0.0341978916115454,Female,White,True,Female_White,1.0,1
12021,51--Dresses/51_Dresses_wearingdress_51_832.jpg,399.0,43.0,514.0,201.0,0.0,0.0,1.0,0.0,0.0,0.0,1024.0,1374.0,0.0129142217066957,Female,White,True,Female_White,0.0,1
12022,51--Dresses/51_Dresses_wearingdress_51_10.jpg,412.0,83.0,543.0,265.0,0.0,0.0,0.0,0.0,0.0,0.0,1024.0,1631.0,0.0142754157725321,Female,White,True,Female_White,0.0,1
12023,51--Dresses/51_Dresses_wearingdress_51_208.jpg,467.0,130.0,594.0,324.0,0.0,0.0,0.0,0.0,0.0,0.0,1024.0,1552.0,0.0155029296875,Female,White,True,Female_White,0.0,1
12025,51--Dresses/51_Dresses_wearingdress_51_308.jpg,494.0,65.0,614.0,247.0,0.0,0.0,1.0,0.0,0.0,0.0,1024.0,1391.0,0.0153329439252336,Female,White,True,Female_White,0.0,1
12027,51--Dresses/51_Dresses_wearingdress_51_50.jpg,411.0,78.0,699.0,369.0,0.0,0.0,0.0,0.0,0.0,0.0,1024.0,1536.0,0.05328369140625,Female,White,True,Female_White,1.0,1
12035,51--Dresses/51_Dresses_wearingdress_51_54.jpg,453.0,302.0,630.0,572.0,0.0,0.0,0.0,0.0,0.0,0.0,1024.0,1643.0,0.0284053085057821,Female,White,True,Female_White,1.0,1
12037,51--Dresses/51_Dresses_wearingdress_51_27.jpg,393.0,164.0,633.0,484.0,0.0,0.0,0.0,0.0,0.0,0.0,1024.0,1293.0,0.0580046403712296,Male,White,True,Male_White,2.0,1
12038,51--Dresses/51_Dresses_wearingdress_51_467.jpg,258.0,102.0,410.0,306.0,0.0,0.0,0.0,0.0,0.0,0.0,1024.0,768.0,0.0394287109375,Male,White,True,Male_White,1.0,1
12039,51--Dresses/51_Dresses_wearingdress_51_1009.jpg,319.0,220.0,626.0,604.0,0.0,0.0,0.0,0.0,0.0,0.0,1024.0,1524.0,0.0755413385826771,Female,White,True,Female_White,2.0,1
12042,51--Dresses/51_Dresses_wearingdress_51_303.jpg,383.0,108.0,526.0,305.0,0.0,0.0,0.0,0.0,0.0,0.0,1024.0,1379.0,0.0199497767857142,Female,White,True,Female_White,0.0,1
12043,51--Dresses/51_Dresses_wearingdress_51_637.jpg,466.0,159.0,560.0,289.0,0.0,0.0,0.0,0.0,0.0,0.0,1024.0,1512.0,0.0078925884589947,Female,White,True,Female_White,0.0,1
12049,51--Dresses/51_Dresses_wearingdress_51_489.jpg,518.0,62.0,676.0,290.0,0.0,0.0,0.0,0.0,0.0,0.0,1024.0,1980.0,0.0177675189393939,Female,White,True,Female_White,0.0,1
12052,51--Dresses/51_Dresses_wearingdress_51_840.jpg,422.0,165.0,546.0,367.0,0.0,0.0,0.0,0.0,0.0,0.0,1024.0,1480.0,0.0165276604729729,Female,White,True,Female_White,0.0,1
12053,51--Dresses/51_Dresses_wearingdress_51_404.jpg,472.0,65.0,597.0,213.0,0.0,0.0,0.0,0.0,0.0,0.0,1024.0,1518.0,0.0119014533926218,Female,White,True,Female_White,0.0,1
12054,51--Dresses/51_Dresses_wearingdress_51_6.jpg,392.0,109.0,509.0,293.0,0.0,0.0,0.0,0.0,0.0,0.0,1024.0,1366.0,0.0153905106149341,Female,White,True,Female_White,0.0,1
12055,51--Dresses/51_Dresses_wearingdress_51_201.jpg,323.0,231.0,510.0,486.0,0.0,0.0,0.0,0.0,0.0,0.0,1024.0,1392.0,0.033453579606681,Female,White,True,Female_White,1.0,1
12056,51--Dresses/51_Dresses_wearingdress_51_754.jpg,382.0,85.0,519.0,297.0,0.0,0.0,0.0,0.0,0.0,0.0,1024.0,1280.0,0.0221588134765625,Female,White,True,Female_White,0.0,1
12057,51--Dresses/51_Dresses_wearingdress_51_714.jpg,402.0,212.0,545.0,396.0,0.0,0.0,0.0,0.0,0.0,0.0,1024.0,1469.0,0.017491703539823,Female,White,True,Female_White,0.0,1
12071,51--Dresses/51_Dresses_wearingdress_51_65.jpg,318.0,102.0,510.0,345.0,0.0,0.0,0.0,0.0,0.0,0.0,1024.0,1536.0,0.0296630859375,Female,White,True,Female_White,1.0,1
12073,51--Dresses/51_Dresses_wearingdress_51_99.jpg,438.0,219.0,699.0,567.0,0.0,0.0,0.0,0.0,0.0,0.0,1024.0,1536.0,0.0577468872070312,Female,White,True,Female_White,2.0,1
12078,51--Dresses/51_Dresses_wearingdress_51_155.jpg,384.0,107.0,496.0,250.0,0.0,0.0,0.0,0.0,0.0,0.0,1024.0,1438.0,0.0108766515994436,Female,White,True,Female_White,0.0,1
12091,51--Dresses/51_Dresses_wearingdress_51_360.jpg,484.0,84.0,606.0,290.0,0.0,0.0,1.0,0.0,0.0,0.0,1024.0,1528.0,0.0160621523232984,Female,White,True,Female_White,0.0,1
12092,51--Dresses/51_Dresses_wearingdress_51_133.jpg,422.0,89.0,589.0,323.0,0.0,0.0,0.0,0.0,0.0,0.0,1024.0,1815.0,0.0210259555785123,Female,White,True,Female_White,0.0,1
12100,51--Dresses/51_Dresses_wearingdress_51_747.jpg,338.0,19.0,573.0,307.0,0.0,0.0,0.0,0.0,0.0,0.0,1024.0,1603.0,0.0412312850904554,Female,White,True,Female_White,1.0,1
12110,51--Dresses/51_Dresses_wearingdress_51_595.jpg,370.0,232.0,611.0,575.0,0.0,0.0,1.0,0.0,0.0,0.0,1024.0,1543.0,0.0523172948395981,Female,Indian,True,Female_Indian,1.0,1
12111,51--Dresses/51_Dresses_wearingdress_51_353.jpg,365.0,82.0,442.0,194.0,0.0,0.0,0.0,0.0,0.0,0.0,1024.0,1309.0,0.0064338235294117,Female,White,True,Female_White,0.0,1
12115,51--Dresses/51_Dresses_wearingdress_51_33.jpg,469.0,160.0,624.0,365.0,0.0,0.0,0.0,0.0,0.0,0.0,1024.0,1366.0,0.0227161591782576,Male,White,True,Male_White,0.0,1
12116,51--Dresses/51_Dresses_wearingdress_51_781.jpg,288.0,151.0,579.0,590.0,0.0,0.0,0.0,0.0,0.0,0.0,1024.0,1521.0,0.0820216192061144,Female,White,True,Female_White,3.0,1
12127,51--Dresses/51_Dresses_wearingdress_51_1036.jpg,334.0,92.0,602.0,478.0,0.0,0.0,0.0,0.0,0.0,0.0,1024.0,640.0,0.15784912109375,Female,White,True,Female_White,5.0,1
12138,51--Dresses/51_Dresses_wearingdress_51_262.jpg,417.0,162.0,525.0,312.0,0.0,0.0,0.0,0.0,1.0,0.0,1024.0,1536.0,0.0102996826171875,Female,White,True,Female_White,0.0,1
12145,51--Dresses/51_Dresses_wearingdress_51_55.jpg,410.0,250.0,709.0,671.0,0.0,0.0,0.0,0.0,0.0,0.0,1024.0,1392.0,0.0883108555585488,Female,White,True,Female_White,3.0,1
12160,51--Dresses/51_Dresses_wearingdress_51_586.jpg,281.0,219.0,673.0,656.0,0.0,0.0,0.0,0.0,0.0,0.0,1024.0,1535.0,0.1089831026058631,Female,Asian,True,Female_Asian,4.0,1
12171,51--Dresses/51_Dresses_wearingdress_51_499.jpg,369.0,195.0,582.0,504.0,0.0,0.0,0.0,0.0,0.0,0.0,1024.0,1536.0,0.0418453216552734,Female,White,True,Female_White,1.0,1
12172,51--Dresses/51_Dresses_wearingdress_51_80.jpg,216.0,171.0,549.0,597.0,0.0,0.0,0.0,0.0,0.0,0.0,1024.0,1537.0,0.090132207628497,Female,White,True,Female_White,3.0,1
12179,51--Dresses/51_Dresses_wearingdress_51_52.jpg,226.0,211.0,458.0,515.0,0.0,0.0,0.0,0.0,0.0,0.0,1024.0,1543.0,0.0446370706416072,Female,White,True,Female_White,1.0,1
12180,51--Dresses/51_Dresses_wearingdress_51_881.jpg,324.0,186.0,702.0,709.0,0.0,0.0,0.0,0.0,0.0,0.0,1024.0,1536.0,0.1256904602050781,Female,White,True,Female_White,4.0,1
12182,51--Dresses/51_Dresses_wearingdress_51_214.jpg,362.0,200.0,594.0,484.0,0.0,0.0,0.0,0.0,0.0,0.0,1024.0,683.0,0.0942075402635432,Female,White,True,Female_White,3.0,1
12183,51--Dresses/51_Dresses_wearingdress_51_970.jpg,441.0,180.0,738.0,618.0,0.0,0.0,0.0,0.0,0.0,0.0,1024.0,1536.0,0.0827064514160156,Female,White,True,Female_White,3.0,1
12189,51--Dresses/51_Dresses_wearingdress_51_910.jpg,399.0,96.0,507.0,261.0,0.0,0.0,0.0,0.0,0.0,0.0,1024.0,1536.0,0.0113296508789062,Female,White,True,Female_White,0.0,1
12200,51--Dresses/51_Dresses_wearingdress_51_918.jpg,596.0,100.0,699.0,219.0,0.0,0.0,0.0,0.0,0.0,0.0,1024.0,1648.0,0.00726318359375,Female,White,True,Female_White,0.0,1
12209,51--Dresses/51_Dresses_wearingdress_51_212.jpg,361.0,99.0,551.0,379.0,0.0,0.0,0.0,0.0,0.0,0.0,1024.0,1542.0,0.0336920395590142,Female,Indian,True,Female_Indian,1.0,1
12214,51--Dresses/51_Dresses_wearingdress_51_228.jpg,456.0,116.0,634.0,373.0,0.0,0.0,0.0,0.0,0.0,0.0,1024.0,2127.0,0.0210032102139163,Female,White,True,Female_White,0.0,1
12218,51--Dresses/51_Dresses_wearingdress_51_254.jpg,491.0,250.0,602.0,395.0,0.0,0.0,0.0,0.0,0.0,0.0,1024.0,1541.0,0.0101997231911096,Female,White,True,Female_White,0.0,1
12219,51--Dresses/51_Dresses_wearingdress_51_390.jpg,448.0,88.0,604.0,300.0,0.0,0.0,0.0,0.0,0.0,0.0,1024.0,2048.0,0.0157699584960937,Female,White,True,Female_White,0.0,1
12232,51--Dresses/51_Dresses_wearingdress_51_850.jpg,326.0,250.0,692.0,741.0,0.0,0.0,0.0,0.0,0.0,0.0,1024.0,1452.0,0.1208637332128099,Female,White,True,Female_White,4.0,1
12240,51--Dresses/51_Dresses_wearingdress_51_60.jpg,306.0,81.0,421.0,238.0,0.0,0.0,0.0,0.0,0.0,0.0,1024.0,1436.0,0.0122784372823816,Female,White,True,Female_White,0.0,1
12244,51--Dresses/51_Dresses_wearingdress_51_876.jpg,457.0,73.0,578.0,240.0,0.0,0.0,0.0,0.0,0.0,0.0,1024.0,1553.0,0.0127066313184159,Female,White,True,Female_White,0.0,1
12245,51--Dresses/51_Dresses_wearingdress_51_121.jpg,409.0,79.0,509.0,227.0,0.0,0.0,1.0,0.0,0.0,0.0,1024.0,1308.0,0.0110497897553516,Female,White,True,Female_White,0.0,1
12252,51--Dresses/51_Dresses_wearingdress_51_631.jpg,389.0,139.0,494.0,287.0,0.0,0.0,0.0,0.0,0.0,0.0,1024.0,1542.0,0.009841622081712,Female,White,True,Female_White,0.0,1
12253,51--Dresses/51_Dresses_wearingdress_51_267.jpg,818.0,108.0,904.0,210.0,0.0,0.0,0.0,0.0,0.0,0.0,1024.0,768.0,0.0111541748046875,Female,White,True,Female_White,0.0,1
12254,51--Dresses/51_Dresses_wearingdress_51_560.jpg,408.0,51.0,543.0,231.0,0.0,0.0,0.0,0.0,0.0,0.0,1024.0,1646.0,0.0144170527035236,Female,White,True,Female_White,0.0,1
12259,51--Dresses/51_Dresses_wearingdress_51_529.jpg,522.0,65.0,661.0,263.0,0.0,0.0,0.0,0.0,0.0,0.0,1024.0,1661.0,0.0161811879139072,Male,White,True,Male_White,0.0,1
12271,51--Dresses/51_Dresses_wearingdress_51_240.jpg,302.0,6.0,824.0,514.0,0.0,0.0,0.0,0.0,0.0,0.0,1024.0,968.0,0.2675216296487603,Female,White,True,Female_White,10.0,1
12278,51--Dresses/51_Dresses_wearingdress_51_235.jpg,491.0,256.0,584.0,398.0,0.0,0.0,0.0,0.0,0.0,0.0,1024.0,1543.0,0.0083580585709656,Female,White,True,Female_White,0.0,1
12282,51--Dresses/51_Dresses_wearingdress_51_165.jpg,196.0,3.0,514.0,312.0,0.0,0.0,0.0,0.0,0.0,0.0,1024.0,1452.0,0.066087454803719,Female,White,True,Female_White,2.0,1
12283,51--Dresses/51_Dresses_wearingdress_51_2.jpg,392.0,98.0,545.0,303.0,0.0,0.0,0.0,0.0,0.0,0.0,1024.0,1570.0,0.0195094794984076,Female,White,True,Female_White,0.0,1
12284,51--Dresses/51_Dresses_wearingdress_51_207.jpg,417.0,114.0,546.0,291.0,0.0,0.0,0.0,0.0,0.0,0.0,1024.0,1536.0,0.0145168304443359,Female,White,True,Female_White,0.0,1
12286,51--Dresses/51_Dresses_wearingdress_51_19.jpg,448.0,64.0,520.0,146.0,0.0,0.0,0.0,0.0,0.0,1.0,1024.0,576.0,0.010009765625,Female,White,True,Female_White,0.0,1
12288,51--Dresses/51_Dresses_wearingdress_51_620.jpg,395.0,73.0,506.0,214.0,0.0,0.0,0.0,0.0,0.0,0.0,1024.0,1289.0,0.0118573930857253,Female,White,True,Female_White,0.0,1
12289,51--Dresses/51_Dresses_wearingdress_51_325.jpg,474.0,69.0,590.0,243.0,0.0,0.0,0.0,0.0,0.0,0.0,1024.0,1481.0,0.0133092083051991,Female,White,True,Female_White,0.0,1
12290,51--Dresses/51_Dresses_wearingdress_51_834.jpg,238.0,306.0,735.0,971.0,0.0,0.0,0.0,0.0,0.0,0.0,1024.0,1506.0,0.2143152649817397,Female,White,True,Female_White,8.0,1
12291,51--Dresses/51_Dresses_wearingdress_51_743.jpg,228.0,116.0,370.0,307.0,0.0,0.0,0.0,0.0,0.0,0.0,1024.0,1917.0,0.0138165509259259,Female,White,True,Female_White,0.0,1
12292,51--Dresses/51_Dresses_wearingdress_51_624.jpg,373.0,111.0,686.0,590.0,0.0,0.0,0.0,0.0,0.0,0.0,1024.0,1542.0,0.0949501205820363,Female,Black,True,Female_Black,3.0,1
12294,51--Dresses/51_Dresses_wearingdress_51_450.jpg,461.0,187.0,741.0,615.0,0.0,0.0,0.0,0.0,0.0,0.0,1024.0,1541.0,0.0759450032446463,Female,White,True,Female_White,2.0,1
12296,51--Dresses/51_Dresses_wearingdress_51_468.jpg,443.0,132.0,563.0,326.0,0.0,0.0,0.0,0.0,0.0,0.0,1024.0,1576.0,0.0144253648477157,Female,White,True,Female_White,0.0,1
12298,51--Dresses/51_Dresses_wearingdress_51_459.jpg,421.0,76.0,559.0,290.0,0.0,0.0,0.0,0.0,1.0,0.0,1024.0,1862.0,0.0154886378893662,Female,White,True,Female_White,0.0,1
12309,51--Dresses/51_Dresses_wearingdress_51_198.jpg,439.0,85.0,563.0,282.0,0.0,0.0,0.0,0.0,0.0,0.0,1024.0,1553.0,0.0153608942369607,Female,White,True,Female_White,0.0,1
12310,51--Dresses/51_Dresses_wearingdress_51_433.jpg,406.0,74.0,590.0,308.0,0.0,0.0,0.0,0.0,1.0,0.0,1024.0,768.0,0.05474853515625,Female,White,True,Female_White,2.0,1
12311,51--Dresses/51_Dresses_wearingdress_51_271.jpg,467.0,57.0,580.0,230.0,0.0,0.0,0.0,0.0,0.0,0.0,1024.0,1450.0,0.0131660829741379,Female,White,True,Female_White,0.0,1
12312,51--Dresses/51_Dresses_wearingdress_51_239.jpg,416.0,145.0,592.0,382.0,0.0,0.0,0.0,0.0,0.0,0.0,1024.0,1580.0,0.02578125,Female,White,True,Female_White,0.0,1
12313,51--Dresses/51_Dresses_wearingdress_51_471.jpg,357.0,168.0,496.0,357.0,0.0,0.0,0.0,0.0,0.0,0.0,1024.0,1365.0,0.0187950721153846,Female,White,True,Female_White,0.0,1
12314,51--Dresses/51_Dresses_wearingdress_51_756.jpg,348.0,86.0,461.0,230.0,0.0,0.0,0.0,0.0,0.0,0.0,1024.0,1565.0,0.0101537539936102,Female,White,True,Female_White,0.0,1
12315,51--Dresses/51_Dresses_wearingdress_51_204.jpg,437.0,175.0,612.0,463.0,0.0,0.0,0.0,0.0,0.0,0.0,1024.0,2638.0,0.01865760045489,Female,White,True,Female_White,0.0,1
12320,51--Dresses/51_Dresses_wearingdress_51_219.jpg,436.0,56.0,539.0,205.0,0.0,0.0,0.0,0.0,0.0,0.0,1024.0,1316.0,0.0113885293977963,Female,White,True,Female_White,0.0,1
12322,51--Dresses/51_Dresses_wearingdress_51_786.jpg,414.0,51.0,549.0,237.0,0.0,0.0,0.0,0.0,0.0,0.0,1024.0,1539.0,0.0159333881578947,Female,White,True,Female_White,0.0,1
12327,51--Dresses/51_Dresses_wearingdress_51_368.jpg,439.0,276.0,579.0,448.0,0.0,0.0,0.0,0.0,0.0,0.0,1024.0,1663.0,0.0141404840649428,Female,White,True,Female_White,0.0,1
12328,51--Dresses/51_Dresses_wearingdress_51_263.jpg,429.0,168.0,544.0,328.0,0.0,0.0,0.0,0.0,0.0,0.0,1024.0,1365.0,0.0131639194139194,Female,White,True,Female_White,0.0,1
12337,51--Dresses/51_Dresses_wearingdress_51_688.jpg,329.0,153.0,681.0,620.0,0.0,0.0,0.0,0.0,0.0,0.0,1024.0,1307.0,0.1228242157612853,Female,Black,True,Female_Black,4.0,1
12342,51--Dresses/51_Dresses_wearingdress_51_112.jpg,395.0,139.0,515.0,286.0,0.0,0.0,0.0,0.0,0.0,0.0,1024.0,1427.0,0.0120718728100911,Female,White,True,Female_White,0.0,1
12343,51--Dresses/51_Dresses_wearingdress_51_57.jpg,435.0,147.0,558.0,312.0,0.0,0.0,0.0,0.0,0.0,0.0,1024.0,1536.0,0.0129032135009765,Female,White,True,Female_White,0.0,1
12354,51--Dresses/51_Dresses_wearingdress_51_74.jpg,461.0,123.0,690.0,466.0,0.0,0.0,0.0,0.0,0.0,0.0,1024.0,2248.0,0.0341219104481761,Female,White,True,Female_White,1.0,1
12356,51--Dresses/51_Dresses_wearingdress_51_880.jpg,175.0,186.0,506.0,598.0,0.0,0.0,0.0,0.0,0.0,0.0,1024.0,1425.0,0.0934566885964912,Female,White,True,Female_White,3.0,1
12357,51--Dresses/51_Dresses_wearingdress_51_168.jpg,690.0,74.0,772.0,180.0,0.0,0.0,0.0,0.0,0.0,0.0,1024.0,681.0,0.0124644364904552,Female,White,True,Female_White,0.0,1
12362,51--Dresses/51_Dresses_wearingdress_51_76.jpg,404.0,143.0,549.0,315.0,0.0,0.0,0.0,0.0,0.0,0.0,1024.0,1350.0,0.0180410879629629,Female,White,True,Female_White,0.0,1
12366,51--Dresses/51_Dresses_wearingdress_51_164.jpg,415.0,89.0,598.0,312.0,0.0,0.0,0.0,0.0,0.0,0.0,1024.0,1463.0,0.0272402864405331,Female,White,True,Female_White,0.0,1
12373,51--Dresses/51_Dresses_wearingdress_51_231.jpg,390.0,81.0,513.0,246.0,0.0,0.0,0.0,0.0,0.0,0.0,1024.0,1536.0,0.0129032135009765,Female,White,True,Female_White,0.0,1
12374,51--Dresses/51_Dresses_wearingdress_51_281.jpg,456.0,141.0,576.0,294.0,0.0,0.0,0.0,0.0,0.0,0.0,1024.0,1539.0,0.0116502192982456,Female,White,True,Female_White,0.0,1
12375,51--Dresses/51_Dresses_wearingdress_51_61.jpg,370.0,271.0,620.0,587.0,0.0,0.0,0.0,0.0,1.0,0.0,1024.0,1543.0,0.0499989873622812,Female,White,True,Female_White,1.0,1
12378,51--Dresses/51_Dresses_wearingdress_51_439.jpg,301.0,204.0,622.0,608.0,0.0,0.0,0.0,0.0,0.0,0.0,1024.0,1470.0,0.0861527423469387,Male,White,True,Male_White,3.0,1
12379,51--Dresses/51_Dresses_wearingdress_51_828.jpg,285.0,237.0,670.0,739.0,0.0,0.0,0.0,0.0,0.0,0.0,1024.0,1461.0,0.1291856498117727,Female,Black,True,Female_Black,4.0,1
12380,51--Dresses/51_Dresses_wearingdress_51_456.jpg,425.0,122.0,581.0,335.0,0.0,0.0,0.0,0.0,0.0,0.0,1024.0,1455.0,0.022301868556701,Female,White,True,Female_White,0.0,1
12384,52--Photographers/52_Photographers_photographertakingphoto_52_694.jpg,468.0,96.0,590.0,270.0,0.0,0.0,0.0,0.0,0.0,0.0,1024.0,683.0,0.0303520772327964,Female,White,True,Female_White,1.0,1
12386,52--Photographers/52_Photographers_photographertakingphoto_52_660.jpg,441.0,71.0,635.0,367.0,0.0,0.0,0.0,0.0,0.0,0.0,1024.0,1032.0,0.0543392684108527,Male,White,True,Male_White,1.0,1
12392,52--Photographers/52_Photographers_photographertakingphoto_52_714.jpg,322.0,102.0,540.0,490.0,0.0,0.0,0.0,0.0,0.0,0.0,1024.0,648.0,0.1274715470679012,Female,Black,True,Female_Black,4.0,1
12393,52--Photographers/52_Photographers_photographertakingphoto_52_789.jpg,345.0,252.0,687.0,699.0,0.0,0.0,0.0,0.0,0.0,0.0,1024.0,1536.0,0.0971946716308593,Male,White,True,Male_White,3.0,1
12394,52--Photographers/52_Photographers_photographertakingphoto_52_103.jpg,204.0,72.0,400.0,432.0,0.0,0.0,0.0,0.0,0.0,0.0,1024.0,754.0,0.091387599469496,Female,White,True,Female_White,3.0,1
12402,52--Photographers/52_Photographers_taketouristphotos_52_285.jpg,688.0,192.0,764.0,270.0,1.0,0.0,0.0,0.0,0.0,1.0,1024.0,706.0,0.0081998052407932,Female,Asian,True,Female_Asian,0.0,1
12403,52--Photographers/52_Photographers_photographertakingphoto_52_431.jpg,248.0,245.0,659.0,729.0,0.0,0.0,0.0,0.0,0.0,0.0,1024.0,1134.0,0.1713066302910053,Male,White,True,Male_White,6.0,1
12406,52--Photographers/52_Photographers_photographertakingphoto_52_190.jpg,510.0,94.0,562.0,188.0,1.0,0.0,0.0,0.0,0.0,0.0,1024.0,684.0,0.0069787097953216,Male,White,True,Male_White,0.0,1
12407,52--Photographers/52_Photographers_photographertakingphoto_52_22.jpg,32.0,12.0,512.0,568.0,0.0,0.0,1.0,0.0,0.0,1.0,1024.0,751.0,0.3470372836218375,Male,White,True,Male_White,13.0,1
12408,52--Photographers/52_Photographers_taketouristphotos_52_90.jpg,450.0,512.0,502.0,558.0,1.0,0.0,0.0,0.0,0.0,0.0,1024.0,766.0,0.003049526762402,Female,White,True,Female_White,0.0,1
12409,52--Photographers/52_Photographers_photographertakingphoto_52_689.jpg,273.0,258.0,850.0,967.0,0.0,0.0,0.0,0.0,0.0,0.0,1024.0,1537.0,0.2599251026756669,Female,White,True,Female_White,9.0,1
12412,52--Photographers/52_Photographers_photographertakingphoto_52_644.jpg,303.0,259.0,740.0,910.0,0.0,0.0,0.0,0.0,0.0,0.0,1024.0,1265.0,0.2196200284090909,Male,White,True,Male_White,8.0,1
12413,52--Photographers/52_Photographers_photographertakingphoto_52_590.jpg,790.0,144.0,926.0,322.0,1.0,0.0,0.0,0.0,1.0,0.0,1024.0,636.0,0.0371707940251572,Male,White,True,Male_White,1.0,1
12418,52--Photographers/52_Photographers_taketouristphotos_52_590.jpg,218.0,322.0,298.0,422.0,1.0,0.0,0.0,0.0,0.0,0.0,1024.0,766.0,0.0101990861618798,Female,White,True,Female_White,0.0,1
12419,52--Photographers/52_Photographers_photographertakingphoto_52_829.jpg,300.0,66.0,706.0,626.0,0.0,0.0,0.0,0.0,0.0,0.0,1024.0,792.0,0.2803424873737373,Female,Black,True,Female_Black,10.0,10
12420,52--Photographers/52_Photographers_photographertakingphoto_52_785.jpg,334.0,197.0,846.0,900.0,0.0,0.0,0.0,0.0,0.0,0.0,1024.0,1324.0,0.2654833836858006,Female,Black,True,Female_Black,9.0,10
12422,52--Photographers/52_Photographers_photographertakingphoto_52_46.jpg,535.0,225.0,641.0,369.0,0.0,0.0,0.0,0.0,0.0,0.0,1024.0,1392.0,0.0107085129310344,Female,White,True,Female_White,0.0,1
12423,52--Photographers/52_Photographers_photographertakingphoto_52_126.jpg,448.0,154.0,678.0,492.0,0.0,0.0,0.0,0.0,1.0,0.0,1024.0,755.0,0.1005536009933774,Female,White,True,Female_White,3.0,1
12424,52--Photographers/52_Photographers_photographertakingphoto_52_153.jpg,369.0,125.0,584.0,447.0,0.0,0.0,0.0,0.0,1.0,0.0,1024.0,1052.0,0.0642656101473384,Male,White,True,Male_White,2.0,1
12435,52--Photographers/52_Photographers_photographertakingphoto_52_839.jpg,205.0,185.0,617.0,782.0,0.0,0.0,0.0,0.0,0.0,0.0,1024.0,1280.0,0.1876556396484375,Female,White,True,Female_White,7.0,1
12436,52--Photographers/52_Photographers_photographertakingphoto_52_336.jpg,401.0,221.0,428.0,272.0,1.0,0.0,0.0,0.0,0.0,0.0,1024.0,684.0,0.0019659745065789,Male,White,True,Male_White,0.0,1
12439,52--Photographers/52_Photographers_photographertakingphoto_52_229.jpg,646.0,312.0,675.0,360.0,1.0,0.0,0.0,0.0,0.0,0.0,1024.0,672.0,0.0020228794642857,Male,White,True,Male_White,0.0,1
12440,52--Photographers/52_Photographers_photographertakingphoto_52_548.jpg,509.0,370.0,738.0,698.0,0.0,0.0,0.0,0.0,1.0,0.0,1024.0,1543.0,0.0475382777057679,Female,White,True,Female_White,1.0,1
12449,52--Photographers/52_Photographers_taketouristphotos_52_269.jpg,484.0,318.0,542.0,412.0,1.0,0.0,0.0,0.0,0.0,0.0,1024.0,766.0,0.0069506772193211,Female,Asian,True,Female_Asian,0.0,1
12450,52--Photographers/52_Photographers_taketouristphotos_52_269.jpg,214.0,306.0,282.0,402.0,1.0,0.0,0.0,0.0,0.0,1.0,1024.0,766.0,0.0083224543080939,Male,Asian,True,Male_Asian,0.0,1
12451,52--Photographers/52_Photographers_photographertakingphoto_52_517.jpg,415.0,603.0,609.0,863.0,0.0,0.0,0.0,0.0,0.0,0.0,1024.0,1530.0,0.0321946486928104,Female,White,True,Female_White,1.0,1
12454,52--Photographers/52_Photographers_photographertakingphoto_52_6.jpg,636.0,172.0,694.0,256.0,1.0,0.0,0.0,0.0,1.0,1.0,1024.0,754.0,0.0063100961538461,Male,Asian,True,Male_Asian,0.0,1
12455,52--Photographers/52_Photographers_photographertakingphoto_52_551.jpg,350.0,88.0,548.0,388.0,0.0,0.0,0.0,0.0,0.0,0.0,1024.0,576.0,0.1007080078125,Male,White,True,Male_White,3.0,1
12458,52--Photographers/52_Photographers_photographertakingphoto_52_685.jpg,80.0,118.0,272.0,420.0,0.0,0.0,0.0,0.0,0.0,0.0,1024.0,683.0,0.0829062957540263,Male,White,True,Male_White,3.0,1
12463,52--Photographers/52_Photographers_photographertakingphoto_52_844.jpg,315.0,5.0,964.0,801.0,0.0,0.0,0.0,0.0,0.0,0.0,1024.0,1324.0,0.3810393457326284,Female,White,True,Female_White,14.0,1
12464,52--Photographers/52_Photographers_photographertakingphoto_52_417.jpg,422.0,269.0,515.0,397.0,1.0,0.0,0.0,0.0,0.0,0.0,1024.0,1639.0,0.0070927394752898,Female,White,True,Female_White,0.0,1
12465,52--Photographers/52_Photographers_taketouristphotos_52_543.jpg,425.0,524.0,685.0,844.0,0.0,1.0,0.0,0.0,0.0,0.0,1024.0,1533.0,0.0530006523157208,Female,White,True,Female_White,1.0,1
12467,52--Photographers/52_Photographers_photographertakingphoto_52_462.jpg,306.0,276.0,374.0,354.0,1.0,0.0,0.0,0.0,0.0,0.0,1024.0,843.0,0.0061443505338078,Male,White,True,Male_White,0.0,1
12469,52--Photographers/52_Photographers_photographertakingphoto_52_830.jpg,338.0,120.0,538.0,412.0,0.0,0.0,0.0,0.0,0.0,0.0,1024.0,684.0,0.0833790204678362,Female,White,True,Female_White,3.0,1
12470,52--Photographers/52_Photographers_photographertakingphoto_52_628.jpg,195.0,219.0,473.0,476.0,1.0,0.0,0.0,0.0,0.0,1.0,1024.0,1535.0,0.0454537357491856,Male,Asian,True,Male_Asian,1.0,1
12471,52--Photographers/52_Photographers_taketouristphotos_52_59.jpg,576.0,166.0,668.0,286.0,1.0,0.0,0.0,0.0,0.0,0.0,1024.0,684.0,0.0157620614035087,Male,White,True,Male_White,0.0,1
12474,52--Photographers/52_Photographers_photographertakingphoto_52_786.jpg,162.0,289.0,761.0,992.0,0.0,0.0,0.0,0.0,0.0,0.0,1024.0,1482.0,0.2774814703525641,Male,White,True,Male_White,10.0,1
12481,52--Photographers/52_Photographers_photographertakingphoto_52_998.jpg,286.0,184.0,422.0,356.0,0.0,0.0,0.0,0.0,0.0,0.0,1024.0,1542.0,0.014814364461738,Female,White,True,Female_White,0.0,1
12482,52--Photographers/52_Photographers_photographertakingphoto_52_758.jpg,459.0,215.0,618.0,450.0,0.0,0.0,0.0,0.0,0.0,0.0,1024.0,1434.0,0.0254457864801255,Female,White,True,Female_White,0.0,1
12487,52--Photographers/52_Photographers_taketouristphotos_52_306.jpg,279.0,372.0,711.0,928.0,0.0,0.0,0.0,0.0,0.0,0.0,1024.0,1539.0,0.1524122807017544,Male,White,True,Male_White,5.0,1
12488,52--Photographers/52_Photographers_photographertakingphoto_52_64.jpg,369.0,254.0,525.0,445.0,0.0,0.0,0.0,0.0,1.0,0.0,1024.0,1397.0,0.0208286730493915,Male,White,True,Male_White,0.0,1
12491,52--Photographers/52_Photographers_photographertakingphoto_52_680.jpg,186.0,278.0,274.0,334.0,1.0,0.0,0.0,0.0,0.0,1.0,1024.0,706.0,0.0068165722379603,Female,Indian,True,Female_Indian,0.0,10
12492,52--Photographers/52_Photographers_photographertakingphoto_52_680.jpg,676.0,68.0,730.0,166.0,0.0,0.0,0.0,0.0,0.0,1.0,1024.0,706.0,0.0073200690509915,Male,Indian,True,Male_Indian,0.0,10
12494,52--Photographers/52_Photographers_photographertakingphoto_52_782.jpg,688.0,64.0,818.0,226.0,1.0,0.0,0.0,0.0,1.0,0.0,1024.0,717.0,0.0286839696652719,Male,White,True,Male_White,1.0,1
12496,52--Photographers/52_Photographers_photographertakingphoto_52_401.jpg,450.0,10.0,748.0,364.0,0.0,0.0,0.0,0.0,0.0,0.0,1024.0,576.0,0.1788533528645833,Female,White,True,Female_White,6.0,1
12497,52--Photographers/52_Photographers_photographertakingphoto_52_720.jpg,382.0,294.0,621.0,598.0,0.0,0.0,0.0,0.0,0.0,0.0,1024.0,1289.0,0.0550450930954228,Male,White,True,Male_White,2.0,1
12500,52--Photographers/52_Photographers_photographertakingphoto_52_246.jpg,457.0,263.0,496.0,313.0,1.0,0.0,0.0,0.0,0.0,0.0,1024.0,639.0,0.0029801203051643,Male,White,True,Male_White,0.0,1
12502,52--Photographers/52_Photographers_photographertakingphoto_52_530.jpg,242.0,114.0,464.0,422.0,0.0,0.0,0.0,0.0,1.0,0.0,1024.0,576.0,0.1159261067708333,Female,White,True,Female_White,4.0,1
12503,52--Photographers/52_Photographers_photographertakingphoto_52_530.jpg,502.0,94.0,694.0,386.0,0.0,0.0,0.0,0.0,0.0,0.0,1024.0,576.0,0.0950520833333333,Female,Indian,True,Female_Indian,3.0,1
12504,52--Photographers/52_Photographers_photographertakingphoto_52_473.jpg,397.0,329.0,519.0,476.0,0.0,0.0,0.0,0.0,0.0,0.0,1024.0,1392.0,0.0125816608297413,Male,White,True,Male_White,0.0,1
12506,52--Photographers/52_Photographers_photographertakingphoto_52_804.jpg,305.0,145.0,716.0,722.0,0.0,0.0,0.0,0.0,0.0,0.0,1024.0,1324.0,0.174916062830438,Male,White,True,Male_White,6.0,1
12513,52--Photographers/52_Photographers_photographertakingphoto_52_788.jpg,185.0,260.0,650.0,859.0,0.0,0.0,0.0,0.0,0.0,0.0,1024.0,1280.0,0.2125053405761718,Female,White,True,Female_White,7.0,1
12522,52--Photographers/52_Photographers_photographertakingphoto_52_717.jpg,592.0,82.0,744.0,260.0,0.0,0.0,0.0,0.0,0.0,0.0,1024.0,577.0,0.0457918110918544,Female,White,True,Female_White,1.0,1
12523,52--Photographers/52_Photographers_photographertakingphoto_52_491.jpg,44.0,164.0,280.0,462.0,0.0,0.0,0.0,0.0,0.0,0.0,1024.0,474.0,0.144893855485232,Male,White,True,Male_White,5.0,1
12526,52--Photographers/52_Photographers_photographertakingphoto_52_363.jpg,286.0,112.0,586.0,506.0,0.0,0.0,0.0,0.0,0.0,0.0,1024.0,859.0,0.1343768189755529,Male,White,True,Male_White,5.0,1
12534,52--Photographers/52_Photographers_photographertakingphoto_52_514.jpg,232.0,312.0,808.0,953.0,0.0,0.0,0.0,0.0,0.0,0.0,1024.0,1519.0,0.2373683344305464,Male,White,True,Male_White,8.0,1
12537,52--Photographers/52_Photographers_photographertakingphoto_52_63.jpg,689.0,189.0,732.0,233.0,1.0,0.0,0.0,0.0,0.0,1.0,1024.0,754.0,0.0024504724801061,Male,Asian,True,Male_Asian,0.0,1
12538,52--Photographers/52_Photographers_photographertakingphoto_52_812.jpg,544.0,162.0,800.0,492.0,0.0,0.0,0.0,0.0,0.0,0.0,1024.0,794.0,0.103904282115869,Female,White,True,Female_White,3.0,1
12540,52--Photographers/52_Photographers_photographertakingphoto_52_162.jpg,544.0,98.0,866.0,504.0,0.0,0.0,0.0,0.0,1.0,0.0,1024.0,757.0,0.168649892668428,Female,White,True,Female_White,6.0,1
12546,52--Photographers/52_Photographers_photographertakingphoto_52_580.jpg,847.0,420.0,890.0,469.0,1.0,0.0,0.0,0.0,0.0,0.0,1024.0,777.0,0.0026481559684684,Female,White,True,Female_White,0.0,1
12547,52--Photographers/52_Photographers_photographertakingphoto_52_611.jpg,354.0,306.0,412.0,380.0,1.0,0.0,0.0,0.0,0.0,0.0,1024.0,769.0,0.0054504632639791,Female,White,True,Female_White,0.0,1
12548,52--Photographers/52_Photographers_photographertakingphoto_52_9.jpg,26.0,60.0,352.0,488.0,1.0,0.0,0.0,0.0,1.0,0.0,1024.0,751.0,0.1814351697736351,Male,White,True,Male_White,6.0,1
12549,52--Photographers/52_Photographers_photographertakingphoto_52_108.jpg,378.0,473.0,473.0,565.0,0.0,0.0,0.0,0.0,0.0,0.0,1024.0,1392.0,0.0061315777658045,Female,White,True,Female_White,0.0,1
12550,52--Photographers/52_Photographers_photographertakingphoto_52_593.jpg,724.0,184.0,784.0,252.0,0.0,0.0,0.0,0.0,0.0,0.0,1024.0,683.0,0.0058336383601756,Female,White,True,Female_White,0.0,1
12552,52--Photographers/52_Photographers_taketouristphotos_52_87.jpg,948.0,156.0,1018.0,268.0,1.0,0.0,0.0,0.0,0.0,0.0,1024.0,768.0,0.0099690755208333,Male,White,True,Male_White,0.0,1
12553,52--Photographers/52_Photographers_photographertakingphoto_52_391.jpg,688.0,190.0,812.0,364.0,0.0,0.0,0.0,0.0,0.0,0.0,1024.0,662.0,0.0318282666163142,Male,White,True,Male_White,1.0,1
12560,52--Photographers/52_Photographers_photographertakingphoto_52_394.jpg,440.0,206.0,626.0,516.0,0.0,0.0,0.0,0.0,1.0,0.0,1024.0,1024.0,0.0549888610839843,Male,White,True,Male_White,2.0,1
12561,52--Photographers/52_Photographers_taketouristphotos_52_40.jpg,244.0,120.0,354.0,266.0,0.0,0.0,0.0,0.0,0.0,0.0,1024.0,684.0,0.0229292306286549,Female,White,True,Female_White,0.0,1
12564,52--Photographers/52_Photographers_photographertakingphoto_52_586.jpg,588.0,202.0,840.0,466.0,0.0,0.0,0.0,0.0,0.0,0.0,1024.0,688.0,0.0944313226744186,Female,White,True,Female_White,3.0,1
12566,52--Photographers/52_Photographers_photographertakingphoto_52_787.jpg,506.0,117.0,717.0,430.0,0.0,0.0,0.0,0.0,0.0,0.0,1024.0,1540.0,0.0418799462256493,Male,White,True,Male_White,1.0,1
12567,52--Photographers/52_Photographers_photographertakingphoto_52_231.jpg,326.0,148.0,476.0,362.0,0.0,0.0,0.0,0.0,0.0,0.0,1024.0,678.0,0.0462354811946902,Female,Indian,True,Female_Indian,1.0,1
12574,52--Photographers/52_Photographers_photographertakingphoto_52_205.jpg,512.0,232.0,666.0,478.0,0.0,1.0,0.0,0.0,0.0,0.0,1024.0,683.0,0.0541670479502196,Male,Asian,True,Male_Asian,1.0,1
12576,52--Photographers/52_Photographers_taketouristphotos_52_27.jpg,688.0,108.0,858.0,336.0,0.0,0.0,0.0,0.0,0.0,0.0,1024.0,640.0,0.05914306640625,Female,White,True,Female_White,2.0,1
12579,52--Photographers/52_Photographers_photographertakingphoto_52_121.jpg,316.0,206.0,460.0,412.0,0.0,0.0,0.0,0.0,0.0,0.0,1024.0,723.0,0.0400674273858921,Female,White,True,Female_White,1.0,1
12582,52--Photographers/52_Photographers_photographertakingphoto_52_355.jpg,213.0,139.0,520.0,518.0,0.0,0.0,0.0,0.0,0.0,0.0,1024.0,1366.0,0.083181534818814,Male,White,True,Male_White,3.0,1
12586,52--Photographers/52_Photographers_photographertakingphoto_52_619.jpg,303.0,269.0,818.0,801.0,0.0,0.0,0.0,0.0,0.0,0.0,1024.0,1450.0,0.1845231681034482,Male,White,True,Male_White,6.0,1
12590,52--Photographers/52_Photographers_photographertakingphoto_52_97.jpg,491.0,212.0,604.0,357.0,0.0,0.0,0.0,0.0,1.0,0.0,1024.0,1181.0,0.0135486677074513,Female,White,True,Female_White,0.0,1
12593,52--Photographers/52_Photographers_photographertakingphoto_52_8.jpg,538.0,473.0,614.0,573.0,1.0,0.0,0.0,0.0,1.0,1.0,1024.0,1393.0,0.0053279791816223,Male,Asian,True,Male_Asian,0.0,1
12596,52--Photographers/52_Photographers_photographertakingphoto_52_700.jpg,270.0,185.0,765.0,859.0,0.0,0.0,0.0,0.0,0.0,0.0,1024.0,1280.0,0.2545394897460937,Female,Indian,True,Female_Indian,9.0,1
12597,52--Photographers/52_Photographers_photographertakingphoto_52_437.jpg,238.0,90.0,320.0,216.0,1.0,0.0,0.0,0.0,0.0,0.0,1024.0,668.0,0.015104556511976,Male,White,True,Male_White,0.0,1
12603,53--Raid/53_Raid_policeraid_53_657.jpg,398.0,66.0,456.0,122.0,0.0,0.0,0.0,0.0,0.0,0.0,1024.0,660.0,0.0048058712121212,Male,White,True,Male_White,0.0,1
12607,53--Raid/53_Raid_policeraid_53_909.jpg,400.0,159.0,609.0,446.0,0.0,0.0,0.0,0.0,0.0,0.0,1024.0,1288.0,0.0454791525135869,Male,White,True,Male_White,1.0,1
12611,53--Raid/53_Raid_policeraid_53_515.jpg,381.0,75.0,570.0,387.0,0.0,0.0,0.0,0.0,0.0,0.0,1024.0,1536.0,0.0374908447265625,Male,White,True,Male_White,1.0,1
12612,53--Raid/53_Raid_policeraid_53_662.jpg,527.0,122.0,565.0,171.0,1.0,0.0,0.0,0.0,0.0,0.0,1024.0,660.0,0.0027550899621212,Male,White,True,Male_White,0.0,1
12613,53--Raid/53_Raid_policeraid_53_740.jpg,348.0,58.0,468.0,244.0,0.0,0.0,0.0,0.0,0.0,0.0,1024.0,683.0,0.0319134333821376,Male,White,True,Male_White,1.0,1
12614,53--Raid/53_Raid_policeraid_53_913.jpg,410.0,126.0,586.0,366.0,0.0,0.0,0.0,0.0,0.0,0.0,1024.0,683.0,0.0603953147877013,Female,White,True,Female_White,2.0,1
12618,53--Raid/53_Raid_policeraid_53_370.jpg,300.0,42.0,442.0,212.0,0.0,0.0,0.0,0.0,0.0,1.0,1024.0,577.0,0.0408565316291161,Male,White,True,Male_White,1.0,1
12622,53--Raid/53_Raid_policeraid_53_984.jpg,364.0,106.0,590.0,464.0,0.0,0.0,0.0,0.0,0.0,0.0,1024.0,623.0,0.1268245886837881,Male,Indian,True,Male_Indian,4.0,1
12623,53--Raid/53_Raid_policeraid_53_884.jpg,340.0,38.0,404.0,122.0,1.0,0.0,0.0,0.0,0.0,0.0,1024.0,682.0,0.0076979472140762,Male,Indian,True,Male_Indian,0.0,10
12624,53--Raid/53_Raid_policeraid_53_884.jpg,564.0,68.0,628.0,144.0,1.0,0.0,0.0,0.0,0.0,0.0,1024.0,682.0,0.0069648093841642,Male,Indian,True,Male_Indian,0.0,10
12628,53--Raid/53_Raid_policeraid_53_964.jpg,472.0,72.0,556.0,188.0,1.0,0.0,1.0,0.0,0.0,0.0,1024.0,717.0,0.0132714435146443,Male,White,True,Male_White,0.0,1
12631,53--Raid/53_Raid_policeraid_53_419.jpg,494.0,264.0,582.0,378.0,0.0,0.0,1.0,0.0,0.0,0.0,1024.0,712.0,0.0137596558988764,Male,White,True,Male_White,0.0,1
12634,53--Raid/53_Raid_policeraid_53_661.jpg,376.0,144.0,448.0,242.0,1.0,0.0,0.0,0.0,0.0,0.0,1024.0,768.0,0.00897216796875,Male,Indian,True,Male_Indian,0.0,1
12635,53--Raid/53_Raid_policeraid_53_661.jpg,546.0,200.0,620.0,298.0,1.0,0.0,0.0,0.0,0.0,0.0,1024.0,768.0,0.0092213948567708,Female,Indian,True,Female_Indian,0.0,1
12636,53--Raid/53_Raid_policeraid_53_661.jpg,654.0,78.0,724.0,186.0,1.0,0.0,0.0,0.0,0.0,0.0,1024.0,768.0,0.009613037109375,Male,Indian,True,Male_Indian,0.0,1
12639,53--Raid/53_Raid_policeraid_53_531.jpg,318.0,32.0,742.0,644.0,0.0,0.0,0.0,0.0,0.0,0.0,1024.0,768.0,0.3299560546875,Female,White,True,Female_White,12.0,1
12640,53--Raid/53_Raid_policeraid_53_794.jpg,319.0,177.0,367.0,234.0,1.0,0.0,0.0,0.0,0.0,0.0,1024.0,802.0,0.0033315149625935,Male,Black,True,Male_Black,0.0,1
12641,53--Raid/53_Raid_policeraid_53_794.jpg,770.0,175.0,847.0,259.0,0.0,0.0,0.0,0.0,1.0,0.0,1024.0,802.0,0.0078758182668329,Male,Black,True,Male_Black,0.0,1
12642,53--Raid/53_Raid_policeraid_53_942.jpg,332.0,265.0,562.0,595.0,0.0,0.0,0.0,0.0,0.0,0.0,1024.0,1385.0,0.0535170351985559,Male,White,True,Male_White,1.0,1
12643,53--Raid/53_Raid_policeraid_53_250.jpg,580.0,224.0,668.0,356.0,1.0,0.0,0.0,0.0,0.0,0.0,1024.0,768.0,0.0147705078125,Male,Asian,True,Male_Asian,0.0,1
12644,53--Raid/53_Raid_policeraid_53_250.jpg,330.0,206.0,392.0,292.0,1.0,0.0,0.0,0.0,0.0,0.0,1024.0,768.0,0.0067799886067708,Male,Black,True,Male_Black,0.0,1
12645,53--Raid/53_Raid_policeraid_53_250.jpg,36.0,196.0,160.0,378.0,1.0,0.0,0.0,0.0,0.0,0.0,1024.0,768.0,0.0286966959635416,Male,Black,True,Male_Black,1.0,1
12646,53--Raid/53_Raid_policeraid_53_323.jpg,248.0,146.0,310.0,198.0,1.0,0.0,0.0,0.0,0.0,1.0,1024.0,711.0,0.004428182137834,Male,White,True,Male_White,0.0,1
12651,53--Raid/53_Raid_policeraid_53_590.jpg,638.0,60.0,756.0,216.0,0.0,0.0,0.0,0.0,0.0,0.0,1024.0,683.0,0.0263200036603221,Male,White,True,Male_White,0.0,1
12661,53--Raid/53_Raid_policeraid_53_140.jpg,520.0,308.0,574.0,376.0,1.0,0.0,0.0,0.0,0.0,0.0,1024.0,679.0,0.0052812039764359,Male,White,True,Male_White,0.0,1
12665,53--Raid/53_Raid_policeraid_53_265.jpg,350.0,126.0,646.0,546.0,0.0,0.0,0.0,0.0,0.0,0.0,1024.0,747.0,0.1625251004016064,Male,White,True,Male_White,6.0,1
12666,53--Raid/53_Raid_policeraid_53_607.jpg,414.0,160.0,517.0,294.0,1.0,0.0,0.0,0.0,0.0,0.0,1024.0,1461.0,0.0092255411533196,Male,White,True,Male_White,0.0,1
12667,53--Raid/53_Raid_policeraid_53_737.jpg,528.0,190.0,586.0,274.0,0.0,0.0,1.0,0.0,0.0,0.0,1024.0,682.0,0.0069762646627565,Male,Black,True,Male_Black,0.0,1
12668,53--Raid/53_Raid_policeraid_53_737.jpg,706.0,176.0,782.0,280.0,0.0,0.0,0.0,0.0,1.0,0.0,1024.0,682.0,0.0113178152492668,Male,Black,True,Male_Black,0.0,1
12673,53--Raid/53_Raid_policeraid_53_524.jpg,161.0,200.0,204.0,271.0,1.0,0.0,0.0,0.0,0.0,1.0,1024.0,838.0,0.0035578106354415,Male,Black,True,Male_Black,0.0,10
12674,53--Raid/53_Raid_policeraid_53_524.jpg,500.0,149.0,560.0,227.0,1.0,0.0,0.0,0.0,0.0,0.0,1024.0,838.0,0.0054538335322195,Male,Black,True,Male_Black,0.0,10
12675,53--Raid/53_Raid_policeraid_53_524.jpg,734.0,135.0,796.0,217.0,1.0,0.0,0.0,0.0,0.0,0.0,1024.0,838.0,0.0059246345465393,Male,Black,True,Male_Black,0.0,10
12679,53--Raid/53_Raid_policeraid_53_425.jpg,811.0,169.0,850.0,215.0,1.0,0.0,0.0,0.0,0.0,0.0,1024.0,684.0,0.0025613349780701,Male,White,True,Male_White,0.0,1
12680,53--Raid/53_Raid_policeraid_53_907.jpg,764.0,100.0,900.0,302.0,0.0,0.0,0.0,0.0,0.0,0.0,1024.0,685.0,0.0391651459854014,Male,White,True,Male_White,1.0,1
12681,53--Raid/53_Raid_policeraid_53_609.jpg,94.0,144.0,188.0,284.0,0.0,0.0,0.0,0.0,0.0,1.0,1024.0,666.0,0.0192966403903903,Male,White,True,Male_White,0.0,1
12682,53--Raid/53_Raid_policeraid_53_845.jpg,318.0,140.0,756.0,762.0,1.0,0.0,0.0,0.0,0.0,0.0,1024.0,845.0,0.3148529955621302,Male,Black,True,Male_Black,11.0,10
12683,53--Raid/53_Raid_policeraid_53_947.jpg,545.0,89.0,575.0,141.0,1.0,0.0,0.0,0.0,0.0,0.0,1024.0,661.0,0.0023047465960665,Male,White,True,Male_White,0.0,1
12687,53--Raid/53_Raid_policeraid_53_404.jpg,545.0,143.0,595.0,217.0,1.0,0.0,1.0,0.0,0.0,0.0,1024.0,577.0,0.0062621858752166,Female,Black,True,Female_Black,0.0,10
12693,53--Raid/53_Raid_policeraid_53_429.jpg,432.0,114.0,544.0,258.0,0.0,0.0,0.0,0.0,0.0,0.0,1024.0,683.0,0.0230600292825768,Female,White,True,Female_White,0.0,1
12698,53--Raid/53_Raid_policeraid_53_707.jpg,7.0,505.0,113.0,649.0,1.0,0.0,1.0,0.0,0.0,0.0,1024.0,703.0,0.0212037695590327,Male,Indian,True,Male_Indian,0.0,10
12699,53--Raid/53_Raid_policeraid_53_707.jpg,157.0,466.0,236.0,603.0,1.0,0.0,0.0,0.0,0.0,0.0,1024.0,703.0,0.0150346172652916,Male,Indian,True,Male_Indian,0.0,10
12700,53--Raid/53_Raid_policeraid_53_707.jpg,74.0,341.0,115.0,397.0,1.0,0.0,1.0,0.0,0.0,0.0,1024.0,703.0,0.0031894559032716,Male,Indian,True,Male_Indian,0.0,10
12701,53--Raid/53_Raid_policeraid_53_707.jpg,403.0,401.0,508.0,517.0,1.0,0.0,0.0,0.0,0.0,0.0,1024.0,703.0,0.0169196746088193,Male,Indian,True,Male_Indian,0.0,10
12702,53--Raid/53_Raid_policeraid_53_707.jpg,332.0,383.0,401.0,485.0,1.0,0.0,0.0,0.0,0.0,0.0,1024.0,703.0,0.0097767380867709,Male,Indian,True,Male_Indian,0.0,10
12703,53--Raid/53_Raid_policeraid_53_707.jpg,647.0,347.0,756.0,481.0,1.0,0.0,0.0,0.0,0.0,0.0,1024.0,703.0,0.0202897181721194,Male,Indian,True,Male_Indian,0.0,10
12704,53--Raid/53_Raid_policeraid_53_707.jpg,784.0,330.0,864.0,420.0,1.0,0.0,0.0,0.0,0.0,0.0,1024.0,703.0,0.0100017780938833,Male,Indian,True,Male_Indian,0.0,10
12705,53--Raid/53_Raid_policeraid_53_707.jpg,553.0,344.0,634.0,446.0,1.0,0.0,0.0,0.0,0.0,0.0,1024.0,703.0,0.0114770403627311,Male,Indian,True,Male_Indian,0.0,10
12708,53--Raid/53_Raid_policeraid_53_778.jpg,339.0,489.0,579.0,786.0,0.0,0.0,0.0,0.0,0.0,0.0,1024.0,1536.0,0.045318603515625,Male,White,True,Male_White,1.0,1
12713,53--Raid/53_Raid_policeraid_53_955.jpg,466.0,180.0,564.0,332.0,0.0,0.0,0.0,0.0,0.0,0.0,1024.0,577.0,0.0252112218370883,Male,White,True,Male_White,0.0,1
12730,54--Rescue/54_Rescue_rescuepeople_54_847.jpg,304.0,20.0,448.0,210.0,0.0,0.0,1.0,0.0,0.0,0.0,1024.0,768.0,0.0347900390625,Male,White,True,Male_White,1.0,1
12741,54--Rescue/54_Rescue_firemanrescue_54_511.jpg,497.0,221.0,694.0,476.0,0.0,0.0,0.0,0.0,0.0,0.0,1024.0,1743.0,0.0281455061316695,Male,White,True,Male_White,1.0,1
12745,54--Rescue/54_Rescue_firemanrescue_54_536.jpg,606.0,130.0,660.0,230.0,1.0,0.0,0.0,0.0,0.0,0.0,1024.0,862.0,0.0061176769141531,Male,White,True,Male_White,0.0,1
12753,54--Rescue/54_Rescue_rescuepeople_54_658.jpg,310.0,254.0,707.0,824.0,0.0,0.0,0.0,0.0,0.0,0.0,1024.0,1529.0,0.1445299726128188,Female,White,True,Female_White,5.0,1
12756,54--Rescue/54_Rescue_firemanrescue_54_115.jpg,8.0,254.0,288.0,612.0,0.0,0.0,0.0,0.0,0.0,0.0,1024.0,1024.0,0.0955963134765625,Male,White,True,Male_White,3.0,1
12757,54--Rescue/54_Rescue_rescuepeople_54_567.jpg,176.0,305.0,295.0,493.0,0.0,0.0,0.0,0.0,0.0,0.0,1024.0,1529.0,0.0142888530085022,Female,White,True,Female_White,0.0,1
12760,54--Rescue/54_Rescue_rescuepeople_54_969.jpg,525.0,253.0,669.0,429.0,0.0,0.0,0.0,0.0,0.0,0.0,1024.0,1366.0,0.0181185944363103,Female,White,True,Female_White,0.0,1
12761,54--Rescue/54_Rescue_firemanrescue_54_184.jpg,174.0,0.0,635.0,350.0,0.0,0.0,0.0,0.0,0.0,1.0,1024.0,1059.0,0.1487897633380547,Male,White,True,Male_White,5.0,1
12762,54--Rescue/54_Rescue_firemanrescue_54_265.jpg,447.0,221.0,586.0,360.0,0.0,0.0,0.0,0.0,0.0,0.0,1024.0,1231.0,0.0153275093927701,Male,White,True,Male_White,0.0,1
12763,54--Rescue/54_Rescue_rescuepeople_54_719.jpg,388.0,220.0,562.0,458.0,0.0,0.0,0.0,0.0,0.0,0.0,1024.0,1024.0,0.0394935607910156,Male,White,True,Male_White,1.0,1
12768,54--Rescue/54_Rescue_rescuepeople_54_1033.jpg,371.0,187.0,503.0,374.0,0.0,0.0,0.0,0.0,0.0,0.0,1024.0,1572.0,0.0153342676526717,Female,White,True,Female_White,0.0,1
12774,54--Rescue/54_Rescue_firemanrescue_54_613.jpg,324.0,501.0,831.0,1123.0,0.0,0.0,0.0,0.0,0.0,0.0,1024.0,1540.0,0.1999759030032467,Male,White,True,Male_White,7.0,1
12775,54--Rescue/54_Rescue_firemanrescue_54_436.jpg,594.0,120.0,830.0,412.0,0.0,0.0,0.0,0.0,0.0,0.0,1024.0,768.0,0.0876261393229166,Male,White,True,Male_White,3.0,1
12783,54--Rescue/54_Rescue_rescuepeople_54_104.jpg,454.0,72.0,718.0,434.0,0.0,0.0,0.0,0.0,0.0,0.0,1024.0,590.0,0.1581832627118644,Male,White,True,Male_White,5.0,1
12784,54--Rescue/54_Rescue_firemanrescue_54_804.jpg,502.0,699.0,571.0,789.0,1.0,0.0,1.0,0.0,0.0,0.0,1024.0,1531.0,0.0039611058948399,Male,White,True,Male_White,0.0,1
12788,54--Rescue/54_Rescue_rescuepeople_54_874.jpg,409.0,164.0,615.0,461.0,0.0,0.0,1.0,0.0,0.0,0.0,1024.0,1333.0,0.0448222407164291,Female,White,True,Female_White,1.0,1
12799,54--Rescue/54_Rescue_rescuepeople_54_224.jpg,345.0,250.0,725.0,782.0,0.0,0.0,0.0,0.0,0.0,0.0,1024.0,1280.0,0.15423583984375,Female,White,True,Female_White,5.0,1
12802,54--Rescue/54_Rescue_firemanrescue_54_228.jpg,586.0,18.0,692.0,150.0,1.0,0.0,0.0,0.0,0.0,0.0,1024.0,577.0,0.0236812175043327,Male,White,True,Male_White,0.0,1
12814,54--Rescue/54_Rescue_rescuepeople_54_12.jpg,470.0,116.0,544.0,234.0,1.0,0.0,0.0,0.0,0.0,0.0,1024.0,576.0,0.0148044162326388,Female,White,True,Female_White,0.0,1
12815,54--Rescue/54_Rescue_rescuepeople_54_623.jpg,504.0,98.0,614.0,252.0,0.0,0.0,0.0,0.0,0.0,0.0,1024.0,768.0,0.0215403238932291,Female,White,True,Female_White,0.0,1
12838,54--Rescue/54_Rescue_rescuepeople_54_395.jpg,294.0,36.0,605.0,479.0,0.0,0.0,0.0,0.0,0.0,0.0,1024.0,1215.0,0.1107357574588477,Female,White,True,Female_White,4.0,1
12846,54--Rescue/54_Rescue_firemanrescue_54_627.jpg,512.0,370.0,783.0,705.0,0.0,0.0,0.0,0.0,0.0,0.0,1024.0,1372.0,0.0646189697977405,Female,White,True,Female_White,2.0,1
12847,54--Rescue/54_Rescue_rescuepeople_54_83.jpg,407.0,238.0,493.0,364.0,0.0,0.0,0.0,0.0,0.0,0.0,1024.0,1470.0,0.0071986607142857,Male,White,True,Male_White,0.0,1
12851,54--Rescue/54_Rescue_firemanrescue_54_176.jpg,510.0,78.0,900.0,540.0,1.0,0.0,0.0,0.0,1.0,0.0,1024.0,959.0,0.1834796989051094,Male,White,True,Male_White,6.0,1
12852,54--Rescue/54_Rescue_firemanrescue_54_806.jpg,296.0,293.0,619.0,709.0,0.0,0.0,0.0,0.0,0.0,0.0,1024.0,1536.0,0.0854288736979166,Male,White,True,Male_White,3.0,1
12879,54--Rescue/54_Rescue_rescuepeople_54_779.jpg,476.0,94.0,596.0,282.0,0.0,0.0,0.0,0.0,0.0,0.0,1024.0,684.0,0.0322094298245614,Female,White,True,Female_White,1.0,1
12880,54--Rescue/54_Rescue_rescuepeople_54_340.jpg,358.0,226.0,472.0,344.0,1.0,0.0,0.0,0.0,0.0,1.0,1024.0,1146.0,0.0114631053664921,Female,Asian,True,Female_Asian,0.0,1
12881,54--Rescue/54_Rescue_rescuepeople_54_229.jpg,498.0,100.0,712.0,366.0,0.0,0.0,0.0,0.0,0.0,0.0,1024.0,680.0,0.0817497702205882,Male,Asian,True,Male_Asian,3.0,1
12882,54--Rescue/54_Rescue_rescuepeople_54_229.jpg,806.0,256.0,886.0,380.0,0.0,0.0,0.0,0.0,0.0,1.0,1024.0,680.0,0.0142463235294117,Male,Asian,True,Male_Asian,0.0,1
12884,54--Rescue/54_Rescue_rescuepeople_54_957.jpg,272.0,100.0,490.0,410.0,0.0,0.0,0.0,0.0,0.0,0.0,1024.0,554.0,0.1191265230144404,Male,White,True,Male_White,4.0,1
12885,54--Rescue/54_Rescue_firemanrescue_54_849.jpg,526.0,94.0,666.0,276.0,0.0,0.0,0.0,0.0,0.0,0.0,1024.0,576.0,0.0431993272569444,Male,White,True,Male_White,1.0,1
12886,54--Rescue/54_Rescue_rescuepeople_54_621.jpg,312.0,76.0,486.0,346.0,0.0,0.0,1.0,0.0,0.0,0.0,1024.0,576.0,0.07965087890625,Male,White,True,Male_White,2.0,1
12887,54--Rescue/54_Rescue_rescuepeople_54_262.jpg,732.0,184.0,788.0,250.0,0.0,0.0,0.0,0.0,0.0,0.0,1024.0,819.0,0.0044070512820512,Female,White,True,Female_White,0.0,1
12888,54--Rescue/54_Rescue_rescuepeople_54_596.jpg,249.0,467.0,431.0,587.0,1.0,0.0,0.0,0.0,0.0,1.0,1024.0,1227.0,0.0173823349633251,Male,White,True,Male_White,0.0,1
12889,54--Rescue/54_Rescue_firemanrescue_54_187.jpg,552.0,212.0,654.0,342.0,0.0,0.0,0.0,0.0,0.0,0.0,1024.0,807.0,0.0160461198884758,Male,White,True,Male_White,0.0,1
12890,54--Rescue/54_Rescue_rescuepeople_54_124.jpg,652.0,232.0,750.0,320.0,1.0,0.0,0.0,0.0,0.0,1.0,1024.0,808.0,0.0104231126237623,Male,Indian,True,Male_Indian,0.0,1
12891,54--Rescue/54_Rescue_rescuepeople_54_124.jpg,60.0,54.0,186.0,202.0,1.0,0.0,0.0,0.0,0.0,0.0,1024.0,808.0,0.0225382889851485,Male,Indian,True,Male_Indian,0.0,1
12892,54--Rescue/54_Rescue_rescuepeople_54_124.jpg,394.0,12.0,508.0,166.0,1.0,0.0,0.0,0.0,0.0,0.0,1024.0,808.0,0.0212184792698019,Male,Indian,True,Male_Indian,0.0,1
12893,54--Rescue/54_Rescue_rescuepeople_54_163.jpg,371.0,125.0,648.0,540.0,0.0,0.0,0.0,0.0,1.0,0.0,1024.0,1418.0,0.0791683654354725,Male,White,True,Male_White,2.0,1
12894,54--Rescue/54_Rescue_firemanrescue_54_671.jpg,253.0,265.0,552.0,620.0,0.0,0.0,0.0,0.0,0.0,0.0,1024.0,1579.0,0.0656473885766307,Male,White,True,Male_White,2.0,1
12895,54--Rescue/54_Rescue_firemanrescue_54_315.jpg,410.0,68.0,558.0,246.0,0.0,0.0,0.0,0.0,0.0,0.0,1024.0,832.0,0.0309213491586538,Male,White,True,Male_White,1.0,1
12896,54--Rescue/54_Rescue_firemanrescue_54_329.jpg,320.0,44.0,470.0,244.0,0.0,0.0,0.0,0.0,0.0,0.0,1024.0,768.0,0.03814697265625,Male,White,True,Male_White,1.0,1
12907,54--Rescue/54_Rescue_firemanrescue_54_728.jpg,183.0,322.0,474.0,679.0,0.0,0.0,0.0,0.0,0.0,0.0,1024.0,1462.0,0.0693927143895348,Male,White,True,Male_White,2.0,1
12911,54--Rescue/54_Rescue_rescuepeople_54_563.jpg,250.0,214.0,364.0,316.0,0.0,0.0,0.0,0.0,0.0,1.0,1024.0,768.0,0.0147857666015625,Female,White,True,Female_White,0.0,1
12913,54--Rescue/54_Rescue_firemanrescue_54_556.jpg,816.0,50.0,926.0,198.0,0.0,0.0,0.0,0.0,0.0,0.0,1024.0,400.0,0.03974609375,Male,White,True,Male_White,1.0,1
12914,54--Rescue/54_Rescue_rescuepeople_54_520.jpg,362.0,152.0,438.0,276.0,0.0,1.0,0.0,0.0,0.0,0.0,1024.0,578.0,0.0159223615916955,Male,White,True,Male_White,0.0,1
12917,54--Rescue/54_Rescue_firemanrescue_54_569.jpg,338.0,334.0,728.0,768.0,0.0,0.0,0.0,0.0,0.0,0.0,1024.0,947.0,0.1745437895987328,Male,White,True,Male_White,6.0,1
12919,54--Rescue/54_Rescue_rescuepeople_54_643.jpg,292.0,134.0,438.0,308.0,0.0,0.0,0.0,0.0,0.0,0.0,1024.0,768.0,0.0323028564453125,Male,Asian,True,Male_Asian,1.0,1
12920,54--Rescue/54_Rescue_rescuepeople_54_643.jpg,574.0,210.0,700.0,358.0,0.0,0.0,0.0,0.0,0.0,1.0,1024.0,768.0,0.023712158203125,Male,Asian,True,Male_Asian,0.0,1
12921,54--Rescue/54_Rescue_rescuepeople_54_643.jpg,426.0,256.0,556.0,360.0,0.0,0.0,1.0,0.0,0.0,1.0,1024.0,768.0,0.0171915690104166,Male,Asian,True,Male_Asian,0.0,1
12928,54--Rescue/54_Rescue_firemanrescue_54_669.jpg,286.0,502.0,734.0,1095.0,0.0,0.0,0.0,0.0,0.0,0.0,1024.0,1260.0,0.2059027777777777,Male,White,True,Male_White,7.0,1
12929,54--Rescue/54_Rescue_firemanrescue_54_159.jpg,678.0,301.0,777.0,433.0,0.0,0.0,0.0,0.0,0.0,0.0,1024.0,1205.0,0.0105906379668049,Male,White,True,Male_White,0.0,1
12936,54--Rescue/54_Rescue_firemanrescue_54_734.jpg,942.0,230.0,996.0,312.0,1.0,0.0,0.0,0.0,0.0,0.0,1024.0,1024.0,0.0042228698730468,Male,White,True,Male_White,0.0,1
12937,54--Rescue/54_Rescue_rescuepeople_54_439.jpg,472.0,56.0,538.0,138.0,1.0,0.0,0.0,0.0,0.0,0.0,1024.0,610.0,0.0086641905737704,Male,Indian,True,Male_Indian,0.0,1
12938,54--Rescue/54_Rescue_rescuepeople_54_439.jpg,578.0,126.0,632.0,182.0,1.0,0.0,0.0,0.0,0.0,1.0,1024.0,610.0,0.0048411885245901,Male,Indian,True,Male_Indian,0.0,1
12939,54--Rescue/54_Rescue_rescuepeople_54_439.jpg,712.0,54.0,782.0,138.0,1.0,0.0,0.0,0.0,0.0,0.0,1024.0,610.0,0.0094134221311475,Male,Indian,True,Male_Indian,0.0,1
12940,54--Rescue/54_Rescue_firemanrescue_54_723.jpg,292.0,80.0,406.0,240.0,1.0,0.0,1.0,0.0,0.0,0.0,1024.0,917.0,0.0194247546346783,Male,White,True,Male_White,0.0,1
12942,54--Rescue/54_Rescue_rescuepeople_54_460.jpg,198.0,264.0,266.0,362.0,1.0,0.0,0.0,0.0,0.0,0.0,1024.0,672.0,0.0096842447916666,Male,Asian,True,Male_Asian,0.0,10
12943,54--Rescue/54_Rescue_rescuepeople_54_460.jpg,322.0,218.0,380.0,296.0,1.0,0.0,0.0,0.0,0.0,0.0,1024.0,672.0,0.0065743582589285,Male,Asian,True,Male_Asian,0.0,10
12944,54--Rescue/54_Rescue_rescuepeople_54_460.jpg,516.0,244.0,568.0,302.0,1.0,0.0,0.0,0.0,0.0,0.0,1024.0,672.0,0.0043829055059523,Male,Asian,True,Male_Asian,0.0,10
12945,54--Rescue/54_Rescue_rescuepeople_54_460.jpg,664.0,290.0,720.0,364.0,1.0,0.0,0.0,0.0,0.0,0.0,1024.0,672.0,0.0060221354166666,Male,Asian,True,Male_Asian,0.0,10
12946,54--Rescue/54_Rescue_rescuepeople_54_95.jpg,336.0,317.0,370.0,356.0,1.0,0.0,0.0,0.0,0.0,0.0,1024.0,768.0,0.0016860961914062,Male,Black,True,Male_Black,0.0,1
12947,54--Rescue/54_Rescue_rescuepeople_54_95.jpg,657.0,266.0,693.0,309.0,1.0,0.0,1.0,0.0,0.0,0.0,1024.0,768.0,0.0019683837890625,Male,White,True,Male_White,0.0,1
12957,54--Rescue/54_Rescue_rescuepeople_54_269.jpg,314.0,8.0,708.0,532.0,0.0,0.0,0.0,0.0,0.0,0.0,1024.0,538.0,0.3747531366171003,Female,White,True,Female_White,14.0,1
12967,55--Sports_Coach_Trainer/55_Sports_Coach_Trainer_sportcoaching_55_233.jpg,618.0,52.0,770.0,250.0,0.0,0.0,0.0,0.0,0.0,0.0,1024.0,682.0,0.0430947580645161,Female,White,True,Female_White,1.0,1
12968,55--Sports_Coach_Trainer/55_Sports_Coach_Trainer_sportcoaching_55_714.jpg,458.0,18.0,608.0,230.0,0.0,1.0,0.0,0.0,0.0,0.0,1024.0,576.0,0.0539143880208333,Male,White,True,Male_White,1.0,1
12976,55--Sports_Coach_Trainer/55_Sports_Coach_Trainer_sportcoaching_55_797.jpg,326.0,126.0,628.0,558.0,0.0,0.0,0.0,0.0,0.0,0.0,1024.0,1024.0,0.124420166015625,Male,White,True,Male_White,4.0,1
12999,55--Sports_Coach_Trainer/55_Sports_Coach_Trainer_sportcoaching_55_341.jpg,374.0,138.0,480.0,262.0,0.0,0.0,0.0,0.0,0.0,0.0,1024.0,386.0,0.0332537240932642,Female,White,True,Female_White,1.0,1
13003,55--Sports_Coach_Trainer/55_Sports_Coach_Trainer_sportcoaching_55_328.jpg,228.0,140.0,450.0,476.0,0.0,0.0,0.0,0.0,0.0,0.0,1024.0,576.0,0.12646484375,Female,White,True,Female_White,4.0,1
13008,55--Sports_Coach_Trainer/55_Sports_Coach_Trainer_sportcoaching_55_753.jpg,540.0,38.0,642.0,158.0,0.0,0.0,0.0,0.0,1.0,0.0,1024.0,576.0,0.020751953125,Male,White,True,Male_White,0.0,1
13026,55--Sports_Coach_Trainer/55_Sports_Coach_Trainer_sportcoaching_55_1043.jpg,428.0,56.0,568.0,238.0,0.0,0.0,0.0,0.0,0.0,0.0,1024.0,576.0,0.0431993272569444,Male,White,True,Male_White,1.0,1
13028,55--Sports_Coach_Trainer/55_Sports_Coach_Trainer_sportcoaching_55_782.jpg,358.0,162.0,682.0,610.0,0.0,0.0,0.0,0.0,0.0,0.0,1024.0,863.0,0.164252607184241,Male,White,True,Male_White,6.0,1
13036,55--Sports_Coach_Trainer/55_Sports_Coach_Trainer_sportcoaching_55_739.jpg,208.0,62.0,414.0,318.0,0.0,1.0,0.0,0.0,0.0,0.0,1024.0,576.0,0.0894097222222222,Male,White,True,Male_White,3.0,1
13037,55--Sports_Coach_Trainer/55_Sports_Coach_Trainer_sportcoaching_55_144.jpg,502.0,159.0,535.0,197.0,0.0,0.0,0.0,0.0,0.0,1.0,1024.0,653.0,0.0018753589203675,Female,White,True,Female_White,0.0,1
13040,55--Sports_Coach_Trainer/55_Sports_Coach_Trainer_sportcoaching_55_607.jpg,401.0,125.0,643.0,475.0,0.0,0.0,0.0,0.0,0.0,0.0,1024.0,1049.0,0.0788511379885605,Male,White,True,Male_White,2.0,1
13041,55--Sports_Coach_Trainer/55_Sports_Coach_Trainer_sportcoaching_55_761.jpg,415.0,130.0,787.0,692.0,0.0,0.0,0.0,0.0,0.0,0.0,1024.0,1280.0,0.159503173828125,Male,White,True,Male_White,5.0,1
13053,55--Sports_Coach_Trainer/55_Sports_Coach_Trainer_sportcoaching_55_754.jpg,468.0,168.0,902.0,450.0,0.0,0.0,1.0,0.0,0.0,1.0,1024.0,658.0,0.181640625,Female,White,True,Female_White,6.0,1
13066,55--Sports_Coach_Trainer/55_Sports_Coach_Trainer_sportcoaching_55_290.jpg,500.0,4.0,760.0,324.0,0.0,0.0,1.0,0.0,0.0,0.0,1024.0,1024.0,0.079345703125,Male,White,True,Male_White,2.0,1
13070,55--Sports_Coach_Trainer/55_Sports_Coach_Trainer_sportcoaching_55_537.jpg,400.0,138.0,474.0,204.0,0.0,0.0,0.0,0.0,0.0,1.0,1024.0,603.0,0.0079096703980099,Male,White,True,Male_White,0.0,1
13080,55--Sports_Coach_Trainer/55_Sports_Coach_Trainer_sportcoaching_55_771.jpg,460.0,92.0,678.0,352.0,0.0,0.0,0.0,0.0,0.0,0.0,1024.0,576.0,0.0960964626736111,Male,White,True,Male_White,3.0,1
13081,55--Sports_Coach_Trainer/55_Sports_Coach_Trainer_sportcoaching_55_507.jpg,620.0,132.0,778.0,338.0,0.0,0.0,0.0,0.0,0.0,0.0,1024.0,765.0,0.0415492238562091,Female,White,True,Female_White,1.0,1
13082,55--Sports_Coach_Trainer/55_Sports_Coach_Trainer_sportcoaching_55_962.jpg,352.0,301.0,629.0,690.0,0.0,0.0,0.0,0.0,0.0,0.0,1024.0,1366.0,0.0770333375274524,Female,White,True,Female_White,2.0,1
13087,55--Sports_Coach_Trainer/55_Sports_Coach_Trainer_sportcoaching_55_574.jpg,444.0,90.0,610.0,284.0,0.0,0.0,0.0,0.0,0.0,0.0,1024.0,1024.0,0.0307121276855468,Male,White,True,Male_White,1.0,1
13088,55--Sports_Coach_Trainer/55_Sports_Coach_Trainer_sportcoaching_55_214.jpg,390.0,108.0,632.0,440.0,0.0,0.0,0.0,0.0,0.0,0.0,1024.0,1024.0,0.0766220092773437,Male,White,True,Male_White,2.0,1
13089,55--Sports_Coach_Trainer/55_Sports_Coach_Trainer_sportcoaching_55_873.jpg,395.0,101.0,629.0,468.0,0.0,0.0,0.0,0.0,0.0,0.0,1024.0,1619.0,0.0518006388974675,Female,White,True,Female_White,1.0,1
13090,55--Sports_Coach_Trainer/55_Sports_Coach_Trainer_sportcoaching_55_344.jpg,786.0,106.0,890.0,246.0,0.0,0.0,0.0,0.0,0.0,0.0,1024.0,427.0,0.0332991803278688,Female,White,True,Female_White,1.0,1
13091,55--Sports_Coach_Trainer/55_Sports_Coach_Trainer_sportcoaching_55_379.jpg,532.0,98.0,592.0,176.0,1.0,0.0,0.0,0.0,0.0,0.0,1024.0,685.0,0.0066719890510948,Female,White,True,Female_White,0.0,1
13094,55--Sports_Coach_Trainer/55_Sports_Coach_Trainer_sportcoaching_55_730.jpg,326.0,96.0,432.0,168.0,0.0,0.0,0.0,0.0,0.0,1.0,1024.0,629.0,0.0118491653418124,Female,White,True,Female_White,0.0,1
13095,55--Sports_Coach_Trainer/55_Sports_Coach_Trainer_sportcoaching_55_545.jpg,404.0,16.0,580.0,268.0,0.0,0.0,0.0,0.0,0.0,0.0,1024.0,576.0,0.0751953125,Male,White,True,Male_White,2.0,1
13096,55--Sports_Coach_Trainer/55_Sports_Coach_Trainer_sportcoaching_55_746.jpg,283.0,238.0,804.0,1033.0,0.0,0.0,0.0,0.0,0.0,0.0,1024.0,1543.0,0.2621434249432923,Male,White,True,Male_White,9.0,1
13097,55--Sports_Coach_Trainer/55_Sports_Coach_Trainer_sportcoaching_55_1004.jpg,378.0,167.0,656.0,524.0,0.0,0.0,0.0,0.0,0.0,0.0,1024.0,1186.0,0.0817200015809443,Female,White,True,Female_White,3.0,1
13100,55--Sports_Coach_Trainer/55_Sports_Coach_Trainer_sportcoaching_55_682.jpg,712.0,280.0,842.0,472.0,0.0,0.0,0.0,0.0,0.0,0.0,1024.0,921.0,0.0264657980456026,Male,White,True,Male_White,0.0,1
13101,55--Sports_Coach_Trainer/55_Sports_Coach_Trainer_sportcoaching_55_433.jpg,484.0,12.0,568.0,132.0,0.0,0.0,0.0,0.0,0.0,0.0,1024.0,366.0,0.0268954918032786,Male,White,True,Male_White,0.0,1
13116,55--Sports_Coach_Trainer/55_Sports_Coach_Trainer_sportcoaching_55_448.jpg,452.0,106.0,481.0,144.0,1.0,0.0,0.0,0.0,0.0,0.0,1024.0,535.0,0.0020115362149532,Male,White,True,Male_White,0.0,1
13117,55--Sports_Coach_Trainer/55_Sports_Coach_Trainer_sportcoaching_55_223.jpg,424.0,98.0,624.0,348.0,0.0,1.0,0.0,0.0,0.0,0.0,1024.0,683.0,0.0714906661786237,Female,White,True,Female_White,2.0,1
13118,55--Sports_Coach_Trainer/55_Sports_Coach_Trainer_sportcoaching_55_388.jpg,298.0,228.0,628.0,712.0,0.0,0.0,0.0,0.0,0.0,0.0,1024.0,874.0,0.1784628861556064,Male,White,True,Male_White,6.0,1
13119,55--Sports_Coach_Trainer/55_Sports_Coach_Trainer_sportcoaching_55_734.jpg,490.0,60.0,548.0,142.0,0.0,0.0,0.0,0.0,0.0,0.0,1024.0,724.0,0.0064150984116022,Male,White,True,Male_White,0.0,1
13120,55--Sports_Coach_Trainer/55_Sports_Coach_Trainer_sportcoaching_55_713.jpg,474.0,76.0,690.0,396.0,0.0,0.0,1.0,0.0,0.0,0.0,1024.0,576.0,0.1171875,Male,White,True,Male_White,4.0,1
13121,55--Sports_Coach_Trainer/55_Sports_Coach_Trainer_sportcoaching_55_776.jpg,406.0,215.0,619.0,520.0,0.0,0.0,0.0,0.0,0.0,0.0,1024.0,1283.0,0.049448466728371,Female,White,True,Female_White,1.0,1
13122,55--Sports_Coach_Trainer/55_Sports_Coach_Trainer_sportcoaching_55_849.jpg,450.0,166.0,506.0,271.0,1.0,0.0,0.0,0.0,0.0,0.0,1024.0,1372.0,0.0041852678571428,Male,White,True,Male_White,0.0,1
13123,55--Sports_Coach_Trainer/55_Sports_Coach_Trainer_sportcoaching_55_952.jpg,358.0,354.0,840.0,1063.0,0.0,0.0,0.0,0.0,0.0,0.0,1024.0,1817.0,0.1836700691386901,Male,White,True,Male_White,6.0,1
13124,55--Sports_Coach_Trainer/55_Sports_Coach_Trainer_sportcoaching_55_715.jpg,376.0,22.0,598.0,314.0,0.0,0.0,0.0,0.0,0.0,0.0,1024.0,576.0,0.1099039713541666,Male,White,True,Male_White,4.0,1
13130,55--Sports_Coach_Trainer/55_Sports_Coach_Trainer_sportcoaching_55_845.jpg,528.0,64.0,776.0,378.0,0.0,0.0,0.0,0.0,0.0,0.0,1024.0,512.0,0.148529052734375,Male,White,True,Male_White,5.0,1
13131,55--Sports_Coach_Trainer/55_Sports_Coach_Trainer_sportcoaching_55_837.jpg,347.0,133.0,688.0,653.0,0.0,0.0,0.0,0.0,0.0,0.0,1024.0,1366.0,0.1267672492679356,Female,White,True,Female_White,4.0,1
13132,55--Sports_Coach_Trainer/55_Sports_Coach_Trainer_sportcoaching_55_461.jpg,256.0,244.0,624.0,434.0,0.0,0.0,0.0,0.0,0.0,1.0,1024.0,1024.0,0.066680908203125,Male,White,True,Male_White,2.0,1
13133,55--Sports_Coach_Trainer/55_Sports_Coach_Trainer_sportcoaching_55_887.jpg,312.0,182.0,677.0,665.0,0.0,0.0,0.0,0.0,0.0,0.0,1024.0,1505.0,0.1143940770348837,Female,White,True,Female_White,4.0,1
13155,55--Sports_Coach_Trainer/55_Sports_Coach_Trainer_sportcoaching_55_924.jpg,578.0,88.0,712.0,256.0,0.0,0.0,0.0,0.0,0.0,0.0,1024.0,740.0,0.0297086148648648,Male,White,True,Male_White,1.0,1
13159,55--Sports_Coach_Trainer/55_Sports_Coach_Trainer_sportcoaching_55_1018.jpg,304.0,200.0,763.0,878.0,0.0,0.0,0.0,0.0,0.0,0.0,1024.0,1440.0,0.21104736328125,Female,White,True,Female_White,7.0,1
13164,55--Sports_Coach_Trainer/55_Sports_Coach_Trainer_sportcoaching_55_900.jpg,362.0,297.0,657.0,719.0,0.0,0.0,0.0,0.0,0.0,0.0,1024.0,1280.0,0.0949783325195312,Male,White,True,Male_White,3.0,1
13165,55--Sports_Coach_Trainer/55_Sports_Coach_Trainer_sportcoaching_55_680.jpg,622.0,8.0,780.0,208.0,0.0,0.0,0.0,0.0,0.0,0.0,1024.0,496.0,0.0622164818548387,Female,White,True,Female_White,2.0,1
13166,55--Sports_Coach_Trainer/55_Sports_Coach_Trainer_sportcoaching_55_703.jpg,686.0,663.0,817.0,834.0,0.0,0.0,0.0,0.0,0.0,0.0,1024.0,1457.0,0.0150143970916266,Male,White,True,Male_White,0.0,1
13172,55--Sports_Coach_Trainer/55_Sports_Coach_Trainer_sportcoaching_55_692.jpg,464.0,155.0,510.0,224.0,0.0,0.0,0.0,0.0,0.0,0.0,1024.0,576.0,0.0053812662760416,Male,White,True,Male_White,0.0,1
13176,55--Sports_Coach_Trainer/55_Sports_Coach_Trainer_sportcoaching_55_800.jpg,317.0,257.0,447.0,408.0,0.0,0.0,0.0,0.0,0.0,0.0,1024.0,1547.0,0.012391675420168,Male,White,True,Male_White,0.0,1
13179,55--Sports_Coach_Trainer/55_Sports_Coach_Trainer_sportcoaching_55_362.jpg,152.0,184.0,274.0,336.0,1.0,0.0,0.0,0.0,0.0,0.0,1024.0,512.0,0.035369873046875,Male,White,True,Male_White,1.0,1
13180,55--Sports_Coach_Trainer/55_Sports_Coach_Trainer_sportcoaching_55_362.jpg,674.0,0.0,790.0,182.0,0.0,1.0,0.0,0.0,0.0,0.0,1024.0,512.0,0.0402679443359375,Male,Black,True,Male_Black,1.0,1
13181,55--Sports_Coach_Trainer/55_Sports_Coach_Trainer_sportcoaching_55_185.jpg,396.0,116.0,634.0,446.0,0.0,0.0,0.0,0.0,0.0,0.0,1024.0,1024.0,0.0749015808105468,Male,White,True,Male_White,2.0,1
13204,55--Sports_Coach_Trainer/55_Sports_Coach_Trainer_sportcoaching_55_874.jpg,446.0,70.0,644.0,344.0,0.0,0.0,0.0,0.0,0.0,0.0,1024.0,576.0,0.09197998046875,Male,White,True,Male_White,3.0,1
13223,55--Sports_Coach_Trainer/55_Sports_Coach_Trainer_sportcoaching_55_357.jpg,468.0,116.0,530.0,186.0,1.0,0.0,0.0,0.0,0.0,1.0,1024.0,682.0,0.0062144886363636,Male,Black,True,Male_Black,0.0,1
13224,55--Sports_Coach_Trainer/55_Sports_Coach_Trainer_sportcoaching_55_357.jpg,596.0,166.0,676.0,226.0,1.0,0.0,0.0,0.0,0.0,1.0,1024.0,682.0,0.0068731671554252,Male,White,True,Male_White,0.0,1
13225,55--Sports_Coach_Trainer/55_Sports_Coach_Trainer_sportcoaching_55_925.jpg,334.0,98.0,582.0,428.0,0.0,0.0,0.0,0.0,0.0,0.0,1024.0,581.0,0.137559165232358,Male,White,True,Male_White,5.0,1
13226,55--Sports_Coach_Trainer/55_Sports_Coach_Trainer_sportcoaching_55_675.jpg,124.0,148.0,272.0,286.0,0.0,0.0,0.0,0.0,0.0,0.0,1024.0,496.0,0.0402123235887096,Female,White,True,Female_White,1.0,1
13229,55--Sports_Coach_Trainer/55_Sports_Coach_Trainer_sportcoaching_55_621.jpg,142.0,218.0,644.0,950.0,0.0,0.0,1.0,0.0,0.0,0.0,1024.0,958.0,0.3745840944676409,Male,White,True,Male_White,14.0,1
13232,55--Sports_Coach_Trainer/55_Sports_Coach_Trainer_sportcoaching_55_821.jpg,432.0,232.0,646.0,544.0,0.0,1.0,0.0,0.0,0.0,0.0,1024.0,768.0,0.08489990234375,Male,White,True,Male_White,3.0,1
13242,55--Sports_Coach_Trainer/55_Sports_Coach_Trainer_sportcoaching_55_372.jpg,412.0,162.0,674.0,520.0,0.0,0.0,0.0,0.0,0.0,0.0,1024.0,681.0,0.1345046347283406,Male,White,True,Male_White,5.0,1
13248,55--Sports_Coach_Trainer/55_Sports_Coach_Trainer_sportcoaching_55_976.jpg,361.0,223.0,595.0,575.0,0.0,0.0,0.0,0.0,0.0,0.0,1024.0,1069.0,0.0752455565949485,Female,White,True,Female_White,2.0,1
13252,56--Voter/56_Voter_peoplevoting_56_853.jpg,364.0,156.0,722.0,660.0,0.0,0.0,0.0,0.0,0.0,0.0,1024.0,922.0,0.1911096800433839,Male,White,True,Male_White,7.0,1
13265,56--Voter/56_Voter_peoplevoting_56_423.jpg,136.0,148.0,426.0,528.0,0.0,0.0,0.0,0.0,0.0,0.0,1024.0,641.0,0.1678895280811232,Female,Black,True,Female_Black,6.0,1
13266,56--Voter/56_Voter_peoplevoting_56_423.jpg,504.0,68.0,758.0,436.0,0.0,0.0,0.0,0.0,0.0,0.0,1024.0,641.0,0.1424044461778471,Male,Black,True,Male_Black,5.0,1
13268,56--Voter/56_Voter_peoplevoting_56_933.jpg,417.0,251.0,703.0,643.0,0.0,1.0,0.0,0.0,0.0,0.0,1024.0,1396.0,0.078427202722063,Male,Black,True,Male_Black,2.0,10
13269,56--Voter/56_Voter_peoplevoting_56_840.jpg,655.0,132.0,925.0,493.0,0.0,0.0,0.0,0.0,0.0,0.0,1024.0,1412.0,0.0674118603930594,Male,Black,True,Male_Black,2.0,10
13270,56--Voter/56_Voter_peoplevoting_56_418.jpg,214.0,200.0,770.0,886.0,0.0,0.0,0.0,0.0,0.0,0.0,1024.0,1008.0,0.3695203993055556,Female,White,True,Female_White,13.0,1
13271,56--Voter/56_Voter_peoplevoting_56_480.jpg,390.0,196.0,642.0,546.0,0.0,0.0,0.0,0.0,0.0,0.0,1024.0,820.0,0.1050400152439024,Female,Asian,True,Female_Asian,3.0,1
13272,56--Voter/56_Voter_peoplevoting_56_949.jpg,266.0,150.0,691.0,644.0,0.0,0.0,1.0,0.0,0.0,0.0,1024.0,1535.0,0.1335695745114006,Female,White,True,Female_White,4.0,1
13273,56--Voter/56_Voter_peoplevoting_56_1041.jpg,395.0,330.0,642.0,605.0,0.0,0.0,0.0,0.0,0.0,0.0,1024.0,1280.0,0.0518226623535156,Male,White,True,Male_White,1.0,1
13274,56--Voter/56_Voter_peoplevoting_56_629.jpg,338.0,158.0,754.0,746.0,0.0,0.0,0.0,0.0,0.0,0.0,1024.0,820.0,0.2913109756097561,Male,White,True,Male_White,10.0,1
13275,56--Voter/56_Voter_peoplevoting_56_862.jpg,408.0,417.0,716.0,855.0,0.0,0.0,0.0,0.0,0.0,0.0,1024.0,1547.0,0.0851597850678733,Female,Indian,True,Female_Indian,3.0,1
13276,56--Voter/56_Voter_peoplevoting_56_856.jpg,134.0,38.0,538.0,642.0,0.0,0.0,0.0,0.0,0.0,0.0,1024.0,683.0,0.3488973279648609,Male,Indian,True,Male_Indian,13.0,1
13277,56--Voter/56_Voter_peoplevoting_56_347.jpg,583.0,148.0,651.0,231.0,1.0,0.0,0.0,0.0,0.0,1.0,1024.0,684.0,0.0080580683479532,Male,Indian,True,Male_Indian,0.0,1
13278,56--Voter/56_Voter_peoplevoting_56_347.jpg,765.0,136.0,860.0,255.0,1.0,0.0,0.0,0.0,0.0,1.0,1024.0,684.0,0.0161404079861111,Male,Indian,True,Male_Indian,0.0,1
13279,56--Voter/56_Voter_peoplevoting_56_347.jpg,357.0,261.0,391.0,313.0,1.0,0.0,0.0,0.0,0.0,1.0,1024.0,684.0,0.0025242141812865,Male,Indian,True,Male_Indian,0.0,1
13280,56--Voter/56_Voter_peoplevoting_56_347.jpg,2.0,309.0,39.0,414.0,1.0,0.0,0.0,0.0,0.0,0.0,1024.0,684.0,0.0055467036732456,Male,Indian,True,Male_Indian,0.0,1
13281,56--Voter/56_Voter_peoplevoting_56_864.jpg,117.0,227.0,685.0,966.0,0.0,0.0,0.0,0.0,0.0,0.0,1024.0,1366.0,0.3000835010980966,Female,White,True,Female_White,11.0,1
13282,56--Voter/56_Voter_peoplevoting_56_633.jpg,380.0,26.0,518.0,204.0,0.0,0.0,0.0,0.0,0.0,0.0,1024.0,682.0,0.0351734329178885,Male,White,True,Male_White,1.0,1
13283,56--Voter/56_Voter_peoplevoting_56_901.jpg,114.0,96.0,492.0,576.0,0.0,0.0,0.0,0.0,0.0,0.0,1024.0,576.0,0.3076171875,Male,Black,True,Male_Black,11.0,1
13284,56--Voter/56_Voter_peoplevoting_56_901.jpg,576.0,46.0,960.0,566.0,0.0,0.0,0.0,0.0,0.0,0.0,1024.0,576.0,0.3385416666666667,Male,Black,True,Male_Black,12.0,1
13285,56--Voter/56_Voter_peoplevoting_56_740.jpg,322.0,66.0,410.0,258.0,0.0,0.0,0.0,0.0,0.0,0.0,1024.0,576.0,0.0286458333333333,Female,White,True,Female_White,1.0,1
13296,56--Voter/56_Voter_peoplevoting_56_599.jpg,534.0,70.0,644.0,210.0,1.0,0.0,0.0,0.0,0.0,0.0,1024.0,931.0,0.0161536654135338,Female,White,True,Female_White,0.0,1
13297,56--Voter/56_Voter_peoplevoting_56_948.jpg,268.0,202.0,807.0,905.0,0.0,0.0,0.0,0.0,0.0,0.0,1024.0,1360.0,0.272085391773897,Female,White,True,Female_White,10.0,1
13298,56--Voter/56_Voter_peoplevoting_56_804.jpg,76.0,4.0,372.0,346.0,0.0,0.0,0.0,0.0,0.0,0.0,1024.0,575.0,0.1719293478260869,Male,White,True,Male_White,6.0,1
13299,56--Voter/56_Voter_peoplevoting_56_97.jpg,456.0,290.0,598.0,432.0,0.0,1.0,0.0,0.0,0.0,1.0,1024.0,512.0,0.0384597778320312,Male,White,True,Male_White,1.0,1
13302,56--Voter/56_Voter_peoplevoting_56_988.jpg,542.0,146.0,776.0,466.0,0.0,0.0,0.0,0.0,0.0,0.0,1024.0,834.0,0.0876798561151079,Female,White,True,Female_White,3.0,1
13303,56--Voter/56_Voter_peoplevoting_56_406.jpg,386.0,88.0,666.0,478.0,0.0,0.0,0.0,0.0,0.0,0.0,1024.0,577.0,0.1848191074523396,Male,White,True,Male_White,6.0,1
13305,56--Voter/56_Voter_peoplevoting_56_843.jpg,424.0,220.0,684.0,557.0,0.0,0.0,0.0,0.0,0.0,0.0,1024.0,1360.0,0.0629164751838235,Female,White,True,Female_White,2.0,1
13307,56--Voter/56_Voter_peoplevoting_56_512.jpg,644.0,26.0,750.0,184.0,1.0,0.0,0.0,0.0,0.0,0.0,1024.0,641.0,0.0255155518720748,Male,White,True,Male_White,0.0,1
13313,56--Voter/56_Voter_peoplevoting_56_1013.jpg,364.0,180.0,650.0,574.0,0.0,0.0,0.0,0.0,0.0,0.0,1024.0,768.0,0.1432851155598958,Female,White,True,Female_White,5.0,1
13316,56--Voter/56_Voter_peoplevoting_56_162.jpg,401.0,178.0,639.0,536.0,0.0,0.0,0.0,0.0,0.0,0.0,1024.0,1541.0,0.0539954777741726,Male,White,True,Male_White,1.0,1
13317,56--Voter/56_Voter_peoplevoting_56_821.jpg,80.0,232.0,541.0,891.0,0.0,0.0,0.0,0.0,0.0,0.0,1024.0,1366.0,0.217187928943997,Female,White,True,Female_White,8.0,1
13321,56--Voter/56_Voter_peoplevoting_56_425.jpg,40.0,1101.0,92.0,1168.0,1.0,0.0,0.0,0.0,0.0,0.0,1024.0,1280.0,0.0026580810546875,Male,White,True,Male_White,0.0,1
13322,56--Voter/56_Voter_peoplevoting_56_942.jpg,233.0,154.0,637.0,660.0,0.0,0.0,0.0,0.0,0.0,0.0,1024.0,1269.0,0.15731506107171,Female,White,True,Female_White,5.0,1
13325,56--Voter/56_Voter_peoplevoting_56_1002.jpg,302.0,284.0,643.0,694.0,0.0,0.0,0.0,0.0,0.0,0.0,1024.0,1532.0,0.0891208897682767,Female,White,True,Female_White,3.0,1
13327,56--Voter/56_Voter_peoplevoting_56_830.jpg,272.0,310.0,691.0,872.0,0.0,0.0,0.0,0.0,0.0,0.0,1024.0,1301.0,0.1767555606264412,Female,White,True,Female_White,6.0,1
13333,56--Voter/56_Voter_peoplevoting_56_621.jpg,646.0,64.0,788.0,268.0,0.0,0.0,0.0,0.0,0.0,0.0,1024.0,660.0,0.0428622159090909,Male,Indian,True,Male_Indian,1.0,10
13334,56--Voter/56_Voter_peoplevoting_56_621.jpg,312.0,116.0,434.0,278.0,0.0,0.0,0.0,0.0,0.0,0.0,1024.0,660.0,0.0292436079545454,Female,Indian,True,Female_Indian,1.0,10
13335,56--Voter/56_Voter_peoplevoting_56_621.jpg,380.0,16.0,472.0,116.0,1.0,0.0,0.0,0.0,0.0,0.0,1024.0,660.0,0.0136126893939393,Male,Indian,True,Male_Indian,0.0,10
13336,56--Voter/56_Voter_peoplevoting_56_621.jpg,178.0,10.0,244.0,110.0,1.0,0.0,0.0,0.0,0.0,0.0,1024.0,660.0,0.009765625,Male,Indian,True,Male_Indian,0.0,10
13337,56--Voter/56_Voter_peoplevoting_56_621.jpg,80.0,70.0,176.0,176.0,1.0,0.0,0.0,0.0,0.0,0.0,1024.0,660.0,0.0150568181818181,Male,Indian,True,Male_Indian,0.0,10
13338,56--Voter/56_Voter_peoplevoting_56_381.jpg,170.0,0.0,516.0,398.0,0.0,0.0,0.0,0.0,0.0,0.0,1024.0,428.0,0.3142067026869158,Male,White,True,Male_White,11.0,1
13341,56--Voter/56_Voter_peoplevoting_56_1021.jpg,299.0,245.0,736.0,848.0,0.0,0.0,0.0,0.0,0.0,0.0,1024.0,1366.0,0.1883857693539531,Female,White,True,Female_White,7.0,1
13342,56--Voter/56_Voter_peoplevoting_56_886.jpg,56.0,302.0,270.0,616.0,0.0,0.0,0.0,0.0,0.0,0.0,1024.0,902.0,0.0727506582594235,Female,Asian,True,Female_Asian,2.0,1
13343,56--Voter/56_Voter_peoplevoting_56_886.jpg,274.0,258.0,498.0,594.0,0.0,0.0,0.0,0.0,0.0,0.0,1024.0,902.0,0.0814855875831485,Female,Asian,True,Female_Asian,3.0,1
13344,56--Voter/56_Voter_peoplevoting_56_886.jpg,496.0,248.0,724.0,590.0,0.0,0.0,0.0,0.0,0.0,0.0,1024.0,902.0,0.0844217710643015,Female,Asian,True,Female_Asian,3.0,1
13345,56--Voter/56_Voter_peoplevoting_56_886.jpg,750.0,266.0,996.0,586.0,0.0,0.0,0.0,0.0,0.0,0.0,1024.0,902.0,0.0852272727272727,Female,Asian,True,Female_Asian,3.0,1
13351,56--Voter/56_Voter_peoplevoting_56_1009.jpg,384.0,124.0,686.0,556.0,0.0,0.0,0.0,0.0,0.0,0.0,1024.0,767.0,0.1661098435462842,Male,White,True,Male_White,6.0,1
13355,56--Voter/56_Voter_peoplevoting_56_922.jpg,229.0,272.0,760.0,1083.0,0.0,0.0,1.0,0.0,0.0,0.0,1024.0,1366.0,0.307868119738287,Female,White,True,Female_White,11.0,1
13360,56--Voter/56_Voter_peoplevoting_56_373.jpg,212.0,54.0,480.0,444.0,0.0,0.0,0.0,0.0,0.0,0.0,1024.0,555.0,0.1839104729729729,Male,White,True,Male_White,6.0,1
13361,56--Voter/56_Voter_peoplevoting_56_384.jpg,326.0,68.0,678.0,588.0,0.0,0.0,0.0,0.0,0.0,0.0,1024.0,683.0,0.2617130307467057,Male,White,True,Male_White,9.0,1
13362,56--Voter/56_Voter_peoplevoting_56_924.jpg,275.0,205.0,843.0,944.0,0.0,0.0,1.0,0.0,0.0,0.0,1024.0,1366.0,0.3000835010980966,Female,White,True,Female_White,11.0,1
13369,56--Voter/56_Voter_peoplevoting_56_925.jpg,366.0,130.0,724.0,546.0,0.0,0.0,0.0,0.0,0.0,0.0,1024.0,768.0,0.1893717447916666,Female,White,True,Female_White,7.0,1
13370,56--Voter/56_Voter_peoplevoting_56_1014.jpg,232.0,204.0,732.0,878.0,0.0,0.0,0.0,0.0,0.0,0.0,1024.0,1099.0,0.2994554708826206,Male,Black,True,Male_Black,11.0,10
13371,56--Voter/56_Voter_peoplevoting_56_906.jpg,252.0,159.0,820.0,955.0,0.0,0.0,1.0,0.0,0.0,0.0,1024.0,1360.0,0.3246553308823529,Female,White,True,Female_White,12.0,1
13372,56--Voter/56_Voter_peoplevoting_56_931.jpg,272.0,245.0,771.0,912.0,0.0,0.0,0.0,0.0,0.0,0.0,1024.0,1366.0,0.2379445289622986,Female,White,True,Female_White,8.0,1
13373,56--Voter/56_Voter_peoplevoting_56_259.jpg,250.0,68.0,372.0,206.0,1.0,0.0,0.0,0.0,0.0,0.0,1024.0,768.0,0.0214080810546875,Male,Black,True,Male_Black,0.0,10
13374,56--Voter/56_Voter_peoplevoting_56_259.jpg,652.0,172.0,720.0,246.0,1.0,0.0,0.0,0.0,0.0,0.0,1024.0,768.0,0.0063985188802083,Male,Black,True,Male_Black,0.0,10
13375,56--Voter/56_Voter_peoplevoting_56_259.jpg,858.0,150.0,934.0,250.0,1.0,0.0,0.0,0.0,0.0,0.0,1024.0,768.0,0.0096638997395833,Male,Black,True,Male_Black,0.0,10
13376,56--Voter/56_Voter_peoplevoting_56_839.jpg,294.0,241.0,679.0,769.0,0.0,0.0,0.0,0.0,0.0,0.0,1024.0,1360.0,0.1459673713235294,Female,White,True,Female_White,5.0,1
13377,56--Voter/56_Voter_peoplevoting_56_631.jpg,208.0,169.0,512.0,551.0,0.0,0.0,0.0,0.0,0.0,0.0,1024.0,1541.0,0.0735926346528228,Female,White,True,Female_White,2.0,1
13378,56--Voter/56_Voter_peoplevoting_56_972.jpg,251.0,208.0,712.0,832.0,0.0,0.0,1.0,0.0,0.0,0.0,1024.0,1366.0,0.2056529099560761,Female,White,True,Female_White,7.0,1
13383,56--Voter/56_Voter_peoplevoting_56_1005.jpg,70.0,114.0,716.0,870.0,0.0,0.0,0.0,0.0,0.0,0.0,1024.0,1716.0,0.2779310533216783,Male,White,True,Male_White,10.0,1
13384,56--Voter/56_Voter_peoplevoting_56_584.jpg,588.0,148.0,780.0,384.0,1.0,0.0,0.0,0.0,0.0,1.0,1024.0,885.0,0.05,Male,Indian,True,Male_Indian,1.0,1
13385,56--Voter/56_Voter_peoplevoting_56_605.jpg,507.0,260.0,789.0,658.0,0.0,1.0,0.0,0.0,0.0,0.0,1024.0,1802.0,0.0608243444783573,Male,Black,True,Male_Black,2.0,10
13386,56--Voter/56_Voter_peoplevoting_56_205.jpg,158.0,70.0,332.0,300.0,0.0,0.0,0.0,0.0,0.0,0.0,1024.0,771.0,0.0506900535019455,Female,Indian,True,Female_Indian,1.0,10
13387,56--Voter/56_Voter_peoplevoting_56_205.jpg,468.0,90.0,710.0,408.0,0.0,0.0,0.0,0.0,0.0,0.0,1024.0,771.0,0.097473857003891,Female,Indian,True,Female_Indian,3.0,10
13390,56--Voter/56_Voter_peoplevoting_56_7.jpg,428.0,318.0,604.0,476.0,0.0,0.0,0.0,0.0,0.0,1.0,1024.0,797.0,0.0340730865746549,Male,White,True,Male_White,1.0,1
13394,56--Voter/56_Voter_peoplevoting_56_472.jpg,278.0,146.0,394.0,304.0,1.0,0.0,0.0,0.0,0.0,0.0,1024.0,683.0,0.0262056185944363,Male,White,True,Male_White,0.0,1
13395,56--Voter/56_Voter_peoplevoting_56_581.jpg,444.0,82.0,584.0,238.0,1.0,0.0,0.0,0.0,0.0,0.0,1024.0,683.0,0.0312271229868228,Male,Black,True,Male_Black,1.0,10
13401,56--Voter/56_Voter_peoplevoting_56_791.jpg,440.0,75.0,624.0,323.0,0.0,0.0,0.0,0.0,0.0,0.0,1024.0,1366.0,0.0326226207906295,Female,White,True,Female_White,1.0,1
13402,56--Voter/56_Voter_peoplevoting_56_1037.jpg,256.0,174.0,658.0,680.0,0.0,0.0,1.0,0.0,0.0,0.0,1024.0,768.0,0.2586517333984375,Female,White,True,Female_White,9.0,1
13403,56--Voter/56_Voter_peoplevoting_56_188.jpg,458.0,132.0,744.0,492.0,0.0,0.0,0.0,0.0,0.0,0.0,1024.0,615.0,0.1634908536585365,Male,White,True,Male_White,6.0,1
13407,56--Voter/56_Voter_peoplevoting_56_1027.jpg,259.0,277.0,720.0,837.0,0.0,0.0,0.0,0.0,0.0,0.0,1024.0,1366.0,0.184560303806735,Female,White,True,Female_White,6.0,1
13408,56--Voter/56_Voter_peoplevoting_56_760.jpg,379.0,157.0,681.0,601.0,0.0,0.0,0.0,0.0,0.0,0.0,1024.0,1323.0,0.0989760487528344,Female,White,True,Female_White,3.0,1
13412,56--Voter/56_Voter_peoplevoting_56_866.jpg,297.0,229.0,778.0,819.0,0.0,0.0,0.0,0.0,0.0,0.0,1024.0,1434.0,0.1932626721582984,Female,Asian,True,Female_Asian,7.0,1
13413,56--Voter/56_Voter_peoplevoting_56_328.jpg,216.0,92.0,306.0,252.0,1.0,0.0,0.0,0.0,0.0,0.0,1024.0,562.0,0.0250222419928825,Female,White,True,Female_White,0.0,1
13414,56--Voter/56_Voter_peoplevoting_56_543.jpg,429.0,53.0,566.0,223.0,1.0,0.0,1.0,0.0,0.0,0.0,1024.0,1300.0,0.0174954927884615,Male,Black,True,Male_Black,0.0,10
13415,56--Voter/56_Voter_peoplevoting_56_543.jpg,175.0,244.0,266.0,381.0,1.0,0.0,1.0,0.0,0.0,0.0,1024.0,1300.0,0.009365234375,Female,Black,True,Female_Black,0.0,10
13416,56--Voter/56_Voter_peoplevoting_56_543.jpg,722.0,480.0,849.0,584.0,1.0,0.0,0.0,0.0,0.0,1.0,1024.0,1300.0,0.009921875,Male,Black,True,Male_Black,0.0,10
13418,56--Voter/56_Voter_peoplevoting_56_408.jpg,317.0,126.0,429.0,273.0,0.0,0.0,0.0,0.0,0.0,0.0,1024.0,1400.0,0.011484375,Female,White,True,Female_White,0.0,1
13419,56--Voter/56_Voter_peoplevoting_56_678.jpg,456.0,464.0,526.0,564.0,1.0,0.0,0.0,0.0,0.0,0.0,1024.0,734.0,0.0093132663487738,Male,White,True,Male_White,0.0,1
13420,56--Voter/56_Voter_peoplevoting_56_678.jpg,848.0,480.0,900.0,586.0,1.0,0.0,0.0,0.0,0.0,0.0,1024.0,734.0,0.0073335320163487,Male,Black,True,Male_Black,0.0,1
13421,56--Voter/56_Voter_peoplevoting_56_678.jpg,634.0,24.0,712.0,132.0,1.0,0.0,0.0,0.0,0.0,0.0,1024.0,734.0,0.0112078508174386,Male,Black,True,Male_Black,0.0,1
13422,56--Voter/56_Voter_peoplevoting_56_678.jpg,718.0,12.0,790.0,98.0,1.0,0.0,0.0,0.0,0.0,0.0,1024.0,734.0,0.008238249318801,Male,Black,True,Male_Black,0.0,1
13429,56--Voter/56_Voter_peoplevoting_56_784.jpg,338.0,216.0,424.0,370.0,1.0,0.0,0.0,0.0,0.0,1.0,1024.0,768.0,0.0168406168619791,Female,White,True,Female_White,0.0,1
13431,56--Voter/56_Voter_peoplevoting_56_676.jpg,246.0,18.0,342.0,210.0,1.0,0.0,0.0,0.0,0.0,0.0,1024.0,576.0,0.03125,Female,White,True,Female_White,1.0,1
13432,56--Voter/56_Voter_peoplevoting_56_803.jpg,116.0,128.0,234.0,282.0,1.0,0.0,0.0,0.0,0.0,0.0,1024.0,575.0,0.0308627717391304,Female,White,True,Female_White,1.0,1
13433,56--Voter/56_Voter_peoplevoting_56_803.jpg,444.0,64.0,556.0,204.0,1.0,0.0,0.0,0.0,0.0,0.0,1024.0,575.0,0.0266304347826086,Male,White,True,Male_White,0.0,1
13434,56--Voter/56_Voter_peoplevoting_56_803.jpg,672.0,88.0,758.0,196.0,1.0,0.0,0.0,0.0,0.0,0.0,1024.0,575.0,0.0157744565217391,Male,Black,True,Male_Black,0.0,1
13435,56--Voter/56_Voter_peoplevoting_56_803.jpg,828.0,182.0,946.0,340.0,1.0,0.0,0.0,0.0,0.0,0.0,1024.0,575.0,0.031664402173913,Female,Asian,True,Female_Asian,1.0,1
13436,56--Voter/56_Voter_peoplevoting_56_589.jpg,198.0,252.0,546.0,659.0,0.0,0.0,1.0,0.0,0.0,0.0,1024.0,1092.0,0.1266633756868131,Female,White,True,Female_White,4.0,1
13443,56--Voter/56_Voter_peoplevoting_56_226.jpg,438.0,42.0,550.0,210.0,0.0,0.0,0.0,0.0,0.0,0.0,1024.0,579.0,0.0317357512953367,Male,White,True,Male_White,1.0,1
13444,56--Voter/56_Voter_peoplevoting_56_1048.jpg,212.0,268.0,776.0,887.0,0.0,0.0,0.0,0.0,0.0,0.0,1024.0,1428.0,0.2387490152310924,Female,White,True,Female_White,8.0,1
13445,56--Voter/56_Voter_peoplevoting_56_235.jpg,464.0,241.0,505.0,294.0,1.0,0.0,0.0,0.0,1.0,0.0,1024.0,682.0,0.0031115400476539,Female,Indian,True,Female_Indian,0.0,10
13446,56--Voter/56_Voter_peoplevoting_56_235.jpg,413.0,246.0,453.0,299.0,1.0,0.0,0.0,0.0,0.0,0.0,1024.0,682.0,0.0030356488269794,Female,Indian,True,Female_Indian,0.0,10
13447,56--Voter/56_Voter_peoplevoting_56_235.jpg,538.0,251.0,568.0,292.0,1.0,0.0,0.0,0.0,0.0,0.0,1024.0,682.0,0.0017612490835777,Male,Indian,True,Male_Indian,0.0,10
13448,56--Voter/56_Voter_peoplevoting_56_235.jpg,613.0,251.0,642.0,293.0,1.0,0.0,0.0,0.0,0.0,0.0,1024.0,682.0,0.0017440661656891,Male,Indian,True,Male_Indian,0.0,10
13449,56--Voter/56_Voter_peoplevoting_56_235.jpg,663.0,213.0,698.0,265.0,1.0,0.0,0.0,0.0,0.0,0.0,1024.0,682.0,0.0026060758797653,Male,Indian,True,Male_Indian,0.0,10
13450,56--Voter/56_Voter_peoplevoting_56_235.jpg,743.0,206.0,781.0,261.0,1.0,0.0,0.0,0.0,0.0,0.0,1024.0,682.0,0.002992691532258,Male,Indian,True,Male_Indian,0.0,10
13451,56--Voter/56_Voter_peoplevoting_56_235.jpg,812.0,214.0,853.0,275.0,1.0,0.0,0.0,0.0,0.0,0.0,1024.0,682.0,0.0035812064699413,Male,Indian,True,Male_Indian,0.0,10
13452,56--Voter/56_Voter_peoplevoting_56_235.jpg,897.0,234.0,959.0,308.0,1.0,0.0,0.0,0.0,0.0,0.0,1024.0,682.0,0.0065696022727272,Male,Indian,True,Male_Indian,0.0,10
13453,56--Voter/56_Voter_peoplevoting_56_235.jpg,119.0,161.0,214.0,281.0,0.0,0.0,0.0,0.0,0.0,0.0,1024.0,682.0,0.0163237719941348,Female,Indian,True,Female_Indian,0.0,10
13454,56--Voter/56_Voter_peoplevoting_56_235.jpg,338.0,212.0,403.0,300.0,1.0,0.0,0.0,0.0,0.0,0.0,1024.0,682.0,0.0081905241935483,Female,Indian,True,Female_Indian,0.0,10
13455,56--Voter/56_Voter_peoplevoting_56_235.jpg,475.0,285.0,526.0,365.0,1.0,0.0,0.0,0.0,0.0,0.0,1024.0,682.0,0.0058421920821114,Female,Indian,True,Female_Indian,0.0,10
13456,56--Voter/56_Voter_peoplevoting_56_278.jpg,128.0,10.0,214.0,84.0,1.0,0.0,0.0,0.0,1.0,1.0,1024.0,684.0,0.009086028874269,Male,Black,True,Male_Black,0.0,10
13457,57--Angler/57_Angler_peoplefishing_57_343.jpg,586.0,114.0,676.0,220.0,1.0,0.0,0.0,0.0,0.0,0.0,1024.0,693.0,0.0134435876623376,Male,White,True,Male_White,0.0,1
13461,57--Angler/57_Angler_peoplefishing_57_853.jpg,494.0,168.0,758.0,554.0,0.0,0.0,0.0,0.0,0.0,0.0,1024.0,744.0,0.1337575604838709,Female,White,True,Female_White,4.0,1
13474,57--Angler/57_Angler_peoplefishing_57_83.jpg,727.0,213.0,758.0,260.0,0.0,0.0,1.0,0.0,0.0,0.0,1024.0,683.0,0.002083238012445,Male,White,True,Male_White,0.0,1
13475,57--Angler/57_Angler_peoplefishing_57_782.jpg,770.0,410.0,870.0,552.0,0.0,0.0,0.0,0.0,0.0,0.0,1024.0,898.0,0.01544230233853,Male,White,True,Male_White,0.0,1
13480,57--Angler/57_Angler_peoplefishing_57_716.jpg,592.0,216.0,702.0,362.0,1.0,0.0,0.0,0.0,0.0,0.0,1024.0,768.0,0.0204213460286458,Male,White,True,Male_White,0.0,1
13483,57--Angler/57_Angler_peoplefishing_57_380.jpg,446.0,134.0,542.0,276.0,0.0,0.0,0.0,0.0,0.0,0.0,1024.0,768.0,0.017333984375,Male,White,True,Male_White,0.0,1
13484,57--Angler/57_Angler_peoplefishing_57_616.jpg,802.0,202.0,854.0,272.0,1.0,0.0,0.0,0.0,0.0,0.0,1024.0,788.0,0.0045110247461928,Male,White,True,Male_White,0.0,1
13485,57--Angler/57_Angler_peoplefishing_57_632.jpg,438.0,210.0,598.0,366.0,1.0,0.0,0.0,0.0,0.0,0.0,1024.0,919.0,0.0265233949945593,Female,White,True,Female_White,0.0,1
13488,57--Angler/57_Angler_peoplefishing_57_1020.jpg,489.0,209.0,950.0,1062.0,0.0,0.0,0.0,0.0,0.0,0.0,1024.0,1593.0,0.2410650355069052,Male,White,True,Male_White,9.0,1
13489,57--Angler/57_Angler_peoplefishing_57_699.jpg,876.0,158.0,960.0,256.0,1.0,0.0,0.0,0.0,0.0,0.0,1024.0,768.0,0.010467529296875,Male,White,True,Male_White,0.0,1
13491,57--Angler/57_Angler_peoplefishing_57_725.jpg,600.0,76.0,728.0,240.0,0.0,0.0,0.0,0.0,0.0,0.0,1024.0,683.0,0.0300146412884333,Male,White,True,Male_White,1.0,1
13493,57--Angler/57_Angler_peoplefishing_57_440.jpg,852.0,140.0,922.0,222.0,1.0,0.0,0.0,0.0,1.0,0.0,1024.0,699.0,0.0080192685979971,Male,White,True,Male_White,0.0,1
13495,57--Angler/57_Angler_peoplefishing_57_45.jpg,348.0,218.0,466.0,342.0,1.0,0.0,0.0,0.0,0.0,0.0,1024.0,768.0,0.0186055501302083,Male,White,True,Male_White,0.0,1
13504,57--Angler/57_Angler_peoplefishing_57_1048.jpg,159.0,289.0,203.0,343.0,1.0,0.0,0.0,0.0,0.0,0.0,1024.0,682.0,0.0034022177419354,Male,White,True,Male_White,0.0,1
13505,57--Angler/57_Angler_peoplefishing_57_1048.jpg,289.0,316.0,327.0,366.0,1.0,0.0,0.0,0.0,0.0,0.0,1024.0,682.0,0.0027206286656891,Male,Black,True,Male_Black,0.0,1
13506,57--Angler/57_Angler_peoplefishing_57_1048.jpg,396.0,292.0,427.0,332.0,1.0,0.0,0.0,0.0,0.0,0.0,1024.0,682.0,0.0017755681818181,Male,Black,True,Male_Black,0.0,1
13507,57--Angler/57_Angler_peoplefishing_57_1048.jpg,497.0,292.0,530.0,333.0,1.0,0.0,0.0,0.0,0.0,0.0,1024.0,682.0,0.0019373739919354,Male,Black,True,Male_Black,0.0,1
13508,57--Angler/57_Angler_peoplefishing_57_1048.jpg,640.0,503.0,674.0,542.0,1.0,0.0,0.0,0.0,0.0,0.0,1024.0,682.0,0.0018987124266862,Male,Black,True,Male_Black,0.0,1
13509,57--Angler/57_Angler_peoplefishing_57_1048.jpg,504.0,435.0,539.0,478.0,1.0,0.0,0.0,0.0,0.0,0.0,1024.0,682.0,0.0021550242851906,Male,Black,True,Male_Black,0.0,1
13510,57--Angler/57_Angler_peoplefishing_57_1048.jpg,620.0,303.0,651.0,340.0,1.0,0.0,0.0,0.0,0.0,0.0,1024.0,682.0,0.0016424005681818,Male,Black,True,Male_Black,0.0,1
13511,57--Angler/57_Angler_peoplefishing_57_1048.jpg,690.0,390.0,727.0,434.0,1.0,0.0,0.0,0.0,0.0,0.0,1024.0,682.0,0.0023311491935483,Male,Black,True,Male_Black,0.0,1
13512,57--Angler/57_Angler_peoplefishing_57_1048.jpg,763.0,419.0,807.0,467.0,1.0,0.0,0.0,0.0,0.0,0.0,1024.0,682.0,0.003024193548387,Male,Black,True,Male_Black,0.0,1
13519,57--Angler/57_Angler_peoplefishing_57_622.jpg,496.0,74.0,640.0,304.0,0.0,0.0,0.0,0.0,0.0,0.0,1024.0,768.0,0.0421142578125,Female,White,True,Female_White,1.0,1
13522,57--Angler/57_Angler_peoplefishing_57_980.jpg,526.0,122.0,742.0,362.0,0.0,0.0,0.0,0.0,0.0,0.0,1024.0,716.0,0.0707053072625698,Male,White,True,Male_White,2.0,1
13523,57--Angler/57_Angler_peoplefishing_57_504.jpg,698.0,276.0,772.0,372.0,1.0,0.0,1.0,0.0,0.0,1.0,1024.0,768.0,0.009033203125,Male,Asian,True,Male_Asian,0.0,1
13525,57--Angler/57_Angler_peoplefishing_57_893.jpg,488.0,627.0,576.0,740.0,1.0,0.0,0.0,0.0,0.0,0.0,1024.0,1455.0,0.0066741838487972,Female,White,True,Female_White,0.0,1
13531,57--Angler/57_Angler_peoplefishing_57_736.jpg,410.0,81.0,477.0,178.0,1.0,0.0,0.0,0.0,0.0,0.0,1024.0,1179.0,0.0053831040606446,Male,White,True,Male_White,0.0,1
13533,57--Angler/57_Angler_peoplefishing_57_464.jpg,460.0,210.0,550.0,304.0,1.0,0.0,0.0,0.0,0.0,0.0,1024.0,766.0,0.0107855336161879,Male,White,True,Male_White,0.0,1
13536,57--Angler/57_Angler_peoplefishing_57_360.jpg,246.0,52.0,304.0,118.0,1.0,0.0,0.0,0.0,0.0,1.0,1024.0,777.0,0.0048111727799227,Male,White,True,Male_White,0.0,1
13537,57--Angler/57_Angler_peoplefishing_57_163.jpg,340.0,102.0,466.0,244.0,1.0,0.0,0.0,0.0,0.0,0.0,1024.0,992.0,0.0176135647681451,Male,White,True,Male_White,0.0,1
13538,57--Angler/57_Angler_peoplefishing_57_34.jpg,390.0,62.0,526.0,238.0,0.0,0.0,0.0,0.0,0.0,0.0,1024.0,768.0,0.0304361979166666,Male,White,True,Male_White,1.0,1
13540,57--Angler/57_Angler_peoplefishing_57_570.jpg,565.0,165.0,690.0,344.0,1.0,0.0,0.0,0.0,0.0,0.0,1024.0,1366.0,0.015996036557467,Male,White,True,Male_White,0.0,1
13541,57--Angler/57_Angler_peoplefishing_57_596.jpg,240.0,180.0,330.0,284.0,1.0,0.0,0.0,0.0,0.0,0.0,1024.0,684.0,0.0133634868421052,Male,White,True,Male_White,0.0,1
13543,57--Angler/57_Angler_peoplefishing_57_151.jpg,450.0,315.0,686.0,548.0,0.0,0.0,0.0,0.0,0.0,0.0,1024.0,1440.0,0.0372911241319444,Male,White,True,Male_White,1.0,1
13549,57--Angler/57_Angler_peoplefishing_57_943.jpg,378.0,88.0,668.0,488.0,0.0,0.0,0.0,0.0,0.0,0.0,1024.0,682.0,0.1661015395894428,Male,Black,True,Male_Black,6.0,10
13555,57--Angler/57_Angler_peoplefishing_57_766.jpg,534.0,391.0,636.0,504.0,1.0,0.0,0.0,0.0,0.0,0.0,1024.0,1380.0,0.0081564198369565,Female,White,True,Female_White,0.0,1
13557,57--Angler/57_Angler_peoplefishing_57_501.jpg,483.0,261.0,558.0,370.0,1.0,0.0,0.0,0.0,0.0,0.0,1024.0,1366.0,0.0058443619601024,Male,White,True,Male_White,0.0,1
13562,57--Angler/57_Angler_peoplefishing_57_922.jpg,410.0,194.0,628.0,438.0,0.0,0.0,0.0,0.0,0.0,0.0,1024.0,920.0,0.0564622961956521,Male,White,True,Male_White,2.0,1
13563,57--Angler/57_Angler_peoplefishing_57_294.jpg,396.0,46.0,431.0,91.0,1.0,0.0,0.0,0.0,0.0,0.0,1024.0,680.0,0.0022618910845588,Male,Asian,True,Male_Asian,0.0,1
13564,57--Angler/57_Angler_peoplefishing_57_294.jpg,559.0,95.0,593.0,141.0,1.0,0.0,0.0,0.0,0.0,0.0,1024.0,680.0,0.00224609375,Male,Asian,True,Male_Asian,0.0,1
13565,57--Angler/57_Angler_peoplefishing_57_294.jpg,525.0,297.0,562.0,343.0,1.0,0.0,0.0,0.0,1.0,0.0,1024.0,680.0,0.002444278492647,Male,White,True,Male_White,0.0,1
13567,57--Angler/57_Angler_peoplefishing_57_844.jpg,371.0,400.0,590.0,635.0,0.0,0.0,0.0,0.0,0.0,0.0,1024.0,1366.0,0.0367926713488286,Male,White,True,Male_White,1.0,1
13575,57--Angler/57_Angler_peoplefishing_57_28.jpg,762.0,134.0,818.0,190.0,1.0,0.0,0.0,0.0,0.0,0.0,1024.0,839.0,0.0036501787842669,Male,White,True,Male_White,0.0,1
13580,57--Angler/57_Angler_peoplefishing_57_965.jpg,464.0,104.0,558.0,220.0,0.0,0.0,0.0,0.0,0.0,0.0,1024.0,706.0,0.0150827726628895,Male,White,True,Male_White,0.0,1
13584,57--Angler/57_Angler_peoplefishing_57_929.jpg,470.0,84.0,584.0,214.0,0.0,0.0,0.0,0.0,0.0,0.0,1024.0,768.0,0.0188446044921875,Male,White,True,Male_White,0.0,1
13585,58--Hockey/58_Hockey_icehockey_puck_58_286.jpg,554.0,551.0,656.0,650.0,0.0,0.0,0.0,0.0,1.0,0.0,1024.0,1543.0,0.0063910098023331,Male,White,True,Male_White,0.0,1
13590,58--Hockey/58_Hockey_icehockey_puck_58_112.jpg,420.0,184.0,460.0,233.0,0.0,0.0,0.0,0.0,0.0,0.0,1024.0,666.0,0.0028739677177177,Male,White,True,Male_White,0.0,1
13598,58--Hockey/58_Hockey_icehockey_puck_58_293.jpg,576.0,114.0,840.0,390.0,0.0,0.0,0.0,0.0,0.0,0.0,1024.0,782.0,0.0909926470588235,Female,White,True,Female_White,3.0,1
13599,58--Hockey/58_Hockey_icehockey_puck_58_370.jpg,294.0,52.0,422.0,242.0,0.0,0.0,0.0,0.0,0.0,0.0,1024.0,640.0,0.037109375,Male,White,True,Male_White,1.0,1
13600,58--Hockey/58_Hockey_icehockey_puck_58_73.jpg,406.0,36.0,488.0,174.0,1.0,0.0,0.0,0.0,0.0,0.0,1024.0,768.0,0.0143890380859375,Male,White,True,Male_White,0.0,1
13601,58--Hockey/58_Hockey_icehockey_puck_58_283.jpg,577.0,147.0,700.0,348.0,0.0,0.0,0.0,0.0,0.0,0.0,1024.0,1536.0,0.0157184600830078,Male,White,True,Male_White,0.0,1
13615,58--Hockey/58_Hockey_icehockey_puck_58_763.jpg,461.0,258.0,578.0,437.0,1.0,0.0,0.0,0.0,0.0,0.0,1024.0,1501.0,0.0136256818371085,Male,White,True,Male_White,0.0,1
13616,58--Hockey/58_Hockey_icehockey_puck_58_747.jpg,112.0,634.0,220.0,768.0,1.0,0.0,1.0,0.0,0.0,0.0,1024.0,768.0,0.018402099609375,Male,White,True,Male_White,0.0,1
13625,58--Hockey/58_Hockey_icehockey_puck_58_748.jpg,190.0,225.0,603.0,651.0,0.0,0.0,0.0,0.0,0.0,0.0,1024.0,1392.0,0.1234299232219827,Male,White,True,Male_White,4.0,1
13628,58--Hockey/58_Hockey_icehockey_puck_58_540.jpg,318.0,258.0,514.0,528.0,0.0,0.0,0.0,0.0,0.0,0.0,1024.0,911.0,0.0567285263446761,Male,White,True,Male_White,2.0,1
13672,58--Hockey/58_Hockey_icehockey_puck_58_901.jpg,262.0,98.0,430.0,268.0,0.0,0.0,0.0,0.0,0.0,0.0,1024.0,768.0,0.03631591796875,Male,White,True,Male_White,1.0,1
13673,58--Hockey/58_Hockey_icehockey_puck_58_30.jpg,463.0,153.0,579.0,269.0,1.0,0.0,0.0,0.0,1.0,0.0,1024.0,1267.0,0.0103714483030781,Female,White,True,Female_White,0.0,1
13674,58--Hockey/58_Hockey_icehockey_puck_58_590.jpg,531.0,269.0,790.0,616.0,0.0,0.0,0.0,0.0,0.0,0.0,1024.0,1366.0,0.0642508064147144,Male,White,True,Male_White,2.0,1
13675,58--Hockey/58_Hockey_icehockey_puck_58_260.jpg,430.0,80.0,486.0,156.0,1.0,0.0,0.0,0.0,0.0,0.0,1024.0,683.0,0.0060852855051244,Male,White,True,Male_White,0.0,1
13687,58--Hockey/58_Hockey_icehockey_puck_58_406.jpg,440.0,168.0,665.0,511.0,0.0,0.0,0.0,0.0,0.0,0.0,1024.0,1211.0,0.0622346911127167,Male,White,True,Male_White,2.0,1
13688,58--Hockey/58_Hockey_icehockey_puck_58_9.jpg,650.0,94.0,758.0,228.0,0.0,0.0,0.0,0.0,1.0,0.0,1024.0,1024.0,0.0138015747070312,Male,White,True,Male_White,0.0,1
13699,58--Hockey/58_Hockey_icehockey_puck_58_736.jpg,553.0,186.0,763.0,477.0,0.0,0.0,0.0,0.0,0.0,0.0,1024.0,1539.0,0.0387769554093567,Male,White,True,Male_White,1.0,1
13702,58--Hockey/58_Hockey_icehockey_puck_58_70.jpg,400.0,100.0,516.0,232.0,1.0,0.0,0.0,0.0,1.0,0.0,1024.0,1014.0,0.0147466715976331,Male,White,True,Male_White,0.0,1
13703,58--Hockey/58_Hockey_icehockey_puck_58_70.jpg,762.0,354.0,842.0,448.0,1.0,0.0,0.0,0.0,1.0,0.0,1024.0,1014.0,0.0072423570019723,Male,Black,True,Male_Black,0.0,1
13704,58--Hockey/58_Hockey_icehockey_puck_58_732.jpg,717.0,107.0,818.0,246.0,1.0,0.0,0.0,0.0,0.0,0.0,1024.0,1366.0,0.0100365746248169,Male,White,True,Male_White,0.0,1
13705,58--Hockey/58_Hockey_icehockey_puck_58_890.jpg,566.0,106.0,758.0,356.0,0.0,0.0,0.0,0.0,0.0,0.0,1024.0,768.0,0.06103515625,Male,White,True,Male_White,2.0,1
13709,58--Hockey/58_Hockey_icehockey_puck_58_420.jpg,475.0,130.0,576.0,265.0,1.0,0.0,0.0,0.0,0.0,0.0,1024.0,1359.0,0.0097979615066225,Male,White,True,Male_White,0.0,1
13720,58--Hockey/58_Hockey_icehockey_puck_58_723.jpg,809.0,37.0,861.0,112.0,0.0,0.0,0.0,0.0,0.0,1.0,1024.0,324.0,0.0117549189814814,Male,Black,True,Male_Black,0.0,10
13721,58--Hockey/58_Hockey_icehockey_puck_58_723.jpg,419.0,37.0,465.0,112.0,0.0,0.0,0.0,0.0,0.0,1.0,1024.0,324.0,0.0103985821759259,Male,Black,True,Male_Black,0.0,10
13722,58--Hockey/58_Hockey_icehockey_puck_58_723.jpg,100.0,35.0,146.0,112.0,0.0,0.0,0.0,0.0,0.0,1.0,1024.0,324.0,0.0106758777006172,Male,Black,True,Male_Black,0.0,10
13726,58--Hockey/58_Hockey_icehockey_puck_58_596.jpg,722.0,82.0,788.0,168.0,1.0,0.0,0.0,0.0,1.0,0.0,1024.0,577.0,0.0096065316291161,Male,White,True,Male_White,0.0,1
13727,58--Hockey/58_Hockey_icehockey_puck_58_292.jpg,642.0,90.0,708.0,162.0,1.0,0.0,0.0,0.0,0.0,1.0,1024.0,671.0,0.0069159836065573,Male,Asian,True,Male_Asian,0.0,1
13728,58--Hockey/58_Hockey_icehockey_puck_58_292.jpg,282.0,142.0,344.0,212.0,1.0,0.0,0.0,0.0,0.0,0.0,1024.0,671.0,0.0063163654992548,Male,White,True,Male_White,0.0,1
13729,58--Hockey/58_Hockey_icehockey_puck_58_1033.jpg,383.0,132.0,606.0,469.0,0.0,0.0,0.0,0.0,0.0,0.0,1024.0,1224.0,0.0599588631025326,Male,White,True,Male_White,2.0,1
13730,58--Hockey/58_Hockey_icehockey_puck_58_223.jpg,312.0,116.0,394.0,222.0,1.0,0.0,0.0,0.0,0.0,0.0,1024.0,811.0,0.0104664380394574,Male,White,True,Male_White,0.0,1
13733,58--Hockey/58_Hockey_icehockey_puck_58_215.jpg,685.0,74.0,724.0,120.0,1.0,0.0,0.0,0.0,0.0,0.0,1024.0,1147.0,0.0015274220793374,Male,White,True,Male_White,0.0,1
13734,58--Hockey/58_Hockey_icehockey_puck_58_643.jpg,299.0,160.0,527.0,486.0,0.0,0.0,0.0,0.0,0.0,0.0,1024.0,1391.0,0.0521825575125808,Male,White,True,Male_White,1.0,1
13735,58--Hockey/58_Hockey_icehockey_puck_58_594.jpg,168.0,470.0,442.0,771.0,0.0,0.0,0.0,0.0,0.0,0.0,1024.0,1392.0,0.0578599250179597,Male,White,True,Male_White,2.0,1
13737,58--Hockey/58_Hockey_icehockey_puck_58_364.jpg,640.0,18.0,766.0,188.0,0.0,0.0,0.0,0.0,0.0,0.0,1024.0,577.0,0.0362529787694974,Male,White,True,Male_White,1.0,1
13745,58--Hockey/58_Hockey_icehockey_puck_58_533.jpg,514.0,232.0,612.0,352.0,1.0,0.0,0.0,0.0,0.0,0.0,1024.0,768.0,0.01495361328125,Male,White,True,Male_White,0.0,1
13749,58--Hockey/58_Hockey_icehockey_puck_58_918.jpg,895.0,392.0,936.0,437.0,1.0,0.0,0.0,0.0,1.0,0.0,1024.0,681.0,0.0026457530286343,Male,Asian,True,Male_Asian,0.0,1
13750,58--Hockey/58_Hockey_icehockey_puck_58_918.jpg,818.0,225.0,861.0,281.0,1.0,0.0,0.0,0.0,0.0,0.0,1024.0,681.0,0.0034531020558002,Male,Asian,True,Male_Asian,0.0,1
13751,58--Hockey/58_Hockey_icehockey_puck_58_918.jpg,879.0,122.0,923.0,181.0,1.0,0.0,0.0,0.0,1.0,0.0,1024.0,681.0,0.0037226964023494,Male,Asian,True,Male_Asian,0.0,1
13752,58--Hockey/58_Hockey_icehockey_puck_58_918.jpg,701.0,142.0,742.0,196.0,1.0,0.0,0.0,0.0,0.0,0.0,1024.0,681.0,0.0031749036343612,Male,Asian,True,Male_Asian,0.0,1
13753,58--Hockey/58_Hockey_icehockey_puck_58_918.jpg,529.0,176.0,573.0,221.0,1.0,0.0,0.0,0.0,1.0,0.0,1024.0,681.0,0.0028393447136563,Male,Asian,True,Male_Asian,0.0,1
13754,58--Hockey/58_Hockey_icehockey_puck_58_918.jpg,715.0,393.0,755.0,440.0,1.0,0.0,0.0,0.0,1.0,0.0,1024.0,681.0,0.0026959434654919,Male,Asian,True,Male_Asian,0.0,1
13755,58--Hockey/58_Hockey_icehockey_puck_58_918.jpg,504.0,476.0,553.0,527.0,1.0,0.0,0.0,0.0,1.0,0.0,1024.0,681.0,0.0035835971916299,Male,Asian,True,Male_Asian,0.0,1
13756,58--Hockey/58_Hockey_icehockey_puck_58_918.jpg,446.0,178.0,491.0,245.0,1.0,0.0,0.0,0.0,1.0,0.0,1024.0,681.0,0.0043235476321585,Male,White,True,Male_White,0.0,1
13757,58--Hockey/58_Hockey_icehockey_puck_58_918.jpg,363.0,493.0,401.0,544.0,1.0,0.0,0.0,0.0,1.0,0.0,1024.0,681.0,0.0027791161894273,Male,Asian,True,Male_Asian,0.0,1
13758,58--Hockey/58_Hockey_icehockey_puck_58_918.jpg,220.0,383.0,268.0,434.0,1.0,0.0,0.0,0.0,1.0,0.0,1024.0,681.0,0.003510462555066,Male,Asian,True,Male_Asian,0.0,1
13759,58--Hockey/58_Hockey_icehockey_puck_58_918.jpg,105.0,382.0,148.0,433.0,1.0,0.0,0.0,0.0,1.0,0.0,1024.0,681.0,0.0031447893722466,Male,Asian,True,Male_Asian,0.0,1
13760,58--Hockey/58_Hockey_icehockey_puck_58_918.jpg,101.0,173.0,145.0,242.0,1.0,0.0,0.0,0.0,0.0,0.0,1024.0,681.0,0.0043536618942731,Male,Asian,True,Male_Asian,0.0,1
13761,58--Hockey/58_Hockey_icehockey_puck_58_918.jpg,489.0,2.0,535.0,51.0,1.0,0.0,0.0,0.0,0.0,0.0,1024.0,681.0,0.003232264133627,Male,Asian,True,Male_Asian,0.0,1
13774,58--Hockey/58_Hockey_icehockey_puck_58_917.jpg,301.0,200.0,712.0,816.0,0.0,0.0,0.0,0.0,0.0,0.0,1024.0,1366.0,0.1809972090043924,Male,White,True,Male_White,6.0,1
13776,58--Hockey/58_Hockey_icehockey_puck_58_196.jpg,582.0,24.0,654.0,114.0,1.0,0.0,0.0,0.0,0.0,0.0,1024.0,679.0,0.0093197717231222,Male,White,True,Male_White,0.0,1
13777,58--Hockey/58_Hockey_icehockey_puck_58_470.jpg,322.0,236.0,442.0,402.0,0.0,0.0,0.0,0.0,0.0,0.0,1024.0,577.0,0.0337142547660311,Male,White,True,Male_White,1.0,1
13778,59--people--driving--car/59_peopledrivingcar_peopledrivingcar_59_358.jpg,662.0,68.0,764.0,230.0,0.0,0.0,0.0,0.0,0.0,0.0,1024.0,684.0,0.0235916940789473,Female,White,True,Female_White,0.0,1
13779,59--people--driving--car/59_peopledrivingcar_peopledrivingcar_59_15.jpg,626.0,219.0,657.0,259.0,1.0,0.0,0.0,0.0,0.0,0.0,1024.0,582.0,0.0020806486254295,Male,White,True,Male_White,0.0,1
13782,59--people--driving--car/59_peopledrivingcar_peopledrivingcar_59_50.jpg,252.0,28.0,418.0,324.0,0.0,1.0,0.0,0.0,0.0,0.0,1024.0,682.0,0.0703583211143695,Male,White,True,Male_White,2.0,1
13783,59--people--driving--car/59_peopledrivingcar_peopledrivingcar_59_451.jpg,510.0,156.0,664.0,358.0,0.0,0.0,0.0,0.0,0.0,0.0,1024.0,682.0,0.0445438508064516,Female,White,True,Female_White,1.0,1
13784,59--people--driving--car/59_peopledrivingcar_peopledrivingcar_59_366.jpg,162.0,144.0,348.0,374.0,0.0,0.0,0.0,0.0,0.0,0.0,1024.0,751.0,0.0556289530625832,Female,White,True,Female_White,2.0,1
13785,59--people--driving--car/59_peopledrivingcar_peopledrivingcar_59_230.jpg,358.0,4.0,462.0,88.0,1.0,0.0,0.0,0.0,0.0,1.0,1024.0,632.0,0.0134988132911392,Male,Asian,True,Male_Asian,0.0,1
13791,59--people--driving--car/59_peopledrivingcar_peopledrivingcar_59_16.jpg,394.0,182.0,562.0,394.0,0.0,0.0,0.0,0.0,0.0,1.0,1024.0,679.0,0.0512242268041237,Female,White,True,Female_White,1.0,1
13793,59--people--driving--car/59_peopledrivingcar_peopledrivingcar_59_268.jpg,476.0,22.0,770.0,330.0,0.0,0.0,0.0,0.0,0.0,0.0,1024.0,700.0,0.126328125,Female,White,True,Female_White,4.0,1
13796,59--people--driving--car/59_peopledrivingcar_peopledrivingcar_59_368.jpg,148.0,154.0,318.0,330.0,1.0,1.0,0.0,0.0,0.0,1.0,1024.0,704.0,0.04150390625,Male,Black,True,Male_Black,1.0,10
13801,59--people--driving--car/59_peopledrivingcar_peopledrivingcar_59_914.jpg,618.0,148.0,670.0,220.0,1.0,0.0,0.0,0.0,0.0,0.0,1024.0,768.0,0.0047607421875,Male,White,True,Male_White,0.0,1
13804,59--people--driving--car/59_peopledrivingcar_peopledrivingcar_59_42.jpg,398.0,146.0,638.0,474.0,0.0,0.0,0.0,0.0,0.0,0.0,1024.0,719.0,0.1069193324061196,Male,White,True,Male_White,3.0,1
13805,59--people--driving--car/59_peopledrivingcar_peopledrivingcar_59_4.jpg,260.0,224.0,442.0,452.0,0.0,0.0,0.0,0.0,0.0,0.0,1024.0,768.0,0.052764892578125,Female,White,True,Female_White,1.0,1
13806,59--people--driving--car/59_peopledrivingcar_peopledrivingcar_59_144.jpg,572.0,138.0,694.0,342.0,0.0,0.0,0.0,0.0,0.0,0.0,1024.0,727.0,0.0334314821182943,Female,White,True,Female_White,1.0,1
13807,59--people--driving--car/59_peopledrivingcar_peopledrivingcar_59_190.jpg,236.0,124.0,444.0,428.0,0.0,0.0,0.0,0.0,0.0,0.0,1024.0,710.0,0.0869718309859154,Male,White,True,Male_White,3.0,1
13810,59--people--driving--car/59_peopledrivingcar_peopledrivingcar_59_121.jpg,236.0,118.0,356.0,334.0,0.0,0.0,0.0,0.0,0.0,0.0,1024.0,642.0,0.0394275700934579,Female,White,True,Female_White,1.0,1
13811,59--people--driving--car/59_peopledrivingcar_peopledrivingcar_59_36.jpg,246.0,208.0,364.0,376.0,0.0,0.0,0.0,0.0,0.0,0.0,1024.0,683.0,0.0283446193265007,Male,White,True,Male_White,1.0,1
13812,59--people--driving--car/59_peopledrivingcar_peopledrivingcar_59_241.jpg,322.0,178.0,804.0,907.0,0.0,0.0,0.0,0.0,0.0,0.0,1024.0,1543.0,0.2223866352073882,Female,White,True,Female_White,8.0,1
13813,59--people--driving--car/59_peopledrivingcar_peopledrivingcar_59_92.jpg,552.0,142.0,636.0,202.0,1.0,0.0,0.0,0.0,1.0,1.0,1024.0,576.0,0.008544921875,Male,White,True,Male_White,0.0,1
13816,59--people--driving--car/59_peopledrivingcar_peopledrivingcar_59_206.jpg,422.0,169.0,465.0,222.0,1.0,0.0,1.0,0.0,0.0,0.0,1024.0,768.0,0.0028978983561197,Male,White,True,Male_White,0.0,1
13817,59--people--driving--car/59_peopledrivingcar_peopledrivingcar_59_370.jpg,364.0,172.0,530.0,368.0,0.0,0.0,0.0,0.0,0.0,0.0,1024.0,683.0,0.046520406295754,Female,White,True,Female_White,1.0,1
13818,59--people--driving--car/59_peopledrivingcar_peopledrivingcar_59_271.jpg,628.0,270.0,696.0,349.0,1.0,0.0,0.0,0.0,0.0,0.0,1024.0,713.0,0.0073577752454417,Male,Asian,True,Male_Asian,0.0,1
13819,59--people--driving--car/59_peopledrivingcar_peopledrivingcar_59_271.jpg,744.0,299.0,784.0,358.0,1.0,0.0,0.0,0.0,1.0,0.0,1024.0,713.0,0.0032323807854137,Male,White,True,Male_White,0.0,1
13820,59--people--driving--car/59_peopledrivingcar_peopledrivingcar_59_1000.jpg,118.0,98.0,288.0,362.0,0.0,0.0,0.0,0.0,0.0,0.0,1024.0,687.0,0.0637963973799126,Female,White,True,Female_White,2.0,1
13822,59--people--driving--car/59_peopledrivingcar_peopledrivingcar_59_2.jpg,622.0,126.0,764.0,332.0,0.0,0.0,0.0,0.0,0.0,0.0,1024.0,685.0,0.0417027828467153,Male,White,True,Male_White,1.0,1
13823,59--people--driving--car/59_peopledrivingcar_peopledrivingcar_59_440.jpg,460.0,172.0,546.0,278.0,1.0,0.0,0.0,0.0,0.0,0.0,1024.0,714.0,0.0124682685574229,Male,White,True,Male_White,0.0,1
13824,59--people--driving--car/59_peopledrivingcar_peopledrivingcar_59_788.jpg,316.0,190.0,630.0,492.0,0.0,0.0,0.0,0.0,1.0,1.0,1024.0,683.0,0.1355863378477306,Female,White,True,Female_White,5.0,1
13828,59--people--driving--car/59_peopledrivingcar_peopledrivingcar_59_26.jpg,426.0,124.0,630.0,360.0,0.0,0.0,0.0,0.0,0.0,0.0,1024.0,683.0,0.0688369326500732,Female,White,True,Female_White,2.0,1
13831,59--people--driving--car/59_peopledrivingcar_peopledrivingcar_59_595.jpg,522.0,38.0,894.0,544.0,0.0,0.0,0.0,0.0,0.0,0.0,1024.0,708.0,0.2596332097457627,Female,White,True,Female_White,9.0,1
13838,59--people--driving--car/59_peopledrivingcar_peopledrivingcar_59_177.jpg,488.0,156.0,706.0,442.0,0.0,0.0,0.0,0.0,0.0,0.0,1024.0,713.0,0.0853951174614305,Male,White,True,Male_White,3.0,1
13839,59--people--driving--car/59_peopledrivingcar_peopledrivingcar_59_682.jpg,334.0,314.0,442.0,436.0,0.0,0.0,1.0,0.0,0.0,0.0,1024.0,694.0,0.0185406159942363,Female,White,True,Female_White,0.0,1
13840,59--people--driving--car/59_peopledrivingcar_peopledrivingcar_59_165.jpg,254.0,98.0,342.0,218.0,1.0,0.0,0.0,0.0,0.0,0.0,1024.0,680.0,0.0151654411764705,Female,White,True,Female_White,0.0,1
13841,59--people--driving--car/59_peopledrivingcar_peopledrivingcar_59_245.jpg,552.0,0.0,754.0,240.0,0.0,0.0,0.0,0.0,0.0,0.0,1024.0,411.0,0.115191605839416,Female,White,True,Female_White,4.0,1
13847,59--people--driving--car/59_peopledrivingcar_peopledrivingcar_59_493.jpg,448.0,130.0,516.0,212.0,1.0,0.0,0.0,0.0,0.0,0.0,1024.0,672.0,0.0081031436011904,Male,White,True,Male_White,0.0,1
13855,59--people--driving--car/59_peopledrivingcar_peopledrivingcar_59_903.jpg,298.0,135.0,804.0,878.0,0.0,0.0,0.0,0.0,0.0,0.0,1024.0,1211.0,0.3031762876754748,Male,Black,True,Male_Black,11.0,10
13856,59--people--driving--car/59_peopledrivingcar_peopledrivingcar_59_882.jpg,502.0,122.0,684.0,366.0,0.0,0.0,0.0,0.0,0.0,0.0,1024.0,576.0,0.0752902560763889,Male,White,True,Male_White,2.0,1
13862,59--people--driving--car/59_peopledrivingcar_peopledrivingcar_59_374.jpg,472.0,254.0,740.0,556.0,0.0,0.0,0.0,0.0,0.0,0.0,1024.0,768.0,0.1029154459635416,Female,White,True,Female_White,3.0,1
13866,59--people--driving--car/59_peopledrivingcar_peopledrivingcar_59_233.jpg,684.0,182.0,792.0,372.0,0.0,0.0,0.0,0.0,0.0,0.0,1024.0,768.0,0.026092529296875,Male,White,True,Male_White,0.0,1
13869,59--people--driving--car/59_peopledrivingcar_peopledrivingcar_59_439.jpg,122.0,106.0,198.0,210.0,0.0,0.0,0.0,0.0,0.0,0.0,1024.0,776.0,0.0099468427835051,Male,White,True,Male_White,0.0,1
13872,59--people--driving--car/59_peopledrivingcar_peopledrivingcar_59_126.jpg,650.0,156.0,804.0,412.0,0.0,0.0,0.0,0.0,0.0,0.0,1024.0,680.0,0.0566176470588235,Female,White,True,Female_White,2.0,1
13873,59--people--driving--car/59_peopledrivingcar_peopledrivingcar_59_874.jpg,728.0,100.0,844.0,236.0,0.0,0.0,0.0,0.0,0.0,0.0,1024.0,652.0,0.023629217791411,Male,White,True,Male_White,0.0,1
13874,59--people--driving--car/59_peopledrivingcar_peopledrivingcar_59_955.jpg,596.0,120.0,686.0,268.0,1.0,0.0,0.0,0.0,0.0,0.0,1024.0,669.0,0.0194436659192825,Male,White,True,Male_White,0.0,1
13876,59--people--driving--car/59_peopledrivingcar_peopledrivingcar_59_726.jpg,578.0,140.0,636.0,230.0,0.0,0.0,0.0,0.0,0.0,0.0,1024.0,738.0,0.0069073932926829,Female,White,True,Female_White,0.0,1
13877,59--people--driving--car/59_peopledrivingcar_peopledrivingcar_59_115.jpg,366.0,318.0,472.0,454.0,1.0,0.0,0.0,0.0,0.0,1.0,1024.0,714.0,0.0197172619047619,Male,White,True,Male_White,0.0,1
13882,59--people--driving--car/59_peopledrivingcar_peopledrivingcar_59_819.jpg,230.0,36.0,649.0,512.0,0.0,0.0,0.0,0.0,0.0,0.0,1024.0,1326.0,0.146885016025641,Female,White,True,Female_White,5.0,1
13889,59--people--driving--car/59_peopledrivingcar_peopledrivingcar_59_908.jpg,175.0,164.0,212.0,215.0,1.0,0.0,0.0,0.0,0.0,0.0,1024.0,712.0,0.0025881649403089,Male,White,True,Male_White,0.0,1
13895,59--people--driving--car/59_peopledrivingcar_peopledrivingcar_59_416.jpg,722.0,204.0,844.0,368.0,0.0,0.0,0.0,0.0,0.0,0.0,1024.0,661.0,0.0295598524962178,Male,White,True,Male_White,1.0,1
13898,59--people--driving--car/59_peopledrivingcar_peopledrivingcar_59_56.jpg,592.0,60.0,782.0,358.0,1.0,1.0,0.0,0.0,0.0,0.0,1024.0,678.0,0.0815530512536873,Male,White,True,Male_White,3.0,1
13905,59--people--driving--car/59_peopledrivingcar_peopledrivingcar_59_529.jpg,666.0,58.0,770.0,216.0,0.0,0.0,0.0,0.0,0.0,0.0,1024.0,478.0,0.0335708682008368,Male,White,True,Male_White,1.0,1
13913,59--people--driving--car/59_peopledrivingcar_peopledrivingcar_59_83.jpg,182.0,146.0,254.0,288.0,0.0,0.0,0.0,0.0,0.0,0.0,1024.0,683.0,0.0146184114202049,Male,White,True,Male_White,0.0,1
13914,59--people--driving--car/59_peopledrivingcar_peopledrivingcar_59_328.jpg,330.0,204.0,470.0,466.0,0.0,0.0,0.0,0.0,0.0,0.0,1024.0,683.0,0.0524455527086383,Female,White,True,Female_White,1.0,1
13915,6--Funeral/6_Funeral_Funeral_6_896.jpg,334.0,132.0,606.0,600.0,0.0,0.0,0.0,0.0,0.0,0.0,1024.0,975.0,0.1275,Male,White,True,Male_White,4.0,1
13916,6--Funeral/6_Funeral_Funeral_6_915.jpg,401.0,416.0,747.0,884.0,0.0,0.0,0.0,0.0,0.0,0.0,1024.0,1489.0,0.1062006799865681,Female,Indian,True,Female_Indian,3.0,1
13917,6--Funeral/6_Funeral_Funeral_6_237.jpg,322.0,384.0,404.0,450.0,1.0,0.0,0.0,0.0,0.0,1.0,1024.0,651.0,0.0081185195852534,Male,Indian,True,Male_Indian,0.0,1
13918,6--Funeral/6_Funeral_Funeral_6_233.jpg,366.0,396.0,454.0,464.0,1.0,0.0,0.0,0.0,0.0,1.0,1024.0,684.0,0.0085434941520467,Male,Black,True,Male_Black,0.0,10
13926,6--Funeral/6_Funeral_Funeral_6_417.jpg,360.0,76.0,446.0,204.0,0.0,0.0,0.0,0.0,0.0,0.0,1024.0,683.0,0.0157393850658858,Male,White,True,Male_White,0.0,1
13932,6--Funeral/6_Funeral_Funeral_6_675.jpg,866.0,104.0,934.0,188.0,1.0,0.0,0.0,0.0,0.0,0.0,1024.0,743.0,0.0075075706594885,Female,White,True,Female_White,0.0,1
13933,6--Funeral/6_Funeral_Funeral_6_651.jpg,356.0,56.0,430.0,164.0,1.0,0.0,0.0,0.0,0.0,0.0,1024.0,674.0,0.0115796550445103,Female,White,True,Female_White,0.0,1
13957,6--Funeral/6_Funeral_Funeral_6_868.jpg,108.0,253.0,614.0,949.0,0.0,0.0,0.0,0.0,0.0,0.0,1024.0,1542.0,0.2230362354085603,Female,White,True,Female_White,8.0,1
13978,6--Funeral/6_Funeral_Funeral_6_812.jpg,628.0,118.0,764.0,298.0,0.0,0.0,1.0,0.0,0.0,0.0,1024.0,1056.0,0.0226384943181818,Male,White,True,Male_White,0.0,1
13979,6--Funeral/6_Funeral_Funeral_6_437.jpg,116.0,32.0,412.0,448.0,0.0,0.0,0.0,0.0,0.0,0.0,1024.0,1021.0,0.1177766895200783,Female,Black,True,Female_Black,4.0,1
13980,6--Funeral/6_Funeral_Funeral_6_437.jpg,518.0,26.0,832.0,414.0,0.0,0.0,0.0,0.0,0.0,0.0,1024.0,1021.0,0.11652944417238,Male,Black,True,Male_Black,4.0,1
13985,6--Funeral/6_Funeral_Funeral_6_753.jpg,264.0,323.0,779.0,998.0,0.0,0.0,0.0,0.0,0.0,0.0,1024.0,1366.0,0.2485194283034407,Male,White,True,Male_White,9.0,1
13986,6--Funeral/6_Funeral_Funeral_6_540.jpg,630.0,54.0,778.0,252.0,0.0,0.0,1.0,0.0,0.0,0.0,1024.0,428.0,0.0668625876168224,Male,White,True,Male_White,2.0,1
13991,6--Funeral/6_Funeral_Funeral_6_677.jpg,510.0,860.0,693.0,1036.0,0.0,0.0,0.0,0.0,0.0,1.0,1024.0,1586.0,0.0198317307692307,Male,Black,True,Male_Black,0.0,1
13998,6--Funeral/6_Funeral_Funeral_6_749.jpg,400.0,119.0,556.0,369.0,0.0,0.0,0.0,0.0,0.0,0.0,1024.0,1454.0,0.0261939047455295,Male,White,True,Male_White,0.0,1
14000,6--Funeral/6_Funeral_Funeral_6_227.jpg,274.0,362.0,390.0,446.0,1.0,0.0,0.0,0.0,0.0,1.0,1024.0,686.0,0.0138711734693877,Male,Indian,True,Male_Indian,0.0,1
14013,6--Funeral/6_Funeral_Funeral_6_787.jpg,274.0,246.0,408.0,370.0,1.0,0.0,0.0,0.0,0.0,1.0,1024.0,768.0,0.0211283365885416,Male,White,True,Male_White,0.0,1
14026,6--Funeral/6_Funeral_Funeral_6_947.jpg,366.0,174.0,644.0,566.0,0.0,0.0,1.0,0.0,0.0,0.0,1024.0,711.0,0.1496791490857946,Male,White,True,Male_White,5.0,1
14027,6--Funeral/6_Funeral_Funeral_6_876.jpg,294.0,151.0,703.0,675.0,0.0,0.0,0.0,0.0,0.0,0.0,1024.0,1406.0,0.1488570190256045,Male,White,True,Male_White,5.0,1
14032,6--Funeral/6_Funeral_Funeral_6_273.jpg,632.0,117.0,765.0,314.0,0.0,0.0,0.0,0.0,0.0,0.0,1024.0,1051.0,0.0243453035799238,Male,Black,True,Male_Black,0.0,1
14033,6--Funeral/6_Funeral_Funeral_6_273.jpg,300.0,148.0,417.0,322.0,0.0,0.0,0.0,0.0,1.0,0.0,1024.0,1051.0,0.0189161364176974,Male,White,True,Male_White,0.0,1
14079,6--Funeral/6_Funeral_Funeral_6_120.jpg,56.0,66.0,132.0,175.0,1.0,0.0,0.0,0.0,0.0,0.0,1024.0,1303.0,0.0062086291250959,Male,Black,True,Male_Black,0.0,1
14080,6--Funeral/6_Funeral_Funeral_6_120.jpg,196.0,102.0,280.0,216.0,1.0,0.0,0.0,0.0,1.0,0.0,1024.0,1303.0,0.0071769474290099,Male,Black,True,Male_Black,0.0,1
14081,6--Funeral/6_Funeral_Funeral_6_120.jpg,287.0,64.0,368.0,176.0,1.0,0.0,0.0,0.0,0.0,0.0,1024.0,1303.0,0.0067992133537989,Male,Black,True,Male_Black,0.0,1
14082,6--Funeral/6_Funeral_Funeral_6_120.jpg,508.0,170.0,594.0,264.0,1.0,0.0,0.0,0.0,0.0,0.0,1024.0,1303.0,0.0060587346508058,Female,Black,True,Female_Black,0.0,1
14083,6--Funeral/6_Funeral_Funeral_6_120.jpg,559.0,257.0,623.0,338.0,1.0,0.0,0.0,0.0,0.0,0.0,1024.0,1303.0,0.0038852647735993,Female,White,True,Female_White,0.0,1
14084,6--Funeral/6_Funeral_Funeral_6_120.jpg,831.0,155.0,907.0,262.0,1.0,0.0,0.0,0.0,0.0,0.0,1024.0,1303.0,0.0060947093246354,Male,White,True,Male_White,0.0,1
14086,6--Funeral/6_Funeral_Funeral_6_890.jpg,423.0,336.0,691.0,705.0,0.0,0.0,0.0,0.0,0.0,0.0,1024.0,1399.0,0.0690308926018584,Female,White,True,Female_White,2.0,1
14092,6--Funeral/6_Funeral_Funeral_6_657.jpg,320.0,68.0,729.0,674.0,0.0,0.0,0.0,0.0,0.0,0.0,1024.0,1086.0,0.2228774602900552,Male,White,True,Male_White,8.0,1
14095,6--Funeral/6_Funeral_Funeral_6_1003.jpg,392.0,246.0,642.0,568.0,0.0,0.0,0.0,0.0,0.0,0.0,1024.0,992.0,0.0792472593245967,Male,White,True,Male_White,2.0,1
14106,6--Funeral/6_Funeral_Funeral_6_841.jpg,536.0,190.0,644.0,335.0,1.0,0.0,0.0,0.0,0.0,0.0,1024.0,1543.0,0.0099111916720674,Male,Indian,True,Male_Indian,0.0,10
14107,6--Funeral/6_Funeral_Funeral_6_841.jpg,810.0,262.0,897.0,376.0,1.0,0.0,0.0,0.0,0.0,0.0,1024.0,1543.0,0.006277088058976,Male,Indian,True,Male_Indian,0.0,10
14108,6--Funeral/6_Funeral_Funeral_6_841.jpg,265.0,352.0,355.0,475.0,1.0,0.0,0.0,0.0,0.0,0.0,1024.0,1543.0,0.0070061872164614,Female,Indian,True,Female_Indian,0.0,10
14109,6--Funeral/6_Funeral_Funeral_6_841.jpg,376.0,304.0,469.0,430.0,1.0,0.0,0.0,0.0,0.0,0.0,1024.0,1543.0,0.0074163054925469,Male,Indian,True,Male_Indian,0.0,10
14110,6--Funeral/6_Funeral_Funeral_6_841.jpg,33.0,301.0,126.0,424.0,1.0,0.0,0.0,0.0,0.0,0.0,1024.0,1543.0,0.0072397267903434,Male,Indian,True,Male_Indian,0.0,10
14111,6--Funeral/6_Funeral_Funeral_6_841.jpg,15.0,524.0,123.0,693.0,1.0,0.0,0.0,0.0,0.0,0.0,1024.0,1543.0,0.0115516647764095,Male,Indian,True,Male_Indian,0.0,10
14112,61--Street_Battle/61_Street_Battle_streetfight_61_554.jpg,734.0,270.0,822.0,390.0,1.0,0.0,0.0,0.0,0.0,0.0,1024.0,576.0,0.0179036458333333,Male,White,True,Male_White,0.0,1
14113,61--Street_Battle/61_Street_Battle_streetfight_61_770.jpg,430.0,56.0,716.0,462.0,0.0,0.0,0.0,0.0,0.0,0.0,1024.0,576.0,0.1968655056423611,Male,White,True,Male_White,7.0,1
14114,61--Street_Battle/61_Street_Battle_streetfight_61_793.jpg,348.0,172.0,516.0,314.0,1.0,0.0,0.0,0.0,0.0,1.0,1024.0,1024.0,0.0227508544921875,Male,White,True,Male_White,0.0,1
14115,61--Street_Battle/61_Street_Battle_streetfight_61_793.jpg,502.0,510.0,646.0,608.0,1.0,0.0,0.0,0.0,0.0,1.0,1024.0,1024.0,0.013458251953125,Male,Asian,True,Male_Asian,0.0,1
14120,61--Street_Battle/61_Street_Battle_streetfight_61_468.jpg,680.0,68.0,1022.0,538.0,0.0,0.0,0.0,0.0,0.0,0.0,1024.0,669.0,0.2346377522421524,Male,Black,True,Male_Black,8.0,1
14121,61--Street_Battle/61_Street_Battle_streetfight_61_468.jpg,184.0,22.0,550.0,508.0,0.0,0.0,1.0,0.0,0.0,0.0,1024.0,669.0,0.2596517656950672,Male,Black,True,Male_Black,9.0,1
14130,61--Street_Battle/61_Street_Battle_streetfight_61_290.jpg,326.0,36.0,374.0,96.0,1.0,0.0,0.0,0.0,0.0,0.0,1024.0,576.0,0.0048828125,Male,White,True,Male_White,0.0,1
14135,61--Street_Battle/61_Street_Battle_streetfight_61_716.jpg,868.0,246.0,940.0,320.0,0.0,0.0,0.0,0.0,0.0,1.0,1024.0,680.0,0.0076516544117647,Male,White,True,Male_White,0.0,1
14139,61--Street_Battle/61_Street_Battle_streetfight_61_832.jpg,352.0,54.0,694.0,526.0,0.0,0.0,0.0,0.0,0.0,0.0,1024.0,1024.0,0.1539459228515625,Male,White,True,Male_White,5.0,1
14140,61--Street_Battle/61_Street_Battle_streetfight_61_868.jpg,288.0,30.0,506.0,320.0,0.0,0.0,0.0,0.0,0.0,0.0,1024.0,606.0,0.1018783518976897,Male,White,True,Male_White,3.0,1
14141,61--Street_Battle/61_Street_Battle_streetfight_61_757.jpg,422.0,171.0,626.0,409.0,0.0,0.0,0.0,0.0,0.0,0.0,1024.0,1434.0,0.0330641997907949,Female,Asian,True,Female_Asian,1.0,1
14142,61--Street_Battle/61_Street_Battle_streetfight_61_757.jpg,893.0,585.0,971.0,686.0,1.0,0.0,0.0,0.0,0.0,0.0,1024.0,1434.0,0.0053649646966527,Male,White,True,Male_White,0.0,1
14147,61--Street_Battle/61_Street_Battle_streetfight_61_729.jpg,303.0,192.0,730.0,778.0,0.0,0.0,0.0,0.0,0.0,0.0,1024.0,1449.0,0.1686386624396135,Male,White,True,Male_White,6.0,1
14148,61--Street_Battle/61_Street_Battle_streetfight_61_613.jpg,353.0,177.0,718.0,632.0,0.0,0.0,0.0,0.0,0.0,0.0,1024.0,1534.0,0.1057253045550847,Male,White,True,Male_White,3.0,1
14151,61--Street_Battle/61_Street_Battle_streetfight_61_821.jpg,210.0,96.0,278.0,196.0,1.0,0.0,0.0,0.0,0.0,0.0,1024.0,768.0,0.0086466471354166,Male,White,True,Male_White,0.0,1
14152,61--Street_Battle/61_Street_Battle_streetfight_61_821.jpg,916.0,122.0,980.0,230.0,1.0,0.0,0.0,0.0,0.0,0.0,1024.0,768.0,0.0087890625,Male,Asian,True,Male_Asian,0.0,1
14153,61--Street_Battle/61_Street_Battle_streetfight_61_346.jpg,392.0,204.0,517.0,414.0,0.0,0.0,1.0,0.0,0.0,0.0,1024.0,1554.0,0.0164959881756756,Female,White,True,Female_White,0.0,1
14159,61--Street_Battle/61_Street_Battle_streetfight_61_415.jpg,602.0,176.0,714.0,335.0,1.0,0.0,0.0,0.0,0.0,0.0,1024.0,1434.0,0.0121273535564853,Male,White,True,Male_White,0.0,1
14167,61--Street_Battle/61_Street_Battle_streetfight_61_570.jpg,430.0,376.0,604.0,596.0,0.0,0.0,0.0,0.0,0.0,0.0,1024.0,1326.0,0.0281921662895927,Male,White,True,Male_White,1.0,1
14171,61--Street_Battle/61_Street_Battle_streetfight_61_674.jpg,406.0,72.0,494.0,198.0,0.0,0.0,0.0,0.0,0.0,0.0,1024.0,683.0,0.0158537701317715,Female,White,True,Female_White,0.0,1
14172,61--Street_Battle/61_Street_Battle_streetfight_61_724.jpg,383.0,261.0,671.0,634.0,0.0,0.0,0.0,0.0,0.0,0.0,1024.0,1736.0,0.0604298675115207,Female,White,True,Female_White,2.0,1
14173,61--Street_Battle/61_Street_Battle_streetfight_61_722.jpg,457.0,134.0,701.0,460.0,0.0,0.0,0.0,0.0,0.0,0.0,1024.0,1560.0,0.0497946714743589,Female,Asian,True,Female_Asian,1.0,1
14178,61--Street_Battle/61_Street_Battle_streetfight_61_330.jpg,246.0,190.0,414.0,420.0,0.0,1.0,0.0,0.0,1.0,0.0,1024.0,768.0,0.04913330078125,Female,Asian,True,Female_Asian,1.0,1
14179,61--Street_Battle/61_Street_Battle_streetfight_61_330.jpg,732.0,52.0,876.0,236.0,0.0,0.0,0.0,0.0,0.0,0.0,1024.0,768.0,0.03369140625,Male,Asian,True,Male_Asian,1.0,1
14182,61--Street_Battle/61_Street_Battle_streetfight_61_556.jpg,398.0,92.0,474.0,202.0,0.0,0.0,0.0,0.0,0.0,0.0,1024.0,682.0,0.0119707661290322,Female,White,True,Female_White,0.0,1
14188,61--Street_Battle/61_Street_Battle_streetfight_61_201.jpg,178.0,100.0,362.0,350.0,0.0,0.0,1.0,0.0,0.0,0.0,1024.0,577.0,0.0778542027729636,Male,White,True,Male_White,2.0,1
14191,61--Street_Battle/61_Street_Battle_streetfight_61_26.jpg,398.0,162.0,482.0,288.0,0.0,0.0,0.0,0.0,1.0,0.0,1024.0,684.0,0.0151110197368421,Female,Asian,True,Female_Asian,0.0,1
14192,61--Street_Battle/61_Street_Battle_streetfight_61_26.jpg,284.0,134.0,364.0,254.0,0.0,0.0,0.0,0.0,1.0,0.0,1024.0,684.0,0.0137061403508771,Male,Asian,True,Male_Asian,0.0,1
14207,61--Street_Battle/61_Street_Battle_streetfight_61_635.jpg,384.0,199.0,541.0,423.0,0.0,0.0,0.0,0.0,0.0,0.0,1024.0,1435.0,0.0239329268292682,Female,White,True,Female_White,0.0,1
14208,61--Street_Battle/61_Street_Battle_streetfight_61_326.jpg,373.0,315.0,568.0,574.0,0.0,0.0,0.0,0.0,0.0,0.0,1024.0,1366.0,0.0361063609535139,Male,White,True,Male_White,1.0,1
14211,61--Street_Battle/61_Street_Battle_streetfight_61_833.jpg,162.0,24.0,470.0,456.0,0.0,0.0,0.0,0.0,0.0,0.0,1024.0,576.0,0.2255859375,Male,Black,True,Male_Black,8.0,1
14212,61--Street_Battle/61_Street_Battle_streetfight_61_833.jpg,580.0,124.0,872.0,460.0,0.0,0.0,0.0,0.0,0.0,0.0,1024.0,576.0,0.1663411458333333,Male,Black,True,Male_Black,6.0,1
14213,61--Street_Battle/61_Street_Battle_streetfight_61_1036.jpg,906.0,184.0,972.0,284.0,1.0,0.0,0.0,0.0,1.0,0.0,1024.0,640.0,0.01007080078125,Male,White,True,Male_White,0.0,1
14233,7--Cheering/7_Cheering_Cheering_7_775.jpg,276.0,28.0,776.0,630.0,0.0,1.0,0.0,0.0,0.0,0.0,1024.0,822.0,0.3575977037712895,Male,White,True,Male_White,13.0,1
14254,7--Cheering/7_Cheering_Cheering_7_698.jpg,422.0,241.0,677.0,585.0,0.0,0.0,0.0,0.0,0.0,0.0,1024.0,1208.0,0.0709139590231788,Female,White,True,Female_White,2.0,1
14255,7--Cheering/7_Cheering_Cheering_7_674.jpg,472.0,360.0,611.0,527.0,0.0,1.0,0.0,0.0,0.0,1.0,1024.0,1400.0,0.0161921037946428,Male,White,True,Male_White,0.0,1
14260,7--Cheering/7_Cheering_Cheering_7_321.jpg,419.0,434.0,599.0,711.0,0.0,1.0,0.0,0.0,0.0,0.0,1024.0,1460.0,0.0333502782534246,Male,Black,True,Male_Black,1.0,10
14261,7--Cheering/7_Cheering_Cheering_7_210.jpg,480.0,136.0,634.0,282.0,0.0,1.0,0.0,0.0,0.0,1.0,1024.0,754.0,0.0291207311007957,Male,White,True,Male_White,1.0,1
14265,7--Cheering/7_Cheering_Cheering_7_206.jpg,134.0,164.0,206.0,282.0,0.0,0.0,0.0,0.0,0.0,0.0,1024.0,754.0,0.0110038129973474,Male,Asian,True,Male_Asian,0.0,10
14266,7--Cheering/7_Cheering_Cheering_7_206.jpg,358.0,178.0,426.0,270.0,0.0,0.0,0.0,0.0,0.0,0.0,1024.0,754.0,0.0081026193633952,Female,Asian,True,Female_Asian,0.0,10
14267,7--Cheering/7_Cheering_Cheering_7_206.jpg,320.0,322.0,398.0,448.0,0.0,0.0,0.0,0.0,0.0,0.0,1024.0,754.0,0.0127289870689655,Female,Asian,True,Female_Asian,0.0,10
14268,7--Cheering/7_Cheering_Cheering_7_206.jpg,532.0,332.0,602.0,440.0,0.0,0.0,0.0,0.0,1.0,0.0,1024.0,754.0,0.0097915285145888,Male,Asian,True,Male_Asian,0.0,10
14269,7--Cheering/7_Cheering_Cheering_7_206.jpg,528.0,238.0,590.0,318.0,0.0,0.0,1.0,0.0,0.0,0.0,1024.0,754.0,0.0064240716180371,Female,Asian,True,Female_Asian,0.0,10
14270,7--Cheering/7_Cheering_Cheering_7_206.jpg,770.0,296.0,832.0,396.0,0.0,0.0,0.0,0.0,1.0,0.0,1024.0,754.0,0.0080300895225464,Male,Asian,True,Male_Asian,0.0,10
14279,7--Cheering/7_Cheering_Cheering_7_773.jpg,353.0,228.0,541.0,478.0,0.0,0.0,0.0,0.0,0.0,0.0,1024.0,1282.0,0.0358022133385335,Female,White,True,Female_White,1.0,1
14282,7--Cheering/7_Cheering_Cheering_7_810.jpg,228.0,303.0,681.0,850.0,0.0,0.0,0.0,0.0,0.0,0.0,1024.0,1536.0,0.157541275024414,Female,White,True,Female_White,5.0,1
14287,7--Cheering/7_Cheering_Cheering_7_754.jpg,342.0,183.0,624.0,562.0,0.0,0.0,0.0,0.0,0.0,0.0,1024.0,1339.0,0.0779485040141896,Female,White,True,Female_White,2.0,1
14288,7--Cheering/7_Cheering_Cheering_7_875.jpg,453.0,183.0,801.0,606.0,0.0,0.0,0.0,0.0,0.0,0.0,1024.0,1536.0,0.0935897827148437,Female,White,True,Female_White,3.0,1
14290,7--Cheering/7_Cheering_Cheering_7_40.jpg,164.0,194.0,222.0,294.0,1.0,0.0,1.0,0.0,0.0,0.0,1024.0,714.0,0.0079328606442577,Female,Indian,True,Female_Indian,0.0,1
14291,7--Cheering/7_Cheering_Cheering_7_40.jpg,242.0,138.0,318.0,236.0,1.0,0.0,0.0,0.0,0.0,0.0,1024.0,714.0,0.0101868872549019,Male,Indian,True,Male_Indian,0.0,1
14292,7--Cheering/7_Cheering_Cheering_7_40.jpg,372.0,214.0,432.0,312.0,1.0,0.0,0.0,0.0,0.0,0.0,1024.0,714.0,0.0080422794117647,Female,Indian,True,Female_Indian,0.0,1
14293,7--Cheering/7_Cheering_Cheering_7_40.jpg,596.0,210.0,664.0,308.0,1.0,1.0,0.0,0.0,0.0,0.0,1024.0,714.0,0.0091145833333333,Female,Asian,True,Female_Asian,0.0,1
14294,7--Cheering/7_Cheering_Cheering_7_40.jpg,672.0,100.0,742.0,202.0,1.0,0.0,0.0,0.0,0.0,0.0,1024.0,714.0,0.009765625,Male,Black,True,Male_Black,0.0,1
14295,7--Cheering/7_Cheering_Cheering_7_40.jpg,792.0,156.0,866.0,256.0,1.0,1.0,0.0,0.0,0.0,0.0,1024.0,714.0,0.0101212359943977,Female,White,True,Female_White,0.0,1
14296,7--Cheering/7_Cheering_Cheering_7_735.jpg,302.0,38.0,720.0,568.0,0.0,1.0,0.0,0.0,0.0,0.0,1024.0,576.0,0.3756035698784722,Male,White,True,Male_White,14.0,1
14308,7--Cheering/7_Cheering_Cheering_7_344.jpg,334.0,52.0,504.0,300.0,0.0,0.0,0.0,0.0,0.0,0.0,1024.0,768.0,0.0536092122395833,Male,White,True,Male_White,1.0,1
14321,7--Cheering/7_Cheering_Cheering_7_817.jpg,74.0,8.0,374.0,370.0,0.0,0.0,0.0,0.0,0.0,0.0,1024.0,768.0,0.138092041015625,Female,Black,True,Female_Black,5.0,1
14322,7--Cheering/7_Cheering_Cheering_7_817.jpg,370.0,2.0,592.0,330.0,0.0,0.0,0.0,0.0,0.0,0.0,1024.0,768.0,0.09259033203125,Female,White,True,Female_White,3.0,1
14339,7--Cheering/7_Cheering_Cheering_7_178.jpg,438.0,196.0,600.0,364.0,0.0,0.0,0.0,0.0,0.0,1.0,1024.0,933.0,0.0284867363344051,Female,Indian,True,Female_Indian,1.0,1
14340,7--Cheering/7_Cheering_Cheering_7_205.jpg,290.0,56.0,452.0,270.0,0.0,0.0,0.0,0.0,0.0,0.0,1024.0,576.0,0.05877685546875,Female,Indian,True,Female_Indian,2.0,1
14341,7--Cheering/7_Cheering_Cheering_7_322.jpg,405.0,625.0,581.0,925.0,0.0,1.0,0.0,0.0,0.0,0.0,1024.0,1585.0,0.0325315457413249,Female,Black,True,Female_Black,1.0,10
14360,7--Cheering/7_Cheering_Cheering_7_763.jpg,272.0,131.0,329.0,201.0,1.0,0.0,0.0,0.0,0.0,1.0,1024.0,1366.0,0.002852477580527,Female,Asian,True,Female_Asian,0.0,1
14361,7--Cheering/7_Cheering_Cheering_7_763.jpg,538.0,355.0,686.0,588.0,0.0,0.0,0.0,0.0,0.0,0.0,1024.0,1366.0,0.0246528413250366,Male,Asian,True,Male_Asian,0.0,1
14362,7--Cheering/7_Cheering_Cheering_7_763.jpg,829.0,179.0,890.0,251.0,1.0,0.0,0.0,0.0,0.0,0.0,1024.0,1366.0,0.0031398700585651,Male,Asian,True,Male_Asian,0.0,1
14363,7--Cheering/7_Cheering_Cheering_7_809.jpg,608.0,60.0,700.0,172.0,1.0,1.0,0.0,0.0,0.0,0.0,1024.0,707.0,0.0142326732673267,Female,White,True,Female_White,0.0,1
14387,7--Cheering/7_Cheering_Cheering_7_88.jpg,454.0,74.0,598.0,290.0,0.0,0.0,0.0,0.0,0.0,0.0,1024.0,757.0,0.0401254953764861,Male,White,True,Male_White,1.0,1
14388,7--Cheering/7_Cheering_Cheering_7_367.jpg,144.0,104.0,276.0,278.0,0.0,0.0,0.0,0.0,0.0,0.0,1024.0,694.0,0.0323194344380403,Female,White,True,Female_White,1.0,1
14390,7--Cheering/7_Cheering_Cheering_7_869.jpg,312.0,178.0,486.0,374.0,0.0,0.0,0.0,0.0,0.0,0.0,1024.0,768.0,0.043365478515625,Male,White,True,Male_White,1.0,1
14414,7--Cheering/7_Cheering_Cheering_7_250.jpg,288.0,74.0,452.0,332.0,0.0,0.0,0.0,0.0,0.0,0.0,1024.0,754.0,0.0548014754641909,Female,White,True,Female_White,2.0,1
14427,7--Cheering/7_Cheering_Cheering_7_769.jpg,405.0,219.0,581.0,443.0,0.0,0.0,0.0,0.0,0.0,0.0,1024.0,1366.0,0.0281844802342606,Female,White,True,Female_White,1.0,1
14439,7--Cheering/7_Cheering_Cheering_7_279.jpg,480.0,208.0,616.0,374.0,0.0,0.0,0.0,0.0,0.0,0.0,1024.0,754.0,0.0292398872679045,Female,White,True,Female_White,1.0,1
14440,7--Cheering/7_Cheering_Cheering_7_287.jpg,452.0,122.0,576.0,348.0,0.0,1.0,0.0,0.0,0.0,0.0,1024.0,681.0,0.0401867657856093,Male,White,True,Male_White,1.0,1
14462,7--Cheering/7_Cheering_Cheering_7_151.jpg,228.0,367.0,470.0,641.0,0.0,1.0,0.0,0.0,0.0,0.0,1024.0,1392.0,0.0465186108117816,Male,White,True,Male_White,1.0,1
14463,7--Cheering/7_Cheering_Cheering_7_182.jpg,316.0,182.0,474.0,444.0,0.0,1.0,0.0,0.0,0.0,0.0,1024.0,754.0,0.0536150944960212,Female,Black,True,Female_Black,1.0,10
14468,7--Cheering/7_Cheering_Cheering_7_840.jpg,362.0,184.0,733.0,597.0,0.0,0.0,0.0,0.0,0.0,0.0,1024.0,1518.0,0.0985716969285243,Male,White,True,Male_White,3.0,1
14492,7--Cheering/7_Cheering_Cheering_7_308.jpg,504.0,94.0,636.0,286.0,0.0,1.0,0.0,0.0,0.0,1.0,1024.0,710.0,0.0348591549295774,Male,White,True,Male_White,1.0,1
14493,7--Cheering/7_Cheering_Cheering_7_664.jpg,121.0,1188.0,229.0,1361.0,1.0,0.0,0.0,0.0,1.0,0.0,1024.0,1585.0,0.0115117310725552,Female,Asian,True,Female_Asian,0.0,1
14500,7--Cheering/7_Cheering_Cheering_7_833.jpg,118.0,96.0,420.0,568.0,0.0,0.0,0.0,0.0,0.0,0.0,1024.0,769.0,0.1810183680104031,Male,Black,True,Male_Black,6.0,1
14501,7--Cheering/7_Cheering_Cheering_7_833.jpg,536.0,184.0,710.0,538.0,0.0,0.0,0.0,0.0,0.0,0.0,1024.0,769.0,0.0782215133289987,Female,Black,True,Female_Black,2.0,1
14505,8--Election_Campain/8_Election_Campain_Election_Campaign_8_499.jpg,334.0,142.0,638.0,578.0,0.0,0.0,0.0,0.0,0.0,0.0,1024.0,593.0,0.2182757166947723,Male,Black,True,Male_Black,8.0,10
14508,8--Election_Campain/8_Election_Campain_Election_Campaign_8_314.jpg,182.0,588.0,868.0,1430.0,0.0,0.0,0.0,0.0,0.0,0.0,1024.0,1662.0,0.3393948367930204,Male,Asian,True,Male_Asian,12.0,1
14513,8--Election_Campain/8_Election_Campain_Election_Campaign_8_461.jpg,278.0,100.0,480.0,330.0,0.0,0.0,1.0,0.0,0.0,0.0,1024.0,769.0,0.0590001219115734,Female,Indian,True,Female_Indian,2.0,1
14514,8--Election_Campain/8_Election_Campain_Election_Campaign_8_104.jpg,578.0,68.0,754.0,306.0,0.0,0.0,0.0,0.0,0.0,0.0,1024.0,683.0,0.0598920204978038,Male,Indian,True,Male_Indian,2.0,1
14515,8--Election_Campain/8_Election_Campain_Election_Campaign_8_152.jpg,356.0,94.0,568.0,400.0,0.0,0.0,0.0,0.0,0.0,0.0,1024.0,816.0,0.07763671875,Male,Black,True,Male_Black,2.0,10
14516,8--Election_Campain/8_Election_Campain_Election_Campaign_8_123.jpg,548.0,128.0,608.0,206.0,1.0,0.0,0.0,0.0,0.0,0.0,1024.0,680.0,0.0067210477941176,Male,Indian,True,Male_Indian,0.0,1
14517,8--Election_Campain/8_Election_Campain_Election_Campaign_8_123.jpg,570.0,302.0,642.0,422.0,1.0,0.0,1.0,0.0,0.0,0.0,1024.0,680.0,0.0124080882352941,Male,Indian,True,Male_Indian,0.0,1
14518,8--Election_Campain/8_Election_Campain_Election_Campaign_8_511.jpg,371.0,575.0,671.0,946.0,0.0,0.0,0.0,0.0,0.0,0.0,1024.0,1584.0,0.0686183120265151,Male,Black,True,Male_Black,2.0,10
14527,8--Election_Campain/8_Election_Campain_Election_Campaign_8_116.jpg,298.0,113.0,481.0,363.0,0.0,0.0,0.0,0.0,0.0,0.0,1024.0,1230.0,0.0363233612804878,Male,Black,True,Male_Black,1.0,10
14528,8--Election_Campain/8_Election_Campain_Election_Campaign_8_455.jpg,498.0,72.0,594.0,220.0,0.0,0.0,1.0,0.0,0.0,0.0,1024.0,576.0,0.0240885416666666,Male,Black,True,Male_Black,0.0,10
14532,8--Election_Campain/8_Election_Campain_Election_Campaign_8_537.jpg,200.0,51.0,670.0,602.0,0.0,0.0,0.0,0.0,0.0,0.0,1024.0,1442.0,0.1753816855929265,Female,White,True,Female_White,6.0,1
14533,8--Election_Campain/8_Election_Campain_Election_Campaign_8_384.jpg,382.0,172.0,698.0,546.0,0.0,0.0,0.0,0.0,0.0,0.0,1024.0,754.0,0.153069048408488,Female,White,True,Female_White,5.0,1
14535,8--Election_Campain/8_Election_Campain_Election_Campaign_8_592.jpg,304.0,218.0,440.0,420.0,0.0,0.0,1.0,0.0,0.0,0.0,1024.0,695.0,0.0386016187050359,Female,White,True,Female_White,1.0,1
14541,8--Election_Campain/8_Election_Campain_Election_Campaign_8_393.jpg,370.0,142.0,692.0,490.0,0.0,0.0,0.0,0.0,0.0,0.0,1024.0,681.0,0.1606897026431718,Male,White,True,Male_White,5.0,1
14544,8--Election_Campain/8_Election_Campain_Election_Campaign_8_256.jpg,228.0,54.0,412.0,318.0,0.0,0.0,0.0,0.0,0.0,0.0,1024.0,699.0,0.0678648068669527,Male,Indian,True,Male_Indian,2.0,1
14545,8--Election_Campain/8_Election_Campain_Election_Campaign_8_256.jpg,692.0,132.0,874.0,358.0,0.0,0.0,0.0,0.0,0.0,0.0,1024.0,699.0,0.0574649052217453,Male,Indian,True,Male_Indian,2.0,1
14548,8--Election_Campain/8_Election_Campain_Election_Campaign_8_275.jpg,864.0,274.0,948.0,368.0,0.0,0.0,0.0,0.0,1.0,0.0,1024.0,648.0,0.0118995949074074,Male,Indian,True,Male_Indian,0.0,10
14549,8--Election_Campain/8_Election_Campain_Election_Campaign_8_275.jpg,902.0,52.0,988.0,158.0,0.0,0.0,0.0,0.0,0.0,0.0,1024.0,648.0,0.0137381847993827,Male,Indian,True,Male_Indian,0.0,10
14550,8--Election_Campain/8_Election_Campain_Election_Campaign_8_275.jpg,710.0,132.0,782.0,222.0,0.0,0.0,0.0,0.0,1.0,0.0,1024.0,648.0,0.009765625,Male,Indian,True,Male_Indian,0.0,10
14551,8--Election_Campain/8_Election_Campain_Election_Campaign_8_275.jpg,628.0,236.0,698.0,330.0,0.0,0.0,0.0,0.0,1.0,0.0,1024.0,648.0,0.0099163290895061,Female,Indian,True,Female_Indian,0.0,10
14552,8--Election_Campain/8_Election_Campain_Election_Campaign_8_275.jpg,490.0,286.0,564.0,366.0,0.0,0.0,0.0,0.0,1.0,0.0,1024.0,648.0,0.0089216820987654,Female,Indian,True,Female_Indian,0.0,10
14553,8--Election_Campain/8_Election_Campain_Election_Campaign_8_275.jpg,428.0,220.0,506.0,314.0,0.0,0.0,0.0,0.0,1.0,0.0,1024.0,648.0,0.0110496238425925,Female,Indian,True,Female_Indian,0.0,10
14554,8--Election_Campain/8_Election_Campain_Election_Campaign_8_275.jpg,422.0,114.0,498.0,214.0,0.0,0.0,0.0,0.0,1.0,0.0,1024.0,648.0,0.0114535108024691,Female,Indian,True,Female_Indian,0.0,10
14555,8--Election_Campain/8_Election_Campain_Election_Campaign_8_275.jpg,494.0,124.0,554.0,206.0,0.0,0.0,0.0,0.0,1.0,0.0,1024.0,648.0,0.0074146412037037,Female,Indian,True,Female_Indian,0.0,10
14556,8--Election_Campain/8_Election_Campain_Election_Campaign_8_275.jpg,562.0,78.0,640.0,176.0,0.0,0.0,0.0,0.0,0.0,0.0,1024.0,648.0,0.0115198206018518,Male,Indian,True,Male_Indian,0.0,10
14566,8--Election_Campain/8_Election_Campain_Election_Campaign_8_250.jpg,374.0,256.0,638.0,612.0,0.0,0.0,0.0,0.0,0.0,0.0,1024.0,1024.0,0.089630126953125,Male,White,True,Male_White,3.0,1
14572,8--Election_Campain/8_Election_Campain_Election_Campaign_8_387.jpg,164.0,74.0,372.0,362.0,0.0,0.0,0.0,0.0,0.0,0.0,1024.0,769.0,0.0760728218465539,Male,White,True,Male_White,2.0,1
14573,8--Election_Campain/8_Election_Campain_Election_Campaign_8_387.jpg,698.0,84.0,866.0,306.0,0.0,0.0,0.0,0.0,0.0,0.0,1024.0,769.0,0.0473626462938881,Male,Black,True,Male_Black,1.0,1
14577,8--Election_Campain/8_Election_Campain_Election_Campaign_8_508.jpg,439.0,403.0,696.0,785.0,0.0,0.0,0.0,0.0,1.0,0.0,1024.0,1316.0,0.0728518593275076,Male,White,True,Male_White,2.0,1
14579,8--Election_Campain/8_Election_Campain_Election_Campaign_8_241.jpg,468.0,192.0,564.0,306.0,0.0,0.0,1.0,0.0,0.0,0.0,1024.0,683.0,0.0156478770131771,Female,White,True,Female_White,0.0,1
14583,8--Election_Campain/8_Election_Campain_Election_Campaign_8_326.jpg,284.0,272.0,721.0,886.0,0.0,0.0,0.0,0.0,0.0,0.0,1024.0,1536.0,0.1705919901529947,Female,White,True,Female_White,6.0,1
14584,8--Election_Campain/8_Election_Campain_Election_Campaign_8_15.jpg,132.0,111.0,564.0,582.0,0.0,0.0,0.0,0.0,0.0,0.0,1024.0,1536.0,0.129364013671875,Male,Indian,True,Male_Indian,4.0,1
14585,8--Election_Campain/8_Election_Campain_Election_Campaign_8_23.jpg,454.0,146.0,536.0,256.0,0.0,0.0,1.0,0.0,0.0,0.0,1024.0,1024.0,0.0086021423339843,Male,White,True,Male_White,0.0,1
14599,8--Election_Campain/8_Election_Campain_Election_Campaign_8_38.jpg,268.0,633.0,740.0,1231.0,0.0,0.0,0.0,0.0,0.0,0.0,1024.0,1654.0,0.1666509220072551,Male,White,True,Male_White,6.0,1
14600,8--Election_Campain/8_Election_Campain_Election_Campaign_8_64.jpg,364.0,164.0,638.0,502.0,0.0,0.0,0.0,0.0,0.0,0.0,1024.0,683.0,0.132417871522694,Female,White,True,Female_White,4.0,1
14601,8--Election_Campain/8_Election_Campain_Election_Campaign_8_399.jpg,348.0,106.0,682.0,612.0,0.0,1.0,0.0,0.0,0.0,0.0,1024.0,794.0,0.20786268104534,Male,Indian,True,Male_Indian,7.0,1
14603,8--Election_Campain/8_Election_Campain_Election_Campaign_8_380.jpg,644.0,186.0,812.0,376.0,0.0,0.0,0.0,0.0,0.0,0.0,1024.0,942.0,0.0330911624203821,Female,Indian,True,Female_Indian,1.0,1
14610,8--Election_Campain/8_Election_Campain_Election_Campaign_8_428.jpg,597.0,50.0,652.0,133.0,1.0,0.0,0.0,0.0,0.0,1.0,1024.0,528.0,0.0084431966145833,Female,Indian,True,Female_Indian,0.0,10
14611,8--Election_Campain/8_Election_Campain_Election_Campaign_8_428.jpg,298.0,250.0,354.0,312.0,1.0,0.0,0.0,0.0,0.0,0.0,1024.0,528.0,0.0064216382575757,Female,Indian,True,Female_Indian,0.0,10
14620,8--Election_Campain/8_Election_Campain_Election_Campaign_8_522.jpg,360.0,150.0,595.0,432.0,0.0,0.0,0.0,0.0,0.0,0.0,1024.0,1826.0,0.0354418383762322,Female,Indian,True,Female_Indian,1.0,1
14625,9--Press_Conference/9_Press_Conference_Press_Conference_9_321.jpg,360.0,182.0,620.0,516.0,0.0,0.0,0.0,0.0,0.0,0.0,1024.0,1024.0,0.0828170776367187,Female,White,True,Female_White,3.0,1
14626,9--Press_Conference/9_Press_Conference_Press_Conference_9_474.jpg,492.0,92.0,704.0,374.0,0.0,0.0,0.0,0.0,0.0,0.0,1024.0,680.0,0.0858570772058823,Male,White,True,Male_White,3.0,1
14627,9--Press_Conference/9_Press_Conference_Press_Conference_9_939.jpg,12.0,174.0,334.0,512.0,0.0,0.0,0.0,0.0,1.0,0.0,1024.0,683.0,0.1556151628843338,Female,Asian,True,Female_Asian,5.0,10
14628,9--Press_Conference/9_Press_Conference_Press_Conference_9_939.jpg,356.0,178.0,736.0,506.0,0.0,0.0,0.0,0.0,1.0,0.0,1024.0,683.0,0.1782119326500732,Female,Black,True,Female_Black,6.0,10
14629,9--Press_Conference/9_Press_Conference_Press_Conference_9_840.jpg,291.0,199.0,666.0,705.0,0.0,0.0,0.0,0.0,0.0,0.0,1024.0,1434.0,0.1292208747384937,Female,White,True,Female_White,4.0,1
14630,9--Press_Conference/9_Press_Conference_Press_Conference_9_848.jpg,366.0,162.0,771.0,727.0,0.0,0.0,0.0,0.0,0.0,0.0,1024.0,1536.0,0.1454830169677734,Female,White,True,Female_White,5.0,1
14631,9--Press_Conference/9_Press_Conference_Press_Conference_9_685.jpg,348.0,128.0,584.0,464.0,0.0,0.0,0.0,0.0,0.0,0.0,1024.0,862.0,0.089834686774942,Female,White,True,Female_White,3.0,1
14632,9--Press_Conference/9_Press_Conference_Press_Conference_9_235.jpg,278.0,253.0,656.0,854.0,0.0,0.0,0.0,0.0,0.0,0.0,1024.0,1427.0,0.1554684762613875,Male,White,True,Male_White,5.0,1
14634,9--Press_Conference/9_Press_Conference_Press_Conference_9_54.jpg,390.0,110.0,574.0,358.0,0.0,0.0,0.0,0.0,0.0,0.0,1024.0,683.0,0.0652452415812591,Male,White,True,Male_White,2.0,1
14635,9--Press_Conference/9_Press_Conference_Press_Conference_9_430.jpg,390.0,156.0,667.0,527.0,0.0,0.0,0.0,0.0,0.0,0.0,1024.0,1406.0,0.071378661762091,Female,White,True,Female_White,2.0,1
14636,9--Press_Conference/9_Press_Conference_Press_Conference_9_507.jpg,291.0,148.0,742.0,753.0,0.0,0.0,1.0,0.0,0.0,0.0,1024.0,1463.0,0.182132577537594,Female,White,True,Female_White,6.0,1
14646,9--Press_Conference/9_Press_Conference_Press_Conference_9_149.jpg,427.0,291.0,703.0,654.0,0.0,0.0,0.0,0.0,0.0,0.0,1024.0,1264.0,0.0774049396756329,Male,White,True,Male_White,2.0,1
14647,9--Press_Conference/9_Press_Conference_Press_Conference_9_682.jpg,351.0,162.0,588.0,522.0,0.0,0.0,1.0,0.0,0.0,0.0,1024.0,1536.0,0.0542449951171875,Male,Indian,True,Male_Indian,1.0,1
14653,9--Press_Conference/9_Press_Conference_Press_Conference_9_622.jpg,205.0,120.0,639.0,740.0,0.0,0.0,0.0,0.0,0.0,0.0,1024.0,1540.0,0.1706321022727272,Female,White,True,Female_White,6.0,1
14654,9--Press_Conference/9_Press_Conference_Press_Conference_9_631.jpg,299.0,205.0,770.0,945.0,0.0,0.0,0.0,0.0,0.0,0.0,1024.0,1547.0,0.2200200993859082,Male,White,True,Male_White,8.0,1
14655,9--Press_Conference/9_Press_Conference_Press_Conference_9_804.jpg,235.0,252.0,663.0,822.0,0.0,0.0,0.0,0.0,0.0,0.0,1024.0,1454.0,0.1638529487620357,Female,White,True,Female_White,6.0,1
14656,9--Press_Conference/9_Press_Conference_Press_Conference_9_19.jpg,313.0,191.0,551.0,470.0,0.0,0.0,0.0,0.0,1.0,0.0,1024.0,1164.0,0.0557093669458762,Male,White,True,Male_White,2.0,1
14657,9--Press_Conference/9_Press_Conference_Press_Conference_9_427.jpg,354.0,204.0,603.0,492.0,0.0,0.0,0.0,0.0,0.0,0.0,1024.0,1536.0,0.04559326171875,Female,Indian,True,Female_Indian,1.0,1
14658,9--Press_Conference/9_Press_Conference_Press_Conference_9_801.jpg,375.0,246.0,708.0,696.0,0.0,0.0,0.0,0.0,0.0,0.0,1024.0,1434.0,0.1020487382322175,Female,White,True,Female_White,3.0,1
14668,9--Press_Conference/9_Press_Conference_Press_Conference_9_709.jpg,416.0,250.0,856.0,840.0,0.0,0.0,0.0,0.0,0.0,0.0,1024.0,1541.0,0.1645137086307592,Female,White,True,Female_White,6.0,1
14669,9--Press_Conference/9_Press_Conference_Press_Conference_9_454.jpg,344.0,244.0,637.0,661.0,0.0,0.0,0.0,0.0,0.0,0.0,1024.0,1386.0,0.0860875777867965,Female,White,True,Female_White,3.0,1
14670,9--Press_Conference/9_Press_Conference_Press_Conference_9_697.jpg,157.0,258.0,726.0,1036.0,0.0,0.0,0.0,0.0,0.0,0.0,1024.0,1573.0,0.2748293964558169,Male,White,True,Male_White,10.0,1
14675,9--Press_Conference/9_Press_Conference_Press_Conference_9_845.jpg,342.0,212.0,644.0,634.0,0.0,0.0,0.0,0.0,0.0,0.0,1024.0,1280.0,0.0972320556640625,Female,White,True,Female_White,3.0,1
14682,9--Press_Conference/9_Press_Conference_Press_Conference_9_800.jpg,319.0,207.0,789.0,850.0,0.0,0.0,0.0,0.0,0.0,0.0,1024.0,1434.0,0.2058068013423988,Female,White,True,Female_White,7.0,1
14685,9--Press_Conference/9_Press_Conference_Press_Conference_9_902.jpg,321.0,207.0,720.0,823.0,0.0,0.0,0.0,0.0,0.0,0.0,1024.0,1539.0,0.1559606481481481,Female,White,True,Female_White,5.0,1
14692,9--Press_Conference/9_Press_Conference_Press_Conference_9_301.jpg,439.0,319.0,681.0,650.0,0.0,0.0,0.0,0.0,0.0,0.0,1024.0,1530.0,0.0511271956699346,Female,White,True,Female_White,1.0,1
14693,9--Press_Conference/9_Press_Conference_Press_Conference_9_946.jpg,333.0,175.0,701.0,694.0,0.0,0.0,0.0,0.0,0.0,0.0,1024.0,1493.0,0.1249267414601473,Female,White,True,Female_White,4.0,1
14695,9--Press_Conference/9_Press_Conference_Press_Conference_9_884.jpg,319.0,201.0,768.0,848.0,0.0,0.0,0.0,0.0,0.0,0.0,1024.0,1471.0,0.1928581481560163,Female,White,True,Female_White,7.0,1
14696,9--Press_Conference/9_Press_Conference_Press_Conference_9_329.jpg,407.0,207.0,622.0,523.0,0.0,0.0,1.0,0.0,0.0,0.0,1024.0,1470.0,0.0451344600340136,Male,Indian,True,Male_Indian,1.0,1
14700,9--Press_Conference/9_Press_Conference_Press_Conference_9_651.jpg,361.0,271.0,665.0,660.0,0.0,0.0,0.0,0.0,0.0,0.0,1024.0,1543.0,0.0748440537913156,Female,Indian,True,Female_Indian,2.0,1
14701,9--Press_Conference/9_Press_Conference_Press_Conference_9_742.jpg,179.0,204.0,739.0,931.0,0.0,0.0,0.0,0.0,0.0,0.0,1024.0,1582.0,0.2513136061946903,Female,White,True,Female_White,9.0,1
14704,9--Press_Conference/9_Press_Conference_Press_Conference_9_918.jpg,338.0,236.0,690.0,672.0,0.0,0.0,0.0,0.0,0.0,0.0,1024.0,820.0,0.1827743902439024,Female,Indian,True,Female_Indian,6.0,1
14705,9--Press_Conference/9_Press_Conference_Press_Conference_9_254.jpg,253.0,294.0,748.0,938.0,0.0,0.0,0.0,0.0,0.0,0.0,1024.0,1335.0,0.2331899578651685,Male,White,True,Male_White,8.0,1
14710,9--Press_Conference/9_Press_Conference_Press_Conference_9_339.jpg,210.0,330.0,717.0,1099.0,0.0,0.0,0.0,0.0,0.0,0.0,1024.0,1536.0,0.2478809356689453,Male,Indian,True,Male_Indian,9.0,1
14714,9--Press_Conference/9_Press_Conference_Press_Conference_9_599.jpg,329.0,111.0,600.0,443.0,0.0,0.0,0.0,0.0,0.0,0.0,1024.0,1491.0,0.0589290954057679,Female,Indian,True,Female_Indian,2.0,1
14715,9--Press_Conference/9_Press_Conference_Press_Conference_9_665.jpg,373.0,270.0,828.0,858.0,0.0,0.0,0.0,0.0,0.0,0.0,1024.0,1233.0,0.2118974300486618,Female,Indian,True,Female_Indian,7.0,1
14716,9--Press_Conference/9_Press_Conference_Press_Conference_9_927.jpg,336.0,219.0,735.0,781.0,0.0,0.0,0.0,0.0,0.0,0.0,1024.0,1536.0,0.1425666809082031,Female,White,True,Female_White,5.0,1
14717,9--Press_Conference/9_Press_Conference_Press_Conference_9_524.jpg,249.0,95.0,700.0,709.0,0.0,0.0,0.0,0.0,0.0,0.0,1024.0,1521.0,0.177793443869165,Female,White,True,Female_White,6.0,1
14719,9--Press_Conference/9_Press_Conference_Press_Conference_9_782.jpg,324.0,198.0,878.0,970.0,0.0,0.0,0.0,0.0,0.0,0.0,1024.0,1469.0,0.284318626616746,Male,White,True,Male_White,10.0,1
14721,9--Press_Conference/9_Press_Conference_Press_Conference_9_846.jpg,291.0,132.0,690.0,730.0,0.0,0.0,0.0,0.0,0.0,0.0,1024.0,1379.0,0.1689700983502538,Male,Black,True,Male_Black,6.0,1
14723,9--Press_Conference/9_Press_Conference_Press_Conference_9_287.jpg,650.0,114.0,812.0,328.0,0.0,0.0,0.0,0.0,0.0,0.0,1024.0,654.0,0.0517667717889908,Male,White,True,Male_White,1.0,1
14725,9--Press_Conference/9_Press_Conference_Press_Conference_9_448.jpg,370.0,134.0,678.0,542.0,0.0,0.0,0.0,0.0,0.0,0.0,1024.0,821.0,0.1494747259439707,Male,Indian,True,Male_Indian,5.0,1
14726,9--Press_Conference/9_Press_Conference_Press_Conference_9_199.jpg,318.0,355.0,498.0,604.0,0.0,0.0,0.0,0.0,0.0,0.0,1024.0,1182.0,0.0370300602791878,Female,Indian,True,Female_Indian,1.0,1
14727,9--Press_Conference/9_Press_Conference_Press_Conference_9_199.jpg,588.0,7.0,699.0,132.0,1.0,0.0,0.0,0.0,1.0,1.0,1024.0,1182.0,0.0114634557423857,Male,Indian,True,Male_Indian,0.0,1
14728,9--Press_Conference/9_Press_Conference_Press_Conference_9_199.jpg,812.0,816.0,902.0,964.0,1.0,0.0,0.0,0.0,0.0,0.0,1024.0,1182.0,0.0110049175126903,Male,Indian,True,Male_Indian,0.0,1
14729,9--Press_Conference/9_Press_Conference_Press_Conference_9_817.jpg,389.0,186.0,646.0,555.0,0.0,0.0,0.0,0.0,0.0,0.0,1024.0,1465.0,0.0632152570392491,Female,Indian,True,Female_Indian,2.0,1
14730,9--Press_Conference/9_Press_Conference_Press_Conference_9_384.jpg,337.0,252.0,692.0,736.0,0.0,0.0,0.0,0.0,0.0,0.0,1024.0,1504.0,0.1115644739029255,Female,White,True,Female_White,4.0,1
14731,9--Press_Conference/9_Press_Conference_Press_Conference_9_525.jpg,391.0,191.0,690.0,625.0,0.0,0.0,0.0,0.0,0.0,0.0,1024.0,1380.0,0.0918294270833333,Male,White,True,Male_White,3.0,1
14732,9--Press_Conference/9_Press_Conference_Press_Conference_9_637.jpg,327.0,252.0,724.0,831.0,0.0,0.0,0.0,0.0,0.0,0.0,1024.0,1434.0,0.1565380655073222,Female,White,True,Female_White,5.0,1
14733,9--Press_Conference/9_Press_Conference_Press_Conference_9_327.jpg,518.0,170.0,850.0,580.0,0.0,0.0,0.0,0.0,0.0,0.0,1024.0,699.0,0.1901712267525035,Male,White,True,Male_White,7.0,1
14737,9--Press_Conference/9_Press_Conference_Press_Conference_9_475.jpg,393.0,167.0,723.0,596.0,0.0,0.0,0.0,0.0,0.0,0.0,1024.0,1397.0,0.0989634596456692,Female,White,True,Female_White,3.0,1
14739,9--Press_Conference/9_Press_Conference_Press_Conference_9_629.jpg,318.0,231.0,726.0,778.0,0.0,0.0,0.0,0.0,0.0,0.0,1024.0,1536.0,0.1418914794921875,Female,White,True,Female_White,5.0,1
14740,9--Press_Conference/9_Press_Conference_Press_Conference_9_347.jpg,400.0,148.0,532.0,338.0,0.0,0.0,0.0,0.0,0.0,0.0,1024.0,683.0,0.0358597181551976,Male,White,True,Male_White,1.0,1
14741,9--Press_Conference/9_Press_Conference_Press_Conference_9_350.jpg,364.0,343.0,728.0,782.0,0.0,0.0,0.0,0.0,0.0,0.0,1024.0,1530.0,0.1019939746732026,Female,White,True,Female_White,3.0,1
14743,9--Press_Conference/9_Press_Conference_Press_Conference_9_736.jpg,300.0,414.0,726.0,1021.0,0.0,0.0,0.0,0.0,0.0,0.0,1024.0,1572.0,0.1606370765744274,Female,White,True,Female_White,5.0,1
14746,9--Press_Conference/9_Press_Conference_Press_Conference_9_226.jpg,332.0,158.0,588.0,518.0,0.0,0.0,0.0,0.0,0.0,0.0,1024.0,684.0,0.131578947368421,Female,White,True,Female_White,4.0,1
14751,9--Press_Conference/9_Press_Conference_Press_Conference_9_555.jpg,190.0,188.0,576.0,686.0,0.0,0.0,0.0,0.0,0.0,0.0,1024.0,1024.0,0.1833229064941406,Female,White,True,Female_White,6.0,1
14752,9--Press_Conference/9_Press_Conference_Press_Conference_9_815.jpg,357.0,192.0,640.0,584.0,0.0,0.0,0.0,0.0,0.0,0.0,1024.0,1512.0,0.0716507523148148,Male,White,True,Male_White,2.0,1
14753,9--Press_Conference/9_Press_Conference_Press_Conference_9_523.jpg,235.0,346.0,660.0,927.0,0.0,0.0,0.0,0.0,0.0,0.0,1024.0,1540.0,0.1565829190340909,Female,White,True,Female_White,5.0,1
14758,9--Press_Conference/9_Press_Conference_Press_Conference_9_737.jpg,312.0,192.0,791.0,834.0,0.0,0.0,0.0,0.0,0.0,0.0,1024.0,1388.0,0.216362065471902,Female,White,True,Female_White,8.0,1
14760,9--Press_Conference/9_Press_Conference_Press_Conference_9_740.jpg,416.0,116.0,666.0,433.0,0.0,0.0,0.0,0.0,0.0,0.0,1024.0,1059.0,0.0730808103163361,Female,Indian,True,Female_Indian,2.0,1
14762,9--Press_Conference/9_Press_Conference_Press_Conference_9_903.jpg,213.0,322.0,659.0,837.0,0.0,0.0,0.0,0.0,0.0,0.0,1024.0,1472.0,0.1523822286854619,Female,White,True,Female_White,5.0,1
14763,9--Press_Conference/9_Press_Conference_Press_Conference_9_356.jpg,312.0,297.0,644.0,775.0,0.0,0.0,0.0,0.0,0.0,0.0,1024.0,1463.0,0.1059306647300068,Male,Indian,True,Male_Indian,3.0,1
14764,9--Press_Conference/9_Press_Conference_Press_Conference_9_750.jpg,292.0,239.0,611.0,646.0,0.0,0.0,1.0,0.0,0.0,0.0,1024.0,1374.0,0.0922780488082241,Female,White,True,Female_White,3.0,1
14765,9--Press_Conference/9_Press_Conference_Press_Conference_9_659.jpg,483.0,195.0,735.0,543.0,0.0,0.0,0.0,0.0,0.0,0.0,1024.0,1538.0,0.055683111183355,Male,White,True,Male_White,2.0,1
14766,9--Press_Conference/9_Press_Conference_Press_Conference_9_937.jpg,267.0,257.0,682.0,824.0,0.0,0.0,0.0,0.0,0.0,0.0,1024.0,1280.0,0.1795234680175781,Female,White,True,Female_White,6.0,1
14773,9--Press_Conference/9_Press_Conference_Press_Conference_9_144.jpg,316.0,120.0,608.0,494.0,0.0,0.0,0.0,0.0,0.0,0.0,1024.0,707.0,0.150846446251768,Male,White,True,Male_White,5.0,1
14778,9--Press_Conference/9_Press_Conference_Press_Conference_9_720.jpg,320.0,248.0,682.0,737.0,0.0,0.0,0.0,0.0,0.0,0.0,1024.0,1416.0,0.1220827264300847,Female,Indian,True,Female_Indian,4.0,1
14779,9--Press_Conference/9_Press_Conference_Press_Conference_9_854.jpg,362.0,101.0,625.0,492.0,0.0,0.0,0.0,0.0,0.0,0.0,1024.0,1236.0,0.0812482617819579,Male,Black,True,Male_Black,3.0,1
14780,9--Press_Conference/9_Press_Conference_Press_Conference_9_868.jpg,308.0,175.0,658.0,667.0,0.0,0.0,0.0,0.0,0.0,0.0,1024.0,1549.0,0.108562984183344,Female,White,True,Female_White,4.0,1
14781,9--Press_Conference/9_Press_Conference_Press_Conference_9_625.jpg,324.0,205.0,761.0,769.0,0.0,0.0,0.0,0.0,0.0,0.0,1024.0,1481.0,0.1625195180621202,Female,White,True,Female_White,6.0,1
14782,9--Press_Conference/9_Press_Conference_Press_Conference_9_677.jpg,144.0,270.0,605.0,893.0,0.0,0.0,0.0,0.0,0.0,0.0,1024.0,1135.0,0.2471116120594713,Female,White,True,Female_White,9.0,1
14783,9--Press_Conference/9_Press_Conference_Press_Conference_9_230.jpg,361.0,184.0,694.0,649.0,0.0,0.0,0.0,0.0,0.0,0.0,1024.0,1470.0,0.1028679049744897,Male,Black,True,Male_Black,3.0,10
14784,9--Press_Conference/9_Press_Conference_Press_Conference_9_624.jpg,409.0,158.0,734.0,686.0,0.0,0.0,0.0,0.0,0.0,0.0,1024.0,1530.0,0.1095281862745098,Male,Indian,True,Male_Indian,4.0,1
14785,9--Press_Conference/9_Press_Conference_Press_Conference_9_856.jpg,293.0,214.0,735.0,773.0,0.0,0.0,0.0,0.0,0.0,0.0,1024.0,1500.0,0.1608580729166666,Female,White,True,Female_White,5.0,1
14786,9--Press_Conference/9_Press_Conference_Press_Conference_9_669.jpg,398.0,229.0,729.0,678.0,0.0,0.0,0.0,0.0,0.0,0.0,1024.0,1543.0,0.0940607531999351,Female,Indian,True,Female_Indian,3.0,1
14787,9--Press_Conference/9_Press_Conference_Press_Conference_9_671.jpg,228.0,225.0,657.0,853.0,0.0,0.0,0.0,0.0,0.0,0.0,1024.0,1539.0,0.1709536427875243,Female,White,True,Female_White,6.0,1
14788,9--Press_Conference/9_Press_Conference_Press_Conference_9_670.jpg,169.0,341.0,936.0,1355.0,0.0,0.0,1.0,0.0,0.0,0.0,1024.0,1732.0,0.4385160309613164,Male,White,True,Male_White,,1
14789,9--Press_Conference/9_Press_Conference_Press_Conference_9_708.jpg,312.0,228.0,714.0,735.0,0.0,0.0,1.0,0.0,0.0,0.0,1024.0,1536.0,0.1295814514160156,Female,Indian,True,Female_Indian,4.0,1
14790,9--Press_Conference/9_Press_Conference_Press_Conference_9_773.jpg,394.0,148.0,666.0,480.0,0.0,0.0,0.0,0.0,0.0,0.0,1024.0,708.0,0.124558615819209,Female,White,True,Female_White,4.0,1
14791,9--Press_Conference/9_Press_Conference_Press_Conference_9_713.jpg,342.0,180.0,576.0,492.0,0.0,0.0,0.0,0.0,0.0,0.0,1024.0,680.0,0.1048483455882352,Female,Indian,True,Female_Indian,3.0,1
14792,9--Press_Conference/9_Press_Conference_Press_Conference_9_313.jpg,303.0,297.0,687.0,835.0,0.0,0.0,0.0,0.0,0.0,0.0,1024.0,1489.0,0.1354936198791134,Female,White,True,Female_White,5.0,1
14793,9--Press_Conference/9_Press_Conference_Press_Conference_9_36.jpg,404.0,144.0,596.0,428.0,0.0,0.0,0.0,0.0,0.0,0.0,1024.0,877.0,0.0607183580387685,Male,Black,True,Male_Black,2.0,1
14794,9--Press_Conference/9_Press_Conference_Press_Conference_9_457.jpg,326.0,417.0,649.0,810.0,0.0,0.0,0.0,0.0,0.0,0.0,1024.0,1547.0,0.0801317822802197,Male,White,True,Male_White,2.0,1
14795,9--Press_Conference/9_Press_Conference_Press_Conference_9_739.jpg,286.0,186.0,701.0,798.0,0.0,0.0,1.0,0.0,0.0,0.0,1024.0,1463.0,0.1695333860218728,Female,White,True,Female_White,6.0,1
14797,9--Press_Conference/9_Press_Conference_Press_Conference_9_395.jpg,402.0,198.0,766.0,704.0,0.0,0.0,0.0,0.0,0.0,0.0,1024.0,1607.0,0.1119273102053515,Female,White,True,Female_White,4.0,1
14798,9--Press_Conference/9_Press_Conference_Press_Conference_9_908.jpg,429.0,149.0,679.0,478.0,0.0,0.0,1.0,0.0,0.0,0.0,1024.0,1391.0,0.0577442599748382,Male,White,True,Male_White,2.0,1
14799,9--Press_Conference/9_Press_Conference_Press_Conference_9_112.jpg,178.0,361.0,827.0,1236.0,0.0,0.0,0.0,0.0,0.0,0.0,1024.0,1340.0,0.4138547982742537,Male,White,True,Male_White,,1
14800,9--Press_Conference/9_Press_Conference_Press_Conference_9_127.jpg,208.0,118.0,304.0,228.0,1.0,0.0,0.0,0.0,0.0,0.0,1024.0,680.0,0.0151654411764705,Male,Indian,True,Male_Indian,0.0,1
14801,9--Press_Conference/9_Press_Conference_Press_Conference_9_127.jpg,90.0,48.0,302.0,286.0,1.0,0.0,0.0,0.0,0.0,0.0,1024.0,680.0,0.0724609375,Male,Indian,True,Male_Indian,2.0,1
14802,9--Press_Conference/9_Press_Conference_Press_Conference_9_943.jpg,413.0,122.0,627.0,419.0,0.0,0.0,1.0,0.0,0.0,0.0,1024.0,1522.0,0.0407807880256241,Female,White,True,Female_White,1.0,1
14803,9--Press_Conference/9_Press_Conference_Press_Conference_9_145.jpg,317.0,263.0,640.0,694.0,0.0,0.0,0.0,0.0,0.0,0.0,1024.0,1535.0,0.0885669024837133,Female,White,True,Female_White,3.0,1
14809,9--Press_Conference/9_Press_Conference_Press_Conference_9_191.jpg,302.0,320.0,616.0,767.0,0.0,0.0,0.0,0.0,0.0,0.0,1024.0,1547.0,0.0886026886716224,Male,White,True,Male_White,3.0,1
14810,9--Press_Conference/9_Press_Conference_Press_Conference_9_302.jpg,335.0,125.0,589.0,469.0,0.0,0.0,0.0,0.0,0.0,0.0,1024.0,1492.0,0.05719043230563,Female,Indian,True,Female_Indian,2.0,1
14811,9--Press_Conference/9_Press_Conference_Press_Conference_9_308.jpg,410.0,126.0,647.0,461.0,0.0,0.0,0.0,0.0,0.0,0.0,1024.0,1532.0,0.0506097778639033,Female,Indian,True,Female_Indian,1.0,1
14812,9--Press_Conference/9_Press_Conference_Press_Conference_9_798.jpg,301.0,249.0,725.0,795.0,0.0,0.0,0.0,0.0,0.0,0.0,1024.0,1276.0,0.1771772139498432,Female,White,True,Female_White,6.0,1
14813,9--Press_Conference/9_Press_Conference_Press_Conference_9_509.jpg,318.0,261.0,694.0,763.0,0.0,0.0,0.0,0.0,0.0,0.0,1024.0,1470.0,0.1253932823129251,Female,White,True,Female_White,4.0,1
14815,9--Press_Conference/9_Press_Conference_Press_Conference_9_400.jpg,368.0,135.0,608.0,449.0,0.0,0.0,1.0,0.0,0.0,0.0,1024.0,1532.0,0.0480376958224543,Female,Indian,True,Female_Indian,1.0,1
14824,9--Press_Conference/9_Press_Conference_Press_Conference_9_803.jpg,352.0,188.0,578.0,502.0,0.0,0.0,0.0,0.0,0.0,0.0,1024.0,1501.0,0.046169741005996,Female,White,True,Female_White,1.0,1
14825,9--Press_Conference/9_Press_Conference_Press_Conference_9_811.jpg,297.0,303.0,756.0,919.0,0.0,0.0,0.0,0.0,0.0,0.0,1024.0,1538.0,0.1795300308842652,Female,White,True,Female_White,6.0,1
14826,9--Press_Conference/9_Press_Conference_Press_Conference_9_153.jpg,145.0,237.0,790.0,1105.0,0.0,0.0,0.0,0.0,1.0,0.0,1024.0,1429.0,0.3826020162701189,Female,White,True,Female_White,14.0,1
14827,9--Press_Conference/9_Press_Conference_Press_Conference_9_944.jpg,68.0,32.0,514.0,562.0,0.0,0.0,1.0,0.0,0.0,0.0,1024.0,646.0,0.3573372194272445,Female,White,True,Female_White,13.0,1
14828,9--Press_Conference/9_Press_Conference_Press_Conference_9_379.jpg,426.0,158.0,744.0,578.0,0.0,0.0,0.0,0.0,0.0,0.0,1024.0,683.0,0.1909658674963396,Male,White,True,Male_White,7.0,1
14829,9--Press_Conference/9_Press_Conference_Press_Conference_9_719.jpg,393.0,321.0,708.0,756.0,0.0,0.0,0.0,0.0,0.0,0.0,1024.0,1536.0,0.0871181488037109,Female,White,True,Female_White,3.0,1
14832,9--Press_Conference/9_Press_Conference_Press_Conference_9_753.jpg,381.0,227.0,700.0,697.0,0.0,0.0,0.0,0.0,0.0,0.0,1024.0,1434.0,0.1021032187064156,Female,White,True,Female_White,3.0,1
14833,9--Press_Conference/9_Press_Conference_Press_Conference_9_420.jpg,350.0,118.0,602.0,446.0,0.0,0.0,0.0,0.0,0.0,0.0,1024.0,576.0,0.14013671875,Male,White,True,Male_White,5.0,1
14836,9--Press_Conference/9_Press_Conference_Press_Conference_9_855.jpg,326.0,118.0,610.0,546.0,0.0,0.0,1.0,0.0,0.0,0.0,1024.0,813.0,0.1460063038130381,Male,White,True,Male_White,5.0,1
14837,9--Press_Conference/9_Press_Conference_Press_Conference_9_369.jpg,450.0,78.0,698.0,454.0,0.0,0.0,0.0,0.0,0.0,0.0,1024.0,971.0,0.0937821833161689,Male,White,True,Male_White,3.0,1
14838,9--Press_Conference/9_Press_Conference_Press_Conference_9_70.jpg,412.0,126.0,662.0,478.0,0.0,0.0,0.0,0.0,0.0,0.0,1024.0,680.0,0.1263786764705882,Male,White,True,Male_White,4.0,1
14839,9--Press_Conference/9_Press_Conference_Press_Conference_9_487.jpg,364.0,108.0,618.0,458.0,0.0,0.0,0.0,0.0,0.0,0.0,1024.0,576.0,0.1507229275173611,Male,White,True,Male_White,5.0,1
14841,9--Press_Conference/9_Press_Conference_Press_Conference_9_388.jpg,255.0,231.0,687.0,811.0,0.0,0.0,0.0,0.0,0.0,0.0,1024.0,1536.0,0.1593017578125,Female,White,True,Female_White,5.0,1
14842,9--Press_Conference/9_Press_Conference_Press_Conference_9_417.jpg,404.0,162.0,646.0,460.0,0.0,0.0,0.0,0.0,0.0,0.0,1024.0,680.0,0.103567325367647,Female,Indian,True,Female_Indian,3.0,1
14843,9--Press_Conference/9_Press_Conference_Press_Conference_9_770.jpg,207.0,174.0,777.0,805.0,0.0,0.0,0.0,0.0,0.0,0.0,1024.0,1563.0,0.2247218390115163,Female,White,True,Female_White,8.0,1
14844,9--Press_Conference/9_Press_Conference_Press_Conference_9_864.jpg,52.0,138.0,214.0,340.0,0.0,0.0,0.0,0.0,0.0,0.0,1024.0,800.0,0.0399462890625,Male,Asian,True,Male_Asian,1.0,1
14845,9--Press_Conference/9_Press_Conference_Press_Conference_9_864.jpg,446.0,206.0,584.0,408.0,0.0,0.0,0.0,0.0,0.0,0.0,1024.0,800.0,0.0340283203125,Female,Asian,True,Female_Asian,1.0,1
14846,9--Press_Conference/9_Press_Conference_Press_Conference_9_864.jpg,584.0,162.0,730.0,362.0,0.0,0.0,0.0,0.0,0.0,0.0,1024.0,800.0,0.03564453125,Male,Asian,True,Male_Asian,1.0,1
14847,9--Press_Conference/9_Press_Conference_Press_Conference_9_88.jpg,523.0,147.0,764.0,499.0,0.0,0.0,0.0,0.0,0.0,0.0,1024.0,1094.0,0.0757255484460694,Male,White,True,Male_White,2.0,1
14848,9--Press_Conference/9_Press_Conference_Press_Conference_9_67.jpg,504.0,102.0,694.0,378.0,0.0,0.0,0.0,0.0,0.0,0.0,1024.0,576.0,0.0889078776041666,Male,White,True,Male_White,3.0,1
14850,9--Press_Conference/9_Press_Conference_Press_Conference_9_919.jpg,341.0,236.0,728.0,771.0,0.0,0.0,0.0,0.0,0.0,0.0,1024.0,1546.0,0.1307842062176584,Female,White,True,Female_White,4.0,1
14851,9--Press_Conference/9_Press_Conference_Press_Conference_9_626.jpg,420.0,345.0,720.0,819.0,0.0,0.0,0.0,0.0,0.0,0.0,1024.0,1536.0,0.0904083251953125,Female,White,True,Female_White,3.0,1
14852,9--Press_Conference/9_Press_Conference_Press_Conference_9_857.jpg,318.0,200.0,711.0,787.0,0.0,0.0,0.0,0.0,0.0,0.0,1024.0,1482.0,0.1520136165232793,Female,White,True,Female_White,5.0,1
14853,9--Press_Conference/9_Press_Conference_Press_Conference_9_239.jpg,368.0,322.0,840.0,947.0,0.0,0.0,0.0,0.0,0.0,0.0,1024.0,1572.0,0.1832607744910941,Female,White,True,Female_White,6.0,1
14856,9--Press_Conference/9_Press_Conference_Press_Conference_9_640.jpg,206.0,336.0,241.0,381.0,1.0,0.0,0.0,0.0,0.0,0.0,1024.0,683.0,0.0022519559846266,Female,Indian,True,Female_Indian,0.0,10
14857,9--Press_Conference/9_Press_Conference_Press_Conference_9_640.jpg,514.0,349.0,546.0,392.0,1.0,0.0,0.0,0.0,0.0,0.0,1024.0,683.0,0.0019674231332357,Male,Indian,True,Male_Indian,0.0,10
14858,9--Press_Conference/9_Press_Conference_Press_Conference_9_640.jpg,657.0,11.0,808.0,230.0,0.0,0.0,0.0,0.0,0.0,0.0,1024.0,683.0,0.0472824967972181,Female,Indian,True,Female_Indian,1.0,10
14859,9--Press_Conference/9_Press_Conference_Press_Conference_9_640.jpg,307.0,121.0,546.0,591.0,0.0,0.0,0.0,0.0,0.0,0.0,1024.0,683.0,0.160610930636896,Male,Indian,True,Male_Indian,5.0,10
14860,9--Press_Conference/9_Press_Conference_Press_Conference_9_640.jpg,796.0,295.0,834.0,347.0,1.0,0.0,0.0,0.0,0.0,0.0,1024.0,683.0,0.0028253111273792,Female,Indian,True,Female_Indian,0.0,10
14861,9--Press_Conference/9_Press_Conference_Press_Conference_9_640.jpg,952.0,168.0,1024.0,260.0,0.0,0.0,0.0,0.0,0.0,0.0,1024.0,683.0,0.009471083455344,Female,Indian,True,Female_Indian,0.0,10
14862,9--Press_Conference/9_Press_Conference_Press_Conference_9_115.jpg,490.0,74.0,650.0,314.0,0.0,0.0,0.0,0.0,0.0,0.0,1024.0,714.0,0.0525210084033613,Male,White,True,Male_White,1.0,1
14863,9--Press_Conference/9_Press_Conference_Press_Conference_9_466.jpg,159.0,360.0,763.0,1195.0,0.0,0.0,0.0,0.0,0.0,0.0,1024.0,1536.0,0.3206507364908854,Female,White,True,Female_White,12.0,1
14864,9--Press_Conference/9_Press_Conference_Press_Conference_9_331.jpg,192.0,245.0,795.0,1060.0,0.0,0.0,0.0,0.0,0.0,0.0,1024.0,1231.0,0.3898673905869212,Female,White,True,Female_White,14.0,1
14865,9--Press_Conference/9_Press_Conference_Press_Conference_9_422.jpg,48.0,44.0,488.0,648.0,0.0,0.0,0.0,0.0,0.0,0.0,1024.0,687.0,0.3777747452692867,Female,White,True,Female_White,14.0,1
14866,9--Press_Conference/9_Press_Conference_Press_Conference_9_232.jpg,456.0,84.0,632.0,340.0,0.0,0.0,0.0,0.0,0.0,0.0,1024.0,640.0,0.06875,Male,Black,True,Male_Black,2.0,10
14867,9--Press_Conference/9_Press_Conference_Press_Conference_9_502.jpg,355.0,191.0,785.0,782.0,0.0,0.0,1.0,0.0,0.0,0.0,1024.0,1530.0,0.1622051164215686,Male,Indian,True,Male_Indian,6.0,1
14868,9--Press_Conference/9_Press_Conference_Press_Conference_9_515.jpg,404.0,292.0,690.0,684.0,0.0,0.0,0.0,0.0,0.0,0.0,1024.0,1545.0,0.0708636731391585,Female,Indian,True,Female_Indian,2.0,1
14870,9--Press_Conference/9_Press_Conference_Press_Conference_9_121.jpg,338.0,72.0,472.0,232.0,0.0,0.0,0.0,0.0,0.0,0.0,1024.0,683.0,0.0306551976573938,Male,White,True,Male_White,1.0,1
14874,9--Press_Conference/9_Press_Conference_Press_Conference_9_490.jpg,308.0,219.0,595.0,560.0,0.0,0.0,0.0,0.0,0.0,0.0,1024.0,1534.0,0.0623032869540417,Male,White,True,Male_White,2.0,1
14875,9--Press_Conference/9_Press_Conference_Press_Conference_9_722.jpg,420.0,195.0,697.0,587.0,0.0,0.0,0.0,0.0,0.0,0.0,1024.0,1280.0,0.082843017578125,Female,White,True,Female_White,3.0,1
14877,9--Press_Conference/9_Press_Conference_Press_Conference_9_863.jpg,120.0,343.0,623.0,1036.0,0.0,0.0,0.0,0.0,0.0,0.0,1024.0,1541.0,0.2209014793559377,Male,White,True,Male_White,8.0,1
14878,9--Press_Conference/9_Press_Conference_Press_Conference_9_493.jpg,283.0,428.0,780.0,1057.0,0.0,0.0,0.0,0.0,0.0,0.0,1024.0,1540.0,0.1982377485795454,Male,White,True,Male_White,7.0,1
14879,9--Press_Conference/9_Press_Conference_Press_Conference_9_170.jpg,346.0,434.0,668.0,832.0,0.0,0.0,0.0,0.0,0.0,0.0,1024.0,1540.0,0.0812677556818181,Male,White,True,Male_White,3.0,1
14881,9--Press_Conference/9_Press_Conference_Press_Conference_9_156.jpg,321.0,197.0,587.0,516.0,0.0,0.0,0.0,0.0,0.0,0.0,1024.0,1118.0,0.0741191720706618,Male,Indian,True,Male_Indian,2.0,1
14882,9--Press_Conference/9_Press_Conference_Press_Conference_9_323.jpg,377.0,281.0,608.0,568.0,0.0,0.0,0.0,0.0,0.0,0.0,1024.0,1535.0,0.0421779570439739,Female,Indian,True,Female_Indian,1.0,1
14884,9--Press_Conference/9_Press_Conference_Press_Conference_9_873.jpg,333.0,227.0,607.0,613.0,0.0,0.0,0.0,0.0,0.0,0.0,1024.0,1596.0,0.0647150101817042,Female,White,True,Female_White,2.0,1
14885,9--Press_Conference/9_Press_Conference_Press_Conference_9_229.jpg,276.0,148.0,740.0,776.0,0.0,0.0,1.0,0.0,0.0,0.0,1024.0,1024.0,0.27789306640625,Female,White,True,Female_White,10.0,1
14886,9--Press_Conference/9_Press_Conference_Press_Conference_9_495.jpg,185.0,49.0,237.0,117.0,1.0,0.0,0.0,0.0,0.0,0.0,1024.0,682.0,0.0050632331378299,Male,Asian,True,Male_Asian,0.0,1
14887,9--Press_Conference/9_Press_Conference_Press_Conference_9_495.jpg,301.0,72.0,352.0,138.0,1.0,0.0,0.0,0.0,0.0,0.0,1024.0,682.0,0.0048198084677419,Male,Asian,True,Male_Asian,0.0,1
14888,9--Press_Conference/9_Press_Conference_Press_Conference_9_495.jpg,446.0,129.0,493.0,183.0,1.0,0.0,0.0,0.0,0.0,0.0,1024.0,682.0,0.003634187133431,Female,Asian,True,Female_Asian,0.0,1
14889,9--Press_Conference/9_Press_Conference_Press_Conference_9_495.jpg,574.0,124.0,622.0,173.0,1.0,0.0,1.0,0.0,0.0,0.0,1024.0,682.0,0.0033678519061583,Female,Asian,True,Female_Asian,0.0,1
14890,9--Press_Conference/9_Press_Conference_Press_Conference_9_495.jpg,709.0,73.0,759.0,137.0,1.0,0.0,1.0,0.0,0.0,0.0,1024.0,682.0,0.0045821114369501,Male,Asian,True,Male_Asian,0.0,1
14891,9--Press_Conference/9_Press_Conference_Press_Conference_9_495.jpg,875.0,91.0,924.0,150.0,0.0,0.0,1.0,0.0,0.0,0.0,1024.0,682.0,0.0041396513013196,Male,Asian,True,Male_Asian,0.0,1
14892,9--Press_Conference/9_Press_Conference_Press_Conference_9_928.jpg,276.0,217.0,735.0,858.0,0.0,0.0,0.0,0.0,0.0,0.0,1024.0,1443.0,0.1991152059511434,Male,White,True,Male_White,7.0,1
14893,9--Press_Conference/9_Press_Conference_Press_Conference_9_286.jpg,336.0,255.0,648.0,715.0,0.0,0.0,0.0,0.0,0.0,0.0,1024.0,1377.0,0.1017837690631808,Male,White,True,Male_White,3.0,1
14894,9--Press_Conference/9_Press_Conference_Press_Conference_9_692.jpg,232.0,94.0,462.0,398.0,0.0,0.0,0.0,0.0,0.0,0.0,1024.0,632.0,0.1080399525316455,Male,White,True,Male_White,4.0,1
14895,9--Press_Conference/9_Press_Conference_Press_Conference_9_177.jpg,401.0,108.0,655.0,472.0,0.0,0.0,0.0,0.0,0.0,0.0,1024.0,1182.0,0.0763866857021996,Female,Indian,True,Female_Indian,2.0,1
14900,9--Press_Conference/9_Press_Conference_Press_Conference_9_394.jpg,182.0,370.0,625.0,1004.0,0.0,0.0,0.0,0.0,0.0,0.0,1024.0,1502.0,0.1826093854027962,Female,White,True,Female_White,6.0,1
14901,9--Press_Conference/9_Press_Conference_Press_Conference_9_581.jpg,280.0,260.0,615.0,741.0,0.0,0.0,0.0,0.0,0.0,0.0,1024.0,1466.0,0.1073386073925648,Male,White,True,Male_White,3.0,1
14922,9--Press_Conference/9_Press_Conference_Press_Conference_9_935.jpg,224.0,314.0,665.0,855.0,0.0,0.0,0.0,0.0,0.0,0.0,1024.0,1547.0,0.1506071479072398,Female,White,True,Female_White,5.0,1
14923,9--Press_Conference/9_Press_Conference_Press_Conference_9_564.jpg,311.0,238.0,760.0,872.0,0.0,0.0,0.0,0.0,0.0,0.0,1024.0,1437.0,0.1934545167884481,Male,White,True,Male_White,7.0,1
14924,9--Press_Conference/9_Press_Conference_Press_Conference_9_898.jpg,267.0,326.0,790.0,993.0,0.0,0.0,0.0,0.0,0.0,0.0,1024.0,1440.0,0.2365729437934027,Male,Asian,True,Male_Asian,8.0,1
14933,9--Press_Conference/9_Press_Conference_Press_Conference_9_895.jpg,284.0,86.0,512.0,386.0,0.0,0.0,0.0,0.0,0.0,0.0,1024.0,732.0,0.0912525614754098,Female,White,True,Female_White,3.0,1
14934,9--Press_Conference/9_Press_Conference_Press_Conference_9_568.jpg,282.0,234.0,774.0,829.0,0.0,0.0,0.0,0.0,0.0,0.0,1024.0,1539.0,0.1857562743664717,Female,White,True,Female_White,6.0,1
14936,9--Press_Conference/9_Press_Conference_Press_Conference_9_176.jpg,235.0,133.0,509.0,522.0,0.0,0.0,1.0,0.0,0.0,0.0,1024.0,1159.0,0.0898083611949956,Male,Black,True,Male_Black,3.0,1
14937,9--Press_Conference/9_Press_Conference_Press_Conference_9_176.jpg,653.0,382.0,847.0,635.0,0.0,0.0,0.0,0.0,0.0,0.0,1024.0,1159.0,0.0413560316005176,Male,Black,True,Male_Black,1.0,1
14938,9--Press_Conference/9_Press_Conference_Press_Conference_9_107.jpg,307.0,172.0,591.0,610.0,0.0,0.0,0.0,0.0,0.0,0.0,1024.0,1297.0,0.0936596472629144,Female,White,True,Female_White,3.0,1
14939,9--Press_Conference/9_Press_Conference_Press_Conference_9_284.jpg,240.0,249.0,767.0,884.0,0.0,0.0,1.0,0.0,0.0,0.0,1024.0,1532.0,0.2133170742901436,Female,White,True,Female_White,7.0,1
14941,9--Press_Conference/9_Press_Conference_Press_Conference_9_491.jpg,385.0,221.0,682.0,627.0,0.0,0.0,0.0,0.0,0.0,0.0,1024.0,1216.0,0.0968387001439144,Female,Asian,True,Female_Asian,3.0,1
14942,9--Press_Conference/9_Press_Conference_Press_Conference_9_836.jpg,440.0,92.0,540.0,182.0,0.0,0.0,0.0,0.0,0.0,1.0,1024.0,800.0,0.010986328125,Male,Asian,True,Male_Asian,0.0,1
14943,9--Press_Conference/9_Press_Conference_Press_Conference_9_836.jpg,644.0,174.0,714.0,274.0,0.0,0.0,0.0,0.0,0.0,0.0,1024.0,800.0,0.008544921875,Female,Asian,True,Female_Asian,0.0,1
14945,9--Press_Conference/9_Press_Conference_Press_Conference_9_73.jpg,338.0,296.0,733.0,865.0,0.0,0.0,0.0,0.0,0.0,0.0,1024.0,1455.0,0.1508503812285223,Male,White,True,Male_White,5.0,1
14949,9--Press_Conference/9_Press_Conference_Press_Conference_9_608.jpg,354.0,360.0,744.0,913.0,0.0,0.0,0.0,0.0,0.0,0.0,1024.0,1536.0,0.1371192932128906,Male,Indian,True,Male_Indian,5.0,1
14950,9--Press_Conference/9_Press_Conference_Press_Conference_9_194.jpg,284.0,154.0,598.0,548.0,0.0,0.0,0.0,0.0,0.0,0.0,1024.0,1024.0,0.1179847717285156,Female,White,True,Female_White,4.0,1
14956,9--Press_Conference/9_Press_Conference_Press_Conference_9_723.jpg,170.0,142.0,512.0,580.0,0.0,0.0,1.0,0.0,0.0,0.0,1024.0,976.0,0.1498823322233606,Female,White,True,Female_White,5.0,1
14958,9--Press_Conference/9_Press_Conference_Press_Conference_9_273.jpg,297.0,105.0,648.0,619.0,0.0,0.0,1.0,0.0,0.0,0.0,1024.0,1536.0,0.1147041320800781,Female,White,True,Female_White,4.0,1
14961,9--Press_Conference/9_Press_Conference_Press_Conference_9_745.jpg,420.0,357.0,720.0,807.0,0.0,0.0,0.0,0.0,0.0,0.0,1024.0,1539.0,0.0856633771929824,Female,White,True,Female_White,3.0,1
14966,9--Press_Conference/9_Press_Conference_Press_Conference_9_139.jpg,246.0,240.0,657.0,789.0,0.0,0.0,0.0,0.0,0.0,0.0,1024.0,1087.0,0.2027144304852806,Female,White,True,Female_White,7.0,1
14967,9--Press_Conference/9_Press_Conference_Press_Conference_9_537.jpg,355.0,209.0,842.0,869.0,0.0,0.0,0.0,0.0,0.0,0.0,1024.0,1530.0,0.2051547181372549,Female,White,True,Female_White,7.0,1
14968,9--Press_Conference/9_Press_Conference_Press_Conference_9_260.jpg,314.0,178.0,366.0,262.0,1.0,0.0,0.0,0.0,1.0,1.0,1024.0,663.0,0.0064338235294117,Male,Black,True,Male_Black,0.0,1
14970,9--Press_Conference/9_Press_Conference_Press_Conference_9_844.jpg,333.0,240.0,774.0,901.0,0.0,0.0,0.0,0.0,0.0,0.0,1024.0,1538.0,0.1850903415555916,Male,White,True,Male_White,6.0,1
14972,9--Press_Conference/9_Press_Conference_Press_Conference_9_664.jpg,357.0,346.0,664.0,745.0,0.0,0.0,0.0,0.0,0.0,0.0,1024.0,1431.0,0.0835933405398322,Female,White,True,Female_White,3.0,1
14973,9--Press_Conference/9_Press_Conference_Press_Conference_9_550.jpg,333.0,191.0,640.0,611.0,0.0,0.0,0.0,0.0,0.0,0.0,1024.0,1523.0,0.0826775894615889,Male,Indian,True,Male_Indian,3.0,10
14974,9--Press_Conference/9_Press_Conference_Press_Conference_9_550.jpg,45.0,39.0,1021.0,1152.0,1.0,0.0,0.0,0.0,0.0,0.0,1024.0,1523.0,0.6965384931057124,Male,Indian,True,Male_Indian,,10
14977,9--Press_Conference/9_Press_Conference_Press_Conference_9_516.jpg,349.0,178.0,557.0,458.0,0.0,0.0,0.0,0.0,0.0,0.0,1024.0,1543.0,0.0368600129617628,Male,Indian,True,Male_Indian,1.0,1
14978,9--Press_Conference/9_Press_Conference_Press_Conference_9_516.jpg,849.0,343.0,924.0,430.0,1.0,0.0,0.0,0.0,0.0,0.0,1024.0,1543.0,0.0041296631966947,Male,Indian,True,Male_Indian,0.0,1
14979,9--Press_Conference/9_Press_Conference_Press_Conference_9_516.jpg,295.0,307.0,349.0,388.0,1.0,0.0,0.0,0.0,0.0,0.0,1024.0,1543.0,0.0027682983635774,Male,Indian,True,Male_Indian,0.0,1
14980,9--Press_Conference/9_Press_Conference_Press_Conference_9_616.jpg,189.0,246.0,823.0,1054.0,0.0,0.0,0.0,0.0,0.0,0.0,1024.0,1536.0,0.3256937662760417,Male,White,True,Male_White,12.0,1
14981,9--Press_Conference/9_Press_Conference_Press_Conference_9_554.jpg,496.0,164.0,774.0,584.0,0.0,0.0,0.0,0.0,0.0,0.0,1024.0,1024.0,0.1113510131835937,Female,White,True,Female_White,4.0,1
14982,9--Press_Conference/9_Press_Conference_Press_Conference_9_761.jpg,297.0,272.0,713.0,900.0,0.0,0.0,0.0,0.0,0.0,0.0,1024.0,1449.0,0.1760697032436163,Female,White,True,Female_White,6.0,1
14986,9--Press_Conference/9_Press_Conference_Press_Conference_9_826.jpg,387.0,264.0,765.0,799.0,0.0,0.0,0.0,0.0,0.0,0.0,1024.0,1536.0,0.1285743713378906,Male,Indian,True,Male_Indian,4.0,1
14988,9--Press_Conference/9_Press_Conference_Press_Conference_9_281.jpg,260.0,126.0,542.0,504.0,0.0,0.0,0.0,0.0,0.0,0.0,1024.0,673.0,0.1546770523774145,Male,White,True,Male_White,5.0,1
14989,9--Press_Conference/9_Press_Conference_Press_Conference_9_878.jpg,208.0,186.0,688.0,768.0,0.0,0.0,0.0,0.0,0.0,0.0,1024.0,768.0,0.355224609375,Female,Indian,True,Female_Indian,13.0,1
14991,9--Press_Conference/9_Press_Conference_Press_Conference_9_861.jpg,337.0,296.0,745.0,866.0,0.0,0.0,0.0,0.0,0.0,0.0,1024.0,1473.0,0.1541815173116089,Female,White,True,Female_White,5.0,1
14992,9--Press_Conference/9_Press_Conference_Press_Conference_9_358.jpg,256.0,195.0,499.0,550.0,0.0,0.0,0.0,0.0,0.0,0.0,1024.0,1366.0,0.0616714231789897,Female,White,True,Female_White,2.0,1
14993,9--Press_Conference/9_Press_Conference_Press_Conference_9_940.jpg,390.0,170.0,642.0,550.0,0.0,0.0,0.0,0.0,0.0,0.0,1024.0,683.0,0.1369189238653001,Female,White,True,Female_White,5.0,1
14995,9--Press_Conference/9_Press_Conference_Press_Conference_9_925.jpg,345.0,171.0,600.0,496.0,0.0,0.0,0.0,0.0,0.0,0.0,1024.0,1438.0,0.0562813749565368,Male,White,True,Male_White,2.0,1
14996,9--Press_Conference/9_Press_Conference_Press_Conference_9_472.jpg,322.0,253.0,680.0,671.0,0.0,0.0,0.0,0.0,0.0,0.0,1024.0,1408.0,0.103790283203125,Female,White,True,Female_White,3.0,1
15001,9--Press_Conference/9_Press_Conference_Press_Conference_9_266.jpg,400.0,150.0,608.0,440.0,0.0,0.0,0.0,0.0,0.0,0.0,1024.0,683.0,0.0862463396778916,Male,White,True,Male_White,3.0,1
15059,0--Parade/0_Parade_Parade_0_757.jpg,238.0,52.0,442.0,362.0,0.0,0.0,0.0,0.0,0.0,0.0,1024.0,745.0,0.0828963926174496,Male,White,True,Male_White,3.0,1
15069,1--Handshaking/1_Handshaking_Handshaking_1_762.jpg,235.0,211.0,550.0,628.0,0.0,0.0,1.0,0.0,0.0,0.0,1024.0,1336.0,0.0960152449008233,Male,Black,True,Male_Black,3.0,1
15070,1--Handshaking/1_Handshaking_Handshaking_1_762.jpg,615.0,438.0,800.0,652.0,0.0,0.0,1.0,0.0,0.0,0.0,1024.0,1336.0,0.0289387046220059,Male,Black,True,Male_Black,1.0,1
15072,1--Handshaking/1_Handshaking_Handshaking_1_134.jpg,320.0,66.0,390.0,208.0,0.0,0.0,0.0,0.0,1.0,0.0,1024.0,754.0,0.0128740467506631,Male,Asian,True,Male_Asian,0.0,1
15073,1--Handshaking/1_Handshaking_Handshaking_1_134.jpg,698.0,58.0,768.0,214.0,0.0,0.0,0.0,0.0,0.0,1.0,1024.0,754.0,0.0141433189655172,Male,White,True,Male_White,0.0,1
15074,1--Handshaking/1_Handshaking_Handshaking_1_362.jpg,104.0,10.0,586.0,518.0,0.0,0.0,1.0,0.0,0.0,0.0,1024.0,551.0,0.4339694872958258,Male,White,True,Male_White,,1
15094,1--Handshaking/1_Handshaking_Handshaking_1_465.jpg,388.0,172.0,788.0,680.0,0.0,0.0,0.0,0.0,0.0,0.0,1024.0,768.0,0.2583821614583333,Male,Asian,True,Male_Asian,9.0,1
15095,1--Handshaking/1_Handshaking_Handshaking_1_94.jpg,381.0,207.0,618.0,561.0,0.0,0.0,0.0,0.0,0.0,0.0,1024.0,1396.0,0.058690286980659,Female,White,True,Female_White,2.0,1
15096,1--Handshaking/1_Handshaking_Handshaking_1_781.jpg,410.0,219.0,575.0,447.0,0.0,0.0,0.0,0.0,0.0,0.0,1024.0,1532.0,0.0239806013381201,Male,Black,True,Male_Black,0.0,10
15097,1--Handshaking/1_Handshaking_Handshaking_1_781.jpg,713.0,362.0,893.0,590.0,0.0,0.0,0.0,0.0,0.0,0.0,1024.0,1532.0,0.0261606560052219,Male,Black,True,Male_Black,0.0,10
15098,1--Handshaking/1_Handshaking_Handshaking_1_781.jpg,30.0,272.0,120.0,443.0,1.0,0.0,1.0,0.0,1.0,0.0,1024.0,1532.0,0.0098102460019582,Male,Black,True,Male_Black,0.0,10
15102,1--Handshaking/1_Handshaking_Handshaking_1_107.jpg,391.0,177.0,565.0,435.0,0.0,0.0,0.0,0.0,0.0,0.0,1024.0,1392.0,0.031494140625,Male,White,True,Male_White,1.0,1
15107,1--Handshaking/1_Handshaking_Handshaking_1_35.jpg,440.0,141.0,633.0,399.0,0.0,0.0,0.0,0.0,0.0,0.0,1024.0,1392.0,0.0349331559806034,Female,White,True,Female_White,1.0,1
15127,10--People_Marching/10_People_Marching_People_Marching_2_316.jpg,36.0,2.0,238.0,222.0,1.0,0.0,0.0,0.0,0.0,0.0,1024.0,707.0,0.0613839285714285,Female,White,True,Female_White,2.0,1
15137,10--People_Marching/10_People_Marching_People_Marching_2_934.jpg,446.0,196.0,560.0,348.0,0.0,0.0,1.0,0.0,0.0,0.0,1024.0,1006.0,0.0168209493041749,Male,White,True,Male_White,0.0,1
15217,12--Group/12_Group_Team_Organized_Group_12_Group_Team_Organized_Group_12_536.jpg,480.0,130.0,548.0,202.0,0.0,0.0,1.0,0.0,0.0,0.0,1024.0,683.0,0.0070003660322108,Male,Asian,True,Male_Asian,0.0,1
15218,12--Group/12_Group_Team_Organized_Group_12_Group_Team_Organized_Group_12_536.jpg,612.0,164.0,698.0,244.0,0.0,0.0,1.0,0.0,0.0,1.0,1024.0,683.0,0.0098371156661786,Female,White,True,Female_White,0.0,1
15219,12--Group/12_Group_Team_Organized_Group_12_Group_Team_Organized_Group_12_536.jpg,842.0,50.0,902.0,134.0,0.0,0.0,1.0,0.0,0.0,1.0,1024.0,683.0,0.0072062591508052,Male,Asian,True,Male_Asian,0.0,1
15246,12--Group/12_Group_Group_12_Group_Group_12_198.jpg,174.0,422.0,242.0,510.0,0.0,0.0,1.0,0.0,0.0,0.0,1024.0,1459.0,0.0040053118574366,Female,Asian,True,Female_Asian,0.0,10
15247,12--Group/12_Group_Group_12_Group_Group_12_198.jpg,351.0,396.0,431.0,493.0,0.0,0.0,1.0,0.0,0.0,0.0,1024.0,1459.0,0.0051940541466758,Female,Asian,True,Female_Asian,0.0,10
15248,12--Group/12_Group_Group_12_Group_Group_12_198.jpg,491.0,414.0,557.0,500.0,0.0,0.0,1.0,0.0,0.0,0.0,1024.0,1459.0,0.0037991561000685,Female,Asian,True,Female_Asian,0.0,10
15249,12--Group/12_Group_Group_12_Group_Group_12_198.jpg,667.0,425.0,730.0,513.0,0.0,0.0,1.0,0.0,1.0,0.0,1024.0,1459.0,0.003710803632625,Female,Asian,True,Female_Asian,0.0,10
15250,12--Group/12_Group_Group_12_Group_Group_12_198.jpg,847.0,411.0,915.0,497.0,0.0,0.0,1.0,0.0,0.0,0.0,1024.0,1459.0,0.0039142820424948,Female,Asian,True,Female_Asian,0.0,10
15303,12--Group/12_Group_Team_Organized_Group_12_Group_Team_Organized_Group_12_644.jpg,148.0,152.0,358.0,426.0,0.0,0.0,1.0,0.0,0.0,0.0,1024.0,684.0,0.0821511787280701,Male,White,True,Male_White,3.0,1
15320,12--Group/12_Group_Group_12_Group_Group_12_578.jpg,525.0,250.0,602.0,335.0,1.0,0.0,0.0,0.0,0.0,1.0,1024.0,768.0,0.0083223978678385,Male,Asian,True,Male_Asian,0.0,1
15321,12--Group/12_Group_Group_12_Group_Group_12_578.jpg,746.0,372.0,831.0,437.0,1.0,0.0,0.0,0.0,0.0,1.0,1024.0,768.0,0.007025400797526,Male,Asian,True,Male_Asian,0.0,1
15322,12--Group/12_Group_Group_12_Group_Group_12_578.jpg,300.0,258.0,354.0,311.0,1.0,0.0,0.0,0.0,1.0,0.0,1024.0,768.0,0.0036392211914062,Male,Asian,True,Male_Asian,0.0,1
15331,12--Group/12_Group_Group_12_Group_Group_12_522.jpg,885.0,295.0,932.0,344.0,1.0,0.0,0.0,0.0,0.0,0.0,1024.0,768.0,0.0029284159342447,Female,Indian,True,Female_Indian,0.0,10
15332,12--Group/12_Group_Group_12_Group_Group_12_522.jpg,793.0,288.0,836.0,335.0,1.0,0.0,0.0,0.0,0.0,0.0,1024.0,768.0,0.002569834391276,Female,Indian,True,Female_Indian,0.0,10
15333,12--Group/12_Group_Group_12_Group_Group_12_522.jpg,722.0,298.0,763.0,343.0,1.0,0.0,0.0,0.0,0.0,0.0,1024.0,768.0,0.0023460388183593,Female,Indian,True,Female_Indian,0.0,10
15334,12--Group/12_Group_Group_12_Group_Group_12_522.jpg,684.0,235.0,726.0,275.0,1.0,0.0,0.0,0.0,0.0,0.0,1024.0,768.0,0.00213623046875,Male,Indian,True,Male_Indian,0.0,10
15335,12--Group/12_Group_Group_12_Group_Group_12_522.jpg,820.0,248.0,858.0,294.0,1.0,0.0,0.0,0.0,1.0,0.0,1024.0,768.0,0.0022226969401041,Male,Indian,True,Male_Indian,0.0,10
15336,12--Group/12_Group_Group_12_Group_Group_12_522.jpg,602.0,267.0,639.0,310.0,1.0,0.0,0.0,0.0,0.0,0.0,1024.0,768.0,0.0020230611165364,Female,Indian,True,Female_Indian,0.0,10
15337,12--Group/12_Group_Group_12_Group_Group_12_522.jpg,492.0,254.0,535.0,301.0,1.0,0.0,0.0,0.0,0.0,0.0,1024.0,768.0,0.002569834391276,Male,Indian,True,Male_Indian,0.0,10
15338,12--Group/12_Group_Group_12_Group_Group_12_522.jpg,504.0,394.0,549.0,443.0,1.0,0.0,0.0,0.0,0.0,0.0,1024.0,768.0,0.0028038024902343,Female,Indian,True,Female_Indian,0.0,10
15339,12--Group/12_Group_Group_12_Group_Group_12_522.jpg,358.0,405.0,404.0,454.0,1.0,0.0,0.0,0.0,0.0,0.0,1024.0,768.0,0.0028661092122395,Female,Indian,True,Female_Indian,0.0,10
15340,12--Group/12_Group_Group_12_Group_Group_12_522.jpg,372.0,302.0,410.0,349.0,1.0,0.0,0.0,0.0,0.0,0.0,1024.0,768.0,0.002271016438802,Female,Indian,True,Female_Indian,0.0,10
15341,12--Group/12_Group_Group_12_Group_Group_12_522.jpg,398.0,230.0,432.0,274.0,1.0,0.0,0.0,0.0,0.0,0.0,1024.0,768.0,0.0019022623697916,Male,Indian,True,Male_Indian,0.0,10
15342,12--Group/12_Group_Group_12_Group_Group_12_522.jpg,301.0,233.0,339.0,274.0,1.0,0.0,0.0,0.0,0.0,0.0,1024.0,768.0,0.0019810994466145,Male,Indian,True,Male_Indian,0.0,10
15343,12--Group/12_Group_Group_12_Group_Group_12_522.jpg,186.0,229.0,229.0,279.0,1.0,0.0,0.0,0.0,0.0,0.0,1024.0,768.0,0.0027338663736979,Male,Indian,True,Male_Indian,0.0,10
15344,12--Group/12_Group_Group_12_Group_Group_12_522.jpg,112.0,230.0,154.0,278.0,1.0,0.0,0.0,0.0,0.0,0.0,1024.0,768.0,0.0025634765625,Male,Indian,True,Male_Indian,0.0,10
15345,12--Group/12_Group_Group_12_Group_Group_12_522.jpg,263.0,297.0,304.0,342.0,1.0,0.0,0.0,0.0,0.0,0.0,1024.0,768.0,0.0023460388183593,Female,Indian,True,Female_Indian,0.0,10
15346,12--Group/12_Group_Group_12_Group_Group_12_522.jpg,653.0,400.0,699.0,451.0,1.0,0.0,0.0,0.0,0.0,0.0,1024.0,768.0,0.0029830932617187,Female,Indian,True,Female_Indian,0.0,10
15438,12--Group/12_Group_Group_12_Group_Group_12_38.jpg,104.0,77.0,152.0,136.0,1.0,0.0,0.0,0.0,0.0,0.0,1024.0,606.0,0.0045637376237623,Female,Asian,True,Female_Asian,0.0,10
15439,12--Group/12_Group_Group_12_Group_Group_12_38.jpg,199.0,78.0,246.0,129.0,1.0,0.0,0.0,0.0,0.0,0.0,1024.0,606.0,0.0038627397896039,Female,Asian,True,Female_Asian,0.0,10
15440,12--Group/12_Group_Group_12_Group_Group_12_38.jpg,272.0,69.0,318.0,128.0,1.0,0.0,0.0,0.0,0.0,0.0,1024.0,606.0,0.0043735818894389,Female,Asian,True,Female_Asian,0.0,10
15441,12--Group/12_Group_Group_12_Group_Group_12_38.jpg,411.0,88.0,458.0,139.0,1.0,0.0,0.0,0.0,0.0,0.0,1024.0,606.0,0.0038627397896039,Female,Asian,True,Female_Asian,0.0,10
15442,12--Group/12_Group_Group_12_Group_Group_12_38.jpg,491.0,89.0,533.0,140.0,1.0,0.0,0.0,0.0,0.0,0.0,1024.0,606.0,0.0034518100247524,Female,Asian,True,Female_Asian,0.0,10
15443,12--Group/12_Group_Group_12_Group_Group_12_38.jpg,572.0,76.0,613.0,127.0,1.0,0.0,0.0,0.0,0.0,0.0,1024.0,606.0,0.0033696240717821,Female,Asian,True,Female_Asian,0.0,10
15444,12--Group/12_Group_Group_12_Group_Group_12_38.jpg,723.0,68.0,757.0,113.0,0.0,0.0,0.0,0.0,0.0,0.0,1024.0,606.0,0.0024655785891089,Female,Asian,True,Female_Asian,0.0,10
15445,12--Group/12_Group_Group_12_Group_Group_12_38.jpg,789.0,69.0,835.0,118.0,1.0,0.0,0.0,0.0,0.0,0.0,1024.0,606.0,0.0036322968234323,Female,Asian,True,Female_Asian,0.0,10
15446,12--Group/12_Group_Team_Organized_Group_12_Group_Team_Organized_Group_12_503.jpg,156.0,52.0,186.0,84.0,1.0,0.0,0.0,0.0,0.0,0.0,1024.0,432.0,0.0021701388888888,Female,Asian,True,Female_Asian,0.0,10
15447,12--Group/12_Group_Team_Organized_Group_12_Group_Team_Organized_Group_12_503.jpg,267.0,106.0,298.0,143.0,1.0,0.0,0.0,0.0,0.0,0.0,1024.0,432.0,0.0025928638599537,Male,Asian,True,Male_Asian,0.0,10
15448,12--Group/12_Group_Team_Organized_Group_12_Group_Team_Organized_Group_12_503.jpg,189.0,97.0,222.0,137.0,1.0,0.0,0.0,0.0,0.0,0.0,1024.0,432.0,0.0029839409722222,Male,Asian,True,Male_Asian,0.0,10
15449,12--Group/12_Group_Team_Organized_Group_12_Group_Team_Organized_Group_12_503.jpg,227.0,44.0,255.0,74.0,1.0,0.0,0.0,0.0,0.0,0.0,1024.0,432.0,0.0018988715277777,Female,Asian,True,Female_Asian,0.0,10
15450,12--Group/12_Group_Team_Organized_Group_12_Group_Team_Organized_Group_12_503.jpg,96.0,106.0,132.0,141.0,1.0,0.0,0.0,0.0,0.0,0.0,1024.0,432.0,0.0028483072916666,Male,Asian,True,Male_Asian,0.0,10
15451,12--Group/12_Group_Team_Organized_Group_12_Group_Team_Organized_Group_12_503.jpg,137.0,175.0,173.0,217.0,1.0,0.0,0.0,0.0,0.0,0.0,1024.0,432.0,0.00341796875,Male,Asian,True,Male_Asian,0.0,10
15452,12--Group/12_Group_Team_Organized_Group_12_Group_Team_Organized_Group_12_503.jpg,299.0,55.0,326.0,90.0,1.0,0.0,0.0,0.0,0.0,0.0,1024.0,432.0,0.00213623046875,Female,Asian,True,Female_Asian,0.0,10
15453,12--Group/12_Group_Team_Organized_Group_12_Group_Team_Organized_Group_12_503.jpg,27.0,182.0,69.0,226.0,1.0,0.0,0.0,0.0,0.0,0.0,1024.0,432.0,0.0041775173611111,Male,Asian,True,Male_Asian,0.0,10
15454,12--Group/12_Group_Team_Organized_Group_12_Group_Team_Organized_Group_12_503.jpg,329.0,91.0,364.0,128.0,1.0,0.0,0.0,0.0,0.0,0.0,1024.0,432.0,0.0029274269386574,Male,Asian,True,Male_Asian,0.0,10
15455,12--Group/12_Group_Team_Organized_Group_12_Group_Team_Organized_Group_12_503.jpg,430.0,191.0,466.0,233.0,1.0,0.0,0.0,0.0,0.0,0.0,1024.0,432.0,0.00341796875,Male,Asian,True,Male_Asian,0.0,10
15456,12--Group/12_Group_Team_Organized_Group_12_Group_Team_Organized_Group_12_503.jpg,337.0,207.0,371.0,247.0,1.0,0.0,0.0,0.0,0.0,0.0,1024.0,432.0,0.0030743634259259,Female,Asian,True,Female_Asian,0.0,10
15457,12--Group/12_Group_Team_Organized_Group_12_Group_Team_Organized_Group_12_503.jpg,242.0,197.0,276.0,239.0,1.0,0.0,0.0,0.0,0.0,0.0,1024.0,432.0,0.0032280815972222,Female,Asian,True,Female_Asian,0.0,10
15458,12--Group/12_Group_Team_Organized_Group_12_Group_Team_Organized_Group_12_503.jpg,367.0,48.0,398.0,78.0,1.0,0.0,0.0,0.0,0.0,0.0,1024.0,432.0,0.0021023220486111,Female,Asian,True,Female_Asian,0.0,10
15459,12--Group/12_Group_Team_Organized_Group_12_Group_Team_Organized_Group_12_503.jpg,409.0,77.0,442.0,114.0,1.0,0.0,0.0,0.0,0.0,0.0,1024.0,432.0,0.0027601453993055,Male,Asian,True,Male_Asian,0.0,10
15460,12--Group/12_Group_Team_Organized_Group_12_Group_Team_Organized_Group_12_503.jpg,432.0,41.0,459.0,74.0,1.0,0.0,0.0,0.0,0.0,0.0,1024.0,432.0,0.00201416015625,Female,Asian,True,Female_Asian,0.0,10
15461,12--Group/12_Group_Team_Organized_Group_12_Group_Team_Organized_Group_12_503.jpg,490.0,74.0,524.0,114.0,1.0,0.0,0.0,0.0,0.0,0.0,1024.0,432.0,0.0030743634259259,Male,Asian,True,Male_Asian,0.0,10
15462,12--Group/12_Group_Team_Organized_Group_12_Group_Team_Organized_Group_12_503.jpg,489.0,29.0,518.0,59.0,1.0,0.0,0.0,0.0,0.0,0.0,1024.0,432.0,0.0019666883680555,Female,Asian,True,Female_Asian,0.0,10
15463,12--Group/12_Group_Team_Organized_Group_12_Group_Team_Organized_Group_12_503.jpg,557.0,44.0,586.0,73.0,1.0,0.0,0.0,0.0,0.0,0.0,1024.0,432.0,0.0019011320891203,Female,Asian,True,Female_Asian,0.0,10
15464,12--Group/12_Group_Team_Organized_Group_12_Group_Team_Organized_Group_12_503.jpg,755.0,204.0,795.0,248.0,1.0,0.0,0.0,0.0,0.0,0.0,1024.0,432.0,0.0039785879629629,Male,Asian,True,Male_Asian,0.0,10
15465,12--Group/12_Group_Team_Organized_Group_12_Group_Team_Organized_Group_12_503.jpg,724.0,103.0,757.0,141.0,1.0,0.0,0.0,0.0,0.0,0.0,1024.0,432.0,0.0028347439236111,Male,Asian,True,Male_Asian,0.0,10
15466,12--Group/12_Group_Team_Organized_Group_12_Group_Team_Organized_Group_12_503.jpg,655.0,81.0,689.0,119.0,1.0,0.0,0.0,0.0,0.0,0.0,1024.0,432.0,0.0029206452546296,Male,Asian,True,Male_Asian,0.0,10
15467,12--Group/12_Group_Team_Organized_Group_12_Group_Team_Organized_Group_12_503.jpg,645.0,207.0,679.0,247.0,1.0,0.0,0.0,0.0,0.0,0.0,1024.0,432.0,0.0030743634259259,Female,Asian,True,Female_Asian,0.0,10
15468,12--Group/12_Group_Team_Organized_Group_12_Group_Team_Organized_Group_12_503.jpg,542.0,182.0,582.0,230.0,1.0,0.0,0.0,0.0,0.0,0.0,1024.0,432.0,0.0043402777777777,Male,Asian,True,Male_Asian,0.0,10
15469,12--Group/12_Group_Team_Organized_Group_12_Group_Team_Organized_Group_12_503.jpg,574.0,81.0,610.0,119.0,1.0,0.0,0.0,0.0,0.0,0.0,1024.0,432.0,0.0030924479166666,Male,Asian,True,Male_Asian,0.0,10
15470,12--Group/12_Group_Team_Organized_Group_12_Group_Team_Organized_Group_12_503.jpg,628.0,52.0,657.0,88.0,1.0,0.0,0.0,0.0,0.0,0.0,1024.0,432.0,0.0023600260416666,Female,Asian,True,Female_Asian,0.0,10
15471,12--Group/12_Group_Team_Organized_Group_12_Group_Team_Organized_Group_12_503.jpg,867.0,201.0,905.0,244.0,1.0,0.0,0.0,0.0,0.0,0.0,1024.0,432.0,0.0036937572337962,Male,Asian,True,Male_Asian,0.0,10
15472,12--Group/12_Group_Team_Organized_Group_12_Group_Team_Organized_Group_12_503.jpg,746.0,65.0,775.0,99.0,1.0,0.0,0.0,0.0,0.0,0.0,1024.0,432.0,0.0022289134837962,Female,Asian,True,Female_Asian,0.0,10
15473,12--Group/12_Group_Team_Organized_Group_12_Group_Team_Organized_Group_12_503.jpg,687.0,68.0,717.0,97.0,1.0,0.0,0.0,0.0,0.0,0.0,1024.0,432.0,0.0019666883680555,Female,Asian,True,Female_Asian,0.0,10
15474,12--Group/12_Group_Team_Organized_Group_12_Group_Team_Organized_Group_12_503.jpg,796.0,95.0,833.0,134.0,1.0,0.0,0.0,0.0,0.0,0.0,1024.0,432.0,0.0032619900173611,Male,Asian,True,Male_Asian,0.0,10
15475,12--Group/12_Group_Team_Organized_Group_12_Group_Team_Organized_Group_12_503.jpg,827.0,66.0,857.0,98.0,1.0,0.0,0.0,0.0,1.0,0.0,1024.0,432.0,0.0021701388888888,Female,Asian,True,Female_Asian,0.0,10
15476,12--Group/12_Group_Team_Organized_Group_12_Group_Team_Organized_Group_12_503.jpg,881.0,119.0,917.0,151.0,1.0,0.0,0.0,0.0,0.0,0.0,1024.0,432.0,0.0026041666666666,Male,Asian,True,Male_Asian,0.0,10
15477,12--Group/12_Group_Team_Organized_Group_12_Group_Team_Organized_Group_12_503.jpg,884.0,73.0,913.0,103.0,1.0,0.0,0.0,0.0,0.0,0.0,1024.0,432.0,0.0019666883680555,Female,Asian,True,Female_Asian,0.0,10
15478,12--Group/12_Group_Team_Organized_Group_12_Group_Team_Organized_Group_12_503.jpg,950.0,205.0,990.0,247.0,1.0,0.0,0.0,0.0,0.0,0.0,1024.0,432.0,0.0037977430555555,Male,Asian,True,Male_Asian,0.0,10
15483,12--Group/12_Group_Group_12_Group_Group_12_411.jpg,318.0,611.0,425.0,797.0,1.0,0.0,0.0,0.0,0.0,0.0,1024.0,1072.0,0.018130174323694,Male,Black,True,Male_Black,0.0,10
15484,12--Group/12_Group_Group_12_Group_Group_12_411.jpg,216.0,201.0,323.0,335.0,1.0,0.0,0.0,0.0,0.0,0.0,1024.0,1072.0,0.0130615234375,Male,Black,True,Male_Black,0.0,10
15485,12--Group/12_Group_Group_12_Group_Group_12_411.jpg,348.0,165.0,444.0,295.0,1.0,0.0,0.0,0.0,0.0,0.0,1024.0,1072.0,0.0113689365671641,Male,Black,True,Male_Black,0.0,10
15486,12--Group/12_Group_Group_12_Group_Group_12_411.jpg,530.0,130.0,633.0,277.0,0.0,0.0,0.0,0.0,0.0,0.0,1024.0,1072.0,0.0137930343400186,Male,Black,True,Male_Black,0.0,10
15487,12--Group/12_Group_Group_12_Group_Group_12_411.jpg,739.0,157.0,858.0,304.0,0.0,0.0,0.0,0.0,0.0,0.0,1024.0,1072.0,0.015935641616138,Male,Black,True,Male_Black,0.0,10
15532,12--Group/12_Group_Large_Group_12_Group_Large_Group_12_942.jpg,272.0,234.0,793.0,951.0,0.0,0.0,0.0,0.0,0.0,0.0,1024.0,1497.0,0.2436885489729459,Male,White,True,Male_White,9.0,1
15581,12--Group/12_Group_Team_Organized_Group_12_Group_Team_Organized_Group_12_270.jpg,444.0,16.0,506.0,96.0,0.0,0.0,0.0,0.0,0.0,1.0,1024.0,606.0,0.0079929867986798,Male,Black,True,Male_Black,0.0,1
15582,12--Group/12_Group_Team_Organized_Group_12_Group_Team_Organized_Group_12_319.jpg,448.0,202.0,548.0,338.0,0.0,0.0,0.0,0.0,1.0,0.0,1024.0,684.0,0.0194170321637426,Male,White,True,Male_White,0.0,1
15602,12--Group/12_Group_Team_Organized_Group_12_Group_Team_Organized_Group_12_50.jpg,92.0,212.0,292.0,432.0,0.0,0.0,0.0,0.0,0.0,0.0,1024.0,651.0,0.0660042242703533,Male,Asian,True,Male_Asian,2.0,10
15603,12--Group/12_Group_Team_Organized_Group_12_Group_Team_Organized_Group_12_50.jpg,528.0,204.0,772.0,456.0,0.0,0.0,0.0,0.0,0.0,0.0,1024.0,651.0,0.0922379032258064,Male,Asian,True,Male_Asian,3.0,10
15604,12--Group/12_Group_Team_Organized_Group_12_Group_Team_Organized_Group_12_50.jpg,342.0,168.0,478.0,334.0,0.0,0.0,0.0,0.0,0.0,1.0,1024.0,651.0,0.0338661674347158,Male,Asian,True,Male_Asian,1.0,10
15605,12--Group/12_Group_Team_Organized_Group_12_Group_Team_Organized_Group_12_50.jpg,4.0,190.0,92.0,342.0,0.0,0.0,0.0,0.0,1.0,0.0,1024.0,651.0,0.0200652841781874,Male,Asian,True,Male_Asian,0.0,10
15620,13--Interview/13_Interview_Interview_Sequences_13_103.jpg,456.0,20.0,660.0,262.0,1.0,0.0,0.0,0.0,0.0,0.0,1024.0,579.0,0.0832658678756476,Female,White,True,Female_White,3.0,1
15623,13--Interview/13_Interview_Interview_Sequences_13_778.jpg,410.0,170.0,644.0,495.0,0.0,0.0,0.0,0.0,0.0,0.0,1024.0,1173.0,0.0633142183503836,Female,White,True,Female_White,2.0,1
15625,13--Interview/13_Interview_Interview_On_Location_13_537.jpg,112.0,325.0,643.0,1109.0,0.0,0.0,0.0,0.0,1.0,0.0,1024.0,1365.0,0.2978365384615384,Female,White,True,Female_White,11.0,1
15626,13--Interview/13_Interview_Interview_Sequences_13_609.jpg,486.0,92.0,654.0,328.0,0.0,0.0,0.0,0.0,0.0,0.0,1024.0,589.0,0.0657364176570458,Male,White,True,Male_White,2.0,1
15640,13--Interview/13_Interview_Interview_On_Location_13_512.jpg,345.0,133.0,546.0,402.0,0.0,0.0,0.0,0.0,0.0,0.0,1024.0,1510.0,0.0349680515314569,Male,White,True,Male_White,1.0,1
15647,13--Interview/13_Interview_Interview_On_Location_13_569.jpg,283.0,369.0,622.0,838.0,0.0,0.0,0.0,0.0,0.0,0.0,1024.0,1306.0,0.1188856419888974,Female,White,True,Female_White,4.0,1
15650,13--Interview/13_Interview_Interview_On_Location_13_791.jpg,390.0,376.0,749.0,829.0,0.0,0.0,1.0,0.0,0.0,0.0,1024.0,1451.0,0.1094523981305995,Female,White,True,Female_White,4.0,1
15651,13--Interview/13_Interview_Interview_Sequences_13_477.jpg,378.0,114.0,606.0,476.0,0.0,0.0,0.0,0.0,0.0,0.0,1024.0,840.0,0.0959542410714285,Male,White,True,Male_White,3.0,1
15653,13--Interview/13_Interview_Interview_Sequences_13_134.jpg,342.0,100.0,546.0,376.0,0.0,0.0,0.0,0.0,0.0,0.0,1024.0,576.0,0.095458984375,Male,White,True,Male_White,3.0,1
15654,13--Interview/13_Interview_Interview_On_Location_13_736.jpg,209.0,220.0,557.0,762.0,0.0,0.0,0.0,0.0,0.0,0.0,1024.0,1128.0,0.1632937167553191,Female,White,True,Female_White,6.0,1
15656,13--Interview/13_Interview_Interview_2_People_Visible_13_409.jpg,304.0,38.0,689.0,642.0,0.0,0.0,0.0,0.0,0.0,0.0,1024.0,1288.0,0.1763119904891304,Male,White,True,Male_White,6.0,1
15659,13--Interview/13_Interview_Interview_2_People_Visible_13_381.jpg,390.0,180.0,574.0,424.0,1.0,0.0,0.0,0.0,0.0,0.0,1024.0,852.0,0.0514598004694835,Male,Indian,True,Male_Indian,1.0,1
15660,13--Interview/13_Interview_Interview_Sequences_13_937.jpg,241.0,275.0,738.0,997.0,0.0,0.0,0.0,0.0,0.0,0.0,1024.0,1369.0,0.2559706560445581,Male,White,True,Male_White,9.0,1
15661,13--Interview/13_Interview_Interview_Sequences_13_807.jpg,418.0,110.0,588.0,376.0,0.0,0.0,0.0,0.0,0.0,0.0,1024.0,634.0,0.0696532432965299,Male,White,True,Male_White,2.0,1
15669,13--Interview/13_Interview_Interview_Sequences_13_11.jpg,284.0,48.0,470.0,256.0,0.0,0.0,0.0,0.0,0.0,1.0,1024.0,576.0,0.0655924479166666,Male,White,True,Male_White,2.0,1
15670,13--Interview/13_Interview_Interview_On_Location_13_539.jpg,419.0,664.0,862.0,1243.0,0.0,0.0,0.0,0.0,0.0,0.0,1024.0,1366.0,0.1833714140281845,Female,White,True,Female_White,6.0,1
15674,13--Interview/13_Interview_Interview_Sequences_13_513.jpg,350.0,118.0,496.0,292.0,0.0,0.0,0.0,0.0,0.0,0.0,1024.0,641.0,0.0387029543681747,Male,White,True,Male_White,1.0,1
15675,13--Interview/13_Interview_Interview_On_Location_13_129.jpg,396.0,0.0,594.0,232.0,0.0,0.0,0.0,0.0,0.0,0.0,1024.0,576.0,0.077880859375,Female,Indian,True,Female_Indian,2.0,1
15676,13--Interview/13_Interview_Interview_Sequences_13_3.jpg,182.0,30.0,502.0,512.0,0.0,0.0,1.0,0.0,0.0,0.0,1024.0,576.0,0.2615017361111111,Male,White,True,Male_White,9.0,1
15680,13--Interview/13_Interview_Interview_Sequences_13_135.jpg,376.0,98.0,508.0,278.0,0.0,0.0,0.0,0.0,0.0,0.0,1024.0,576.0,0.040283203125,Male,White,True,Male_White,1.0,1
15681,13--Interview/13_Interview_Interview_Sequences_13_718.jpg,420.0,82.0,572.0,302.0,0.0,0.0,0.0,0.0,0.0,0.0,1024.0,768.0,0.0425211588541666,Male,Indian,True,Male_Indian,1.0,10
15682,13--Interview/13_Interview_Interview_Sequences_13_718.jpg,760.0,68.0,908.0,274.0,0.0,0.0,0.0,0.0,0.0,0.0,1024.0,768.0,0.0387674967447916,Female,Indian,True,Female_Indian,1.0,10
15684,13--Interview/13_Interview_Interview_Sequences_13_15.jpg,782.0,280.0,852.0,370.0,1.0,0.0,0.0,0.0,0.0,1.0,1024.0,684.0,0.0089946546052631,Male,White,True,Male_White,0.0,1
15685,13--Interview/13_Interview_Interview_On_Location_13_433.jpg,432.0,84.0,560.0,274.0,0.0,0.0,0.0,0.0,0.0,0.0,1024.0,576.0,0.0412326388888888,Male,White,True,Male_White,1.0,1
15690,13--Interview/13_Interview_Interview_On_Location_13_491.jpg,664.0,34.0,802.0,230.0,0.0,0.0,0.0,0.0,0.0,0.0,1024.0,401.0,0.0658704800498753,Male,White,True,Male_White,2.0,1
15695,13--Interview/13_Interview_Interview_On_Location_13_849.jpg,292.0,218.0,646.0,636.0,0.0,0.0,0.0,0.0,0.0,0.0,1024.0,1024.0,0.1411170959472656,Male,White,True,Male_White,5.0,1
15696,13--Interview/13_Interview_Interview_2_People_Visible_13_475.jpg,640.0,206.0,777.0,456.0,1.0,0.0,0.0,0.0,0.0,0.0,1024.0,1408.0,0.0237551602450284,Male,Indian,True,Male_Indian,0.0,10
15697,13--Interview/13_Interview_Interview_2_People_Visible_13_475.jpg,324.0,176.0,544.0,527.0,1.0,0.0,1.0,0.0,0.0,0.0,1024.0,1408.0,0.053558349609375,Male,Indian,True,Male_Indian,1.0,10
15701,13--Interview/13_Interview_Interview_Sequences_13_557.jpg,514.0,362.0,590.0,450.0,1.0,0.0,0.0,0.0,0.0,0.0,1024.0,666.0,0.0098066816816816,Female,White,True,Female_White,0.0,1
15702,13--Interview/13_Interview_Interview_Sequences_13_237.jpg,552.0,74.0,732.0,314.0,0.0,0.0,0.0,0.0,0.0,0.0,1024.0,492.0,0.0857469512195122,Male,White,True,Male_White,3.0,1
15705,13--Interview/13_Interview_Interview_On_Location_13_225.jpg,412.0,124.0,573.0,374.0,0.0,0.0,0.0,0.0,0.0,0.0,1024.0,1060.0,0.0370817364386792,Male,White,True,Male_White,1.0,1
15709,13--Interview/13_Interview_Interview_Sequences_13_189.jpg,290.0,2.0,706.0,544.0,0.0,0.0,0.0,0.0,0.0,0.0,1024.0,576.0,0.3822699652777778,Male,White,True,Male_White,14.0,1
15710,13--Interview/13_Interview_Interview_On_Location_13_301.jpg,149.0,95.0,666.0,729.0,0.0,0.0,0.0,0.0,0.0,0.0,1024.0,1155.0,0.2771391369047619,Male,White,True,Male_White,10.0,1
15711,13--Interview/13_Interview_Interview_Sequences_13_779.jpg,376.0,140.0,718.0,634.0,0.0,0.0,1.0,0.0,0.0,0.0,1024.0,712.0,0.2317251141151685,Female,Black,True,Female_Black,8.0,1
15714,13--Interview/13_Interview_Interview_On_Location_13_912.jpg,301.0,270.0,704.0,902.0,0.0,0.0,0.0,0.0,0.0,0.0,1024.0,1424.0,0.1746675298455056,Male,White,True,Male_White,6.0,1
15715,13--Interview/13_Interview_Interview_Sequences_13_1032.jpg,414.0,151.0,595.0,414.0,0.0,0.0,0.0,0.0,0.0,0.0,1024.0,1545.0,0.0300888703478964,Male,White,True,Male_White,1.0,1
15716,13--Interview/13_Interview_Interview_On_Location_13_246.jpg,228.0,312.0,754.0,1039.0,0.0,0.0,0.0,0.0,0.0,0.0,1024.0,1536.0,0.2431246439615885,Male,White,True,Male_White,9.0,1
15732,13--Interview/13_Interview_Interview_On_Location_13_282.jpg,666.0,76.0,824.0,312.0,0.0,0.0,0.0,0.0,0.0,0.0,1024.0,566.0,0.0643357994699646,Male,White,True,Male_White,2.0,1
15734,13--Interview/13_Interview_Interview_Sequences_13_691.jpg,274.0,50.0,654.0,574.0,0.0,0.0,0.0,0.0,0.0,0.0,1024.0,576.0,0.3375922309027778,Male,White,True,Male_White,12.0,1
15735,13--Interview/13_Interview_Interview_Sequences_13_270.jpg,311.0,119.0,678.0,601.0,0.0,0.0,0.0,0.0,0.0,0.0,1024.0,1106.0,0.1561917241184448,Male,White,True,Male_White,5.0,1
15738,13--Interview/13_Interview_Interview_On_Location_13_513.jpg,492.0,100.0,628.0,316.0,0.0,0.0,0.0,0.0,0.0,0.0,1024.0,480.0,0.059765625,Male,White,True,Male_White,2.0,1
15744,13--Interview/13_Interview_Interview_2_People_Visible_13_245.jpg,480.0,80.0,616.0,307.0,0.0,0.0,0.0,0.0,0.0,0.0,1024.0,1366.0,0.0220705984626647,Female,White,True,Female_White,0.0,1
15745,13--Interview/13_Interview_Interview_2_People_Visible_13_245.jpg,240.0,123.0,379.0,312.0,0.0,0.0,0.0,0.0,0.0,1.0,1024.0,1366.0,0.0187813129117862,Male,Black,True,Male_Black,0.0,1
15749,13--Interview/13_Interview_Interview_Sequences_13_764.jpg,418.0,100.0,620.0,386.0,0.0,0.0,1.0,0.0,0.0,0.0,1024.0,634.0,0.0889873324132492,Male,White,True,Male_White,3.0,1
15750,13--Interview/13_Interview_Interview_Sequences_13_121.jpg,418.0,144.0,662.0,494.0,0.0,0.0,0.0,0.0,0.0,0.0,1024.0,684.0,0.1219275402046783,Male,White,True,Male_White,4.0,1
15753,13--Interview/13_Interview_Interview_Sequences_13_347.jpg,334.0,160.0,414.0,278.0,1.0,0.0,0.0,0.0,0.0,0.0,1024.0,684.0,0.0134777046783625,Male,White,True,Male_White,0.0,1
15754,13--Interview/13_Interview_Interview_Sequences_13_373.jpg,488.0,190.0,564.0,280.0,1.0,0.0,0.0,0.0,0.0,0.0,1024.0,684.0,0.009765625,Male,White,True,Male_White,0.0,1
15762,13--Interview/13_Interview_Interview_2_People_Visible_13_217.jpg,336.0,120.0,618.0,546.0,0.0,0.0,0.0,0.0,0.0,0.0,1024.0,1539.0,0.0762289839181286,Male,White,True,Male_White,2.0,1
15782,15--Stock_Market/15_Stock_Market_Stock_Market_15_542.jpg,878.0,254.0,925.0,307.0,1.0,0.0,0.0,0.0,0.0,0.0,1024.0,682.0,0.0035668873717008,Male,White,True,Male_White,0.0,1
15783,15--Stock_Market/15_Stock_Market_Stock_Market_15_542.jpg,764.0,237.0,808.0,282.0,1.0,0.0,0.0,0.0,0.0,0.0,1024.0,682.0,0.0028351814516129,Male,Black,True,Male_Black,0.0,1
15784,15--Stock_Market/15_Stock_Market_Stock_Market_15_542.jpg,618.0,285.0,652.0,324.0,1.0,0.0,0.0,0.0,0.0,0.0,1024.0,682.0,0.0018987124266862,Male,White,True,Male_White,0.0,1
15785,15--Stock_Market/15_Stock_Market_Stock_Market_15_542.jpg,482.0,300.0,518.0,345.0,1.0,0.0,0.0,0.0,0.0,0.0,1024.0,682.0,0.002319693914956,Female,Asian,True,Female_Asian,0.0,1
15786,15--Stock_Market/15_Stock_Market_Stock_Market_15_542.jpg,382.0,270.0,416.0,315.0,1.0,0.0,0.0,0.0,0.0,0.0,1024.0,682.0,0.0021908220307917,Female,Black,True,Female_Black,0.0,1
15787,15--Stock_Market/15_Stock_Market_Stock_Market_15_542.jpg,284.0,316.0,319.0,360.0,1.0,0.0,0.0,0.0,0.0,0.0,1024.0,682.0,0.0022051411290322,Female,Black,True,Female_Black,0.0,1
15788,15--Stock_Market/15_Stock_Market_Stock_Market_15_542.jpg,223.0,275.0,254.0,314.0,1.0,0.0,0.0,0.0,0.0,0.0,1024.0,682.0,0.0017311789772727,Female,Asian,True,Female_Asian,0.0,1
15789,15--Stock_Market/15_Stock_Market_Stock_Market_15_542.jpg,141.0,280.0,175.0,318.0,1.0,0.0,0.0,0.0,0.0,0.0,1024.0,682.0,0.0018500274926686,Female,Indian,True,Female_Indian,0.0,1
15791,15--Stock_Market/15_Stock_Market_Stock_Market_15_706.jpg,332.0,180.0,498.0,410.0,0.0,0.0,0.0,0.0,0.0,0.0,1024.0,680.0,0.0548311121323529,Female,White,True,Female_White,2.0,1
15797,15--Stock_Market/15_Stock_Market_Stock_Market_15_303.jpg,652.0,102.0,954.0,550.0,0.0,0.0,0.0,0.0,1.0,0.0,1024.0,682.0,0.1937316715542522,Male,White,True,Male_White,7.0,1
15800,15--Stock_Market/15_Stock_Market_Stock_Market_15_846.jpg,277.0,217.0,708.0,904.0,0.0,0.0,0.0,0.0,0.0,0.0,1024.0,1544.0,0.1872779964783031,Male,White,True,Male_White,6.0,1
15802,15--Stock_Market/15_Stock_Market_Stock_Market_15_382.jpg,290.0,88.0,394.0,256.0,0.0,0.0,0.0,0.0,0.0,0.0,1024.0,512.0,0.0333251953125,Male,White,True,Male_White,1.0,1
15803,15--Stock_Market/15_Stock_Market_Stock_Market_15_751.jpg,260.0,104.0,420.0,330.0,0.0,0.0,0.0,0.0,0.0,0.0,1024.0,786.0,0.044926844783715,Female,Indian,True,Female_Indian,1.0,1
15825,16--Award_Ceremony/16_Award_Ceremony_Awards_Ceremony_16_84.jpg,434.0,165.0,684.0,521.0,0.0,0.0,0.0,0.0,0.0,0.0,1024.0,1597.0,0.0544233328115216,Female,White,True,Female_White,1.0,1
15827,16--Award_Ceremony/16_Award_Ceremony_Awards_Ceremony_16_474.jpg,351.0,212.0,708.0,696.0,0.0,0.0,0.0,0.0,0.0,0.0,1024.0,1485.0,0.1136284722222222,Female,White,True,Female_White,4.0,1
15828,16--Award_Ceremony/16_Award_Ceremony_Awards_Ceremony_16_467.jpg,313.0,307.0,689.0,846.0,0.0,0.0,0.0,0.0,0.0,0.0,1024.0,1545.0,0.1280997168284789,Female,White,True,Female_White,4.0,1
15834,16--Award_Ceremony/16_Award_Ceremony_Awards_Ceremony_16_482.jpg,425.0,171.0,695.0,535.0,0.0,0.0,0.0,0.0,0.0,0.0,1024.0,1412.0,0.0679720697592068,Female,White,True,Female_White,2.0,1
15836,16--Award_Ceremony/16_Award_Ceremony_Awards_Ceremony_16_512.jpg,358.0,120.0,593.0,478.0,0.0,0.0,0.0,0.0,0.0,0.0,1024.0,1542.0,0.0532802873702983,Female,White,True,Female_White,1.0,1
15838,16--Award_Ceremony/16_Award_Ceremony_Awards_Ceremony_16_85.jpg,165.0,180.0,219.0,258.0,0.0,0.0,0.0,0.0,0.0,0.0,1024.0,768.0,0.0053558349609375,Male,White,True,Male_White,0.0,1
15839,16--Award_Ceremony/16_Award_Ceremony_Awards_Ceremony_16_85.jpg,271.0,235.0,322.0,301.0,0.0,0.0,0.0,0.0,0.0,0.0,1024.0,768.0,0.0042800903320312,Male,Asian,True,Male_Asian,0.0,1
15840,16--Award_Ceremony/16_Award_Ceremony_Awards_Ceremony_16_85.jpg,409.0,227.0,458.0,300.0,0.0,0.0,0.0,0.0,0.0,0.0,1024.0,768.0,0.0045483907063802,Male,Asian,True,Male_Asian,0.0,1
15841,16--Award_Ceremony/16_Award_Ceremony_Awards_Ceremony_16_85.jpg,523.0,229.0,575.0,305.0,0.0,0.0,0.0,0.0,0.0,0.0,1024.0,768.0,0.0050252278645833,Male,Asian,True,Male_Asian,0.0,1
15842,16--Award_Ceremony/16_Award_Ceremony_Awards_Ceremony_16_85.jpg,681.0,229.0,739.0,307.0,0.0,0.0,0.0,0.0,0.0,0.0,1024.0,768.0,0.0057525634765625,Male,White,True,Male_White,0.0,1
15843,16--Award_Ceremony/16_Award_Ceremony_Awards_Ceremony_16_85.jpg,823.0,245.0,885.0,333.0,0.0,0.0,0.0,0.0,0.0,0.0,1024.0,768.0,0.0069376627604166,Male,Asian,True,Male_Asian,0.0,1
15844,16--Award_Ceremony/16_Award_Ceremony_Awards_Ceremony_16_750.jpg,370.0,100.0,574.0,418.0,0.0,0.0,0.0,0.0,0.0,0.0,1024.0,747.0,0.0848079819277108,Female,White,True,Female_White,3.0,1
15850,16--Award_Ceremony/16_Award_Ceremony_Awards_Ceremony_16_124.jpg,442.0,67.0,702.0,471.0,0.0,0.0,0.0,0.0,0.0,0.0,1024.0,1233.0,0.0831939375506893,Male,White,True,Male_White,3.0,1
15851,16--Award_Ceremony/16_Award_Ceremony_Awards_Ceremony_16_135.jpg,351.0,81.0,621.0,459.0,0.0,0.0,0.0,0.0,0.0,0.0,1024.0,1536.0,0.0648880004882812,Male,White,True,Male_White,2.0,1
15852,16--Award_Ceremony/16_Award_Ceremony_Awards_Ceremony_16_490.jpg,337.0,179.0,690.0,652.0,0.0,0.0,0.0,0.0,0.0,0.0,1024.0,1370.0,0.1190187328923357,Female,White,True,Female_White,4.0,1
15856,16--Award_Ceremony/16_Award_Ceremony_Awards_Ceremony_16_143.jpg,258.0,223.0,685.0,852.0,0.0,0.0,0.0,0.0,0.0,0.0,1024.0,1520.0,0.172557951274671,Female,White,True,Female_White,6.0,1
15857,16--Award_Ceremony/16_Award_Ceremony_Awards_Ceremony_16_338.jpg,361.0,136.0,629.0,517.0,0.0,0.0,0.0,0.0,0.0,0.0,1024.0,1697.0,0.0587594836476134,Female,Indian,True,Female_Indian,2.0,1
15862,16--Award_Ceremony/16_Award_Ceremony_Awards_Ceremony_16_447.jpg,331.0,187.0,632.0,591.0,0.0,0.0,0.0,0.0,0.0,0.0,1024.0,1497.0,0.0793279266867067,Female,White,True,Female_White,2.0,1
15863,16--Award_Ceremony/16_Award_Ceremony_Awards_Ceremony_16_591.jpg,369.0,220.0,675.0,658.0,0.0,0.0,0.0,0.0,0.0,0.0,1024.0,1411.0,0.0927616716867469,Female,White,True,Female_White,3.0,1
15864,16--Award_Ceremony/16_Award_Ceremony_Awards_Ceremony_16_637.jpg,396.0,65.0,640.0,459.0,0.0,0.0,0.0,0.0,0.0,0.0,1024.0,1276.0,0.0735758718652037,Male,White,True,Male_White,2.0,1
15865,16--Award_Ceremony/16_Award_Ceremony_Awards_Ceremony_16_64.jpg,428.0,182.0,660.0,521.0,0.0,0.0,0.0,0.0,0.0,0.0,1024.0,1415.0,0.0542789310954063,Male,White,True,Male_White,1.0,1
15871,16--Award_Ceremony/16_Award_Ceremony_Awards_Ceremony_16_311.jpg,390.0,106.0,581.0,387.0,0.0,0.0,0.0,0.0,0.0,0.0,1024.0,1358.0,0.0385957922956553,Male,White,True,Male_White,1.0,1
15872,16--Award_Ceremony/16_Award_Ceremony_Awards_Ceremony_16_566.jpg,270.0,219.0,636.0,720.0,0.0,0.0,0.0,0.0,0.0,0.0,1024.0,1536.0,0.1165809631347656,Female,White,True,Female_White,4.0,1
15885,17--Ceremony/17_Ceremony_Ceremony_17_211.jpg,586.0,370.0,630.0,424.0,1.0,0.0,0.0,0.0,0.0,0.0,1024.0,768.0,0.003021240234375,Female,Indian,True,Female_Indian,0.0,10
15886,17--Ceremony/17_Ceremony_Ceremony_17_211.jpg,838.0,157.0,892.0,220.0,1.0,0.0,0.0,0.0,1.0,0.0,1024.0,768.0,0.0043258666992187,Male,Indian,True,Male_Indian,0.0,10
15887,17--Ceremony/17_Ceremony_Ceremony_17_211.jpg,769.0,206.0,811.0,265.0,1.0,0.0,0.0,0.0,0.0,0.0,1024.0,768.0,0.0031509399414062,Female,Indian,True,Female_Indian,0.0,10
15888,17--Ceremony/17_Ceremony_Ceremony_17_211.jpg,685.0,223.0,727.0,272.0,1.0,0.0,0.0,0.0,0.0,0.0,1024.0,768.0,0.0026168823242187,Female,Indian,True,Female_Indian,0.0,10
15889,17--Ceremony/17_Ceremony_Ceremony_17_211.jpg,592.0,238.0,630.0,286.0,1.0,0.0,0.0,0.0,0.0,0.0,1024.0,768.0,0.0023193359375,Female,Indian,True,Female_Indian,0.0,10
15890,17--Ceremony/17_Ceremony_Ceremony_17_211.jpg,553.0,233.0,587.0,278.0,1.0,0.0,0.0,0.0,0.0,0.0,1024.0,768.0,0.0019454956054687,Female,Indian,True,Female_Indian,0.0,10
15891,17--Ceremony/17_Ceremony_Ceremony_17_211.jpg,218.0,210.0,264.0,262.0,1.0,0.0,0.0,0.0,0.0,0.0,1024.0,768.0,0.0030415852864583,Male,Indian,True,Male_Indian,0.0,10
15892,17--Ceremony/17_Ceremony_Ceremony_17_211.jpg,135.0,203.0,164.0,264.0,1.0,0.0,0.0,0.0,0.0,1.0,1024.0,768.0,0.0022493998209635,Male,Indian,True,Male_Indian,0.0,10
15893,17--Ceremony/17_Ceremony_Ceremony_17_211.jpg,409.0,103.0,439.0,171.0,1.0,0.0,0.0,0.0,1.0,1.0,1024.0,768.0,0.002593994140625,Male,Indian,True,Male_Indian,0.0,10
15894,17--Ceremony/17_Ceremony_Ceremony_17_444.jpg,332.0,263.0,673.0,724.0,0.0,0.0,0.0,0.0,0.0,0.0,1024.0,1536.0,0.0999457041422526,Female,Asian,True,Female_Asian,3.0,1
15902,17--Ceremony/17_Ceremony_Ceremony_17_735.jpg,340.0,178.0,786.0,820.0,0.0,0.0,0.0,0.0,0.0,0.0,1024.0,1543.0,0.1812191145495787,Female,Indian,True,Female_Indian,6.0,1
15926,18--Concerts/18_Concerts_Concerts_18_27.jpg,365.0,99.0,814.0,770.0,0.0,0.0,0.0,0.0,0.0,0.0,1024.0,1536.0,0.1915480295817057,Male,White,True,Male_White,7.0,1
15947,18--Concerts/18_Concerts_Concerts_18_612.jpg,192.0,306.0,571.0,909.0,0.0,0.0,0.0,0.0,0.0,1.0,1024.0,1245.0,0.1792615775602409,Male,Black,True,Male_Black,6.0,10
15952,18--Concerts/18_Concerts_Concerts_18_486.jpg,277.0,196.0,503.0,458.0,0.0,0.0,0.0,0.0,0.0,1.0,1024.0,1542.0,0.0374994933527885,Male,White,True,Male_White,1.0,1
15955,18--Concerts/18_Concerts_Concerts_18_872.jpg,518.0,107.0,611.0,252.0,1.0,0.0,0.0,0.0,0.0,0.0,1024.0,1480.0,0.0088979360219594,Male,White,True,Male_White,0.0,1
15957,18--Concerts/18_Concerts_Concerts_18_251.jpg,392.0,291.0,621.0,601.0,0.0,0.0,0.0,0.0,0.0,0.0,1024.0,1057.0,0.0655876744323557,Female,White,True,Female_White,2.0,1
15958,18--Concerts/18_Concerts_Concerts_18_910.jpg,273.0,254.0,770.0,910.0,0.0,0.0,0.0,0.0,0.0,0.0,1024.0,1429.0,0.2228065955213436,Female,White,True,Female_White,8.0,1
15960,18--Concerts/18_Concerts_Concerts_18_1004.jpg,318.0,54.0,568.0,362.0,0.0,0.0,1.0,0.0,0.0,0.0,1024.0,682.0,0.1102570564516129,Male,White,True,Male_White,4.0,1
15961,18--Concerts/18_Concerts_Concerts_18_655.jpg,234.0,150.0,578.0,584.0,0.0,0.0,0.0,0.0,0.0,0.0,1024.0,614.0,0.2374541938110749,Male,Black,True,Male_Black,8.0,10
15962,18--Concerts/18_Concerts_Concerts_18_402.jpg,313.0,197.0,785.0,860.0,0.0,0.0,0.0,0.0,0.0,0.0,1024.0,1293.0,0.236350783062645,Male,Black,True,Male_Black,8.0,1
15966,18--Concerts/18_Concerts_Concerts_18_102.jpg,504.0,148.0,619.0,329.0,0.0,0.0,0.0,0.0,1.0,0.0,1024.0,1546.0,0.0131482202053686,Male,White,True,Male_White,0.0,1
15971,18--Concerts/18_Concerts_Concerts_18_784.jpg,249.0,277.0,615.0,678.0,0.0,0.0,0.0,0.0,0.0,0.0,1024.0,1301.0,0.1101661582436587,Female,White,True,Female_White,4.0,1
15972,18--Concerts/18_Concerts_Concerts_18_350.jpg,122.0,82.0,508.0,532.0,0.0,0.0,0.0,0.0,0.0,0.0,1024.0,682.0,0.2487227364369501,Male,White,True,Male_White,9.0,1
15973,18--Concerts/18_Concerts_Concerts_18_403.jpg,538.0,98.0,696.0,344.0,1.0,0.0,0.0,0.0,1.0,0.0,1024.0,989.0,0.0383792024772497,Male,Black,True,Male_Black,1.0,1
15982,19--Couple/19_Couple_Couple_19_325.jpg,316.0,248.0,478.0,414.0,0.0,0.0,0.0,0.0,0.0,0.0,1024.0,768.0,0.0341949462890625,Male,Indian,True,Male_Indian,1.0,1
15983,19--Couple/19_Couple_Couple_19_325.jpg,382.0,144.0,558.0,284.0,0.0,0.0,0.0,0.0,0.0,1.0,1024.0,768.0,0.0313313802083333,Female,Indian,True,Female_Indian,1.0,1
15992,19--Couple/19_Couple_Couple_19_688.jpg,75.0,290.0,350.0,664.0,0.0,0.0,0.0,0.0,0.0,0.0,1024.0,1535.0,0.065432868485342,Female,Black,True,Female_Black,2.0,1
15993,19--Couple/19_Couple_Couple_19_688.jpg,593.0,135.0,859.0,488.0,0.0,0.0,0.0,0.0,0.0,0.0,1024.0,1535.0,0.0597376323289902,Male,Black,True,Male_Black,2.0,1
16006,19--Couple/19_Couple_Couple_19_770.jpg,624.0,386.0,684.0,466.0,1.0,0.0,0.0,0.0,0.0,0.0,1024.0,769.0,0.006095578673602,Male,Indian,True,Male_Indian,0.0,1
16007,19--Couple/19_Couple_Couple_19_770.jpg,698.0,376.0,754.0,452.0,1.0,0.0,0.0,0.0,0.0,0.0,1024.0,769.0,0.0054047464239271,Female,White,True,Female_White,0.0,1
16028,19--Couple/19_Couple_Couple_19_822.jpg,188.0,124.0,454.0,494.0,0.0,0.0,0.0,0.0,0.0,0.0,1024.0,685.0,0.1403113594890511,Male,White,True,Male_White,5.0,1
16029,19--Couple/19_Couple_Couple_19_822.jpg,412.0,138.0,682.0,502.0,0.0,0.0,0.0,0.0,0.0,0.0,1024.0,685.0,0.1401117700729927,Female,Asian,True,Female_Asian,5.0,1
16035,2--Demonstration/2_Demonstration_Political_Rally_2_219.jpg,319.0,170.0,700.0,727.0,0.0,0.0,0.0,0.0,0.0,0.0,1024.0,1383.0,0.1498504440075922,Male,Black,True,Male_Black,5.0,10
16038,2--Demonstration/2_Demonstration_Political_Rally_2_611.jpg,178.0,166.0,326.0,370.0,0.0,0.0,0.0,0.0,1.0,0.0,1024.0,1024.0,0.0287933349609375,Male,White,True,Male_White,1.0,1
16045,2--Demonstration/2_Demonstration_Political_Rally_2_566.jpg,385.0,201.0,716.0,654.0,0.0,0.0,0.0,0.0,0.0,0.0,1024.0,1516.0,0.0965888594574538,Male,White,True,Male_White,3.0,1
16050,2--Demonstration/2_Demonstration_Demonstration_Or_Protest_2_364.jpg,218.0,328.0,350.0,518.0,0.0,0.0,0.0,0.0,0.0,0.0,1024.0,768.0,0.031890869140625,Female,Indian,True,Female_Indian,1.0,1
16051,2--Demonstration/2_Demonstration_Demonstration_Or_Protest_2_364.jpg,472.0,286.0,596.0,462.0,0.0,0.0,0.0,0.0,0.0,0.0,1024.0,768.0,0.0277506510416666,Female,Indian,True,Female_Indian,0.0,1
16052,2--Demonstration/2_Demonstration_Demonstration_Or_Protest_2_364.jpg,678.0,344.0,806.0,538.0,0.0,0.0,0.0,0.0,0.0,0.0,1024.0,768.0,0.0315755208333333,Female,Indian,True,Female_Indian,1.0,1
16053,2--Demonstration/2_Demonstration_Political_Rally_2_700.jpg,154.0,54.0,234.0,172.0,0.0,0.0,0.0,0.0,0.0,0.0,1024.0,682.0,0.0135172287390029,Male,White,True,Male_White,0.0,1
16054,2--Demonstration/2_Demonstration_Political_Rally_2_700.jpg,510.0,64.0,586.0,176.0,0.0,0.0,0.0,0.0,0.0,0.0,1024.0,682.0,0.0121884164222873,Female,White,True,Female_White,0.0,1
16055,2--Demonstration/2_Demonstration_Political_Rally_2_700.jpg,602.0,102.0,662.0,180.0,0.0,0.0,0.0,0.0,0.0,0.0,1024.0,682.0,0.0067013379765395,Female,Black,True,Female_Black,0.0,1
16056,2--Demonstration/2_Demonstration_Political_Rally_2_700.jpg,768.0,174.0,832.0,254.0,1.0,0.0,0.0,0.0,0.0,0.0,1024.0,682.0,0.0073313782991202,Female,Asian,True,Female_Asian,0.0,1
16057,2--Demonstration/2_Demonstration_Demonstration_Or_Protest_2_942.jpg,219.0,99.0,692.0,758.0,0.0,1.0,1.0,0.0,0.0,0.0,1024.0,1535.0,0.1983070796009772,Female,Indian,True,Female_Indian,7.0,1
16073,2--Demonstration/2_Demonstration_Demonstration_Or_Protest_2_487.jpg,16.0,394.0,119.0,568.0,1.0,0.0,0.0,0.0,1.0,0.0,1024.0,1392.0,0.0125732421875,Male,Asian,True,Male_Asian,0.0,10
16074,2--Demonstration/2_Demonstration_Demonstration_Or_Protest_2_487.jpg,454.0,1067.0,593.0,1230.0,1.0,0.0,0.0,0.0,0.0,0.0,1024.0,1392.0,0.0158950981052442,Male,Asian,True,Male_Asian,0.0,10
16075,2--Demonstration/2_Demonstration_Demonstration_Or_Protest_2_487.jpg,630.0,1010.0,717.0,1143.0,1.0,0.0,0.0,0.0,0.0,0.0,1024.0,1392.0,0.00811767578125,Male,Asian,True,Male_Asian,0.0,10
16076,2--Demonstration/2_Demonstration_Demonstration_Or_Protest_2_487.jpg,723.0,1222.0,807.0,1385.0,1.0,0.0,0.0,0.0,0.0,0.0,1024.0,1392.0,0.0096056707974137,Male,Asian,True,Male_Asian,0.0,10
16077,2--Demonstration/2_Demonstration_Demonstration_Or_Protest_2_487.jpg,198.0,92.0,499.0,524.0,0.0,0.0,0.0,0.0,0.0,0.0,1024.0,1392.0,0.0912244073275862,Male,Asian,True,Male_Asian,3.0,10
16088,2--Demonstration/2_Demonstration_Demonstrators_2_595.jpg,270.0,164.0,466.0,358.0,1.0,0.0,0.0,0.0,0.0,0.0,1024.0,808.0,0.0459564511138613,Male,Indian,True,Male_Indian,1.0,1
16089,2--Demonstration/2_Demonstration_Demonstrators_2_595.jpg,664.0,84.0,748.0,176.0,1.0,0.0,0.0,0.0,0.0,0.0,1024.0,808.0,0.0093401918316831,Male,Indian,True,Male_Indian,0.0,1
16090,2--Demonstration/2_Demonstration_Political_Rally_2_884.jpg,134.0,228.0,290.0,428.0,0.0,0.0,0.0,0.0,0.0,0.0,1024.0,463.0,0.0658072354211663,Male,White,True,Male_White,2.0,1
16117,20--Family_Group/20_Family_Group_Family_Group_20_1003.jpg,192.0,66.0,324.0,218.0,0.0,0.0,0.0,0.0,0.0,0.0,1024.0,512.0,0.03826904296875,Male,Indian,True,Male_Indian,1.0,1
16118,20--Family_Group/20_Family_Group_Family_Group_20_1003.jpg,336.0,88.0,478.0,288.0,0.0,0.0,0.0,0.0,0.0,0.0,1024.0,512.0,0.054168701171875,Female,Indian,True,Female_Indian,1.0,1
16119,20--Family_Group/20_Family_Group_Family_Group_20_1003.jpg,480.0,102.0,612.0,314.0,0.0,0.0,0.0,0.0,0.0,0.0,1024.0,512.0,0.053375244140625,Male,Indian,True,Male_Indian,1.0,1
16120,20--Family_Group/20_Family_Group_Family_Group_20_1003.jpg,628.0,148.0,728.0,296.0,0.0,0.0,0.0,0.0,0.0,0.0,1024.0,512.0,0.028228759765625,Female,Indian,True,Female_Indian,1.0,1
16187,20--Family_Group/20_Family_Group_Family_Group_20_453.jpg,450.0,444.0,583.0,594.0,1.0,0.0,0.0,0.0,0.0,0.0,1024.0,1450.0,0.0134361530172413,Male,White,True,Male_White,0.0,1
16306,21--Festival/21_Festival_Festival_21_491.jpg,444.0,523.0,651.0,778.0,0.0,0.0,0.0,0.0,0.0,0.0,1024.0,1536.0,0.0335597991943359,Female,White,True,Female_White,1.0,1
16310,21--Festival/21_Festival_Festival_21_354.jpg,272.0,142.0,727.0,703.0,0.0,0.0,0.0,0.0,0.0,0.0,1024.0,1105.0,0.2255859375,Male,Asian,True,Male_Asian,8.0,1
16311,21--Festival/21_Festival_Festival_21_881.jpg,519.0,49.0,739.0,311.0,0.0,0.0,0.0,0.0,0.0,0.0,1024.0,1199.0,0.0469466743119266,Female,White,True,Female_White,1.0,1
16313,21--Festival/21_Festival_Festival_21_290.jpg,112.0,186.0,197.0,329.0,0.0,0.0,0.0,0.0,0.0,0.0,1024.0,1145.0,0.0103669145742358,Male,Asian,True,Male_Asian,0.0,10
16314,21--Festival/21_Festival_Festival_21_290.jpg,297.0,206.0,362.0,336.0,0.0,0.0,0.0,0.0,1.0,0.0,1024.0,1145.0,0.0072069459606986,Male,Asian,True,Male_Asian,0.0,10
16315,21--Festival/21_Festival_Festival_21_290.jpg,467.0,286.0,525.0,382.0,0.0,0.0,0.0,0.0,0.0,0.0,1024.0,1145.0,0.0047489082969432,Female,Asian,True,Female_Asian,0.0,10
16316,21--Festival/21_Festival_Festival_21_290.jpg,552.0,264.0,615.0,362.0,0.0,0.0,0.0,0.0,0.0,0.0,1024.0,1145.0,0.005265761462882,Female,Asian,True,Female_Asian,0.0,10
16317,21--Festival/21_Festival_Festival_21_290.jpg,809.0,284.0,876.0,405.0,0.0,0.0,0.0,0.0,0.0,0.0,1024.0,1145.0,0.0069144036572052,Female,Asian,True,Female_Asian,0.0,10
16318,21--Festival/21_Festival_Festival_21_936.jpg,378.0,205.0,677.0,598.0,0.0,0.0,0.0,0.0,0.0,0.0,1024.0,1548.0,0.0741297995397286,Female,Asian,True,Female_Asian,2.0,1
16319,21--Festival/21_Festival_Festival_21_936.jpg,251.0,269.0,390.0,474.0,1.0,0.0,0.0,0.0,1.0,0.0,1024.0,1548.0,0.0179761940810723,Male,White,True,Male_White,0.0,1
16330,22--Picnic/22_Picnic_Picnic_22_483.jpg,534.0,414.0,591.0,494.0,1.0,0.0,0.0,0.0,1.0,0.0,1024.0,995.0,0.0044755025125628,Female,White,True,Female_White,0.0,1
16348,23--Shoppers/23_Shoppers_Shoppers_23_854.jpg,292.0,144.0,586.0,512.0,0.0,0.0,0.0,0.0,0.0,0.0,1024.0,1024.0,0.103179931640625,Female,Black,True,Female_Black,3.0,10
16351,23--Shoppers/23_Shoppers_Shoppers_23_823.jpg,669.0,172.0,754.0,307.0,0.0,0.0,0.0,0.0,0.0,0.0,1024.0,1444.0,0.0077604256838642,Female,White,True,Female_White,0.0,1
16352,23--Shoppers/23_Shoppers_Shoppers_23_823.jpg,265.0,516.0,336.0,626.0,0.0,0.0,0.0,0.0,0.0,0.0,1024.0,1444.0,0.0052818234937673,Female,Black,True,Female_Black,0.0,1
16353,23--Shoppers/23_Shoppers_Shoppers_23_823.jpg,302.0,471.0,387.0,573.0,0.0,0.0,0.0,0.0,1.0,1.0,1024.0,1444.0,0.0058634327389196,Male,Asian,True,Male_Asian,0.0,1
16354,23--Shoppers/23_Shoppers_Shoppers_23_801.jpg,539.0,222.0,632.0,357.0,1.0,0.0,0.0,0.0,0.0,0.0,1024.0,1532.0,0.0080030954226501,Female,Black,True,Female_Black,0.0,1
16355,23--Shoppers/23_Shoppers_Shoppers_23_801.jpg,308.0,177.0,428.0,318.0,1.0,1.0,0.0,0.0,0.0,0.0,1024.0,1532.0,0.0107855336161879,Female,Black,True,Female_Black,0.0,1
16357,23--Shoppers/23_Shoppers_Shoppers_23_817.jpg,658.0,23.0,828.0,369.0,0.0,0.0,0.0,0.0,0.0,1.0,1024.0,1322.0,0.0434503829425113,Female,White,True,Female_White,1.0,1
16366,23--Shoppers/23_Shoppers_Shoppers_23_665.jpg,346.0,180.0,526.0,360.0,0.0,0.0,0.0,0.0,0.0,0.0,1024.0,679.0,0.0465988586156111,Female,White,True,Female_White,1.0,1
16379,24--Soldier_Firing/24_Soldier_Firing_Soldier_Firing_24_405.jpg,321.0,378.0,384.0,462.0,1.0,0.0,1.0,0.0,0.0,0.0,1024.0,1540.0,0.0033558238636363,Male,White,True,Male_White,0.0,1
16380,24--Soldier_Firing/24_Soldier_Firing_Soldier_Firing_24_887.jpg,615.0,538.0,697.0,629.0,1.0,0.0,0.0,0.0,0.0,0.0,1024.0,1509.0,0.0048290983267064,Male,White,True,Male_White,0.0,1
16382,24--Soldier_Firing/24_Soldier_Firing_Soldier_Firing_24_129.jpg,345.0,318.0,441.0,462.0,0.0,0.0,0.0,0.0,1.0,0.0,1024.0,1538.0,0.0087776332899869,Male,White,True,Male_White,0.0,1
16383,24--Soldier_Firing/24_Soldier_Firing_Soldier_Firing_24_824.jpg,210.0,154.0,618.0,734.0,0.0,0.0,0.0,0.0,0.0,0.0,1024.0,768.0,0.3009033203125,Female,White,True,Female_White,11.0,1
16384,24--Soldier_Firing/24_Soldier_Firing_Soldier_Firing_24_10.jpg,168.0,164.0,220.0,228.0,1.0,0.0,0.0,0.0,0.0,0.0,1024.0,708.0,0.0045903954802259,Male,White,True,Male_White,0.0,1
16385,24--Soldier_Firing/24_Soldier_Firing_Soldier_Firing_24_523.jpg,324.0,178.0,496.0,272.0,0.0,0.0,0.0,0.0,0.0,1.0,1024.0,576.0,0.0274115668402777,Male,White,True,Male_White,0.0,1
16403,25--Soldier_Patrol/25_Soldier_Patrol_Soldier_Patrol_25_640.jpg,440.0,12.0,680.0,346.0,0.0,0.0,0.0,0.0,0.0,0.0,1024.0,768.0,0.1019287109375,Male,Black,True,Male_Black,3.0,10
16414,25--Soldier_Patrol/25_Soldier_Patrol_Soldier_Patrol_25_469.jpg,272.0,100.0,344.0,198.0,0.0,0.0,0.0,0.0,0.0,0.0,1024.0,711.0,0.0096914556962025,Male,Black,True,Male_Black,0.0,1
16415,25--Soldier_Patrol/25_Soldier_Patrol_Soldier_Patrol_25_469.jpg,606.0,182.0,660.0,256.0,1.0,0.0,0.0,0.0,0.0,0.0,1024.0,711.0,0.0054885284810126,Male,Black,True,Male_Black,0.0,1
16416,25--Soldier_Patrol/25_Soldier_Patrol_Soldier_Patrol_25_469.jpg,914.0,176.0,978.0,250.0,1.0,0.0,0.0,0.0,0.0,0.0,1024.0,711.0,0.0065049226441631,Male,White,True,Male_White,0.0,1
16421,25--Soldier_Patrol/25_Soldier_Patrol_Soldier_Patrol_25_437.jpg,369.0,381.0,399.0,422.0,1.0,0.0,0.0,0.0,1.0,1.0,1024.0,683.0,0.0017586703879941,Female,Asian,True,Female_Asian,0.0,1
16422,25--Soldier_Patrol/25_Soldier_Patrol_Soldier_Patrol_25_437.jpg,703.0,283.0,728.0,330.0,1.0,0.0,0.0,0.0,0.0,0.0,1024.0,683.0,0.0016800306551976,Female,Asian,True,Female_Asian,0.0,1
16425,25--Soldier_Patrol/25_Soldier_Patrol_Soldier_Patrol_25_683.jpg,676.0,410.0,880.0,614.0,0.0,0.0,0.0,0.0,0.0,1.0,1024.0,685.0,0.0593293795620437,Male,Indian,True,Male_Indian,2.0,1
16427,25--Soldier_Patrol/25_Soldier_Patrol_Soldier_Patrol_25_173.jpg,302.0,116.0,386.0,248.0,0.0,0.0,1.0,0.0,1.0,0.0,1024.0,679.0,0.0159471649484536,Male,White,True,Male_White,0.0,1
16431,25--Soldier_Patrol/25_Soldier_Patrol_Soldier_Patrol_25_986.jpg,399.0,128.0,542.0,297.0,1.0,0.0,0.0,0.0,0.0,0.0,1024.0,1925.0,0.0122600446428571,Male,White,True,Male_White,0.0,1
16441,26--Soldier_Drilling/26_Soldier_Drilling_Soldiers_Drilling_26_886.jpg,686.0,100.0,740.0,174.0,1.0,0.0,0.0,0.0,0.0,0.0,1024.0,683.0,0.0057135340409956,Male,White,True,Male_White,0.0,1
16462,27--Spa/27_Spa_Spa_27_212.jpg,252.0,84.0,718.0,340.0,0.0,0.0,0.0,0.0,0.0,1.0,1024.0,683.0,0.1705710102489019,Female,White,True,Female_White,6.0,1
16463,27--Spa/27_Spa_Spa_27_360.jpg,162.0,260.0,480.0,478.0,0.0,0.0,0.0,0.0,0.0,1.0,1024.0,576.0,0.1175333658854166,Female,White,True,Female_White,4.0,1
16465,27--Spa/27_Spa_Spa_27_728.jpg,192.0,122.0,874.0,568.0,0.0,0.0,0.0,0.0,0.0,1.0,1024.0,782.0,0.3798503436700767,Female,White,True,Female_White,14.0,1
16467,27--Spa/27_Spa_Spa_27_329.jpg,449.0,87.0,798.0,521.0,0.0,0.0,0.0,0.0,0.0,0.0,1024.0,1540.0,0.0960493607954545,Female,Black,True,Female_Black,3.0,1
16472,27--Spa/27_Spa_Spa_27_157.jpg,246.0,42.0,506.0,162.0,0.0,0.0,0.0,0.0,0.0,1.0,1024.0,390.0,0.078125,Female,Black,True,Female_Black,2.0,10
16473,27--Spa/27_Spa_Spa_27_393.jpg,542.0,138.0,890.0,518.0,0.0,0.0,0.0,0.0,0.0,1.0,1024.0,805.0,0.1604231366459627,Female,White,True,Female_White,5.0,1
16479,27--Spa/27_Spa_Spa_27_38.jpg,510.0,204.0,698.0,452.0,0.0,0.0,0.0,0.0,0.0,0.0,1024.0,683.0,0.066663616398243,Female,White,True,Female_White,2.0,1
16481,27--Spa/27_Spa_Spa_27_486.jpg,460.0,189.0,504.0,270.0,1.0,0.0,0.0,0.0,0.0,0.0,1024.0,518.0,0.0067190516409266,Female,White,True,Female_White,0.0,1
16482,27--Spa/27_Spa_Spa_27_486.jpg,771.0,33.0,826.0,119.0,1.0,0.0,0.0,0.0,0.0,0.0,1024.0,518.0,0.0089172598938223,Female,Asian,True,Female_Asian,0.0,1
16483,27--Spa/27_Spa_Spa_27_322.jpg,38.0,196.0,480.0,524.0,0.0,0.0,0.0,0.0,0.0,1.0,1024.0,683.0,0.207288616398243,Female,White,True,Female_White,7.0,1
16484,28--Sports_Fan/28_Sports_Fan_Sports_Fan_28_868.jpg,684.0,31.0,727.0,95.0,1.0,0.0,0.0,0.0,0.0,0.0,1024.0,615.0,0.0043699186991869,Male,Black,True,Male_Black,0.0,10
16485,28--Sports_Fan/28_Sports_Fan_Sports_Fan_28_868.jpg,511.0,246.0,546.0,290.0,1.0,0.0,0.0,0.0,0.0,0.0,1024.0,615.0,0.0024453760162601,Male,Black,True,Male_Black,0.0,10
16486,28--Sports_Fan/28_Sports_Fan_Sports_Fan_28_868.jpg,864.0,176.0,904.0,222.0,1.0,0.0,0.0,0.0,1.0,0.0,1024.0,615.0,0.0029217479674796,Male,Black,True,Male_Black,0.0,10
16487,28--Sports_Fan/28_Sports_Fan_Sports_Fan_28_656.jpg,270.0,250.0,787.0,734.0,0.0,0.0,0.0,0.0,0.0,1.0,1024.0,1293.0,0.1889893899845321,Female,White,True,Female_White,7.0,1
16488,28--Sports_Fan/28_Sports_Fan_Sports_Fan_28_989.jpg,480.0,116.0,586.0,286.0,0.0,0.0,0.0,0.0,0.0,0.0,1024.0,687.0,0.0256152201601164,Male,White,True,Male_White,0.0,1
16489,28--Sports_Fan/28_Sports_Fan_Sports_Fan_28_989.jpg,58.0,210.0,150.0,332.0,1.0,0.0,0.0,0.0,0.0,0.0,1024.0,687.0,0.0159547852983988,Male,Black,True,Male_Black,0.0,1
16491,28--Sports_Fan/28_Sports_Fan_Sports_Fan_28_643.jpg,176.0,64.0,282.0,204.0,1.0,0.0,0.0,0.0,0.0,0.0,1024.0,497.0,0.0291593309859154,Male,Black,True,Male_Black,1.0,1
16492,28--Sports_Fan/28_Sports_Fan_Sports_Fan_28_643.jpg,360.0,46.0,466.0,188.0,1.0,0.0,0.0,0.0,0.0,0.0,1024.0,497.0,0.0295758928571428,Male,White,True,Male_White,1.0,1
16493,28--Sports_Fan/28_Sports_Fan_Sports_Fan_28_643.jpg,520.0,140.0,618.0,280.0,1.0,1.0,0.0,0.0,0.0,0.0,1024.0,497.0,0.0269586267605633,Female,White,True,Female_White,0.0,1
16497,28--Sports_Fan/28_Sports_Fan_Sports_Fan_28_535.jpg,184.0,453.0,368.0,661.0,0.0,0.0,0.0,0.0,0.0,0.0,1024.0,1366.0,0.0273609077598828,Female,White,True,Female_White,0.0,1
16498,28--Sports_Fan/28_Sports_Fan_Sports_Fan_28_535.jpg,317.0,144.0,565.0,429.0,0.0,0.0,0.0,0.0,0.0,0.0,1024.0,1366.0,0.0505296028550512,Male,Black,True,Male_Black,1.0,1
16499,28--Sports_Fan/28_Sports_Fan_Sports_Fan_28_535.jpg,29.0,421.0,85.0,490.0,1.0,0.0,0.0,0.0,0.0,0.0,1024.0,1366.0,0.002762399341142,Male,White,True,Male_White,0.0,1
16500,28--Sports_Fan/28_Sports_Fan_Sports_Fan_28_826.jpg,355.0,187.0,596.0,509.0,0.0,0.0,0.0,0.0,0.0,0.0,1024.0,1544.0,0.0490823854436528,Male,White,True,Male_White,1.0,1
16502,28--Sports_Fan/28_Sports_Fan_Sports_Fan_28_124.jpg,123.0,108.0,790.0,1039.0,0.0,0.0,0.0,0.0,0.0,0.0,1024.0,1537.0,0.3945496757075472,Male,White,True,Male_White,14.0,1
16503,28--Sports_Fan/28_Sports_Fan_Sports_Fan_28_86.jpg,104.0,816.0,267.0,1061.0,0.0,0.0,0.0,0.0,0.0,0.0,1024.0,1366.0,0.0285497975384333,Male,White,True,Male_White,1.0,1
16513,28--Sports_Fan/28_Sports_Fan_Sports_Fan_28_144.jpg,117.0,236.0,782.0,1062.0,0.0,0.0,0.0,0.0,0.0,0.0,1024.0,1392.0,0.3853563330639368,Female,White,True,Female_White,14.0,1
16523,28--Sports_Fan/28_Sports_Fan_Sports_Fan_28_711.jpg,436.0,132.0,568.0,310.0,1.0,0.0,0.0,0.0,1.0,0.0,1024.0,988.0,0.0232240005060728,Male,Black,True,Male_Black,0.0,1
16524,28--Sports_Fan/28_Sports_Fan_Sports_Fan_28_22.jpg,470.0,242.0,640.0,486.0,0.0,0.0,0.0,0.0,1.0,0.0,1024.0,684.0,0.0592219480994152,Male,White,True,Male_White,2.0,1
16528,28--Sports_Fan/28_Sports_Fan_Sports_Fan_28_282.jpg,292.0,184.0,758.0,836.0,0.0,1.0,0.0,0.0,1.0,0.0,1024.0,1024.0,0.2897567749023437,Male,White,True,Male_White,10.0,1
16531,28--Sports_Fan/28_Sports_Fan_Sports_Fan_28_723.jpg,284.0,50.0,730.0,522.0,0.0,0.0,0.0,0.0,0.0,0.0,1024.0,576.0,0.3569064670138889,Male,White,True,Male_White,13.0,1
16554,29--Students_Schoolkids/29_Students_Schoolkids_Students_Schoolkids_29_941.jpg,570.0,190.0,692.0,338.0,0.0,0.0,0.0,0.0,1.0,0.0,1024.0,685.0,0.0257413321167883,Female,Asian,True,Female_Asian,0.0,1
16555,29--Students_Schoolkids/29_Students_Schoolkids_Students_Schoolkids_29_941.jpg,308.0,228.0,408.0,330.0,0.0,0.0,0.0,0.0,0.0,0.0,1024.0,685.0,0.0145415145985401,Female,Asian,True,Female_Asian,0.0,1
16556,29--Students_Schoolkids/29_Students_Schoolkids_Students_Schoolkids_29_312.jpg,492.0,62.0,590.0,186.0,0.0,0.0,0.0,0.0,0.0,0.0,1024.0,577.0,0.0205670493934142,Female,White,True,Female_White,0.0,1
16557,29--Students_Schoolkids/29_Students_Schoolkids_Students_Schoolkids_29_451.jpg,255.0,357.0,700.0,942.0,0.0,0.0,0.0,0.0,0.0,0.0,1024.0,1405.0,0.180942087411032,Male,White,True,Male_White,6.0,1
16558,29--Students_Schoolkids/29_Students_Schoolkids_Students_Schoolkids_29_74.jpg,600.0,272.0,804.0,480.0,0.0,0.0,0.0,0.0,0.0,0.0,1024.0,767.0,0.0540254237288135,Female,Indian,True,Female_Indian,1.0,10
16559,29--Students_Schoolkids/29_Students_Schoolkids_Students_Schoolkids_29_74.jpg,294.0,296.0,462.0,466.0,0.0,0.0,0.0,0.0,0.0,0.0,1024.0,767.0,0.0363632659713168,Male,Indian,True,Male_Indian,1.0,10
16565,29--Students_Schoolkids/29_Students_Schoolkids_Students_Schoolkids_29_761.jpg,650.0,56.0,774.0,222.0,0.0,0.0,0.0,0.0,0.0,0.0,1024.0,430.0,0.0467478197674418,Female,White,True,Female_White,1.0,1
16573,29--Students_Schoolkids/29_Students_Schoolkids_Students_Schoolkids_29_380.jpg,408.0,214.0,550.0,362.0,0.0,0.0,0.0,0.0,0.0,0.0,1024.0,726.0,0.0282691976584022,Male,White,True,Male_White,1.0,1
16577,29--Students_Schoolkids/29_Students_Schoolkids_Students_Schoolkids_29_436.jpg,344.0,176.0,474.0,338.0,0.0,0.0,0.0,0.0,0.0,1.0,1024.0,713.0,0.0288448895511921,Male,White,True,Male_White,1.0,1
16578,29--Students_Schoolkids/29_Students_Schoolkids_Students_Schoolkids_29_900.jpg,280.0,106.0,492.0,378.0,0.0,0.0,0.0,0.0,0.0,0.0,1024.0,982.0,0.0573447046843177,Male,White,True,Male_White,2.0,1
16592,29--Students_Schoolkids/29_Students_Schoolkids_Students_Schoolkids_29_310.jpg,100.0,212.0,164.0,288.0,0.0,0.0,0.0,0.0,0.0,0.0,1024.0,561.0,0.0084670231729055,Male,Asian,True,Male_Asian,0.0,1
16593,29--Students_Schoolkids/29_Students_Schoolkids_Students_Schoolkids_29_310.jpg,284.0,188.0,338.0,272.0,0.0,0.0,0.0,0.0,0.0,0.0,1024.0,561.0,0.0078960561497326,Male,White,True,Male_White,0.0,1
16594,29--Students_Schoolkids/29_Students_Schoolkids_Students_Schoolkids_29_310.jpg,468.0,198.0,528.0,268.0,0.0,0.0,0.0,0.0,0.0,0.0,1024.0,561.0,0.0073111631016042,Male,Asian,True,Male_Asian,0.0,1
16595,29--Students_Schoolkids/29_Students_Schoolkids_Students_Schoolkids_29_310.jpg,654.0,188.0,712.0,264.0,0.0,0.0,0.0,0.0,0.0,0.0,1024.0,561.0,0.0076732397504456,Male,Asian,True,Male_Asian,0.0,1
16596,29--Students_Schoolkids/29_Students_Schoolkids_Students_Schoolkids_29_310.jpg,834.0,218.0,894.0,286.0,0.0,0.0,0.0,0.0,0.0,0.0,1024.0,561.0,0.0071022727272727,Male,Asian,True,Male_Asian,0.0,1
16597,29--Students_Schoolkids/29_Students_Schoolkids_Students_Schoolkids_29_310.jpg,758.0,188.0,848.0,300.0,0.0,0.0,0.0,0.0,0.0,0.0,1024.0,561.0,0.0175467914438502,Female,Asian,True,Female_Asian,0.0,1
16598,29--Students_Schoolkids/29_Students_Schoolkids_Students_Schoolkids_29_310.jpg,542.0,154.0,656.0,270.0,0.0,0.0,0.0,0.0,0.0,0.0,1024.0,561.0,0.0230197192513368,Male,Asian,True,Male_Asian,0.0,1
16599,29--Students_Schoolkids/29_Students_Schoolkids_Students_Schoolkids_29_310.jpg,358.0,206.0,472.0,344.0,1.0,0.0,0.0,0.0,1.0,0.0,1024.0,561.0,0.0273855280748663,Female,Indian,True,Female_Indian,0.0,1
16600,29--Students_Schoolkids/29_Students_Schoolkids_Students_Schoolkids_29_506.jpg,356.0,104.0,666.0,522.0,0.0,0.0,0.0,0.0,1.0,0.0,1024.0,861.0,0.1469720891405342,Male,White,True,Male_White,5.0,1
16602,3--Riot/3_Riot_Riot_3_521.jpg,48.0,236.0,126.0,316.0,0.0,0.0,0.0,0.0,0.0,1.0,1024.0,768.0,0.0079345703125,Male,Asian,True,Male_Asian,0.0,1
16603,3--Riot/3_Riot_Riot_3_521.jpg,152.0,234.0,224.0,310.0,1.0,0.0,0.0,0.0,0.0,0.0,1024.0,768.0,0.0069580078125,Male,Asian,True,Male_Asian,0.0,1
16604,3--Riot/3_Riot_Riot_3_521.jpg,266.0,202.0,338.0,276.0,1.0,0.0,0.0,0.0,0.0,0.0,1024.0,768.0,0.00677490234375,Male,Asian,True,Male_Asian,0.0,1
16605,3--Riot/3_Riot_Riot_3_521.jpg,374.0,242.0,460.0,344.0,0.0,0.0,0.0,0.0,0.0,1.0,1024.0,768.0,0.0111541748046875,Male,Asian,True,Male_Asian,0.0,1
16606,3--Riot/3_Riot_Riot_3_521.jpg,480.0,304.0,578.0,400.0,1.0,0.0,0.0,0.0,0.0,1.0,1024.0,768.0,0.011962890625,Male,Asian,True,Male_Asian,0.0,1
16607,3--Riot/3_Riot_Riot_3_521.jpg,554.0,178.0,682.0,330.0,0.0,0.0,0.0,0.0,0.0,0.0,1024.0,768.0,0.0247395833333333,Male,Asian,True,Male_Asian,0.0,1
16608,3--Riot/3_Riot_Riot_3_521.jpg,872.0,170.0,1012.0,354.0,0.0,0.0,0.0,0.0,0.0,0.0,1024.0,768.0,0.0327555338541666,Male,Asian,True,Male_Asian,1.0,1
16617,3--Riot/3_Riot_Riot_3_488.jpg,476.0,126.0,570.0,236.0,0.0,0.0,1.0,0.0,0.0,0.0,1024.0,513.0,0.019683540448343,Female,Asian,True,Female_Asian,0.0,1
16618,3--Riot/3_Riot_Riot_3_488.jpg,790.0,62.0,880.0,192.0,0.0,0.0,1.0,0.0,0.0,0.0,1024.0,513.0,0.0222724780701754,Male,White,True,Male_White,0.0,1
16619,3--Riot/3_Riot_Riot_3_488.jpg,128.0,62.0,226.0,198.0,0.0,0.0,0.0,0.0,1.0,0.0,1024.0,513.0,0.0253715886939571,Male,Black,True,Male_Black,0.0,1
16622,3--Riot/3_Riot_Riot_3_772.jpg,496.0,138.0,664.0,382.0,0.0,0.0,0.0,0.0,0.0,0.0,1024.0,686.0,0.0583545918367346,Female,White,True,Female_White,2.0,1
16623,3--Riot/3_Riot_Riot_3_436.jpg,260.0,52.0,402.0,260.0,0.0,0.0,0.0,0.0,0.0,0.0,1024.0,684.0,0.0421692251461988,Female,White,True,Female_White,1.0,1
16630,3--Riot/3_Riot_Riot_3_963.jpg,237.0,80.0,762.0,760.0,0.0,0.0,0.0,0.0,1.0,0.0,1024.0,1364.0,0.2555959035923754,Female,White,True,Female_White,9.0,1
16635,3--Riot/3_Riot_Riot_3_750.jpg,526.0,124.0,862.0,526.0,0.0,0.0,0.0,0.0,0.0,0.0,1024.0,862.0,0.1530234918793503,Male,White,True,Male_White,5.0,1
16645,30--Surgeons/30_Surgeons_Surgeons_30_862.jpg,441.0,186.0,636.0,453.0,0.0,0.0,0.0,0.0,0.0,0.0,1024.0,1536.0,0.0331020355224609,Female,White,True,Female_White,1.0,1
16651,30--Surgeons/30_Surgeons_Surgeons_30_533.jpg,495.0,257.0,546.0,324.0,0.0,0.0,0.0,0.0,0.0,0.0,1024.0,683.0,0.0048856721266471,Female,White,True,Female_White,0.0,1
16652,30--Surgeons/30_Surgeons_Surgeons_30_988.jpg,324.0,168.0,859.0,934.0,0.0,0.0,0.0,0.0,0.0,0.0,1024.0,1536.0,0.2605501810709635,Male,White,True,Male_White,9.0,1
16660,30--Surgeons/30_Surgeons_Surgeons_30_749.jpg,358.0,32.0,450.0,134.0,0.0,0.0,0.0,0.0,0.0,0.0,1024.0,325.0,0.0281971153846153,Male,White,True,Male_White,1.0,1
16662,30--Surgeons/30_Surgeons_Surgeons_30_696.jpg,490.0,187.0,703.0,497.0,0.0,0.0,0.0,0.0,0.0,0.0,1024.0,1708.0,0.0377531743998829,Female,White,True,Female_White,1.0,1
16666,30--Surgeons/30_Surgeons_Surgeons_30_914.jpg,215.0,147.0,727.0,840.0,0.0,0.0,0.0,0.0,0.0,0.0,1024.0,1343.0,0.2580044676098287,Male,White,True,Male_White,9.0,1
16670,30--Surgeons/30_Surgeons_Surgeons_30_482.jpg,356.0,350.0,764.0,859.0,0.0,0.0,0.0,0.0,0.0,0.0,1024.0,1403.0,0.1445507394868139,Male,Indian,True,Male_Indian,5.0,1
16676,30--Surgeons/30_Surgeons_Surgeons_30_486.jpg,328.0,141.0,725.0,679.0,0.0,0.0,0.0,0.0,0.0,0.0,1024.0,1111.0,0.1877408443969397,Male,White,True,Male_White,7.0,1
16677,30--Surgeons/30_Surgeons_Surgeons_30_490.jpg,290.0,333.0,786.0,1067.0,0.0,0.0,0.0,0.0,0.0,0.0,1024.0,1387.0,0.2563311103100216,Male,White,True,Male_White,9.0,1
16689,30--Surgeons/30_Surgeons_Surgeons_30_861.jpg,309.0,261.0,765.0,841.0,0.0,0.0,0.0,0.0,0.0,0.0,1024.0,1536.0,0.16815185546875,Male,Asian,True,Male_Asian,6.0,1
16690,30--Surgeons/30_Surgeons_Surgeons_30_840.jpg,316.0,328.0,671.0,821.0,0.0,0.0,0.0,0.0,0.0,0.0,1024.0,1530.0,0.1117078993055555,Male,White,True,Male_White,4.0,1
16695,30--Surgeons/30_Surgeons_Surgeons_30_979.jpg,326.0,206.0,759.0,819.0,0.0,0.0,0.0,0.0,0.0,0.0,1024.0,1211.0,0.2140445976981833,Female,White,True,Female_White,8.0,1
16696,30--Surgeons/30_Surgeons_Surgeons_30_160.jpg,516.0,170.0,578.0,264.0,0.0,0.0,0.0,0.0,0.0,0.0,1024.0,719.0,0.0079157249652294,Male,Black,True,Male_Black,0.0,1
16697,30--Surgeons/30_Surgeons_Surgeons_30_160.jpg,790.0,250.0,848.0,310.0,1.0,0.0,0.0,0.0,0.0,0.0,1024.0,719.0,0.004726616828929,Female,White,True,Female_White,0.0,1
16698,30--Surgeons/30_Surgeons_Surgeons_30_160.jpg,298.0,114.0,350.0,224.0,0.0,0.0,0.0,0.0,0.0,1.0,1024.0,719.0,0.0077690368567454,Male,Black,True,Male_Black,0.0,1
16702,30--Surgeons/30_Surgeons_Surgeons_30_865.jpg,682.0,4.0,800.0,124.0,0.0,0.0,0.0,0.0,0.0,0.0,1024.0,382.0,0.036199280104712,Female,White,True,Female_White,1.0,1
16730,31--Waiter_Waitress/31_Waiter_Waitress_Waiter_Waitress_31_34.jpg,420.0,57.0,588.0,324.0,0.0,0.0,1.0,0.0,0.0,0.0,1024.0,1536.0,0.0285186767578125,Male,White,True,Male_White,1.0,1
16732,31--Waiter_Waitress/31_Waiter_Waitress_Waiter_Waitress_31_927.jpg,420.0,222.0,657.0,522.0,0.0,0.0,0.0,0.0,0.0,0.0,1024.0,1538.0,0.0451453795513654,Male,White,True,Male_White,1.0,1
16733,31--Waiter_Waitress/31_Waiter_Waitress_Waiter_Waitress_31_118.jpg,366.0,84.0,536.0,294.0,0.0,0.0,0.0,0.0,0.0,0.0,1024.0,1019.0,0.0342132298822374,Female,White,True,Female_White,1.0,1
16740,31--Waiter_Waitress/31_Waiter_Waitress_Waiter_Waitress_31_276.jpg,199.0,259.0,763.0,1064.0,0.0,0.0,0.0,0.0,0.0,0.0,1024.0,1143.0,0.3879080544619422,Male,White,True,Male_White,14.0,1
16750,31--Waiter_Waitress/31_Waiter_Waitress_Waiter_Waitress_31_683.jpg,552.0,92.0,684.0,242.0,1.0,0.0,0.0,0.0,0.0,1.0,1024.0,661.0,0.0292525529500756,Female,White,True,Female_White,1.0,1
16764,31--Waiter_Waitress/31_Waiter_Waitress_Waiter_Waitress_31_176.jpg,116.0,52.0,370.0,368.0,0.0,0.0,0.0,0.0,0.0,0.0,1024.0,574.0,0.1365554224738676,Female,White,True,Female_White,5.0,1
16765,31--Waiter_Waitress/31_Waiter_Waitress_Waiter_Waitress_31_111.jpg,192.0,128.0,348.0,318.0,1.0,0.0,0.0,0.0,0.0,0.0,1024.0,1024.0,0.0282669067382812,Female,Asian,True,Female_Asian,1.0,1
16766,31--Waiter_Waitress/31_Waiter_Waitress_Waiter_Waitress_31_111.jpg,690.0,76.0,814.0,258.0,1.0,0.0,0.0,0.0,0.0,0.0,1024.0,1024.0,0.0215225219726562,Male,Asian,True,Male_Asian,0.0,1
16767,31--Waiter_Waitress/31_Waiter_Waitress_Waiter_Waitress_31_888.jpg,293.0,217.0,472.0,456.0,0.0,0.0,0.0,0.0,0.0,0.0,1024.0,1392.0,0.0300131611440373,Male,White,True,Male_White,1.0,1
16768,31--Waiter_Waitress/31_Waiter_Waitress_Waiter_Waitress_31_373.jpg,80.0,6.0,382.0,334.0,0.0,0.0,1.0,0.0,0.0,0.0,1024.0,576.0,0.1679416232638889,Female,White,True,Female_White,6.0,1
16772,32--Worker_Laborer/32_Worker_Laborer_Worker_Laborer_32_529.jpg,481.0,268.0,546.0,370.0,1.0,0.0,0.0,0.0,0.0,0.0,1024.0,1579.0,0.0041004492558581,Male,White,True,Male_White,0.0,1
16773,32--Worker_Laborer/32_Worker_Laborer_Worker_Laborer_32_987.jpg,766.0,52.0,820.0,132.0,1.0,0.0,0.0,0.0,0.0,0.0,1024.0,679.0,0.0062131811487481,Female,Asian,True,Female_Asian,0.0,1
16774,32--Worker_Laborer/32_Worker_Laborer_Worker_Laborer_32_987.jpg,612.0,58.0,668.0,138.0,1.0,0.0,0.0,0.0,0.0,0.0,1024.0,679.0,0.0064432989690721,Male,Asian,True,Male_Asian,0.0,1
16775,32--Worker_Laborer/32_Worker_Laborer_Worker_Laborer_32_987.jpg,270.0,212.0,330.0,290.0,1.0,0.0,0.0,0.0,0.0,1.0,1024.0,679.0,0.0067309462444771,Female,Asian,True,Female_Asian,0.0,1
16776,32--Worker_Laborer/32_Worker_Laborer_Worker_Laborer_32_101.jpg,202.0,26.0,300.0,152.0,0.0,0.0,0.0,0.0,0.0,0.0,1024.0,768.0,0.0157012939453125,Female,Asian,True,Female_Asian,0.0,1
16777,32--Worker_Laborer/32_Worker_Laborer_Worker_Laborer_32_101.jpg,576.0,110.0,668.0,252.0,0.0,0.0,0.0,0.0,0.0,0.0,1024.0,768.0,0.0166117350260416,Male,White,True,Male_White,0.0,1
16778,32--Worker_Laborer/32_Worker_Laborer_Worker_Laborer_32_101.jpg,776.0,512.0,880.0,656.0,0.0,0.0,0.0,0.0,0.0,1.0,1024.0,768.0,0.01904296875,Male,Black,True,Male_Black,0.0,1
16786,32--Worker_Laborer/32_Worker_Laborer_Worker_Laborer_32_135.jpg,316.0,87.0,643.0,529.0,0.0,0.0,0.0,0.0,0.0,0.0,1024.0,1433.0,0.0984971977494766,Male,White,True,Male_White,3.0,1
16789,32--Worker_Laborer/32_Worker_Laborer_Worker_Laborer_32_944.jpg,424.0,356.0,498.0,464.0,1.0,1.0,1.0,0.0,0.0,0.0,1024.0,1014.0,0.0076969304733727,Female,Black,True,Female_Black,0.0,1
16792,32--Worker_Laborer/32_Worker_Laborer_Worker_Laborer_32_692.jpg,202.0,66.0,314.0,220.0,1.0,0.0,0.0,0.0,0.0,0.0,1024.0,685.0,0.0245894160583941,Male,Asian,True,Male_Asian,0.0,10
16793,32--Worker_Laborer/32_Worker_Laborer_Worker_Laborer_32_692.jpg,440.0,132.0,510.0,250.0,1.0,0.0,0.0,0.0,1.0,0.0,1024.0,685.0,0.0117757755474452,Male,Asian,True,Male_Asian,0.0,10
16794,32--Worker_Laborer/32_Worker_Laborer_Worker_Laborer_32_692.jpg,686.0,128.0,740.0,216.0,1.0,0.0,0.0,0.0,0.0,0.0,1024.0,685.0,0.0067746350364963,Male,Asian,True,Male_Asian,0.0,10
16795,32--Worker_Laborer/32_Worker_Laborer_Worker_Laborer_32_692.jpg,862.0,154.0,928.0,236.0,1.0,0.0,0.0,0.0,0.0,0.0,1024.0,685.0,0.007715556569343,Male,Asian,True,Male_Asian,0.0,10
16798,32--Worker_Laborer/32_Worker_Laborer_Worker_Laborer_32_44.jpg,513.0,263.0,734.0,591.0,0.0,0.0,0.0,0.0,0.0,0.0,1024.0,1510.0,0.0468801738410596,Male,White,True,Male_White,1.0,1
16799,32--Worker_Laborer/32_Worker_Laborer_Worker_Laborer_32_870.jpg,483.0,305.0,555.0,414.0,1.0,0.0,0.0,0.0,0.0,0.0,1024.0,1473.0,0.0052030295315682,Male,White,True,Male_White,0.0,1
16800,32--Worker_Laborer/32_Worker_Laborer_Worker_Laborer_32_494.jpg,286.0,181.0,749.0,823.0,0.0,0.0,0.0,0.0,0.0,0.0,1024.0,1221.0,0.2377389818796068,Male,Black,True,Male_Black,8.0,1
16801,32--Worker_Laborer/32_Worker_Laborer_Worker_Laborer_32_169.jpg,390.0,84.0,620.0,424.0,0.0,0.0,0.0,0.0,0.0,0.0,1024.0,754.0,0.1012827420424403,Male,White,True,Male_White,3.0,1
16808,32--Worker_Laborer/32_Worker_Laborer_Worker_Laborer_32_209.jpg,736.0,136.0,816.0,234.0,1.0,0.0,0.0,0.0,0.0,1.0,1024.0,576.0,0.0132921006944444,Male,White,True,Male_White,0.0,1
16809,32--Worker_Laborer/32_Worker_Laborer_Worker_Laborer_32_1038.jpg,431.0,180.0,550.0,312.0,1.0,0.0,0.0,0.0,0.0,1.0,1024.0,1355.0,0.0113209178966789,Female,White,True,Female_White,0.0,1
16811,32--Worker_Laborer/32_Worker_Laborer_Worker_Laborer_32_860.jpg,352.0,330.0,716.0,872.0,0.0,0.0,0.0,0.0,0.0,0.0,1024.0,1259.0,0.1530294380460683,Male,White,True,Male_White,5.0,1
16812,32--Worker_Laborer/32_Worker_Laborer_Worker_Laborer_32_400.jpg,697.0,182.0,744.0,234.0,1.0,0.0,0.0,0.0,1.0,0.0,1024.0,768.0,0.0031077067057291,Male,Asian,True,Male_Asian,0.0,1
16813,32--Worker_Laborer/32_Worker_Laborer_Worker_Laborer_32_443.jpg,516.0,24.0,920.0,686.0,0.0,0.0,0.0,0.0,1.0,0.0,1024.0,1024.0,0.2550582885742187,Male,White,True,Male_White,9.0,1
16814,32--Worker_Laborer/32_Worker_Laborer_Worker_Laborer_32_170.jpg,474.0,576.0,608.0,680.0,1.0,0.0,0.0,0.0,0.0,1.0,1024.0,1024.0,0.0132904052734375,Male,White,True,Male_White,0.0,1
16817,32--Worker_Laborer/32_Worker_Laborer_Worker_Laborer_32_204.jpg,396.0,232.0,526.0,458.0,0.0,0.0,0.0,0.0,0.0,1.0,1024.0,754.0,0.0380522629310344,Male,White,True,Male_White,1.0,1
16823,32--Worker_Laborer/32_Worker_Laborer_Worker_Laborer_32_738.jpg,285.0,324.0,408.0,492.0,0.0,0.0,0.0,0.0,1.0,0.0,1024.0,1538.0,0.0131207330949284,Male,White,True,Male_White,0.0,1
16824,32--Worker_Laborer/32_Worker_Laborer_Worker_Laborer_32_434.jpg,448.0,152.0,682.0,481.0,0.0,0.0,0.0,0.0,0.0,0.0,1024.0,1392.0,0.0540097992995689,Male,White,True,Male_White,1.0,1
16828,33--Running/33_Running_Running_33_332.jpg,592.0,38.0,734.0,254.0,0.0,0.0,0.0,0.0,0.0,0.0,1024.0,683.0,0.0438552342606149,Male,White,True,Male_White,1.0,1
16833,33--Running/33_Running_Running_33_760.jpg,422.0,341.0,529.0,479.0,0.0,0.0,0.0,0.0,0.0,0.0,1024.0,1223.0,0.0117906147792313,Male,White,True,Male_White,0.0,1
16840,33--Running/33_Running_Running_33_569.jpg,492.0,110.0,888.0,648.0,0.0,0.0,0.0,0.0,0.0,0.0,1024.0,768.0,0.270904541015625,Male,White,True,Male_White,10.0,1
16841,33--Running/33_Running_Running_33_341.jpg,510.0,249.0,580.0,356.0,1.0,0.0,0.0,0.0,0.0,0.0,1024.0,1273.0,0.0057458390612725,Female,White,True,Female_White,0.0,1
16842,33--Running/33_Running_Running_33_286.jpg,481.0,292.0,529.0,362.0,1.0,0.0,1.0,0.0,0.0,0.0,1024.0,1086.0,0.003021408839779,Female,White,True,Female_White,0.0,1
16843,33--Running/33_Running_Running_33_891.jpg,418.0,122.0,576.0,320.0,0.0,0.0,0.0,0.0,0.0,0.0,1024.0,768.0,0.0397796630859375,Female,White,True,Female_White,1.0,1
16849,33--Running/33_Running_Running_33_538.jpg,696.0,42.0,740.0,93.0,1.0,0.0,0.0,0.0,0.0,0.0,1024.0,620.0,0.0035345262096774,Female,White,True,Female_White,0.0,1
16857,33--Running/33_Running_Running_33_44.jpg,612.0,76.0,662.0,148.0,0.0,0.0,0.0,0.0,0.0,0.0,1024.0,680.0,0.0051700367647058,Male,White,True,Male_White,0.0,1
16858,33--Running/33_Running_Running_33_44.jpg,753.0,39.0,808.0,117.0,0.0,0.0,0.0,0.0,0.0,0.0,1024.0,680.0,0.0061609604779411,Female,Asian,True,Female_Asian,0.0,1
16862,34--Baseball/34_Baseball_Baseball_34_560.jpg,579.0,133.0,603.0,165.0,0.0,0.0,0.0,0.0,0.0,0.0,1024.0,435.0,0.0017241379310344,Male,White,True,Male_White,0.0,1
16863,34--Baseball/34_Baseball_Baseball_34_608.jpg,315.0,354.0,663.0,837.0,0.0,0.0,0.0,0.0,0.0,0.0,1024.0,1537.0,0.1067954009433962,Male,White,True,Male_White,3.0,1
16867,34--Baseball/34_Baseball_Baseball_34_436.jpg,394.0,136.0,462.0,214.0,0.0,0.0,0.0,0.0,0.0,0.0,1024.0,842.0,0.0061516478622327,Male,White,True,Male_White,0.0,1
16868,34--Baseball/34_Baseball_Baseball_34_436.jpg,480.0,544.0,542.0,618.0,1.0,1.0,0.0,0.0,0.0,0.0,1024.0,842.0,0.0053212217933491,Male,Asian,True,Male_Asian,0.0,1
16869,34--Baseball/34_Baseball_Baseball_34_867.jpg,406.0,78.0,698.0,486.0,0.0,0.0,0.0,0.0,1.0,0.0,1024.0,768.0,0.1514892578125,Male,White,True,Male_White,5.0,1
16871,34--Baseball/34_Baseball_Baseball_34_886.jpg,736.0,78.0,844.0,242.0,0.0,0.0,0.0,0.0,0.0,0.0,1024.0,768.0,0.02252197265625,Male,White,True,Male_White,0.0,1
16872,34--Baseball/34_Baseball_Baseball_34_171.jpg,420.0,82.0,514.0,180.0,0.0,0.0,0.0,0.0,0.0,0.0,1024.0,721.0,0.012477245145631,Male,White,True,Male_White,0.0,1
16876,34--Baseball/34_Baseball_Baseball_34_356.jpg,575.0,245.0,710.0,413.0,0.0,0.0,1.0,0.0,0.0,0.0,1024.0,1409.0,0.0157192601135557,Male,White,True,Male_White,0.0,1
16877,34--Baseball/34_Baseball_Baseball_34_127.jpg,551.0,241.0,580.0,286.0,1.0,1.0,0.0,0.0,0.0,0.0,1024.0,683.0,0.001865906387262,Male,White,True,Male_White,0.0,1
16878,34--Baseball/34_Baseball_Baseball_34_829.jpg,348.0,529.0,549.0,925.0,0.0,1.0,0.0,0.0,0.0,0.0,1024.0,1536.0,0.0506057739257812,Male,White,True,Male_White,1.0,1
16888,35--Basketball/35_Basketball_playingbasketball_35_36.jpg,818.0,44.0,892.0,148.0,0.0,0.0,0.0,0.0,0.0,0.0,1024.0,685.0,0.0109717153284671,Female,White,True,Female_White,0.0,1
16889,35--Basketball/35_Basketball_playingbasketball_35_134.jpg,314.0,326.0,408.0,440.0,0.0,0.0,1.0,0.0,0.0,0.0,1024.0,757.0,0.0138241000660501,Male,White,True,Male_White,0.0,1
16894,35--Basketball/35_Basketball_playingbasketball_35_730.jpg,419.0,164.0,755.0,586.0,0.0,0.0,0.0,0.0,0.0,0.0,1024.0,1422.0,0.0973760548523206,Female,White,True,Female_White,3.0,1
16910,35--Basketball/35_Basketball_playingbasketball_35_582.jpg,679.0,108.0,719.0,168.0,0.0,0.0,0.0,0.0,0.0,1.0,1024.0,677.0,0.003461964549483,Male,Black,True,Male_Black,0.0,1
16911,35--Basketball/35_Basketball_playingbasketball_35_582.jpg,513.0,138.0,562.0,182.0,0.0,0.0,0.0,0.0,0.0,0.0,1024.0,677.0,0.0031099981536189,Male,White,True,Male_White,0.0,1
16912,35--Basketball/35_Basketball_playingbasketball_35_582.jpg,427.0,123.0,463.0,171.0,0.0,0.0,0.0,0.0,0.0,1.0,1024.0,677.0,0.0024926144756277,Male,White,True,Male_White,0.0,1
16919,35--Basketball/35_Basketball_playingbasketball_35_199.jpg,586.0,202.0,846.0,430.0,0.0,0.0,0.0,0.0,0.0,1.0,1024.0,754.0,0.0767780172413793,Male,White,True,Male_White,2.0,1
16920,35--Basketball/35_Basketball_playingbasketball_35_556.jpg,374.0,507.0,563.0,764.0,0.0,0.0,1.0,0.0,0.0,0.0,1024.0,1584.0,0.0299460671164772,Male,Indian,True,Male_Indian,1.0,1
16930,35--Basketball/35_Basketball_playingbasketball_35_644.jpg,334.0,192.0,520.0,421.0,0.0,0.0,0.0,0.0,0.0,0.0,1024.0,1584.0,0.0262599135890151,Female,White,True,Female_White,0.0,1
16947,35--Basketball/35_Basketball_playingbasketball_35_279.jpg,386.0,1005.0,661.0,1128.0,0.0,0.0,0.0,0.0,0.0,1.0,1024.0,1579.0,0.0209197128324889,Male,White,True,Male_White,0.0,1
16948,35--Basketball/35_Basketball_basketballgame_ball_35_904.jpg,262.0,122.0,313.0,192.0,1.0,0.0,0.0,0.0,0.0,1.0,1024.0,726.0,0.0048021048553719,Female,White,True,Female_White,0.0,1
16949,35--Basketball/35_Basketball_basketballgame_ball_35_904.jpg,321.0,116.0,379.0,170.0,1.0,0.0,1.0,0.0,0.0,1.0,1024.0,726.0,0.0042129390495867,Female,Black,True,Female_Black,0.0,1
16950,35--Basketball/35_Basketball_basketballgame_ball_35_904.jpg,449.0,118.0,504.0,178.0,1.0,0.0,0.0,0.0,0.0,1.0,1024.0,726.0,0.0044389204545454,Female,Black,True,Female_Black,0.0,1
16951,35--Basketball/35_Basketball_basketballgame_ball_35_904.jpg,530.0,147.0,595.0,195.0,1.0,0.0,0.0,0.0,0.0,1.0,1024.0,726.0,0.0041967975206611,Female,White,True,Female_White,0.0,1
16952,35--Basketball/35_Basketball_basketballgame_ball_35_904.jpg,551.0,117.0,603.0,178.0,1.0,0.0,0.0,0.0,0.0,1.0,1024.0,726.0,0.0042667441460055,Female,Black,True,Female_Black,0.0,1
16954,35--Basketball/35_Basketball_Basketball_35_549.jpg,724.0,378.0,772.0,431.0,1.0,0.0,0.0,0.0,0.0,0.0,1024.0,1069.0,0.0023240177736202,Male,Asian,True,Male_Asian,0.0,1
16955,35--Basketball/35_Basketball_Basketball_35_549.jpg,685.0,378.0,725.0,433.0,1.0,0.0,0.0,0.0,0.0,0.0,1024.0,1069.0,0.002009763797942,Male,Black,True,Male_Black,0.0,1
16956,35--Basketball/35_Basketball_basketballgame_ball_35_446.jpg,466.0,307.0,586.0,486.0,0.0,1.0,0.0,0.0,0.0,0.0,1024.0,1431.0,0.0146586740041928,Male,Black,True,Male_Black,0.0,1
16957,35--Basketball/35_Basketball_playingbasketball_35_283.jpg,646.0,354.0,817.0,450.0,0.0,0.0,0.0,0.0,0.0,1.0,1024.0,1536.0,0.01043701171875,Female,White,True,Female_White,0.0,1
16964,35--Basketball/35_Basketball_playingbasketball_35_11.jpg,481.0,139.0,568.0,278.0,0.0,0.0,0.0,0.0,0.0,0.0,1024.0,1392.0,0.00848388671875,Female,White,True,Female_White,0.0,1
16965,35--Basketball/35_Basketball_basketballgame_ball_35_681.jpg,452.0,20.0,544.0,146.0,0.0,0.0,0.0,0.0,0.0,0.0,1024.0,683.0,0.0165743960468521,Female,White,True,Female_White,0.0,1
16966,35--Basketball/35_Basketball_basketballgame_ball_35_736.jpg,388.0,128.0,458.0,264.0,0.0,1.0,0.0,0.0,0.0,0.0,1024.0,684.0,0.0135919225146198,Male,Black,True,Male_Black,0.0,10
16967,35--Basketball/35_Basketball_basketballgame_ball_35_736.jpg,480.0,186.0,542.0,282.0,0.0,0.0,0.0,0.0,0.0,0.0,1024.0,684.0,0.0084978070175438,Male,Black,True,Male_Black,0.0,10
16968,35--Basketball/35_Basketball_basketballgame_ball_35_736.jpg,716.0,142.0,788.0,270.0,0.0,0.0,0.0,0.0,0.0,0.0,1024.0,684.0,0.0131578947368421,Male,Black,True,Male_Black,0.0,10
16969,35--Basketball/35_Basketball_basketballgame_ball_35_423.jpg,392.0,98.0,690.0,538.0,0.0,0.0,0.0,0.0,0.0,0.0,1024.0,620.0,0.2065272177419354,Male,White,True,Male_White,7.0,1
16972,35--Basketball/35_Basketball_Basketball_35_653.jpg,872.0,33.0,927.0,106.0,0.0,0.0,1.0,0.0,0.0,0.0,1024.0,640.0,0.0061264038085937,Male,Black,True,Male_Black,0.0,1
16973,35--Basketball/35_Basketball_Basketball_35_653.jpg,734.0,48.0,791.0,118.0,0.0,0.0,1.0,0.0,0.0,0.0,1024.0,640.0,0.0060882568359375,Male,White,True,Male_White,0.0,1
16974,35--Basketball/35_Basketball_Basketball_35_653.jpg,599.0,28.0,658.0,96.0,0.0,0.0,1.0,0.0,0.0,0.0,1024.0,640.0,0.006121826171875,Male,Black,True,Male_Black,0.0,1
16975,35--Basketball/35_Basketball_Basketball_35_653.jpg,460.0,76.0,516.0,145.0,0.0,0.0,1.0,0.0,0.0,0.0,1024.0,640.0,0.00589599609375,Male,Black,True,Male_Black,0.0,1
16976,35--Basketball/35_Basketball_Basketball_35_653.jpg,369.0,54.0,427.0,128.0,0.0,0.0,1.0,0.0,0.0,0.0,1024.0,640.0,0.006549072265625,Male,Black,True,Male_Black,0.0,1
16977,35--Basketball/35_Basketball_Basketball_35_653.jpg,268.0,49.0,324.0,117.0,0.0,0.0,1.0,0.0,0.0,0.0,1024.0,640.0,0.005810546875,Male,Black,True,Male_Black,0.0,1
16978,35--Basketball/35_Basketball_Basketball_35_653.jpg,99.0,38.0,152.0,109.0,0.0,0.0,1.0,0.0,0.0,0.0,1024.0,640.0,0.0057418823242187,Male,Black,True,Male_Black,0.0,1
16979,35--Basketball/35_Basketball_Basketball_35_653.jpg,90.0,276.0,149.0,345.0,0.0,0.0,1.0,0.0,0.0,0.0,1024.0,640.0,0.0062118530273437,Male,Black,True,Male_Black,0.0,1
16980,35--Basketball/35_Basketball_Basketball_35_653.jpg,209.0,314.0,255.0,383.0,0.0,0.0,1.0,0.0,0.0,0.0,1024.0,640.0,0.0048431396484375,Male,Black,True,Male_Black,0.0,1
16981,35--Basketball/35_Basketball_Basketball_35_653.jpg,380.0,301.0,433.0,364.0,0.0,0.0,1.0,0.0,0.0,0.0,1024.0,640.0,0.0050949096679687,Male,Black,True,Male_Black,0.0,1
16982,35--Basketball/35_Basketball_Basketball_35_653.jpg,536.0,299.0,594.0,368.0,0.0,0.0,1.0,0.0,0.0,0.0,1024.0,640.0,0.0061065673828125,Male,Black,True,Male_Black,0.0,1
16983,35--Basketball/35_Basketball_Basketball_35_653.jpg,653.0,276.0,707.0,340.0,0.0,0.0,1.0,0.0,0.0,0.0,1024.0,640.0,0.0052734375,Male,Black,True,Male_Black,0.0,1
16984,35--Basketball/35_Basketball_Basketball_35_653.jpg,813.0,283.0,864.0,349.0,0.0,0.0,1.0,0.0,0.0,0.0,1024.0,640.0,0.0051361083984375,Male,White,True,Male_White,0.0,1
16985,35--Basketball/35_Basketball_Basketball_35_653.jpg,921.0,278.0,982.0,354.0,0.0,0.0,1.0,0.0,0.0,0.0,1024.0,640.0,0.007073974609375,Male,Black,True,Male_Black,0.0,1
16986,35--Basketball/35_Basketball_playingbasketball_35_251.jpg,432.0,99.0,516.0,279.0,0.0,1.0,0.0,0.0,0.0,0.0,1024.0,1536.0,0.009613037109375,Female,White,True,Female_White,0.0,1
16987,35--Basketball/35_Basketball_Basketball_35_304.jpg,706.0,250.0,731.0,289.0,0.0,0.0,1.0,0.0,0.0,0.0,1024.0,576.0,0.0016530354817708,Male,Black,True,Male_Black,0.0,10
16988,35--Basketball/35_Basketball_Basketball_35_304.jpg,765.0,269.0,798.0,305.0,0.0,0.0,1.0,0.0,0.0,0.0,1024.0,576.0,0.00201416015625,Male,Black,True,Male_Black,0.0,10
16989,35--Basketball/35_Basketball_Basketball_35_304.jpg,861.0,342.0,921.0,411.0,0.0,0.0,0.0,0.0,1.0,1.0,1024.0,576.0,0.00701904296875,Male,Black,True,Male_Black,0.0,10
16990,35--Basketball/35_Basketball_basketballgame_ball_35_341.jpg,240.0,240.0,345.0,415.0,0.0,0.0,0.0,0.0,0.0,0.0,1024.0,1282.0,0.0139971419169266,Male,Black,True,Male_Black,0.0,1
16991,35--Basketball/35_Basketball_basketballgame_ball_35_341.jpg,501.0,190.0,626.0,353.0,0.0,0.0,0.0,0.0,0.0,0.0,1024.0,1282.0,0.0155206403568642,Female,White,True,Female_White,0.0,1
16992,35--Basketball/35_Basketball_basketballgame_ball_35_341.jpg,653.0,25.0,778.0,208.0,0.0,0.0,0.0,0.0,0.0,0.0,1024.0,1282.0,0.0174250134067862,Male,White,True,Male_White,0.0,1
16993,35--Basketball/35_Basketball_basketballgame_ball_35_254.jpg,627.0,312.0,719.0,390.0,0.0,1.0,0.0,0.0,0.0,1.0,1024.0,1203.0,0.0058252805486284,Male,Black,True,Male_Black,0.0,10
16994,35--Basketball/35_Basketball_basketballgame_ball_35_254.jpg,312.0,237.0,373.0,343.0,0.0,0.0,0.0,0.0,0.0,1.0,1024.0,1203.0,0.0052489219659185,Male,Black,True,Male_Black,0.0,10
16995,35--Basketball/35_Basketball_basketballgame_ball_35_254.jpg,12.0,143.0,92.0,235.0,0.0,0.0,0.0,0.0,0.0,1.0,1024.0,1203.0,0.0059746467165419,Male,Black,True,Male_Black,0.0,10
16997,35--Basketball/35_Basketball_playingbasketball_35_13.jpg,443.0,160.0,541.0,282.0,0.0,0.0,0.0,0.0,1.0,0.0,1024.0,1392.0,0.0083877738864942,Female,White,True,Female_White,0.0,1
16999,35--Basketball/35_Basketball_Basketball_35_393.jpg,752.0,170.0,824.0,238.0,1.0,1.0,0.0,0.0,0.0,0.0,1024.0,768.0,0.0062255859375,Male,Black,True,Male_Black,0.0,1
17000,35--Basketball/35_Basketball_Basketball_35_393.jpg,188.0,6.0,386.0,234.0,0.0,0.0,1.0,0.0,0.0,0.0,1024.0,768.0,0.057403564453125,Male,Black,True,Male_Black,2.0,1
17001,35--Basketball/35_Basketball_playingbasketball_35_366.jpg,410.0,324.0,450.0,369.0,1.0,0.0,0.0,0.0,0.0,1.0,1024.0,960.0,0.0018310546875,Male,Black,True,Male_Black,0.0,1
17002,35--Basketball/35_Basketball_basketballgame_ball_35_309.jpg,396.0,70.0,478.0,180.0,0.0,0.0,0.0,0.0,0.0,0.0,1024.0,745.0,0.011823615771812,Male,Black,True,Male_Black,0.0,1
17003,35--Basketball/35_Basketball_basketballgame_ball_35_309.jpg,214.0,6.0,298.0,64.0,1.0,0.0,0.0,0.0,0.0,1.0,1024.0,745.0,0.0063863255033557,Male,White,True,Male_White,0.0,1
17004,35--Basketball/35_Basketball_basketballgame_ball_35_309.jpg,136.0,30.0,204.0,146.0,0.0,0.0,0.0,0.0,0.0,0.0,1024.0,745.0,0.0103397651006711,Male,Black,True,Male_Black,0.0,1
17005,35--Basketball/35_Basketball_basketballgame_ball_35_309.jpg,766.0,42.0,946.0,300.0,0.0,0.0,0.0,0.0,0.0,0.0,1024.0,745.0,0.0608745805369127,Male,Black,True,Male_Black,2.0,1
17006,35--Basketball/35_Basketball_basketballgame_ball_35_192.jpg,743.0,125.0,873.0,293.0,0.0,0.0,0.0,0.0,0.0,0.0,1024.0,1231.0,0.017325852965069,Male,White,True,Male_White,0.0,1
17007,35--Basketball/35_Basketball_basketballgame_ball_35_192.jpg,555.0,608.0,687.0,769.0,0.0,0.0,0.0,0.0,0.0,1.0,1024.0,1231.0,0.0168593876929325,Male,Black,True,Male_Black,0.0,1
17008,35--Basketball/35_Basketball_playingbasketball_35_91.jpg,272.0,378.0,606.0,775.0,0.0,0.0,0.0,0.0,0.0,0.0,1024.0,1392.0,0.0930245936602011,Female,White,True,Female_White,3.0,1
17009,35--Basketball/35_Basketball_playingbasketball_35_449.jpg,339.0,153.0,438.0,288.0,0.0,0.0,0.0,0.0,0.0,0.0,1024.0,1536.0,0.0084972381591796,Male,White,True,Male_White,0.0,1
17010,35--Basketball/35_Basketball_playingbasketball_35_2.jpg,820.0,517.0,904.0,616.0,0.0,0.0,0.0,0.0,0.0,1.0,1024.0,1537.0,0.0052837304814573,Male,White,True,Male_White,0.0,1
17011,35--Basketball/35_Basketball_playingbasketball_35_2.jpg,447.0,405.0,513.0,495.0,0.0,0.0,0.0,0.0,0.0,1.0,1024.0,1537.0,0.0037740932010409,Male,Black,True,Male_Black,0.0,1
17016,35--Basketball/35_Basketball_playingbasketball_35_818.jpg,423.0,89.0,520.0,230.0,0.0,0.0,1.0,0.0,0.0,0.0,1024.0,1338.0,0.0099823955997757,Male,White,True,Male_White,0.0,1
17017,35--Basketball/35_Basketball_Basketball_35_791.jpg,770.0,42.0,854.0,162.0,0.0,0.0,1.0,0.0,0.0,0.0,1024.0,768.0,0.0128173828125,Male,Black,True,Male_Black,0.0,1
17030,36--Football/36_Football_americanfootball_ball_36_234.jpg,335.0,91.0,436.0,239.0,0.0,0.0,0.0,0.0,0.0,0.0,1024.0,1332.0,0.0109592013888888,Female,White,True,Female_White,0.0,1
17031,36--Football/36_Football_americanfootball_ball_36_162.jpg,402.0,272.0,598.0,556.0,0.0,0.0,0.0,0.0,1.0,0.0,1024.0,684.0,0.0794727704678362,Male,White,True,Male_White,2.0,1
17032,36--Football/36_Football_americanfootball_ball_36_301.jpg,454.0,116.0,641.0,351.0,0.0,0.0,0.0,0.0,0.0,0.0,1024.0,1454.0,0.029515157539546,Male,Black,True,Male_Black,1.0,1
17034,36--Football/36_Football_americanfootball_ball_36_510.jpg,566.0,144.0,642.0,222.0,1.0,0.0,0.0,0.0,1.0,0.0,1024.0,642.0,0.0090172313084112,Male,White,True,Male_White,0.0,1
17035,36--Football/36_Football_americanfootball_ball_36_510.jpg,191.0,56.0,239.0,129.0,1.0,0.0,0.0,0.0,1.0,1.0,1024.0,642.0,0.0053300233644859,Male,Black,True,Male_Black,0.0,1
17038,36--Football/36_Football_americanfootball_ball_36_396.jpg,252.0,200.0,378.0,366.0,1.0,0.0,0.0,0.0,1.0,0.0,1024.0,727.0,0.0280959852132049,Male,White,True,Male_White,1.0,1
17039,36--Football/36_Football_americanfootball_ball_36_526.jpg,624.0,160.0,732.0,304.0,0.0,0.0,0.0,0.0,1.0,0.0,1024.0,820.0,0.0185213414634146,Male,White,True,Male_White,0.0,1
17045,36--Football/36_Football_americanfootball_ball_36_265.jpg,368.0,91.0,590.0,371.0,0.0,0.0,1.0,0.0,0.0,0.0,1024.0,1406.0,0.0431743421052631,Male,Black,True,Male_Black,1.0,1
17046,36--Football/36_Football_americanfootball_ball_36_456.jpg,524.0,78.0,672.0,262.0,0.0,0.0,0.0,0.0,0.0,0.0,1024.0,851.0,0.03125,Female,White,True,Female_White,1.0,1
17050,36--Football/36_Football_americanfootball_ball_36_327.jpg,762.0,428.0,854.0,510.0,1.0,0.0,0.0,0.0,1.0,1.0,1024.0,665.0,0.011078477443609,Male,White,True,Male_White,0.0,1
17067,36--Football/36_Football_americanfootball_ball_36_631.jpg,418.0,126.0,580.0,316.0,0.0,0.0,0.0,0.0,0.0,0.0,1024.0,559.0,0.053772081842576,Male,White,True,Male_White,1.0,1
17078,36--Football/36_Football_Football_36_23.jpg,228.0,60.0,282.0,134.0,1.0,1.0,0.0,0.0,0.0,0.0,1024.0,677.0,0.0057641709748892,Male,Black,True,Male_Black,0.0,1
17079,36--Football/36_Football_Football_36_23.jpg,378.0,96.0,440.0,166.0,1.0,0.0,0.0,0.0,0.0,0.0,1024.0,677.0,0.0062603858936484,Male,White,True,Male_White,0.0,1
17080,36--Football/36_Football_Football_36_23.jpg,604.0,44.0,656.0,126.0,1.0,0.0,0.0,0.0,0.0,0.0,1024.0,677.0,0.0061507570162481,Male,Black,True,Male_Black,0.0,1
17081,36--Football/36_Football_Football_36_23.jpg,738.0,52.0,790.0,130.0,0.0,0.0,0.0,0.0,0.0,0.0,1024.0,677.0,0.0058507200886262,Male,White,True,Male_White,0.0,1
17082,36--Football/36_Football_americanfootball_ball_36_273.jpg,322.0,226.0,396.0,300.0,0.0,0.0,0.0,0.0,0.0,1.0,1024.0,768.0,0.0069630940755208,Male,White,True,Male_White,0.0,1
17083,36--Football/36_Football_americanfootball_ball_36_27.jpg,188.0,194.0,244.0,284.0,0.0,0.0,1.0,0.0,1.0,0.0,1024.0,768.0,0.00640869140625,Male,Black,True,Male_Black,0.0,1
17084,36--Football/36_Football_americanfootball_ball_36_27.jpg,656.0,32.0,730.0,130.0,0.0,0.0,0.0,0.0,1.0,0.0,1024.0,768.0,0.0092213948567708,Male,Black,True,Male_Black,0.0,1
17085,36--Football/36_Football_americanfootball_ball_36_111.jpg,466.0,142.0,596.0,293.0,0.0,0.0,1.0,0.0,1.0,0.0,1024.0,1581.0,0.0121251877767235,Male,Black,True,Male_Black,0.0,10
17088,37--Soccer/37_Soccer_Soccer_37_263.jpg,687.0,144.0,722.0,192.0,1.0,0.0,0.0,0.0,0.0,0.0,1024.0,768.0,0.00213623046875,Male,White,True,Male_White,0.0,1
17089,37--Soccer/37_Soccer_soccer_ball_37_150.jpg,350.0,42.0,414.0,136.0,0.0,1.0,1.0,0.0,0.0,0.0,1024.0,740.0,0.0079391891891891,Male,White,True,Male_White,0.0,1
17090,37--Soccer/37_Soccer_soccer_ball_37_994.jpg,242.0,68.0,322.0,178.0,0.0,0.0,0.0,0.0,0.0,0.0,1024.0,576.0,0.0149197048611111,Male,White,True,Male_White,0.0,1
17091,37--Soccer/37_Soccer_Soccer_37_3.jpg,316.0,144.0,368.0,224.0,0.0,0.0,0.0,0.0,0.0,0.0,1024.0,862.0,0.0047128770301624,Female,White,True,Female_White,0.0,1
17092,37--Soccer/37_Soccer_Soccer_37_3.jpg,844.0,96.0,902.0,182.0,0.0,0.0,0.0,0.0,0.0,0.0,1024.0,862.0,0.0056509208236658,Female,Asian,True,Female_Asian,0.0,1
17095,37--Soccer/37_Soccer_soccer_ball_37_32.jpg,370.0,130.0,428.0,208.0,0.0,0.0,0.0,0.0,0.0,0.0,1024.0,722.0,0.0061190702908587,Male,White,True,Male_White,0.0,1
17098,37--Soccer/37_Soccer_soccer_ball_37_803.jpg,342.0,131.0,751.0,720.0,0.0,0.0,0.0,0.0,0.0,0.0,1024.0,1487.0,0.1582077221334902,Female,White,True,Female_White,5.0,1
17099,37--Soccer/37_Soccer_soccer_ball_37_867.jpg,687.0,108.0,733.0,175.0,0.0,1.0,0.0,0.0,0.0,0.0,1024.0,820.0,0.0036704458841463,Male,Asian,True,Male_Asian,0.0,7
17100,37--Soccer/37_Soccer_soccer_ball_37_867.jpg,508.0,59.0,557.0,132.0,0.0,1.0,0.0,0.0,0.0,0.0,1024.0,820.0,0.0042599561737804,Male,Asian,True,Male_Asian,0.0,7
17101,37--Soccer/37_Soccer_soccer_ball_37_867.jpg,518.0,219.0,568.0,291.0,0.0,1.0,0.0,0.0,0.0,0.0,1024.0,820.0,0.0042873475609756,Male,Asian,True,Male_Asian,0.0,7
17102,37--Soccer/37_Soccer_soccer_ball_37_867.jpg,900.0,231.0,941.0,282.0,0.0,1.0,0.0,0.0,0.0,0.0,1024.0,820.0,0.002490234375,Male,Asian,True,Male_Asian,0.0,7
17103,37--Soccer/37_Soccer_soccer_ball_37_867.jpg,385.0,206.0,418.0,256.0,0.0,1.0,0.0,0.0,0.0,0.0,1024.0,820.0,0.0019650342987804,Male,Asian,True,Male_Asian,0.0,7
17104,37--Soccer/37_Soccer_soccer_ball_37_867.jpg,252.0,238.0,296.0,305.0,0.0,1.0,0.0,0.0,0.0,0.0,1024.0,820.0,0.0035108612804878,Male,Asian,True,Male_Asian,0.0,7
17105,37--Soccer/37_Soccer_soccer_ball_37_867.jpg,85.0,287.0,114.0,333.0,0.0,1.0,0.0,0.0,0.0,0.0,1024.0,820.0,0.001588700457317,Male,Asian,True,Male_Asian,0.0,7
17108,37--Soccer/37_Soccer_soccer_ball_37_1001.jpg,344.0,190.0,586.0,429.0,0.0,0.0,0.0,0.0,0.0,0.0,1024.0,1545.0,0.0365582018608414,Male,White,True,Male_White,1.0,1
17122,37--Soccer/37_Soccer_soccer_ball_37_512.jpg,504.0,68.0,564.0,170.0,0.0,1.0,0.0,0.0,0.0,0.0,1024.0,768.0,0.007781982421875,Male,White,True,Male_White,0.0,1
17125,37--Soccer/37_Soccer_soccer_ball_37_886.jpg,368.0,116.0,596.0,418.0,0.0,0.0,0.0,0.0,0.0,0.0,1024.0,768.0,0.087554931640625,Female,White,True,Female_White,3.0,1
17126,37--Soccer/37_Soccer_soccer_ball_37_74.jpg,540.0,164.0,780.0,455.0,0.0,0.0,0.0,0.0,0.0,0.0,1024.0,1450.0,0.0470366379310344,Male,White,True,Male_White,1.0,1
17160,38--Tennis/38_Tennis_Tennis_38_558.jpg,480.0,182.0,651.0,379.0,0.0,0.0,0.0,0.0,0.0,0.0,1024.0,1123.0,0.0292942661954585,Female,White,True,Female_White,1.0,1
17161,38--Tennis/38_Tennis_Tennis_38_40.jpg,478.0,76.0,540.0,150.0,0.0,0.0,0.0,0.0,1.0,0.0,1024.0,700.0,0.0064006696428571,Female,White,True,Female_White,0.0,1
17163,38--Tennis/38_Tennis_Tennis_38_81.jpg,703.0,167.0,875.0,355.0,0.0,0.0,1.0,0.0,0.0,0.0,1024.0,1359.0,0.0232362950699043,Male,White,True,Male_White,0.0,1
17164,38--Tennis/38_Tennis_Tennis_38_323.jpg,294.0,85.0,406.0,237.0,0.0,0.0,0.0,0.0,0.0,0.0,1024.0,1038.0,0.0160163776493256,Female,White,True,Female_White,0.0,1
17166,38--Tennis/38_Tennis_Tennis_38_592.jpg,267.0,147.0,309.0,206.0,0.0,0.0,0.0,0.0,0.0,0.0,1024.0,683.0,0.0035430774158125,Male,White,True,Male_White,0.0,1
17167,38--Tennis/38_Tennis_Tennis_38_717.jpg,196.0,366.0,874.0,1157.0,0.0,0.0,0.0,0.0,0.0,0.0,1024.0,1451.0,0.3609431534286699,Male,Asian,True,Male_Asian,13.0,1
17168,38--Tennis/38_Tennis_Tennis_38_300.jpg,272.0,84.0,424.0,288.0,0.0,0.0,0.0,0.0,0.0,0.0,1024.0,567.0,0.0534060846560846,Male,White,True,Male_White,1.0,1
17169,38--Tennis/38_Tennis_Tennis_38_131.jpg,220.0,98.0,410.0,362.0,0.0,0.0,0.0,0.0,0.0,0.0,1024.0,853.0,0.0574259964830011,Female,White,True,Female_White,2.0,1
17170,38--Tennis/38_Tennis_Tennis_38_332.jpg,290.0,38.0,396.0,110.0,0.0,0.0,0.0,0.0,0.0,1.0,1024.0,351.0,0.0212339743589743,Female,White,True,Female_White,0.0,1
17171,38--Tennis/38_Tennis_Tennis_38_531.jpg,730.0,472.0,796.0,560.0,1.0,0.0,0.0,0.0,0.0,0.0,1024.0,768.0,0.00738525390625,Male,White,True,Male_White,0.0,1
17172,38--Tennis/38_Tennis_Tennis_38_604.jpg,672.0,70.0,786.0,184.0,0.0,0.0,0.0,0.0,0.0,0.0,1024.0,768.0,0.0165252685546875,Female,White,True,Female_White,0.0,1
17173,38--Tennis/38_Tennis_Tennis_38_94.jpg,468.0,64.0,548.0,166.0,0.0,0.0,1.0,0.0,0.0,0.0,1024.0,793.0,0.0100488650693568,Female,White,True,Female_White,0.0,1
17175,38--Tennis/38_Tennis_Tennis_38_319.jpg,590.0,94.0,812.0,406.0,0.0,0.0,0.0,0.0,0.0,0.0,1024.0,699.0,0.0967677038626609,Male,White,True,Male_White,3.0,1
17176,38--Tennis/38_Tennis_Tennis_38_420.jpg,638.0,50.0,690.0,124.0,1.0,0.0,0.0,0.0,0.0,0.0,1024.0,684.0,0.0054938779239766,Male,White,True,Male_White,0.0,1
17177,38--Tennis/38_Tennis_Tennis_38_182.jpg,252.0,100.0,420.0,334.0,0.0,0.0,0.0,0.0,0.0,0.0,1024.0,768.0,0.04998779296875,Male,White,True,Male_White,1.0,1
17180,38--Tennis/38_Tennis_Tennis_38_230.jpg,304.0,182.0,462.0,346.0,0.0,0.0,0.0,0.0,0.0,0.0,1024.0,788.0,0.0321125475888324,Female,White,True,Female_White,1.0,1
17181,38--Tennis/38_Tennis_Tennis_38_240.jpg,714.0,156.0,884.0,398.0,0.0,0.0,0.0,0.0,0.0,0.0,1024.0,661.0,0.0607803044629349,Female,White,True,Female_White,2.0,1
17182,38--Tennis/38_Tennis_Tennis_38_666.jpg,382.0,190.0,486.0,294.0,0.0,1.0,0.0,0.0,0.0,1.0,1024.0,768.0,0.0137532552083333,Male,White,True,Male_White,0.0,1
17183,38--Tennis/38_Tennis_Tennis_38_18.jpg,290.0,94.0,350.0,164.0,0.0,0.0,0.0,0.0,0.0,0.0,1024.0,598.0,0.006858800167224,Female,White,True,Female_White,0.0,1
17184,38--Tennis/38_Tennis_Tennis_38_128.jpg,532.0,108.0,666.0,260.0,0.0,0.0,0.0,0.0,0.0,0.0,1024.0,820.0,0.0242568597560975,Female,White,True,Female_White,0.0,1
17194,38--Tennis/38_Tennis_Tennis_38_754.jpg,236.0,106.0,404.0,324.0,0.0,0.0,0.0,0.0,0.0,0.0,1024.0,575.0,0.0622010869565217,Female,White,True,Female_White,2.0,1
17198,39--Ice_Skating/39_Ice_Skating_Ice_Skating_39_825.jpg,498.0,156.0,560.0,256.0,0.0,0.0,0.0,0.0,0.0,0.0,1024.0,683.0,0.0088648426061493,Female,White,True,Female_White,0.0,1
17199,39--Ice_Skating/39_Ice_Skating_Ice_Skating_39_487.jpg,506.0,253.0,560.0,319.0,1.0,0.0,0.0,0.0,0.0,0.0,1024.0,1159.0,0.0030029928817946,Female,White,True,Female_White,0.0,1
17200,39--Ice_Skating/39_Ice_Skating_iceskiing_39_416.jpg,402.0,272.0,468.0,360.0,0.0,0.0,0.0,0.0,0.0,0.0,1024.0,684.0,0.0082922149122807,Female,White,True,Female_White,0.0,1
17210,39--Ice_Skating/39_Ice_Skating_Ice_Skating_39_382.jpg,660.0,46.0,718.0,124.0,0.0,0.0,0.0,0.0,0.0,0.0,1024.0,691.0,0.0063935871924746,Female,White,True,Female_White,0.0,1
17213,39--Ice_Skating/39_Ice_Skating_Ice_Skating_39_616.jpg,351.0,219.0,519.0,387.0,0.0,0.0,0.0,0.0,0.0,0.0,1024.0,1536.0,0.0179443359375,Female,White,True,Female_White,0.0,1
17221,39--Ice_Skating/39_Ice_Skating_iceskiing_39_777.jpg,690.0,234.0,746.0,314.0,1.0,0.0,0.0,0.0,1.0,0.0,1024.0,696.0,0.0062859195402298,Male,White,True,Male_White,0.0,1
17222,39--Ice_Skating/39_Ice_Skating_Ice_Skating_39_275.jpg,584.0,100.0,638.0,188.0,1.0,0.0,0.0,0.0,0.0,0.0,1024.0,936.0,0.0049579326923076,Male,White,True,Male_White,0.0,1
17226,39--Ice_Skating/39_Ice_Skating_Ice_Skating_39_682.jpg,275.0,154.0,389.0,268.0,0.0,0.0,0.0,0.0,0.0,1.0,1024.0,1215.0,0.0104456018518518,Male,White,True,Male_White,0.0,1
17233,39--Ice_Skating/39_Ice_Skating_Ice_Skating_39_458.jpg,710.0,262.0,817.0,377.0,0.0,0.0,0.0,0.0,0.0,1.0,1024.0,1477.0,0.0081358169008124,Female,Asian,True,Female_Asian,0.0,1
17234,39--Ice_Skating/39_Ice_Skating_iceskiing_39_941.jpg,741.0,500.0,817.0,599.0,1.0,0.0,0.0,0.0,0.0,0.0,1024.0,1209.0,0.0060774658808933,Male,White,True,Male_White,0.0,1
17238,39--Ice_Skating/39_Ice_Skating_Ice_Skating_39_44.jpg,406.0,109.0,493.0,234.0,0.0,0.0,0.0,0.0,0.0,0.0,1024.0,1168.0,0.0090925660851883,Male,White,True,Male_White,0.0,1
17241,39--Ice_Skating/39_Ice_Skating_iceskiing_39_817.jpg,402.0,366.0,470.0,459.0,0.0,0.0,0.0,0.0,0.0,0.0,1024.0,1159.0,0.0053285429249352,Female,White,True,Female_White,0.0,1
17244,39--Ice_Skating/39_Ice_Skating_Ice_Skating_39_344.jpg,368.0,141.0,458.0,257.0,1.0,0.0,0.0,0.0,0.0,0.0,1024.0,1098.0,0.0092853483606557,Female,Asian,True,Female_Asian,0.0,1
17245,39--Ice_Skating/39_Ice_Skating_Ice_Skating_39_344.jpg,563.0,64.0,670.0,184.0,1.0,0.0,0.0,0.0,0.0,0.0,1024.0,1098.0,0.0114199112021857,Male,White,True,Male_White,0.0,1
17246,39--Ice_Skating/39_Ice_Skating_iceskiing_39_77.jpg,598.0,124.0,652.0,184.0,0.0,0.0,0.0,0.0,0.0,0.0,1024.0,686.0,0.0046123360058309,Male,White,True,Male_White,0.0,1
17250,4--Dancing/4_Dancing_Dancing_4_1000.jpg,316.0,240.0,716.0,848.0,0.0,0.0,0.0,0.0,0.0,0.0,1024.0,1384.0,0.1716040462427745,Female,White,True,Female_White,6.0,1
17253,4--Dancing/4_Dancing_Dancing_4_384.jpg,468.0,130.0,596.0,316.0,0.0,0.0,1.0,0.0,0.0,0.0,1024.0,684.0,0.0339912280701754,Female,White,True,Female_White,1.0,1
17259,4--Dancing/4_Dancing_Dancing_4_718.jpg,462.0,162.0,558.0,303.0,0.0,0.0,0.0,0.0,0.0,0.0,1024.0,1536.0,0.00860595703125,Female,White,True,Female_White,0.0,1
17265,4--Dancing/4_Dancing_Dancing_4_162.jpg,218.0,170.0,464.0,448.0,0.0,0.0,0.0,0.0,0.0,0.0,1024.0,672.0,0.0993826729910714,Male,White,True,Male_White,3.0,1
17269,4--Dancing/4_Dancing_Dancing_4_240.jpg,684.0,119.0,740.0,198.0,1.0,0.0,0.0,0.0,0.0,0.0,1024.0,640.0,0.00675048828125,Male,Asian,True,Male_Asian,0.0,1
17270,4--Dancing/4_Dancing_Dancing_4_240.jpg,839.0,95.0,895.0,177.0,1.0,0.0,0.0,0.0,0.0,0.0,1024.0,640.0,0.0070068359375,Female,Asian,True,Female_Asian,0.0,1
17271,4--Dancing/4_Dancing_Dancing_4_240.jpg,109.0,152.0,168.0,233.0,1.0,0.0,0.0,0.0,0.0,0.0,1024.0,640.0,0.0072921752929687,Female,Asian,True,Female_Asian,0.0,1
17272,4--Dancing/4_Dancing_Dancing_4_240.jpg,255.0,187.0,309.0,266.0,1.0,0.0,0.0,0.0,0.0,0.0,1024.0,640.0,0.0065093994140625,Female,Asian,True,Female_Asian,0.0,1
17273,4--Dancing/4_Dancing_Dancing_4_240.jpg,400.0,219.0,452.0,284.0,1.0,0.0,0.0,0.0,0.0,0.0,1024.0,640.0,0.005157470703125,Female,Asian,True,Female_Asian,0.0,1
17274,4--Dancing/4_Dancing_Dancing_4_240.jpg,530.0,163.0,589.0,242.0,1.0,0.0,0.0,0.0,0.0,0.0,1024.0,640.0,0.0071121215820312,Male,Asian,True,Male_Asian,0.0,1
17284,4--Dancing/4_Dancing_Dancing_4_960.jpg,398.0,94.0,614.0,362.0,0.0,0.0,0.0,0.0,0.0,0.0,1024.0,1006.0,0.0561940854870775,Male,White,True,Male_White,2.0,1
17293,4--Dancing/4_Dancing_Dancing_4_983.jpg,306.0,150.0,562.0,446.0,0.0,0.0,0.0,0.0,0.0,0.0,1024.0,680.0,0.1088235294117647,Male,Asian,True,Male_Asian,4.0,1
17294,4--Dancing/4_Dancing_Dancing_4_983.jpg,860.0,40.0,1010.0,310.0,0.0,0.0,0.0,0.0,0.0,0.0,1024.0,680.0,0.0581629136029411,Male,Asian,True,Male_Asian,2.0,1
17295,4--Dancing/4_Dancing_Dancing_4_878.jpg,466.0,173.0,568.0,333.0,0.0,0.0,0.0,0.0,0.0,0.0,1024.0,1578.0,0.0100998098859315,Female,White,True,Female_White,0.0,1
17299,4--Dancing/4_Dancing_Dancing_4_1028.jpg,322.0,137.0,560.0,495.0,0.0,0.0,0.0,0.0,0.0,0.0,1024.0,1231.0,0.0675930391957757,Female,White,True,Female_White,2.0,1
17300,40--Gymnastics/40_Gymnastics_Gymnastics_40_460.jpg,495.0,163.0,587.0,306.0,0.0,0.0,0.0,0.0,0.0,0.0,1024.0,1466.0,0.0087637491473397,Female,White,True,Female_White,0.0,1
17305,40--Gymnastics/40_Gymnastics_Gymnastics_40_57.jpg,530.0,161.0,697.0,422.0,0.0,0.0,0.0,0.0,0.0,0.0,1024.0,1552.0,0.0274261789223582,Female,White,True,Female_White,0.0,1
17306,40--Gymnastics/40_Gymnastics_Gymnastics_40_1022.jpg,526.0,316.0,614.0,434.0,0.0,0.0,0.0,0.0,0.0,0.0,1024.0,768.0,0.0132039388020833,Female,White,True,Female_White,0.0,1
17308,40--Gymnastics/40_Gymnastics_Gymnastics_40_980.jpg,585.0,96.0,758.0,455.0,0.0,0.0,0.0,0.0,0.0,1.0,1024.0,1700.0,0.0356772748161764,Female,White,True,Female_White,1.0,1
17309,40--Gymnastics/40_Gymnastics_Gymnastics_40_361.jpg,514.0,466.0,606.0,590.0,0.0,0.0,0.0,0.0,0.0,1.0,1024.0,682.0,0.0163352272727272,Female,Asian,True,Female_Asian,0.0,1
17310,40--Gymnastics/40_Gymnastics_Gymnastics_40_771.jpg,394.0,192.0,504.0,334.0,0.0,0.0,0.0,0.0,0.0,0.0,1024.0,768.0,0.0198618570963541,Female,White,True,Female_White,0.0,1
17327,40--Gymnastics/40_Gymnastics_Gymnastics_40_740.jpg,404.0,769.0,620.0,1098.0,0.0,1.0,0.0,0.0,0.0,0.0,1024.0,1534.0,0.0452401808996088,Female,Indian,True,Female_Indian,1.0,1
17328,40--Gymnastics/40_Gymnastics_Gymnastics_40_1035.jpg,454.0,96.0,544.0,230.0,0.0,0.0,0.0,0.0,0.0,0.0,1024.0,768.0,0.0153350830078125,Female,White,True,Female_White,0.0,1
17330,40--Gymnastics/40_Gymnastics_Gymnastics_40_255.jpg,562.0,376.0,630.0,412.0,1.0,0.0,0.0,0.0,0.0,1.0,1024.0,576.0,0.004150390625,Female,Asian,True,Female_Asian,0.0,1
17331,40--Gymnastics/40_Gymnastics_Gymnastics_40_596.jpg,564.0,158.0,718.0,314.0,0.0,0.0,0.0,0.0,0.0,0.0,1024.0,675.0,0.0347569444444444,Female,White,True,Female_White,1.0,1
17333,40--Gymnastics/40_Gymnastics_Gymnastics_40_845.jpg,390.0,114.0,464.0,218.0,0.0,0.0,0.0,0.0,0.0,0.0,1024.0,685.0,0.0109717153284671,Female,White,True,Female_White,0.0,1
17334,40--Gymnastics/40_Gymnastics_Gymnastics_40_894.jpg,416.0,168.0,541.0,357.0,0.0,0.0,0.0,0.0,0.0,0.0,1024.0,1366.0,0.0168896698846998,Female,White,True,Female_White,0.0,1
17335,40--Gymnastics/40_Gymnastics_Gymnastics_40_488.jpg,452.0,147.0,587.0,333.0,0.0,0.0,1.0,0.0,0.0,0.0,1024.0,1532.0,0.0160061908453002,Female,White,True,Female_White,0.0,1
17336,40--Gymnastics/40_Gymnastics_Gymnastics_40_285.jpg,782.0,420.0,878.0,476.0,0.0,0.0,0.0,0.0,0.0,1.0,1024.0,683.0,0.0076866764275256,Female,White,True,Female_White,0.0,1
17338,40--Gymnastics/40_Gymnastics_Gymnastics_40_762.jpg,580.0,441.0,703.0,624.0,0.0,0.0,0.0,0.0,0.0,1.0,1024.0,1536.0,0.0143108367919921,Female,Asian,True,Female_Asian,0.0,1
17372,40--Gymnastics/40_Gymnastics_Gymnastics_40_749.jpg,834.0,282.0,968.0,360.0,0.0,0.0,0.0,0.0,0.0,1.0,1024.0,641.0,0.0159236056942277,Female,Asian,True,Female_Asian,0.0,1
17374,40--Gymnastics/40_Gymnastics_Gymnastics_40_401.jpg,406.0,418.0,552.0,621.0,0.0,0.0,0.0,0.0,0.0,0.0,1024.0,1623.0,0.0178332466882316,Female,White,True,Female_White,0.0,1
17375,40--Gymnastics/40_Gymnastics_Gymnastics_40_945.jpg,840.0,177.0,886.0,235.0,0.0,0.0,0.0,0.0,0.0,0.0,1024.0,768.0,0.0033925374348958,Female,White,True,Female_White,0.0,1
17376,40--Gymnastics/40_Gymnastics_Gymnastics_40_242.jpg,486.0,460.0,576.0,512.0,1.0,0.0,0.0,0.0,0.0,1.0,1024.0,683.0,0.0066915263543191,Female,White,True,Female_White,0.0,1
17377,40--Gymnastics/40_Gymnastics_Gymnastics_40_24.jpg,680.0,294.0,762.0,350.0,0.0,0.0,0.0,0.0,1.0,1.0,1024.0,684.0,0.0065561038011695,Female,White,True,Female_White,0.0,1
17378,40--Gymnastics/40_Gymnastics_Gymnastics_40_364.jpg,547.0,1228.0,688.0,1333.0,0.0,0.0,0.0,0.0,0.0,1.0,1024.0,1537.0,0.009406641387443,Female,Asian,True,Female_Asian,0.0,1
17380,40--Gymnastics/40_Gymnastics_Gymnastics_40_783.jpg,456.0,356.0,528.0,464.0,0.0,0.0,0.0,0.0,0.0,1.0,1024.0,683.0,0.0111182284040995,Female,Asian,True,Female_Asian,0.0,1
17381,40--Gymnastics/40_Gymnastics_Gymnastics_40_609.jpg,490.0,366.0,594.0,520.0,0.0,0.0,0.0,0.0,0.0,1.0,1024.0,576.0,0.0271538628472222,Female,Black,True,Female_Black,0.0,1
17382,40--Gymnastics/40_Gymnastics_Gymnastics_40_612.jpg,310.0,210.0,406.0,302.0,0.0,0.0,0.0,0.0,0.0,0.0,1024.0,631.0,0.0136687797147385,Female,White,True,Female_White,0.0,1
17383,40--Gymnastics/40_Gymnastics_Gymnastics_40_911.jpg,488.0,368.0,568.0,456.0,0.0,0.0,0.0,0.0,0.0,1.0,1024.0,654.0,0.0105122324159021,Female,White,True,Female_White,0.0,1
17384,40--Gymnastics/40_Gymnastics_Gymnastics_40_422.jpg,396.0,328.0,460.0,372.0,0.0,0.0,0.0,0.0,0.0,1.0,1024.0,665.0,0.0041353383458646,Female,Asian,True,Female_Asian,0.0,1
17385,40--Gymnastics/40_Gymnastics_Gymnastics_40_108.jpg,484.0,915.0,578.0,985.0,0.0,0.0,0.0,0.0,0.0,1.0,1024.0,1542.0,0.004167173313878,Female,White,True,Female_White,0.0,1
17389,40--Gymnastics/40_Gymnastics_Gymnastics_40_115.jpg,224.0,180.0,280.0,280.0,0.0,0.0,0.0,0.0,0.0,0.0,1024.0,924.0,0.0059185606060606,Female,White,True,Female_White,0.0,1
17390,40--Gymnastics/40_Gymnastics_Gymnastics_40_484.jpg,498.0,270.0,568.0,374.0,0.0,0.0,0.0,0.0,0.0,0.0,1024.0,722.0,0.0098467797783933,Female,White,True,Female_White,0.0,1
17393,40--Gymnastics/40_Gymnastics_Gymnastics_40_805.jpg,477.0,755.0,653.0,996.0,0.0,0.0,0.0,0.0,0.0,0.0,1024.0,2368.0,0.0174923458614864,Female,White,True,Female_White,0.0,1
17394,41--Swimming/41_Swimming_Swimming_41_580.jpg,458.0,122.0,618.0,342.0,0.0,0.0,0.0,0.0,0.0,0.0,1024.0,683.0,0.050329428989751,Male,White,True,Male_White,1.0,1
17396,41--Swimming/41_Swimming_Swimmer_41_935.jpg,440.0,10.0,820.0,508.0,0.0,0.0,0.0,0.0,0.0,0.0,1024.0,681.0,0.2713725220264317,Male,White,True,Male_White,10.0,1
17397,41--Swimming/41_Swimming_Swimmer_41_449.jpg,648.0,282.0,700.0,338.0,1.0,1.0,0.0,0.0,0.0,1.0,1024.0,678.0,0.0041943215339233,Male,White,True,Male_White,0.0,1
17400,41--Swimming/41_Swimming_Swimming_41_641.jpg,472.0,16.0,700.0,278.0,0.0,1.0,0.0,0.0,0.0,0.0,1024.0,576.0,0.1012776692708333,Male,Asian,True,Male_Asian,3.0,1
17403,41--Swimming/41_Swimming_Swimming_41_283.jpg,728.0,208.0,820.0,356.0,0.0,1.0,0.0,0.0,0.0,0.0,1024.0,683.0,0.0194683382137628,Male,White,True,Male_White,0.0,1
17404,41--Swimming/41_Swimming_Swimming_41_271.jpg,620.0,280.0,970.0,630.0,0.0,0.0,0.0,0.0,0.0,0.0,1024.0,768.0,0.1557668050130208,Female,White,True,Female_White,5.0,1
17408,41--Swimming/41_Swimming_Swimmer_41_976.jpg,448.0,296.0,581.0,472.0,0.0,0.0,0.0,0.0,0.0,0.0,1024.0,1366.0,0.0167345351390922,Female,White,True,Female_White,0.0,1
17409,41--Swimming/41_Swimming_Swimmer_41_610.jpg,462.0,102.0,630.0,330.0,0.0,0.0,0.0,0.0,0.0,0.0,1024.0,527.0,0.0709796015180265,Male,White,True,Male_White,2.0,1
17411,41--Swimming/41_Swimming_Swimmer_41_56.jpg,102.0,160.0,194.0,218.0,1.0,0.0,0.0,0.0,0.0,1.0,1024.0,656.0,0.0079435022865853,Female,White,True,Female_White,0.0,1
17412,41--Swimming/41_Swimming_Swimmer_41_773.jpg,120.0,78.0,528.0,618.0,0.0,0.0,0.0,0.0,0.0,0.0,1024.0,683.0,0.3150164714494876,Male,White,True,Male_White,11.0,1
17413,41--Swimming/41_Swimming_Swimming_41_161.jpg,416.0,184.0,704.0,582.0,0.0,0.0,0.0,0.0,0.0,0.0,1024.0,768.0,0.145751953125,Male,Black,True,Male_Black,5.0,1
17415,41--Swimming/41_Swimming_Swimming_41_535.jpg,552.0,344.0,726.0,476.0,0.0,1.0,0.0,0.0,0.0,1.0,1024.0,615.0,0.0364710365853658,Male,Asian,True,Male_Asian,1.0,1
17416,41--Swimming/41_Swimming_Swimming_41_73.jpg,132.0,220.0,260.0,354.0,0.0,0.0,0.0,0.0,1.0,0.0,1024.0,640.0,0.026171875,Male,White,True,Male_White,0.0,1
17417,41--Swimming/41_Swimming_Swimmer_41_792.jpg,348.0,483.0,576.0,735.0,0.0,0.0,0.0,0.0,0.0,0.0,1024.0,1539.0,0.0364583333333333,Female,White,True,Female_White,1.0,1
17418,41--Swimming/41_Swimming_Swimmer_41_358.jpg,412.0,208.0,682.0,552.0,0.0,0.0,0.0,0.0,0.0,0.0,1024.0,768.0,0.11810302734375,Female,White,True,Female_White,4.0,1
17421,41--Swimming/41_Swimming_Swimmer_41_483.jpg,400.0,92.0,622.0,420.0,0.0,0.0,0.0,0.0,0.0,0.0,1024.0,492.0,0.14453125,Male,White,True,Male_White,5.0,1
17422,41--Swimming/41_Swimming_Swimmer_41_262.jpg,520.0,205.0,995.0,776.0,0.0,0.0,0.0,0.0,0.0,0.0,1024.0,1366.0,0.1939005593429721,Female,Asian,True,Female_Asian,7.0,1
17425,41--Swimming/41_Swimming_Swimmer_41_718.jpg,87.0,324.0,795.0,1155.0,0.0,0.0,0.0,0.0,0.0,0.0,1024.0,1396.0,0.4115749238896848,Male,White,True,Male_White,,1
17426,41--Swimming/41_Swimming_Swimming_41_275.jpg,442.0,346.0,588.0,532.0,0.0,0.0,0.0,0.0,0.0,0.0,1024.0,679.0,0.0390567470544919,Female,White,True,Female_White,1.0,1
17427,41--Swimming/41_Swimming_Swimmer_41_232.jpg,532.0,290.0,704.0,556.0,0.0,0.0,0.0,0.0,0.0,0.0,1024.0,742.0,0.0602152122641509,Male,White,True,Male_White,2.0,1
17430,41--Swimming/41_Swimming_Swimmer_41_564.jpg,192.0,252.0,286.0,356.0,1.0,0.0,0.0,0.0,0.0,0.0,1024.0,641.0,0.0148937207488299,Male,White,True,Male_White,0.0,1
17432,41--Swimming/41_Swimming_Swimmer_41_26.jpg,554.0,164.0,814.0,408.0,0.0,1.0,0.0,0.0,0.0,1.0,1024.0,683.0,0.0907073572474377,Male,White,True,Male_White,3.0,1
17433,41--Swimming/41_Swimming_Swimmer_41_399.jpg,382.0,228.0,598.0,484.0,0.0,0.0,0.0,0.0,0.0,0.0,1024.0,683.0,0.0790629575402635,Male,White,True,Male_White,2.0,1
17434,41--Swimming/41_Swimming_Swimmer_41_488.jpg,460.0,234.0,574.0,414.0,0.0,0.0,0.0,0.0,0.0,0.0,1024.0,697.0,0.0287504483500717,Female,White,True,Female_White,1.0,1
17435,41--Swimming/41_Swimming_Swimmer_41_1028.jpg,354.0,162.0,602.0,432.0,0.0,0.0,0.0,0.0,0.0,0.0,1024.0,739.0,0.0884852841677943,Female,White,True,Female_White,3.0,1
17442,41--Swimming/41_Swimming_Swimming_41_472.jpg,118.0,126.0,552.0,668.0,0.0,0.0,0.0,0.0,0.0,0.0,1024.0,681.0,0.3373198880323054,Male,White,True,Male_White,12.0,1
17443,41--Swimming/41_Swimming_Swimmer_41_943.jpg,225.0,405.0,736.0,1076.0,0.0,0.0,0.0,0.0,0.0,0.0,1024.0,1393.0,0.2403766881281407,Female,White,True,Female_White,8.0,1
17444,41--Swimming/41_Swimming_Swimmer_41_376.jpg,452.0,108.0,660.0,368.0,0.0,0.0,0.0,0.0,0.0,0.0,1024.0,683.0,0.0773243045387994,Male,White,True,Male_White,2.0,1
17446,41--Swimming/41_Swimming_Swimmer_41_275.jpg,230.0,154.0,794.0,720.0,0.0,0.0,0.0,0.0,0.0,0.0,1024.0,839.0,0.3715639898688915,Male,White,True,Male_White,13.0,1
17447,41--Swimming/41_Swimming_Swimmer_41_113.jpg,78.0,498.0,217.0,658.0,0.0,0.0,0.0,0.0,0.0,0.0,1024.0,1818.0,0.011946507150715,Female,White,True,Female_White,0.0,1
17449,41--Swimming/41_Swimming_Swimmer_41_931.jpg,386.0,172.0,556.0,388.0,0.0,0.0,0.0,0.0,0.0,0.0,1024.0,683.0,0.0525027452415812,Female,White,True,Female_White,1.0,1
17453,41--Swimming/41_Swimming_Swimmer_41_507.jpg,300.0,271.0,639.0,745.0,0.0,0.0,0.0,0.0,0.0,0.0,1024.0,1052.0,0.1491634238355513,Male,White,True,Male_White,5.0,1
17454,41--Swimming/41_Swimming_Swimmer_41_440.jpg,414.0,122.0,604.0,404.0,0.0,1.0,0.0,0.0,0.0,0.0,1024.0,640.0,0.081756591796875,Male,White,True,Male_White,3.0,1
17457,41--Swimming/41_Swimming_Swimming_41_714.jpg,492.0,246.0,604.0,400.0,0.0,1.0,0.0,0.0,0.0,0.0,1024.0,682.0,0.0246975806451612,Male,White,True,Male_White,0.0,1
17458,41--Swimming/41_Swimming_Swimmer_41_1002.jpg,435.0,138.0,654.0,471.0,0.0,0.0,0.0,0.0,0.0,0.0,1024.0,1539.0,0.0462753563596491,Female,White,True,Female_White,1.0,1
17466,42--Car_Racing/42_Car_Racing_Car_Racing_42_939.jpg,749.0,185.0,792.0,232.0,1.0,0.0,0.0,0.0,0.0,0.0,1024.0,722.0,0.002733563452216,Male,White,True,Male_White,0.0,1
17467,42--Car_Racing/42_Car_Racing_Nascar_42_661.jpg,821.0,254.0,850.0,297.0,1.0,0.0,0.0,0.0,0.0,0.0,1024.0,740.0,0.0016456397804054,Male,White,True,Male_White,0.0,1
17468,42--Car_Racing/42_Car_Racing_Nascar_42_482.jpg,393.0,183.0,696.0,588.0,0.0,0.0,0.0,0.0,0.0,0.0,1024.0,1536.0,0.0780200958251953,Female,White,True,Female_White,2.0,1
17471,42--Car_Racing/42_Car_Racing_Nascar_42_911.jpg,510.0,168.0,788.0,490.0,0.0,0.0,0.0,0.0,0.0,0.0,1024.0,768.0,0.1138254801432291,Male,White,True,Male_White,4.0,1
17477,42--Car_Racing/42_Car_Racing_Nascar_42_468.jpg,590.0,4.0,780.0,240.0,0.0,0.0,0.0,0.0,0.0,0.0,1024.0,818.0,0.0535318612469437,Female,White,True,Female_White,1.0,1
17481,43--Row_Boat/43_Row_Boat_Canoe_43_757.jpg,517.0,205.0,562.0,260.0,0.0,0.0,0.0,0.0,0.0,0.0,1024.0,683.0,0.0035387879758418,Male,White,True,Male_White,0.0,1
17482,43--Row_Boat/43_Row_Boat_Rowboat_43_688.jpg,484.0,337.0,515.0,374.0,1.0,0.0,0.0,0.0,0.0,0.0,1024.0,594.0,0.0018857191708754,Male,White,True,Male_White,0.0,1
17483,43--Row_Boat/43_Row_Boat_Canoe_43_881.jpg,262.0,284.0,888.0,668.0,0.0,0.0,0.0,0.0,0.0,1.0,1024.0,1014.0,0.2315088757396449,Male,White,True,Male_White,8.0,1
17484,43--Row_Boat/43_Row_Boat_Rowboat_43_563.jpg,614.0,103.0,668.0,164.0,0.0,1.0,0.0,0.0,0.0,1.0,1024.0,768.0,0.0041885375976562,Male,White,True,Male_White,0.0,1
17496,43--Row_Boat/43_Row_Boat_Canoe_43_956.jpg,356.0,158.0,414.0,216.0,0.0,0.0,1.0,0.0,0.0,1.0,1024.0,683.0,0.0048098920204978,Male,White,True,Male_White,0.0,1
17497,43--Row_Boat/43_Row_Boat_Rowboat_43_839.jpg,541.0,252.0,603.0,366.0,1.0,0.0,0.0,0.0,0.0,0.0,1024.0,1221.0,0.0056530251842751,Male,White,True,Male_White,0.0,1
17498,43--Row_Boat/43_Row_Boat_Canoe_43_81.jpg,278.0,121.0,321.0,170.0,1.0,0.0,0.0,0.0,0.0,0.0,1024.0,664.0,0.003098821065512,Male,White,True,Male_White,0.0,1
17500,43--Row_Boat/43_Row_Boat_Canoe_43_133.jpg,498.0,102.0,558.0,190.0,0.0,0.0,0.0,0.0,0.0,0.0,1024.0,555.0,0.0092905405405405,Male,White,True,Male_White,0.0,1
17503,43--Row_Boat/43_Row_Boat_Canoe_43_341.jpg,403.0,592.0,462.0,691.0,0.0,0.0,0.0,0.0,0.0,1.0,1024.0,1366.0,0.0041757698114934,Male,White,True,Male_White,0.0,1
17504,43--Row_Boat/43_Row_Boat_Canoe_43_1047.jpg,474.0,22.0,582.0,188.0,0.0,0.0,0.0,0.0,0.0,0.0,1024.0,577.0,0.030342829289428,Male,Indian,True,Male_Indian,1.0,1
17505,43--Row_Boat/43_Row_Boat_Rowboat_43_1024.jpg,548.0,148.0,653.0,301.0,0.0,0.0,0.0,0.0,0.0,1.0,1024.0,1283.0,0.0122279630261106,Female,White,True,Female_White,0.0,1
17514,44--Aerobics/44_Aerobics_Aerobics_44_1032.jpg,368.0,255.0,652.0,698.0,0.0,0.0,0.0,0.0,0.0,0.0,1024.0,1534.0,0.0800934036831812,Female,White,True,Female_White,2.0,1
17521,44--Aerobics/44_Aerobics_Aerobics_44_610.jpg,378.0,111.0,474.0,231.0,0.0,0.0,0.0,0.0,1.0,0.0,1024.0,1256.0,0.0089570063694267,Female,White,True,Female_White,0.0,1
17522,44--Aerobics/44_Aerobics_Aerobics_44_755.jpg,467.0,251.0,643.0,451.0,1.0,0.0,0.0,0.0,0.0,0.0,1024.0,1366.0,0.0251647144948755,Female,White,True,Female_White,0.0,1
17523,44--Aerobics/44_Aerobics_Aerobics_44_184.jpg,522.0,54.0,594.0,188.0,0.0,0.0,0.0,0.0,1.0,0.0,1024.0,683.0,0.0137948389458272,Female,White,True,Female_White,0.0,1
17541,44--Aerobics/44_Aerobics_Aerobics_44_231.jpg,436.0,104.0,570.0,274.0,0.0,0.0,0.0,0.0,0.0,0.0,1024.0,774.0,0.0287417231912144,Female,White,True,Female_White,1.0,1
17542,44--Aerobics/44_Aerobics_Aerobics_44_400.jpg,213.0,168.0,365.0,387.0,0.0,1.0,0.0,0.0,0.0,0.0,1024.0,1366.0,0.0237978129575402,Female,White,True,Female_White,0.0,1
17546,44--Aerobics/44_Aerobics_Aerobics_44_443.jpg,381.0,226.0,492.0,402.0,0.0,0.0,0.0,0.0,0.0,0.0,1024.0,1505.0,0.0126764950166112,Female,White,True,Female_White,0.0,1
17547,44--Aerobics/44_Aerobics_Aerobics_44_650.jpg,180.0,98.0,592.0,598.0,0.0,0.0,1.0,0.0,0.0,0.0,1024.0,769.0,0.2616019180754226,Female,White,True,Female_White,9.0,1
17548,44--Aerobics/44_Aerobics_Aerobics_44_937.jpg,310.0,166.0,558.0,504.0,0.0,0.0,0.0,0.0,0.0,0.0,1024.0,1311.0,0.0624404080854309,Female,White,True,Female_White,2.0,1
17549,44--Aerobics/44_Aerobics_Aerobics_44_707.jpg,172.0,448.0,302.0,530.0,1.0,0.0,0.0,0.0,0.0,1.0,1024.0,769.0,0.0135372643042912,Female,White,True,Female_White,0.0,1
17550,44--Aerobics/44_Aerobics_Aerobics_44_578.jpg,462.0,219.0,591.0,303.0,0.0,0.0,0.0,0.0,0.0,1.0,1024.0,1536.0,0.0068893432617187,Female,White,True,Female_White,0.0,1
17551,44--Aerobics/44_Aerobics_Aerobics_44_120.jpg,482.0,118.0,570.0,226.0,1.0,0.0,0.0,0.0,0.0,0.0,1024.0,694.0,0.0133735590778097,Female,White,True,Female_White,0.0,1
17568,44--Aerobics/44_Aerobics_Aerobics_44_583.jpg,361.0,214.0,707.0,660.0,0.0,0.0,0.0,0.0,0.0,0.0,1024.0,1540.0,0.097856635551948,Female,White,True,Female_White,3.0,1
17576,45--Balloonist/45_Balloonist_Balloonist_45_217.jpg,562.0,338.0,866.0,736.0,0.0,0.0,0.0,0.0,0.0,0.0,1024.0,1024.0,0.115386962890625,Male,White,True,Male_White,4.0,1
17581,45--Balloonist/45_Balloonist_Balloonist_45_936.jpg,150.0,148.0,480.0,634.0,0.0,0.0,0.0,0.0,0.0,0.0,1024.0,1024.0,0.1529502868652343,Male,White,True,Male_White,5.0,1
17584,45--Balloonist/45_Balloonist_Balloonist_45_434.jpg,578.0,80.0,744.0,316.0,0.0,0.0,0.0,0.0,0.0,0.0,1024.0,641.0,0.0596845748829953,Male,White,True,Male_White,2.0,1
17585,45--Balloonist/45_Balloonist_Balloonist_45_142.jpg,157.0,307.0,325.0,507.0,0.0,0.0,0.0,0.0,0.0,0.0,1024.0,1484.0,0.0221108490566037,Male,White,True,Male_White,0.0,1
17595,45--Balloonist/45_Balloonist_Balloonist_45_939.jpg,398.0,62.0,584.0,316.0,0.0,0.0,0.0,0.0,0.0,0.0,1024.0,654.0,0.0705454415137614,Male,White,True,Male_White,2.0,1
17600,46--Jockey/46_Jockey_Jockey_46_172.jpg,832.0,160.0,942.0,314.0,0.0,0.0,0.0,0.0,0.0,0.0,1024.0,718.0,0.0230403464484679,Female,White,True,Female_White,0.0,1
17602,46--Jockey/46_Jockey_Jockey_46_166.jpg,419.0,187.0,510.0,307.0,1.0,1.0,0.0,0.0,0.0,0.0,1024.0,1366.0,0.0078067807467057,Female,White,True,Female_White,0.0,1
17603,46--Jockey/46_Jockey_Jockey_46_497.jpg,485.0,199.0,714.0,524.0,0.0,0.0,0.0,0.0,0.0,0.0,1024.0,1958.0,0.0371198488572523,Male,White,True,Male_White,1.0,1
17604,46--Jockey/46_Jockey_Jockey_46_823.jpg,410.0,8.0,676.0,329.0,0.0,0.0,0.0,0.0,0.0,0.0,1024.0,1417.0,0.0588459884438955,Female,White,True,Female_White,2.0,1
17605,46--Jockey/46_Jockey_Jockey_46_106.jpg,422.0,130.0,508.0,270.0,0.0,0.0,0.0,0.0,0.0,0.0,1024.0,683.0,0.0172149524158125,Female,White,True,Female_White,0.0,1
17607,46--Jockey/46_Jockey_Jockey_46_923.jpg,628.0,495.0,697.0,579.0,1.0,0.0,0.0,0.0,0.0,0.0,1024.0,1536.0,0.0036849975585937,Male,White,True,Male_White,0.0,1
17615,46--Jockey/46_Jockey_Jockey_46_508.jpg,489.0,186.0,538.0,241.0,1.0,0.0,0.0,0.0,0.0,0.0,1024.0,811.0,0.0032451737823674,Male,White,True,Male_White,0.0,1
17616,46--Jockey/46_Jockey_Jockey_46_728.jpg,370.0,208.0,556.0,448.0,0.0,0.0,0.0,0.0,0.0,1.0,1024.0,640.0,0.068115234375,Female,White,True,Female_White,2.0,1
17617,46--Jockey/46_Jockey_Jockey_46_393.jpg,154.0,30.0,232.0,130.0,1.0,0.0,0.0,0.0,0.0,0.0,1024.0,681.0,0.0111852973568281,Male,White,True,Male_White,0.0,1
17619,46--Jockey/46_Jockey_Jockey_46_202.jpg,486.0,66.0,540.0,142.0,1.0,0.0,0.0,0.0,0.0,0.0,1024.0,760.0,0.0052734375,Male,White,True,Male_White,0.0,1
17620,46--Jockey/46_Jockey_Jockey_46_259.jpg,555.0,28.0,696.0,243.0,0.0,0.0,0.0,0.0,0.0,0.0,1024.0,1413.0,0.0209515160562632,Male,White,True,Male_White,0.0,1
17622,46--Jockey/46_Jockey_Jockey_46_352.jpg,87.0,148.0,135.0,205.0,1.0,0.0,0.0,0.0,0.0,0.0,1024.0,671.0,0.0039819299552906,Male,Indian,True,Male_Indian,0.0,10
17623,46--Jockey/46_Jockey_Jockey_46_352.jpg,167.0,236.0,216.0,297.0,1.0,0.0,0.0,0.0,0.0,0.0,1024.0,671.0,0.0043501420454545,Male,Indian,True,Male_Indian,0.0,10
17624,46--Jockey/46_Jockey_Jockey_46_352.jpg,300.0,251.0,345.0,310.0,1.0,0.0,0.0,0.0,0.0,0.0,1024.0,671.0,0.0038640438710879,Male,Indian,True,Male_Indian,0.0,10
17625,46--Jockey/46_Jockey_Jockey_46_352.jpg,207.0,140.0,250.0,193.0,1.0,0.0,0.0,0.0,0.0,0.0,1024.0,671.0,0.0033168195789865,Male,Indian,True,Male_Indian,0.0,10
17626,46--Jockey/46_Jockey_Jockey_46_352.jpg,221.0,46.0,261.0,97.0,1.0,0.0,0.0,0.0,0.0,0.0,1024.0,671.0,0.0029689828614008,Male,Indian,True,Male_Indian,0.0,10
17627,46--Jockey/46_Jockey_Jockey_46_352.jpg,337.0,42.0,373.0,91.0,1.0,0.0,0.0,0.0,0.0,0.0,1024.0,671.0,0.0025672969448584,Male,Indian,True,Male_Indian,0.0,10
17628,46--Jockey/46_Jockey_Jockey_46_352.jpg,420.0,74.0,456.0,119.0,1.0,0.0,0.0,0.0,0.0,0.0,1024.0,671.0,0.0023577216840536,Male,Indian,True,Male_Indian,0.0,10
17629,46--Jockey/46_Jockey_Jockey_46_352.jpg,337.0,121.0,377.0,175.0,1.0,0.0,0.0,0.0,0.0,0.0,1024.0,671.0,0.0031436289120715,Male,Indian,True,Male_Indian,0.0,10
17630,46--Jockey/46_Jockey_Jockey_46_352.jpg,436.0,246.0,479.0,307.0,1.0,0.0,0.0,0.0,0.0,0.0,1024.0,671.0,0.003817471590909,Male,Indian,True,Male_Indian,0.0,10
17631,46--Jockey/46_Jockey_Jockey_46_352.jpg,495.0,181.0,531.0,229.0,1.0,0.0,0.0,0.0,0.0,0.0,1024.0,671.0,0.0025149031296572,Male,Indian,True,Male_Indian,0.0,10
17632,46--Jockey/46_Jockey_Jockey_46_352.jpg,521.0,71.0,553.0,116.0,1.0,0.0,0.0,0.0,0.0,0.0,1024.0,671.0,0.0020957526080476,Male,Indian,True,Male_Indian,0.0,10
17633,46--Jockey/46_Jockey_Jockey_46_352.jpg,611.0,65.0,646.0,113.0,1.0,0.0,0.0,0.0,0.0,0.0,1024.0,671.0,0.0024450447093889,Male,Indian,True,Male_Indian,0.0,10
17634,46--Jockey/46_Jockey_Jockey_46_352.jpg,631.0,144.0,670.0,198.0,1.0,0.0,0.0,0.0,0.0,0.0,1024.0,671.0,0.0030650381892697,Male,Indian,True,Male_Indian,0.0,10
17635,46--Jockey/46_Jockey_Jockey_46_352.jpg,558.0,242.0,601.0,296.0,1.0,0.0,0.0,0.0,0.0,0.0,1024.0,671.0,0.0033794010804769,Male,Indian,True,Male_Indian,0.0,10
17636,46--Jockey/46_Jockey_Jockey_46_352.jpg,678.0,232.0,721.0,291.0,1.0,0.0,0.0,0.0,0.0,0.0,1024.0,671.0,0.0036923085879284,Male,Indian,True,Male_Indian,0.0,10
17637,46--Jockey/46_Jockey_Jockey_46_352.jpg,694.0,68.0,728.0,115.0,1.0,0.0,0.0,0.0,0.0,0.0,1024.0,671.0,0.0023257032414307,Male,Indian,True,Male_Indian,0.0,10
17638,46--Jockey/46_Jockey_Jockey_46_352.jpg,791.0,55.0,828.0,103.0,1.0,0.0,0.0,0.0,0.0,0.0,1024.0,671.0,0.0025847615499254,Male,Indian,True,Male_Indian,0.0,10
17639,46--Jockey/46_Jockey_Jockey_46_352.jpg,779.0,135.0,819.0,187.0,1.0,0.0,0.0,0.0,0.0,0.0,1024.0,671.0,0.0030271982116244,Male,Indian,True,Male_Indian,0.0,10
17640,46--Jockey/46_Jockey_Jockey_46_352.jpg,902.0,131.0,945.0,187.0,1.0,0.0,0.0,0.0,0.0,0.0,1024.0,671.0,0.0035045640834575,Male,Indian,True,Male_Indian,0.0,10
17641,46--Jockey/46_Jockey_Jockey_46_352.jpg,809.0,226.0,856.0,284.0,1.0,0.0,0.0,0.0,0.0,0.0,1024.0,671.0,0.0039673761177347,Male,Indian,True,Male_Indian,0.0,10
17642,46--Jockey/46_Jockey_Jockey_46_254.jpg,240.0,96.0,400.0,350.0,0.0,0.0,0.0,0.0,0.0,0.0,1024.0,649.0,0.0611517719568567,Male,White,True,Male_White,2.0,1
17645,46--Jockey/46_Jockey_Jockey_46_758.jpg,363.0,147.0,590.0,443.0,0.0,0.0,0.0,0.0,0.0,0.0,1024.0,1417.0,0.0463071189131968,Female,White,True,Female_White,1.0,1
17658,47--Matador_Bullfighter/47_Matador_Bullfighter_Matador_Bullfighter_47_575.jpg,590.0,48.0,664.0,140.0,0.0,0.0,0.0,0.0,1.0,0.0,1024.0,688.0,0.0096634265988372,Male,White,True,Male_White,0.0,1
17659,47--Matador_Bullfighter/47_Matador_Bullfighter_Matador_Bullfighter_47_254.jpg,444.0,84.0,592.0,258.0,0.0,1.0,0.0,0.0,0.0,0.0,1024.0,682.0,0.0368745417888563,Male,White,True,Male_White,1.0,1
17660,47--Matador_Bullfighter/47_Matador_Bullfighter_Matador_Bullfighter_47_715.jpg,404.0,470.0,497.0,557.0,1.0,0.0,0.0,0.0,0.0,1.0,1024.0,1535.0,0.005147470480456,Male,White,True,Male_White,0.0,1
17661,47--Matador_Bullfighter/47_Matador_Bullfighter_matadorbullfighting_47_746.jpg,512.0,263.0,567.0,315.0,1.0,0.0,0.0,0.0,0.0,0.0,1024.0,680.0,0.0041073069852941,Male,White,True,Male_White,0.0,1
17662,47--Matador_Bullfighter/47_Matador_Bullfighter_Matador_Bullfighter_47_617.jpg,171.0,11.0,711.0,695.0,0.0,0.0,0.0,0.0,0.0,0.0,1024.0,1139.0,0.3166840430201931,Male,White,True,Male_White,11.0,1
17663,47--Matador_Bullfighter/47_Matador_Bullfighter_Matador_Bullfighter_47_785.jpg,405.0,217.0,622.0,437.0,0.0,0.0,0.0,0.0,0.0,1.0,1024.0,1461.0,0.0319103995550992,Male,White,True,Male_White,1.0,1
17664,47--Matador_Bullfighter/47_Matador_Bullfighter_Matador_Bullfighter_47_588.jpg,613.0,117.0,662.0,164.0,1.0,0.0,0.0,0.0,0.0,0.0,1024.0,668.0,0.0033668015531437,Male,White,True,Male_White,0.0,1
17665,47--Matador_Bullfighter/47_Matador_Bullfighter_matadorbullfighting_47_845.jpg,547.0,267.0,937.0,784.0,0.0,0.0,0.0,0.0,0.0,0.0,1024.0,1536.0,0.1281929016113281,Male,White,True,Male_White,4.0,1
17666,47--Matador_Bullfighter/47_Matador_Bullfighter_matadorbullfighting_47_561.jpg,214.0,8.0,274.0,58.0,1.0,0.0,0.0,0.0,0.0,0.0,1024.0,768.0,0.003814697265625,Male,White,True,Male_White,0.0,1
17667,47--Matador_Bullfighter/47_Matador_Bullfighter_matadorbullfighting_47_405.jpg,834.0,286.0,888.0,368.0,1.0,0.0,0.0,0.0,0.0,1.0,1024.0,653.0,0.0066220807810107,Male,White,True,Male_White,0.0,1
17670,47--Matador_Bullfighter/47_Matador_Bullfighter_matadorbullfighting_47_812.jpg,486.0,336.0,561.0,438.0,0.0,0.0,1.0,0.0,0.0,0.0,1024.0,1536.0,0.0048637390136718,Male,White,True,Male_White,0.0,1
17671,47--Matador_Bullfighter/47_Matador_Bullfighter_matadorbullfighting_47_641.jpg,382.0,273.0,599.0,512.0,0.0,0.0,0.0,0.0,0.0,0.0,1024.0,1261.0,0.0401645209655035,Male,White,True,Male_White,1.0,1
17672,47--Matador_Bullfighter/47_Matador_Bullfighter_matadorbullfighting_47_777.jpg,582.0,126.0,796.0,366.0,0.0,0.0,0.0,0.0,0.0,0.0,1024.0,682.0,0.0735428885630498,Male,White,True,Male_White,2.0,1
17673,47--Matador_Bullfighter/47_Matador_Bullfighter_Matador_Bullfighter_47_703.jpg,470.0,130.0,598.0,280.0,0.0,0.0,0.0,0.0,0.0,0.0,1024.0,512.0,0.03662109375,Male,White,True,Male_White,1.0,1
17676,47--Matador_Bullfighter/47_Matador_Bullfighter_Matador_Bullfighter_47_432.jpg,579.0,163.0,632.0,219.0,1.0,0.0,0.0,0.0,0.0,1.0,1024.0,706.0,0.0041054355524079,Female,White,True,Female_White,0.0,1
17677,47--Matador_Bullfighter/47_Matador_Bullfighter_Matador_Bullfighter_47_636.jpg,92.0,106.0,186.0,166.0,1.0,0.0,0.0,0.0,0.0,1.0,1024.0,637.0,0.0086464874411302,Male,White,True,Male_White,0.0,1
17678,47--Matador_Bullfighter/47_Matador_Bullfighter_Matador_Bullfighter_47_610.jpg,432.0,336.0,588.0,452.0,1.0,0.0,0.0,0.0,0.0,1.0,1024.0,1024.0,0.0172576904296875,Male,White,True,Male_White,0.0,1
17679,47--Matador_Bullfighter/47_Matador_Bullfighter_Matador_Bullfighter_47_583.jpg,373.0,194.0,643.0,483.0,0.0,0.0,0.0,0.0,0.0,0.0,1024.0,1346.0,0.0566130548848439,Male,White,True,Male_White,2.0,1
17680,47--Matador_Bullfighter/47_Matador_Bullfighter_Matador_Bullfighter_47_827.jpg,708.0,32.0,776.0,122.0,0.0,0.0,0.0,0.0,0.0,0.0,1024.0,646.0,0.0092516447368421,Male,White,True,Male_White,0.0,1
17681,47--Matador_Bullfighter/47_Matador_Bullfighter_Matador_Bullfighter_47_179.jpg,376.0,56.0,468.0,160.0,1.0,0.0,0.0,0.0,0.0,1.0,1024.0,596.0,0.015677432885906,Male,White,True,Male_White,0.0,1
17682,47--Matador_Bullfighter/47_Matador_Bullfighter_Matador_Bullfighter_47_631.jpg,727.0,84.0,767.0,153.0,1.0,0.0,0.0,0.0,0.0,1.0,1024.0,683.0,0.00394628477306,Male,White,True,Male_White,0.0,1
17683,47--Matador_Bullfighter/47_Matador_Bullfighter_matadorbullfighting_47_38.jpg,628.0,91.0,674.0,136.0,1.0,0.0,0.0,0.0,0.0,1.0,1024.0,686.0,0.0029467702259475,Male,White,True,Male_White,0.0,1
17688,47--Matador_Bullfighter/47_Matador_Bullfighter_Matador_Bullfighter_47_196.jpg,450.0,124.0,504.0,190.0,0.0,0.0,0.0,0.0,0.0,0.0,1024.0,683.0,0.0050958546852122,Male,White,True,Male_White,0.0,1
17693,47--Matador_Bullfighter/47_Matador_Bullfighter_matadorbullfighting_47_936.jpg,656.0,16.0,742.0,128.0,0.0,1.0,0.0,0.0,0.0,0.0,1024.0,683.0,0.01377196193265,Male,White,True,Male_White,0.0,1
17694,47--Matador_Bullfighter/47_Matador_Bullfighter_matadorbullfighting_47_266.jpg,252.0,100.0,314.0,172.0,1.0,0.0,0.0,0.0,0.0,0.0,1024.0,640.0,0.0068115234375,Male,White,True,Male_White,0.0,1
17695,47--Matador_Bullfighter/47_Matador_Bullfighter_Matador_Bullfighter_47_338.jpg,350.0,36.0,666.0,458.0,0.0,0.0,0.0,0.0,0.0,0.0,1024.0,577.0,0.2256959488734835,Male,White,True,Male_White,8.0,1
17696,47--Matador_Bullfighter/47_Matador_Bullfighter_Matador_Bullfighter_47_782.jpg,506.0,130.0,632.0,348.0,1.0,0.0,0.0,0.0,0.0,0.0,1024.0,1616.0,0.0165991452660891,Male,White,True,Male_White,0.0,1
17697,47--Matador_Bullfighter/47_Matador_Bullfighter_Matador_Bullfighter_47_171.jpg,114.0,192.0,312.0,308.0,1.0,0.0,0.0,0.0,0.0,1.0,1024.0,703.0,0.0319056721194879,Male,White,True,Male_White,1.0,1
17698,47--Matador_Bullfighter/47_Matador_Bullfighter_Matador_Bullfighter_47_566.jpg,690.0,278.0,750.0,340.0,0.0,1.0,0.0,0.0,0.0,1.0,1024.0,676.0,0.0053739829881656,Male,White,True,Male_White,0.0,1
17699,47--Matador_Bullfighter/47_Matador_Bullfighter_matadorbullfighting_47_19.jpg,564.0,40.0,622.0,120.0,1.0,0.0,0.0,0.0,0.0,0.0,1024.0,661.0,0.0068551437216338,Male,White,True,Male_White,0.0,1
17700,47--Matador_Bullfighter/47_Matador_Bullfighter_matadorbullfighting_47_778.jpg,420.0,270.0,586.0,442.0,0.0,0.0,0.0,0.0,1.0,0.0,1024.0,681.0,0.0409439243759177,Male,White,True,Male_White,1.0,1
17702,47--Matador_Bullfighter/47_Matador_Bullfighter_Matador_Bullfighter_47_567.jpg,430.0,119.0,612.0,341.0,0.0,0.0,0.0,0.0,0.0,0.0,1024.0,1458.0,0.0270624356995884,Female,White,True,Female_White,0.0,1
17703,47--Matador_Bullfighter/47_Matador_Bullfighter_matadorbullfighting_47_710.jpg,516.0,356.0,572.0,408.0,1.0,0.0,0.0,0.0,1.0,1.0,1024.0,1024.0,0.002777099609375,Male,White,True,Male_White,0.0,1
17704,48--Parachutist_Paratrooper/48_Parachutist_Paratrooper_Parachutist_Paratrooper_48_122.jpg,406.0,156.0,523.0,317.0,0.0,0.0,0.0,0.0,0.0,0.0,1024.0,1425.0,0.0129091282894736,Male,White,True,Male_White,0.0,1
17710,48--Parachutist_Paratrooper/48_Parachutist_Paratrooper_Parachutist_Paratrooper_48_205.jpg,508.0,224.0,604.0,342.0,0.0,0.0,0.0,0.0,0.0,0.0,1024.0,701.0,0.0157810271041369,Male,White,True,Male_White,0.0,1
17711,48--Parachutist_Paratrooper/48_Parachutist_Paratrooper_Parachutist_Paratrooper_48_695.jpg,368.0,398.0,736.0,826.0,0.0,0.0,0.0,0.0,0.0,0.0,1024.0,1407.0,0.10931947405828,Male,White,True,Male_White,4.0,1
17716,48--Parachutist_Paratrooper/48_Parachutist_Paratrooper_Parachutist_Paratrooper_48_841.jpg,171.0,668.0,430.0,966.0,0.0,0.0,0.0,0.0,0.0,0.0,1024.0,1415.0,0.0532671709363957,Female,Asian,True,Female_Asian,1.0,1
17717,48--Parachutist_Paratrooper/48_Parachutist_Paratrooper_Parachutist_Paratrooper_48_841.jpg,610.0,243.0,952.0,734.0,0.0,0.0,0.0,0.0,0.0,0.0,1024.0,1415.0,0.1158913979681978,Male,White,True,Male_White,4.0,1
17718,48--Parachutist_Paratrooper/48_Parachutist_Paratrooper_Parachutist_Paratrooper_48_357.jpg,352.0,357.0,674.0,734.0,0.0,0.0,0.0,0.0,0.0,0.0,1024.0,1279.0,0.0926886850078186,Male,White,True,Male_White,3.0,1
17719,48--Parachutist_Paratrooper/48_Parachutist_Paratrooper_Parachutist_Paratrooper_48_785.jpg,224.0,0.0,340.0,178.0,0.0,0.0,0.0,0.0,0.0,0.0,1024.0,524.0,0.0384810353053435,Male,White,True,Male_White,1.0,1
17730,49--Greeting/49_Greeting_peoplegreeting_49_589.jpg,260.0,196.0,558.0,556.0,0.0,0.0,0.0,0.0,0.0,0.0,1024.0,710.0,0.1475572183098591,Female,White,True,Female_White,5.0,1
17752,49--Greeting/49_Greeting_peoplegreeting_49_124.jpg,490.0,294.0,554.0,394.0,0.0,1.0,0.0,0.0,0.0,0.0,1024.0,736.0,0.0084918478260869,Female,White,True,Female_White,0.0,1
17759,49--Greeting/49_Greeting_peoplegreeting_49_903.jpg,411.0,107.0,555.0,296.0,0.0,0.0,1.0,0.0,0.0,0.0,1024.0,1366.0,0.0194568997071742,Male,White,True,Male_White,0.0,1
17760,49--Greeting/49_Greeting_peoplegreeting_49_896.jpg,312.0,444.0,457.0,580.0,0.0,0.0,0.0,0.0,0.0,1.0,1024.0,1579.0,0.0121962080430652,Female,White,True,Female_White,0.0,1
17763,49--Greeting/49_Greeting_peoplegreeting_49_153.jpg,301.0,157.0,515.0,633.0,0.0,0.0,0.0,0.0,0.0,1.0,1024.0,1540.0,0.0645951704545454,Female,Black,True,Female_Black,2.0,1
17764,49--Greeting/49_Greeting_peoplegreeting_49_153.jpg,536.0,262.0,922.0,849.0,0.0,0.0,0.0,0.0,0.0,0.0,1024.0,1540.0,0.1436827820616883,Female,Black,True,Female_Black,5.0,1
17772,49--Greeting/49_Greeting_peoplegreeting_49_890.jpg,502.0,122.0,648.0,228.0,0.0,0.0,0.0,0.0,0.0,1.0,1024.0,826.0,0.0182969506658595,Male,White,True,Male_White,0.0,1
17779,49--Greeting/49_Greeting_peoplegreeting_49_783.jpg,252.0,110.0,482.0,426.0,0.0,0.0,0.0,0.0,0.0,0.0,1024.0,576.0,0.1232231987847222,Female,White,True,Female_White,4.0,1
17780,5--Car_Accident/5_Car_Accident_Accident_5_869.jpg,373.0,173.0,615.0,501.0,0.0,0.0,0.0,0.0,0.0,0.0,1024.0,1528.0,0.0507301210732984,Female,Indian,True,Female_Indian,1.0,1
17784,5--Car_Accident/5_Car_Accident_Car_Crash_5_868.jpg,302.0,200.0,360.0,278.0,0.0,0.0,0.0,0.0,0.0,0.0,1024.0,683.0,0.0064684754758418,Male,White,True,Male_White,0.0,1
17795,50--Celebration_Or_Party/50_Celebration_Or_Party_houseparty_50_641.jpg,371.0,169.0,688.0,635.0,0.0,0.0,0.0,0.0,0.0,0.0,1024.0,1312.0,0.1099540896532012,Female,White,True,Female_White,4.0,1
17797,50--Celebration_Or_Party/50_Celebration_Or_Party_houseparty_50_323.jpg,554.0,156.0,624.0,254.0,1.0,0.0,0.0,0.0,0.0,0.0,1024.0,768.0,0.0087229410807291,Male,Indian,True,Male_Indian,0.0,8
17798,50--Celebration_Or_Party/50_Celebration_Or_Party_houseparty_50_323.jpg,676.0,166.0,758.0,264.0,1.0,0.0,0.0,0.0,0.0,0.0,1024.0,768.0,0.0102183024088541,Male,Indian,True,Male_Indian,0.0,8
17799,50--Celebration_Or_Party/50_Celebration_Or_Party_houseparty_50_323.jpg,474.0,268.0,556.0,384.0,1.0,0.0,0.0,0.0,1.0,0.0,1024.0,768.0,0.0120951334635416,Male,Indian,True,Male_Indian,0.0,8
17807,50--Celebration_Or_Party/50_Celebration_Or_Party_houseparty_50_647.jpg,323.0,215.0,671.0,726.0,0.0,0.0,0.0,0.0,0.0,0.0,1024.0,1390.0,0.124935364208633,Female,Asian,True,Female_Asian,4.0,1
17832,50--Celebration_Or_Party/50_Celebration_Or_Party_houseparty_50_654.jpg,456.0,244.0,668.0,454.0,0.0,0.0,0.0,0.0,0.0,0.0,1024.0,1024.0,0.0424575805664062,Male,White,True,Male_White,1.0,1
17857,50--Celebration_Or_Party/50_Celebration_Or_Party_birthdayparty_50_479.jpg,358.0,546.0,458.0,694.0,0.0,0.0,0.0,0.0,0.0,0.0,1024.0,768.0,0.0188191731770833,Female,White,True,Female_White,0.0,1
17860,50--Celebration_Or_Party/50_Celebration_Or_Party_birthdayparty_50_144.jpg,306.0,296.0,454.0,498.0,0.0,0.0,0.0,0.0,0.0,0.0,1024.0,1024.0,0.0285110473632812,Female,White,True,Female_White,1.0,1
17863,50--Celebration_Or_Party/50_Celebration_Or_Party_birthdayparty_50_196.jpg,187.0,337.0,520.0,745.0,0.0,0.0,0.0,0.0,0.0,0.0,1024.0,2132.0,0.0622324988273921,Female,White,True,Female_White,2.0,1
17865,50--Celebration_Or_Party/50_Celebration_Or_Party_houseparty_50_180.jpg,481.0,146.0,608.0,321.0,0.0,0.0,0.0,0.0,0.0,0.0,1024.0,1209.0,0.0179521104735318,Female,White,True,Female_White,0.0,1
17881,50--Celebration_Or_Party/50_Celebration_Or_Party_houseparty_50_735.jpg,200.0,27.0,579.0,579.0,0.0,0.0,0.0,0.0,1.0,0.0,1024.0,1531.0,0.1334452563683866,Female,White,True,Female_White,4.0,1
17885,51--Dresses/51_Dresses_wearingdress_51_789.jpg,367.0,81.0,490.0,256.0,0.0,0.0,1.0,0.0,0.0,0.0,1024.0,1540.0,0.0136496803977272,Female,White,True,Female_White,0.0,1
17893,51--Dresses/51_Dresses_wearingdress_51_815.jpg,231.0,153.0,516.0,489.0,0.0,0.0,0.0,0.0,0.0,0.0,1024.0,1539.0,0.0607638888888888,Female,Indian,True,Female_Indian,2.0,1
17912,51--Dresses/51_Dresses_wearingdress_51_161.jpg,389.0,130.0,591.0,419.0,0.0,0.0,0.0,0.0,0.0,0.0,1024.0,1540.0,0.037019328327922,Female,White,True,Female_White,1.0,1
17913,51--Dresses/51_Dresses_wearingdress_51_306.jpg,419.0,141.0,523.0,282.0,0.0,0.0,0.0,0.0,0.0,0.0,1024.0,1366.0,0.0104833912884333,Female,White,True,Female_White,0.0,1
17914,51--Dresses/51_Dresses_wearingdress_51_106.jpg,511.0,122.0,627.0,247.0,0.0,0.0,0.0,0.0,1.0,0.0,1024.0,1487.0,0.0095226336583725,Female,White,True,Female_White,0.0,1
17920,51--Dresses/51_Dresses_wearingdress_51_1031.jpg,440.0,112.0,608.0,348.0,0.0,0.0,0.0,0.0,0.0,0.0,1024.0,2048.0,0.0189056396484375,Female,White,True,Female_White,0.0,1
17931,51--Dresses/51_Dresses_wearingdress_51_386.jpg,357.0,203.0,741.0,743.0,0.0,0.0,0.0,0.0,0.0,0.0,1024.0,1386.0,0.1461038961038961,Female,White,True,Female_White,5.0,1
17939,51--Dresses/51_Dresses_wearingdress_51_763.jpg,120.0,128.0,340.0,390.0,0.0,0.0,0.0,0.0,0.0,0.0,1024.0,830.0,0.0678181475903614,Female,Indian,True,Female_Indian,2.0,10
17940,51--Dresses/51_Dresses_wearingdress_51_763.jpg,546.0,170.0,802.0,458.0,0.0,0.0,0.0,0.0,0.0,0.0,1024.0,830.0,0.0867469879518072,Male,Indian,True,Male_Indian,3.0,10
17941,51--Dresses/51_Dresses_wearingdress_51_837.jpg,486.0,108.0,606.0,267.0,0.0,0.0,0.0,0.0,0.0,0.0,1024.0,1539.0,0.0121070906432748,Female,White,True,Female_White,0.0,1
17948,51--Dresses/51_Dresses_wearingdress_51_348.jpg,480.0,109.0,602.0,272.0,0.0,0.0,0.0,0.0,0.0,0.0,1024.0,1639.0,0.0118486405582672,Female,White,True,Female_White,0.0,1
17952,51--Dresses/51_Dresses_wearingdress_51_340.jpg,564.0,348.0,633.0,438.0,0.0,0.0,0.0,0.0,0.0,0.0,1024.0,1364.0,0.0044460800036656,Female,White,True,Female_White,0.0,1
17953,51--Dresses/51_Dresses_wearingdress_51_736.jpg,492.0,106.0,665.0,307.0,1.0,0.0,0.0,0.0,0.0,1.0,1024.0,2014.0,0.0168609770667825,Female,White,True,Female_White,0.0,1
17958,51--Dresses/51_Dresses_wearingdress_51_748.jpg,472.0,160.0,595.0,307.0,0.0,0.0,0.0,0.0,0.0,0.0,1024.0,1365.0,0.0129356971153846,Female,White,True,Female_White,0.0,1
17959,51--Dresses/51_Dresses_wearingdress_51_588.jpg,160.0,142.0,283.0,315.0,0.0,1.0,0.0,0.0,0.0,0.0,1024.0,1577.0,0.0131770915900443,Female,Indian,True,Female_Indian,0.0,10
17960,51--Dresses/51_Dresses_wearingdress_51_588.jpg,654.0,93.0,762.0,241.0,0.0,0.0,0.0,0.0,0.0,0.0,1024.0,1577.0,0.0098981452124286,Female,Indian,True,Female_Indian,0.0,10
17961,51--Dresses/51_Dresses_wearingdress_51_670.jpg,334.0,135.0,542.0,423.0,0.0,0.0,0.0,0.0,0.0,0.0,1024.0,1571.0,0.0372374283895607,Female,White,True,Female_White,1.0,1
17967,51--Dresses/51_Dresses_wearingdress_51_178.jpg,335.0,90.0,490.0,296.0,0.0,0.0,0.0,0.0,0.0,0.0,1024.0,1850.0,0.0168549408783783,Female,White,True,Female_White,0.0,1
17968,51--Dresses/51_Dresses_wearingdress_51_17.jpg,628.0,84.0,844.0,334.0,0.0,0.0,0.0,0.0,0.0,0.0,1024.0,683.0,0.0772099194729136,Female,White,True,Female_White,2.0,1
17969,51--Dresses/51_Dresses_wearingdress_51_580.jpg,449.0,111.0,567.0,272.0,0.0,0.0,0.0,0.0,0.0,0.0,1024.0,1584.0,0.011712584832702,Female,White,True,Female_White,0.0,1
17970,51--Dresses/51_Dresses_wearingdress_51_233.jpg,550.0,87.0,684.0,286.0,0.0,0.0,0.0,0.0,0.0,0.0,1024.0,1856.0,0.0140307196255387,Female,White,True,Female_White,0.0,1
17971,51--Dresses/51_Dresses_wearingdress_51_451.jpg,382.0,190.0,566.0,450.0,0.0,0.0,0.0,0.0,0.0,0.0,1024.0,1496.0,0.0312291109625668,Female,White,True,Female_White,1.0,1
17972,51--Dresses/51_Dresses_wearingdress_51_512.jpg,429.0,263.0,654.0,543.0,0.0,0.0,0.0,0.0,0.0,0.0,1024.0,1493.0,0.0412079286671131,Female,White,True,Female_White,1.0,1
17973,51--Dresses/51_Dresses_wearingdress_51_741.jpg,282.0,216.0,687.0,723.0,0.0,0.0,0.0,0.0,0.0,0.0,1024.0,1536.0,0.1305484771728515,Female,White,True,Female_White,4.0,1
17974,51--Dresses/51_Dresses_wearingdress_51_94.jpg,224.0,16.0,342.0,174.0,0.0,1.0,0.0,0.0,0.0,0.0,1024.0,768.0,0.0237070719401041,Female,White,True,Female_White,0.0,1
17978,51--Dresses/51_Dresses_wearingdress_51_874.jpg,144.0,381.0,670.0,1033.0,0.0,0.0,0.0,0.0,0.0,0.0,1024.0,1540.0,0.2174766639610389,Female,White,True,Female_White,8.0,1
17985,52--Photographers/52_Photographers_taketouristphotos_52_97.jpg,246.0,286.0,430.0,444.0,0.0,0.0,0.0,0.0,0.0,0.0,1024.0,685.0,0.0414461678832116,Male,White,True,Male_White,1.0,1
17989,52--Photographers/52_Photographers_taketouristphotos_52_328.jpg,266.0,118.0,396.0,356.0,0.0,1.0,0.0,0.0,0.0,0.0,1024.0,766.0,0.0394449657310704,Female,White,True,Female_White,1.0,1
17992,52--Photographers/52_Photographers_photographertakingphoto_52_456.jpg,556.0,212.0,754.0,458.0,0.0,0.0,0.0,0.0,1.0,0.0,1024.0,869.0,0.0547369462025316,Male,White,True,Male_White,2.0,1
17994,52--Photographers/52_Photographers_photographertakingphoto_52_780.jpg,754.0,290.0,830.0,380.0,1.0,0.0,0.0,0.0,0.0,1.0,1024.0,768.0,0.008697509765625,Male,White,True,Male_White,0.0,1
17997,52--Photographers/52_Photographers_photographertakingphoto_52_416.jpg,520.0,108.0,682.0,314.0,0.0,0.0,0.0,0.0,0.0,0.0,1024.0,684.0,0.0476459703947368,Female,White,True,Female_White,1.0,1
17999,52--Photographers/52_Photographers_photographertakingphoto_52_815.jpg,235.0,292.0,722.0,936.0,0.0,0.0,0.0,0.0,0.0,0.0,1024.0,1280.0,0.2392791748046875,Male,White,True,Male_White,8.0,1
18000,52--Photographers/52_Photographers_taketouristphotos_52_141.jpg,118.0,392.0,184.0,468.0,1.0,0.0,0.0,0.0,0.0,0.0,1024.0,768.0,0.006378173828125,Female,White,True,Female_White,0.0,1
18001,52--Photographers/52_Photographers_taketouristphotos_52_141.jpg,436.0,386.0,532.0,470.0,1.0,0.0,0.0,0.0,0.0,1.0,1024.0,768.0,0.01025390625,Female,Asian,True,Female_Asian,0.0,1
18011,52--Photographers/52_Photographers_photographertakingphoto_52_113.jpg,391.0,159.0,560.0,413.0,0.0,0.0,0.0,0.0,0.0,0.0,1024.0,1250.0,0.0335359375,Male,White,True,Male_White,1.0,1
18012,52--Photographers/52_Photographers_taketouristphotos_52_86.jpg,404.0,338.0,506.0,470.0,0.0,0.0,0.0,0.0,0.0,0.0,1024.0,671.0,0.0195952868852459,Female,White,True,Female_White,0.0,1
18023,52--Photographers/52_Photographers_photographertakingphoto_52_428.jpg,504.0,310.0,626.0,424.0,1.0,0.0,0.0,0.0,1.0,0.0,1024.0,742.0,0.0183046243261455,Male,White,True,Male_White,0.0,1
18024,52--Photographers/52_Photographers_photographertakingphoto_52_568.jpg,379.0,331.0,758.0,766.0,0.0,0.0,1.0,0.0,0.0,0.0,1024.0,1518.0,0.106061249382411,Male,White,True,Male_White,3.0,1
18036,52--Photographers/52_Photographers_photographertakingphoto_52_807.jpg,338.0,26.0,859.0,746.0,0.0,1.0,0.0,0.0,0.0,0.0,1024.0,1480.0,0.2475190033783783,Male,White,True,Male_White,9.0,1
18053,53--Raid/53_Raid_policeraid_53_686.jpg,164.0,226.0,238.0,338.0,1.0,0.0,0.0,0.0,0.0,0.0,1024.0,857.0,0.0094442823803967,Male,Indian,True,Male_Indian,0.0,1
18054,53--Raid/53_Raid_policeraid_53_686.jpg,376.0,306.0,436.0,388.0,1.0,0.0,0.0,0.0,0.0,0.0,1024.0,857.0,0.005606403150525,Male,Indian,True,Male_Indian,0.0,1
18055,53--Raid/53_Raid_policeraid_53_686.jpg,792.0,140.0,872.0,252.0,1.0,0.0,0.0,0.0,0.0,1.0,1024.0,857.0,0.0102100350058343,Male,Indian,True,Male_Indian,0.0,1
18056,53--Raid/53_Raid_policeraid_53_686.jpg,632.0,294.0,692.0,380.0,1.0,0.0,0.0,0.0,0.0,0.0,1024.0,857.0,0.0058798862310385,Male,Indian,True,Male_Indian,0.0,1
18057,53--Raid/53_Raid_policeraid_53_438.jpg,244.0,32.0,620.0,548.0,0.0,0.0,0.0,0.0,0.0,0.0,1024.0,581.0,0.3261080034423408,Male,White,True,Male_White,12.0,1
18058,53--Raid/53_Raid_policeraid_53_619.jpg,224.0,318.0,280.0,406.0,1.0,0.0,0.0,0.0,0.0,0.0,1024.0,820.0,0.0058689024390243,Male,Indian,True,Male_Indian,0.0,10
18059,53--Raid/53_Raid_policeraid_53_619.jpg,714.0,316.0,772.0,414.0,1.0,0.0,0.0,0.0,0.0,0.0,1024.0,820.0,0.0067692454268292,Male,Indian,True,Male_Indian,0.0,10
18060,53--Raid/53_Raid_policeraid_53_619.jpg,758.0,106.0,814.0,188.0,1.0,0.0,0.0,0.0,0.0,0.0,1024.0,820.0,0.00546875,Male,Indian,True,Male_Indian,0.0,10
18061,53--Raid/53_Raid_policeraid_53_619.jpg,444.0,108.0,498.0,188.0,1.0,0.0,0.0,0.0,0.0,0.0,1024.0,820.0,0.0051448170731707,Male,Indian,True,Male_Indian,0.0,10
18062,53--Raid/53_Raid_policeraid_53_396.jpg,300.0,2.0,792.0,544.0,0.0,0.0,0.0,0.0,0.0,0.0,1024.0,576.0,0.4521077473958333,Male,White,True,Male_White,,1
18070,53--Raid/53_Raid_policeraid_53_555.jpg,278.0,110.0,330.0,184.0,0.0,0.0,0.0,0.0,0.0,0.0,1024.0,683.0,0.0055019216691068,Male,White,True,Male_White,0.0,1
18071,53--Raid/53_Raid_policeraid_53_597.jpg,465.0,200.0,669.0,460.0,0.0,0.0,0.0,0.0,0.0,0.0,1024.0,1103.0,0.0469599954669084,Female,Indian,True,Female_Indian,1.0,1
18072,53--Raid/53_Raid_policeraid_53_471.jpg,376.0,90.0,604.0,408.0,0.0,0.0,0.0,0.0,0.0,0.0,1024.0,683.0,0.1036671852122986,Male,White,True,Male_White,3.0,1
18073,53--Raid/53_Raid_policeraid_53_860.jpg,250.0,335.0,677.0,959.0,0.0,0.0,0.0,0.0,0.0,0.0,1024.0,1280.0,0.20328369140625,Female,White,True,Female_White,7.0,1
18074,53--Raid/53_Raid_policeraid_53_340.jpg,459.0,45.0,499.0,92.0,1.0,0.0,0.0,0.0,0.0,0.0,1024.0,711.0,0.0025821905766526,Male,Indian,True,Male_Indian,0.0,10
18075,53--Raid/53_Raid_policeraid_53_340.jpg,551.0,108.0,606.0,173.0,1.0,0.0,0.0,0.0,0.0,0.0,1024.0,711.0,0.0049102826125175,Male,Indian,True,Male_Indian,0.0,10
18077,54--Rescue/54_Rescue_rescuepeople_54_254.jpg,319.0,88.0,492.0,347.0,0.0,0.0,0.0,0.0,0.0,0.0,1024.0,1185.0,0.0369255999472573,Female,White,True,Female_White,1.0,1
18095,54--Rescue/54_Rescue_firemanrescue_54_789.jpg,358.0,36.0,566.0,346.0,0.0,0.0,0.0,0.0,0.0,0.0,1024.0,576.0,0.1093207465277777,Male,White,True,Male_White,4.0,1
18096,54--Rescue/54_Rescue_firemanrescue_54_458.jpg,162.0,236.0,336.0,456.0,0.0,0.0,0.0,0.0,0.0,0.0,1024.0,908.0,0.0411704983480176,Male,White,True,Male_White,1.0,1
18099,54--Rescue/54_Rescue_rescuepeople_54_328.jpg,552.0,132.0,694.0,326.0,0.0,1.0,0.0,0.0,0.0,0.0,1024.0,836.0,0.0321798370215311,Male,White,True,Male_White,1.0,1
18100,54--Rescue/54_Rescue_rescuepeople_54_1035.jpg,376.0,269.0,672.0,702.0,0.0,0.0,0.0,0.0,0.0,0.0,1024.0,1528.0,0.0819136534685863,Female,White,True,Female_White,3.0,1
18102,54--Rescue/54_Rescue_firemanrescue_54_103.jpg,439.0,151.0,563.0,299.0,0.0,0.0,0.0,0.0,0.0,0.0,1024.0,1379.0,0.0129962835387962,Male,White,True,Male_White,0.0,1
18108,54--Rescue/54_Rescue_firemanrescue_54_939.jpg,156.0,108.0,228.0,210.0,0.0,0.0,0.0,0.0,0.0,0.0,1024.0,750.0,0.0095625,Male,White,True,Male_White,0.0,1
18109,54--Rescue/54_Rescue_firemanrescue_54_814.jpg,381.0,171.0,501.0,270.0,0.0,0.0,0.0,0.0,0.0,1.0,1024.0,1366.0,0.0084930911420204,Male,White,True,Male_White,0.0,1
18110,54--Rescue/54_Rescue_rescuepeople_54_158.jpg,307.0,315.0,774.0,976.0,0.0,0.0,0.0,0.0,0.0,0.0,1024.0,1366.0,0.2206823927068082,Female,Black,True,Female_Black,8.0,1
18111,54--Rescue/54_Rescue_firemanrescue_54_327.jpg,328.0,134.0,672.0,592.0,0.0,0.0,0.0,0.0,0.0,0.0,1024.0,684.0,0.2249406067251462,Male,White,True,Male_White,8.0,1
18115,54--Rescue/54_Rescue_rescuepeople_54_335.jpg,380.0,374.0,494.0,488.0,1.0,0.0,0.0,0.0,0.0,1.0,1024.0,883.0,0.0143730535107587,Male,Asian,True,Male_Asian,0.0,1
18116,54--Rescue/54_Rescue_rescuepeople_54_335.jpg,526.0,238.0,628.0,358.0,1.0,0.0,0.0,0.0,0.0,0.0,1024.0,883.0,0.0135369479048697,Male,Asian,True,Male_Asian,0.0,1
18117,54--Rescue/54_Rescue_rescuepeople_54_335.jpg,828.0,152.0,942.0,284.0,1.0,0.0,0.0,0.0,0.0,0.0,1024.0,883.0,0.0166424830124575,Male,Asian,True,Male_Asian,0.0,1
18120,54--Rescue/54_Rescue_firemanrescue_54_969.jpg,506.0,99.0,541.0,140.0,1.0,0.0,0.0,0.0,1.0,0.0,1024.0,341.0,0.0041095811950146,Male,White,True,Male_White,0.0,1
18122,54--Rescue/54_Rescue_firemanrescue_54_617.jpg,581.0,265.0,809.0,533.0,0.0,0.0,0.0,0.0,0.0,0.0,1024.0,1282.0,0.0465459243369734,Male,White,True,Male_White,1.0,1
18129,54--Rescue/54_Rescue_rescuepeople_54_531.jpg,368.0,123.0,576.0,430.0,0.0,1.0,0.0,0.0,0.0,0.0,1024.0,1366.0,0.0456510797950219,Female,Black,True,Female_Black,1.0,10
18130,54--Rescue/54_Rescue_rescuepeople_54_188.jpg,397.0,86.0,629.0,355.0,0.0,0.0,0.0,0.0,0.0,0.0,1024.0,680.0,0.0896254595588235,Female,Asian,True,Female_Asian,3.0,10
18131,54--Rescue/54_Rescue_rescuepeople_54_188.jpg,287.0,87.0,395.0,209.0,0.0,0.0,0.0,0.0,0.0,0.0,1024.0,680.0,0.0189223345588235,Male,Asian,True,Male_Asian,0.0,10
18132,54--Rescue/54_Rescue_rescuepeople_54_188.jpg,942.0,165.0,997.0,219.0,1.0,0.0,0.0,0.0,0.0,0.0,1024.0,680.0,0.0042652803308823,Male,Asian,True,Male_Asian,0.0,10
18133,54--Rescue/54_Rescue_rescuepeople_54_188.jpg,696.0,9.0,750.0,78.0,1.0,0.0,0.0,0.0,0.0,0.0,1024.0,680.0,0.0053509880514705,Male,Asian,True,Male_Asian,0.0,10
18144,54--Rescue/54_Rescue_rescuepeople_54_738.jpg,493.0,496.0,741.0,861.0,0.0,0.0,0.0,0.0,0.0,0.0,1024.0,1365.0,0.06476076007326,Male,White,True,Male_White,2.0,1
18145,55--Sports_Coach_Trainer/55_Sports_Coach_Trainer_sportcoaching_55_325.jpg,328.0,22.0,664.0,500.0,0.0,0.0,0.0,0.0,0.0,0.0,1024.0,608.0,0.2579666940789473,Male,White,True,Male_White,9.0,1
18159,55--Sports_Coach_Trainer/55_Sports_Coach_Trainer_sportcoaching_55_1027.jpg,604.0,56.0,716.0,220.0,0.0,0.0,1.0,0.0,0.0,0.0,1024.0,576.0,0.0311414930555555,Male,White,True,Male_White,1.0,1
18174,55--Sports_Coach_Trainer/55_Sports_Coach_Trainer_sportcoaching_55_414.jpg,368.0,314.0,442.0,414.0,0.0,0.0,1.0,0.0,0.0,0.0,1024.0,862.0,0.0083834831786542,Male,White,True,Male_White,0.0,1
18178,55--Sports_Coach_Trainer/55_Sports_Coach_Trainer_sportcoaching_55_711.jpg,601.0,141.0,925.0,474.0,0.0,0.0,0.0,0.0,0.0,0.0,1024.0,1538.0,0.0685066848179453,Male,White,True,Male_White,2.0,1
18192,55--Sports_Coach_Trainer/55_Sports_Coach_Trainer_sportcoaching_55_838.jpg,606.0,6.0,972.0,506.0,0.0,0.0,0.0,0.0,0.0,0.0,1024.0,576.0,0.3102620442708333,Male,White,True,Male_White,11.0,1
18193,55--Sports_Coach_Trainer/55_Sports_Coach_Trainer_sportcoaching_55_1015.jpg,305.0,152.0,887.0,973.0,0.0,0.0,0.0,0.0,0.0,0.0,1024.0,1529.0,0.3051818488391105,Male,White,True,Male_White,11.0,1
18194,55--Sports_Coach_Trainer/55_Sports_Coach_Trainer_sportcoaching_55_894.jpg,422.0,22.0,608.0,260.0,0.0,0.0,0.0,0.0,0.0,0.0,1024.0,562.0,0.0769225422597864,Male,White,True,Male_White,2.0,1
18199,55--Sports_Coach_Trainer/55_Sports_Coach_Trainer_sportcoaching_55_637.jpg,284.0,0.0,726.0,428.0,0.0,0.0,0.0,0.0,0.0,0.0,1024.0,576.0,0.3207329644097222,Male,White,True,Male_White,12.0,1
18200,55--Sports_Coach_Trainer/55_Sports_Coach_Trainer_sportcoaching_55_1013.jpg,368.0,114.0,494.0,278.0,0.0,0.0,1.0,0.0,0.0,0.0,1024.0,960.0,0.0210205078125,Male,White,True,Male_White,0.0,1
18207,55--Sports_Coach_Trainer/55_Sports_Coach_Trainer_sportcoaching_55_523.jpg,333.0,273.0,770.0,974.0,0.0,0.0,0.0,0.0,0.0,0.0,1024.0,1622.0,0.1844372543541923,Male,White,True,Male_White,6.0,1
18211,55--Sports_Coach_Trainer/55_Sports_Coach_Trainer_sportcoaching_55_951.jpg,398.0,38.0,556.0,282.0,0.0,0.0,0.0,0.0,0.0,0.0,1024.0,379.0,0.0993362467018469,Female,White,True,Female_White,3.0,1
18212,55--Sports_Coach_Trainer/55_Sports_Coach_Trainer_sportcoaching_55_263.jpg,318.0,34.0,396.0,130.0,0.0,0.0,0.0,0.0,0.0,0.0,1024.0,331.0,0.0220921450151057,Male,White,True,Male_White,0.0,1
18236,55--Sports_Coach_Trainer/55_Sports_Coach_Trainer_sportcoaching_55_12.jpg,770.0,174.0,854.0,302.0,0.0,0.0,0.0,0.0,0.0,0.0,1024.0,687.0,0.0152838427947598,Male,White,True,Male_White,0.0,1
18237,55--Sports_Coach_Trainer/55_Sports_Coach_Trainer_sportcoaching_55_183.jpg,382.0,128.0,620.0,472.0,0.0,0.0,0.0,0.0,0.0,0.0,1024.0,1024.0,0.0780792236328125,Female,White,True,Female_White,2.0,1
18238,55--Sports_Coach_Trainer/55_Sports_Coach_Trainer_sportcoaching_55_721.jpg,278.0,284.0,784.0,943.0,0.0,0.0,0.0,0.0,0.0,0.0,1024.0,1532.0,0.2125578798139686,Female,White,True,Female_White,7.0,1
18247,55--Sports_Coach_Trainer/55_Sports_Coach_Trainer_sportcoaching_55_726.jpg,480.0,106.0,624.0,316.0,0.0,0.0,0.0,0.0,0.0,0.0,1024.0,678.0,0.0435564159292035,Male,White,True,Male_White,1.0,1
18249,55--Sports_Coach_Trainer/55_Sports_Coach_Trainer_sportcoaching_55_208.jpg,414.0,28.0,662.0,378.0,0.0,0.0,0.0,0.0,0.0,0.0,1024.0,576.0,0.1471625434027778,Male,White,True,Male_White,5.0,1
18253,55--Sports_Coach_Trainer/55_Sports_Coach_Trainer_sportcoaching_55_218.jpg,728.0,70.0,784.0,126.0,1.0,0.0,0.0,0.0,0.0,1.0,1024.0,414.0,0.007397342995169,Male,White,True,Male_White,0.0,1
18267,56--Voter/56_Voter_peoplevoting_56_764.jpg,118.0,116.0,504.0,394.0,1.0,0.0,0.0,0.0,0.0,1.0,1024.0,554.0,0.1891569833032491,Female,White,True,Female_White,7.0,1
18268,56--Voter/56_Voter_peoplevoting_56_887.jpg,523.0,206.0,729.0,465.0,1.0,0.0,0.0,0.0,0.0,0.0,1024.0,1228.0,0.0424295729845276,Male,Black,True,Male_Black,1.0,10
18269,56--Voter/56_Voter_peoplevoting_56_103.jpg,456.0,327.0,894.0,886.0,0.0,0.0,0.0,0.0,0.0,0.0,1024.0,1536.0,0.1556663513183593,Female,White,True,Female_White,5.0,1
18270,56--Voter/56_Voter_peoplevoting_56_712.jpg,192.0,50.0,344.0,272.0,0.0,0.0,0.0,0.0,0.0,0.0,1024.0,704.0,0.0468084161931818,Male,White,True,Male_White,1.0,1
18271,56--Voter/56_Voter_peoplevoting_56_842.jpg,318.0,196.0,798.0,876.0,0.0,0.0,0.0,0.0,0.0,0.0,1024.0,1021.0,0.3121939275220372,Male,White,True,Male_White,11.0,1
18274,56--Voter/56_Voter_peoplevoting_56_378.jpg,232.0,124.0,566.0,576.0,0.0,0.0,0.0,0.0,0.0,0.0,1024.0,770.0,0.1914671266233766,Female,White,True,Female_White,7.0,1
18275,56--Voter/56_Voter_peoplevoting_56_140.jpg,12.0,34.0,236.0,316.0,0.0,0.0,0.0,0.0,0.0,0.0,1024.0,680.0,0.0907169117647058,Male,White,True,Male_White,3.0,1
18276,56--Voter/56_Voter_peoplevoting_56_460.jpg,540.0,224.0,574.0,283.0,1.0,0.0,0.0,0.0,0.0,0.0,1024.0,710.0,0.0027591329225352,Female,White,True,Female_White,0.0,1
18278,56--Voter/56_Voter_peoplevoting_56_953.jpg,387.0,131.0,515.0,323.0,0.0,0.0,1.0,0.0,0.0,0.0,1024.0,1727.0,0.0138969310943833,Male,White,True,Male_White,0.0,1
18279,56--Voter/56_Voter_peoplevoting_56_323.jpg,302.0,176.0,596.0,588.0,0.0,0.0,0.0,0.0,1.0,0.0,1024.0,684.0,0.1729372258771929,Female,Asian,True,Female_Asian,6.0,1
18281,56--Voter/56_Voter_peoplevoting_56_1046.jpg,432.0,432.0,542.0,589.0,1.0,0.0,0.0,0.0,0.0,0.0,1024.0,1716.0,0.0098282251602564,Female,White,True,Female_White,0.0,1
18282,56--Voter/56_Voter_peoplevoting_56_946.jpg,108.0,40.0,210.0,206.0,0.0,0.0,1.0,0.0,0.0,0.0,1024.0,530.0,0.0311984080188679,Male,Black,True,Male_Black,1.0,10
18283,56--Voter/56_Voter_peoplevoting_56_946.jpg,462.0,126.0,562.0,288.0,0.0,0.0,1.0,0.0,0.0,0.0,1024.0,530.0,0.029849646226415,Male,Black,True,Male_Black,1.0,10
18284,56--Voter/56_Voter_peoplevoting_56_946.jpg,562.0,50.0,668.0,206.0,0.0,0.0,0.0,0.0,0.0,0.0,1024.0,530.0,0.03046875,Male,Black,True,Male_Black,1.0,10
18286,57--Angler/57_Angler_peoplefishing_57_153.jpg,206.0,246.0,354.0,424.0,0.0,0.0,0.0,0.0,0.0,0.0,1024.0,751.0,0.0342564081225033,Female,White,True,Female_White,1.0,1
18296,57--Angler/57_Angler_peoplefishing_57_868.jpg,632.0,668.0,793.0,902.0,0.0,0.0,0.0,0.0,0.0,0.0,1024.0,1643.0,0.0223925840687766,Female,White,True,Female_White,0.0,1
18297,57--Angler/57_Angler_peoplefishing_57_900.jpg,498.0,378.0,686.0,612.0,0.0,0.0,0.0,0.0,0.0,0.0,1024.0,720.0,0.05966796875,Male,White,True,Male_White,2.0,1
18298,57--Angler/57_Angler_peoplefishing_57_796.jpg,399.0,294.0,582.0,543.0,0.0,0.0,0.0,0.0,0.0,0.0,1024.0,1677.0,0.0265348976967799,Male,White,True,Male_White,0.0,1
18303,57--Angler/57_Angler_peoplefishing_57_182.jpg,168.0,76.0,254.0,164.0,1.0,0.0,0.0,0.0,0.0,0.0,1024.0,765.0,0.0096609477124183,Male,White,True,Male_White,0.0,1
18304,57--Angler/57_Angler_peoplefishing_57_870.jpg,563.0,517.0,654.0,613.0,0.0,0.0,0.0,0.0,0.0,0.0,1024.0,1366.0,0.0062454245973645,Female,White,True,Female_White,0.0,1
18307,57--Angler/57_Angler_peoplefishing_57_600.jpg,452.0,142.0,576.0,296.0,0.0,0.0,0.0,0.0,0.0,0.0,1024.0,820.0,0.0227419969512195,Male,White,True,Male_White,0.0,1
18328,58--Hockey/58_Hockey_icehockey_puck_58_455.jpg,433.0,108.0,558.0,295.0,0.0,0.0,0.0,0.0,0.0,0.0,1024.0,1126.0,0.0202727783636767,Male,White,True,Male_White,0.0,1
18356,58--Hockey/58_Hockey_icehockey_puck_58_531.jpg,292.0,252.0,805.0,944.0,0.0,0.0,0.0,0.0,0.0,0.0,1024.0,1288.0,0.2691582152562112,Female,White,True,Female_White,10.0,1
18357,58--Hockey/58_Hockey_icehockey_puck_58_697.jpg,412.0,110.0,542.0,278.0,0.0,0.0,0.0,0.0,0.0,0.0,1024.0,783.0,0.0272389846743295,Female,White,True,Female_White,0.0,1
18358,59--people--driving--car/59_peopledrivingcar_peopledrivingcar_59_978.jpg,294.0,54.0,750.0,696.0,0.0,0.0,0.0,0.0,0.0,0.0,1024.0,732.0,0.3905609631147541,Female,White,True,Female_White,14.0,1
18364,59--people--driving--car/59_peopledrivingcar_peopledrivingcar_59_789.jpg,278.0,242.0,512.0,552.0,0.0,0.0,0.0,0.0,0.0,0.0,1024.0,881.0,0.0804084492054483,Male,White,True,Male_White,2.0,1
18368,59--people--driving--car/59_peopledrivingcar_peopledrivingcar_59_95.jpg,586.0,146.0,726.0,350.0,0.0,0.0,0.0,0.0,0.0,0.0,1024.0,615.0,0.0453506097560975,Male,White,True,Male_White,1.0,1
18372,59--people--driving--car/59_peopledrivingcar_peopledrivingcar_59_34.jpg,242.0,50.0,452.0,330.0,0.0,0.0,0.0,0.0,0.0,0.0,1024.0,576.0,0.0996907552083333,Female,White,True,Female_White,3.0,1
18373,59--people--driving--car/59_peopledrivingcar_peopledrivingcar_59_1020.jpg,368.0,6.0,486.0,144.0,1.0,0.0,0.0,0.0,1.0,0.0,1024.0,767.0,0.020733173076923,Male,Asian,True,Male_Asian,0.0,1
18374,59--people--driving--car/59_peopledrivingcar_peopledrivingcar_59_1020.jpg,506.0,146.0,628.0,372.0,0.0,0.0,0.0,0.0,0.0,0.0,1024.0,767.0,0.0351053210560625,Male,Asian,True,Male_Asian,1.0,1
18377,59--people--driving--car/59_peopledrivingcar_peopledrivingcar_59_85.jpg,406.0,170.0,576.0,406.0,0.0,1.0,0.0,0.0,0.0,0.0,1024.0,754.0,0.0519624502652519,Female,White,True,Female_White,1.0,1
18378,59--people--driving--car/59_peopledrivingcar_peopledrivingcar_59_117.jpg,204.0,118.0,358.0,360.0,0.0,0.0,0.0,0.0,1.0,0.0,1024.0,681.0,0.0534427771659324,Female,White,True,Female_White,1.0,1
18379,59--people--driving--car/59_peopledrivingcar_peopledrivingcar_59_1038.jpg,211.0,36.0,838.0,996.0,0.0,0.0,0.0,0.0,0.0,0.0,1024.0,1833.0,0.3206833060556465,Female,White,True,Female_White,12.0,1
18380,59--people--driving--car/59_peopledrivingcar_peopledrivingcar_59_357.jpg,416.0,66.0,502.0,200.0,0.0,0.0,0.0,0.0,0.0,0.0,1024.0,574.0,0.0196061084494773,Female,White,True,Female_White,0.0,1
18381,59--people--driving--car/59_peopledrivingcar_peopledrivingcar_59_725.jpg,694.0,56.0,874.0,392.0,0.0,0.0,0.0,0.0,0.0,0.0,1024.0,683.0,0.0864751098096632,Male,White,True,Male_White,3.0,1
18392,59--people--driving--car/59_peopledrivingcar_peopledrivingcar_59_64.jpg,530.0,138.0,694.0,344.0,0.0,0.0,0.0,0.0,0.0,0.0,1024.0,683.0,0.0483048133235724,Female,White,True,Female_White,1.0,1
18394,6--Funeral/6_Funeral_Funeral_6_909.jpg,413.0,247.0,500.0,349.0,1.0,0.0,0.0,0.0,0.0,0.0,1024.0,1543.0,0.0056163419475048,Male,Indian,True,Male_Indian,0.0,10
18395,6--Funeral/6_Funeral_Funeral_6_909.jpg,804.0,259.0,897.0,370.0,1.0,0.0,0.0,0.0,0.0,0.0,1024.0,1543.0,0.0065334119815294,Male,Indian,True,Male_Indian,0.0,10
18396,6--Funeral/6_Funeral_Funeral_6_483.jpg,237.0,255.0,653.0,854.0,0.0,0.0,0.0,0.0,0.0,0.0,1024.0,1532.0,0.1588405678851175,Male,White,True,Male_White,5.0,1
18401,6--Funeral/6_Funeral_Funeral_6_280.jpg,380.0,48.0,728.0,222.0,0.0,1.0,0.0,0.0,0.0,1.0,1024.0,577.0,0.1024832105719237,Female,White,True,Female_White,3.0,1
18406,6--Funeral/6_Funeral_Funeral_6_292.jpg,142.0,160.0,202.0,249.0,1.0,0.0,0.0,0.0,0.0,0.0,1024.0,535.0,0.0097473714953271,Male,Black,True,Male_Black,0.0,10
18407,6--Funeral/6_Funeral_Funeral_6_292.jpg,360.0,172.0,421.0,262.0,1.0,0.0,0.0,0.0,0.0,0.0,1024.0,535.0,0.0100211740654205,Male,Black,True,Male_Black,0.0,10
18408,6--Funeral/6_Funeral_Funeral_6_292.jpg,177.0,65.0,241.0,149.0,1.0,0.0,0.0,0.0,0.0,0.0,1024.0,535.0,0.0098130841121495,Male,Black,True,Male_Black,0.0,10
18409,6--Funeral/6_Funeral_Funeral_6_292.jpg,365.0,72.0,417.0,151.0,1.0,0.0,0.0,0.0,0.0,0.0,1024.0,535.0,0.0074985397196261,Male,Black,True,Male_Black,0.0,10
18410,6--Funeral/6_Funeral_Funeral_6_292.jpg,534.0,40.0,589.0,113.0,1.0,0.0,0.0,0.0,0.0,0.0,1024.0,535.0,0.0073287821261682,Male,Black,True,Male_Black,0.0,10
18411,6--Funeral/6_Funeral_Funeral_6_292.jpg,747.0,18.0,800.0,90.0,1.0,0.0,0.0,0.0,0.0,0.0,1024.0,535.0,0.0069655373831775,Male,Black,True,Male_Black,0.0,10
18412,6--Funeral/6_Funeral_Funeral_6_292.jpg,550.0,172.0,613.0,263.0,1.0,0.0,0.0,0.0,0.0,0.0,1024.0,535.0,0.0104647342289719,Male,Black,True,Male_Black,0.0,10
18413,6--Funeral/6_Funeral_Funeral_6_292.jpg,798.0,163.0,864.0,252.0,1.0,0.0,0.0,0.0,0.0,0.0,1024.0,535.0,0.0107221086448598,Male,Black,True,Male_Black,0.0,10
18414,6--Funeral/6_Funeral_Funeral_6_937.jpg,295.0,142.0,610.0,566.0,0.0,0.0,0.0,0.0,0.0,1.0,1024.0,1138.0,0.1146130821616871,Female,White,True,Female_White,4.0,1
18416,6--Funeral/6_Funeral_Funeral_6_941.jpg,384.0,164.0,614.0,504.0,0.0,0.0,0.0,0.0,0.0,0.0,1024.0,810.0,0.0942804783950617,Male,White,True,Male_White,3.0,1
18417,6--Funeral/6_Funeral_Funeral_6_610.jpg,360.0,386.0,484.0,482.0,0.0,0.0,0.0,0.0,0.0,1.0,1024.0,681.0,0.0170704845814977,Male,Asian,True,Male_Asian,0.0,1
18418,6--Funeral/6_Funeral_Funeral_6_610.jpg,368.0,292.0,462.0,364.0,0.0,0.0,0.0,0.0,0.0,1.0,1024.0,681.0,0.0097053964757709,Male,Asian,True,Male_Asian,0.0,1
18422,6--Funeral/6_Funeral_Funeral_6_779.jpg,307.0,151.0,698.0,633.0,0.0,0.0,0.0,0.0,0.0,0.0,1024.0,1335.0,0.1378613647003745,Male,White,True,Male_White,5.0,1
18423,6--Funeral/6_Funeral_Funeral_6_790.jpg,296.0,73.0,680.0,606.0,0.0,0.0,0.0,0.0,0.0,0.0,1024.0,1297.0,0.1541056283731688,Male,White,True,Male_White,5.0,1
18424,6--Funeral/6_Funeral_Funeral_6_461.jpg,477.0,173.0,674.0,432.0,0.0,0.0,0.0,0.0,0.0,0.0,1024.0,1367.0,0.0364499988569861,Male,White,True,Male_White,1.0,1
18433,6--Funeral/6_Funeral_Funeral_6_861.jpg,382.0,273.0,643.0,652.0,0.0,0.0,0.0,0.0,0.0,0.0,1024.0,1552.0,0.062242645578286,Female,White,True,Female_White,2.0,1
18457,61--Street_Battle/61_Street_Battle_streetfight_61_521.jpg,142.0,244.0,224.0,322.0,0.0,0.0,0.0,0.0,0.0,0.0,1024.0,683.0,0.0091450860175695,Female,White,True,Female_White,0.0,1
18458,61--Street_Battle/61_Street_Battle_streetfight_61_22.jpg,174.0,44.0,300.0,220.0,0.0,0.0,0.0,0.0,0.0,0.0,1024.0,682.0,0.0317540322580645,Female,White,True,Female_White,1.0,1
18463,61--Street_Battle/61_Street_Battle_streetfight_61_703.jpg,406.0,134.0,598.0,430.0,0.0,0.0,0.0,0.0,0.0,0.0,1024.0,572.0,0.097027972027972,Male,White,True,Male_White,3.0,1
18464,61--Street_Battle/61_Street_Battle_streetfight_61_407.jpg,358.0,130.0,516.0,374.0,0.0,0.0,0.0,0.0,0.0,0.0,1024.0,768.0,0.0490214029947916,Male,White,True,Male_White,1.0,1
18474,7--Cheering/7_Cheering_Cheering_7_134.jpg,6.0,34.0,74.0,178.0,0.0,0.0,0.0,0.0,0.0,0.0,1024.0,685.0,0.0139598540145985,Male,Asian,True,Male_Asian,0.0,10
18475,7--Cheering/7_Cheering_Cheering_7_134.jpg,162.0,72.0,240.0,190.0,0.0,1.0,0.0,0.0,0.0,0.0,1024.0,685.0,0.0131215784671532,Female,Asian,True,Female_Asian,0.0,10
18476,7--Cheering/7_Cheering_Cheering_7_134.jpg,486.0,146.0,546.0,226.0,0.0,0.0,0.0,0.0,1.0,0.0,1024.0,685.0,0.0068430656934306,Female,Asian,True,Female_Asian,0.0,10
18477,7--Cheering/7_Cheering_Cheering_7_134.jpg,248.0,222.0,338.0,370.0,0.0,0.0,0.0,0.0,0.0,0.0,1024.0,685.0,0.01898950729927,Female,Asian,True,Female_Asian,0.0,10
18478,7--Cheering/7_Cheering_Cheering_7_134.jpg,472.0,236.0,558.0,360.0,0.0,0.0,0.0,0.0,0.0,0.0,1024.0,685.0,0.0152030109489051,Male,Asian,True,Male_Asian,0.0,10
18479,7--Cheering/7_Cheering_Cheering_7_134.jpg,724.0,256.0,808.0,368.0,0.0,1.0,0.0,0.0,0.0,0.0,1024.0,685.0,0.013412408759124,Male,Asian,True,Male_Asian,0.0,10
18480,7--Cheering/7_Cheering_Cheering_7_655.jpg,393.0,760.0,618.0,1132.0,0.0,1.0,0.0,0.0,0.0,0.0,1024.0,1536.0,0.0532150268554687,Female,Indian,True,Female_Indian,1.0,1
18481,7--Cheering/7_Cheering_Cheering_7_500.jpg,442.0,140.0,754.0,596.0,0.0,1.0,0.0,0.0,0.0,0.0,1024.0,735.0,0.1890306122448979,Male,White,True,Male_White,7.0,1
18495,7--Cheering/7_Cheering_Cheering_7_293.jpg,549.0,511.0,618.0,571.0,0.0,1.0,1.0,0.0,0.0,1.0,1024.0,1351.0,0.0029925749444855,Female,Asian,True,Female_Asian,0.0,1
18504,7--Cheering/7_Cheering_Cheering_7_835.jpg,345.0,165.0,675.0,570.0,0.0,0.0,0.0,0.0,0.0,0.0,1024.0,1536.0,0.0849723815917968,Female,White,True,Female_White,3.0,1
18520,7--Cheering/7_Cheering_Cheering_7_802.jpg,346.0,316.0,560.0,614.0,0.0,0.0,0.0,0.0,0.0,0.0,1024.0,1544.0,0.0403350671955958,Female,Asian,True,Female_Asian,1.0,1
18521,7--Cheering/7_Cheering_Cheering_7_739.jpg,284.0,280.0,746.0,826.0,0.0,0.0,0.0,0.0,0.0,0.0,1024.0,965.0,0.2552744494818653,Female,Asian,True,Female_Asian,9.0,1
18528,8--Election_Campain/8_Election_Campain_Election_Campaign_8_269.jpg,390.0,189.0,627.0,507.0,0.0,1.0,0.0,0.0,0.0,0.0,1024.0,1539.0,0.0478230080409356,Female,White,True,Female_White,1.0,1
18532,8--Election_Campain/8_Election_Campain_Election_Campaign_8_300.jpg,206.0,462.0,348.0,624.0,0.0,0.0,1.0,0.0,0.0,0.0,1024.0,769.0,0.0292130607932379,Male,White,True,Male_White,1.0,1
18533,8--Election_Campain/8_Election_Campain_Election_Campaign_8_300.jpg,576.0,74.0,708.0,282.0,0.0,0.0,0.0,0.0,0.0,0.0,1024.0,769.0,0.0348667100130039,Male,White,True,Male_White,1.0,1
18534,8--Election_Campain/8_Election_Campain_Election_Campaign_8_300.jpg,80.0,44.0,204.0,224.0,0.0,0.0,0.0,0.0,0.0,0.0,1024.0,769.0,0.0283444408322496,Male,Black,True,Male_Black,1.0,1
18535,8--Election_Campain/8_Election_Campain_Election_Campaign_8_300.jpg,700.0,442.0,850.0,634.0,0.0,0.0,1.0,0.0,0.0,0.0,1024.0,769.0,0.0365734720416124,Male,Black,True,Male_Black,1.0,1
18543,8--Election_Campain/8_Election_Campain_Election_Campaign_8_451.jpg,432.0,114.0,681.0,441.0,0.0,1.0,1.0,0.0,0.0,1.0,1024.0,1536.0,0.051767349243164,Male,Asian,True,Male_Asian,1.0,1
18544,8--Election_Campain/8_Election_Campain_Election_Campaign_8_69.jpg,116.0,124.0,266.0,342.0,0.0,0.0,0.0,0.0,0.0,0.0,1024.0,707.0,0.0451677422206506,Male,White,True,Male_White,1.0,1
18547,8--Election_Campain/8_Election_Campain_Election_Campaign_8_120.jpg,196.0,139.0,821.0,742.0,0.0,0.0,0.0,0.0,0.0,0.0,1024.0,1392.0,0.2643979828933189,Male,White,True,Male_White,9.0,1
18548,8--Election_Campain/8_Election_Campain_Election_Campaign_8_25.jpg,590.0,154.0,770.0,394.0,0.0,0.0,1.0,0.0,0.0,0.0,1024.0,681.0,0.0619493392070484,Male,Indian,True,Male_Indian,2.0,1
18550,9--Press_Conference/9_Press_Conference_Press_Conference_9_784.jpg,204.0,90.0,592.0,556.0,0.0,0.0,0.0,0.0,0.0,0.0,1024.0,819.0,0.2155925671550671,Female,White,True,Female_White,8.0,1
18553,9--Press_Conference/9_Press_Conference_Press_Conference_9_352.jpg,181.0,395.0,741.0,1103.0,0.0,0.0,1.0,0.0,0.0,0.0,1024.0,1541.0,0.2512573004542505,Female,White,True,Female_White,9.0,1
18557,9--Press_Conference/9_Press_Conference_Press_Conference_9_492.jpg,262.0,6.0,716.0,484.0,0.0,0.0,0.0,0.0,0.0,0.0,1024.0,679.0,0.3121145526509573,Female,White,True,Female_White,11.0,1
18558,9--Press_Conference/9_Press_Conference_Press_Conference_9_141.jpg,248.0,295.0,794.0,1011.0,0.0,0.0,0.0,0.0,0.0,0.0,1024.0,1325.0,0.2881308962264151,Male,White,True,Male_White,10.0,1
18560,9--Press_Conference/9_Press_Conference_Press_Conference_9_571.jpg,369.0,342.0,621.0,690.0,0.0,0.0,1.0,0.0,0.0,0.0,1024.0,1536.0,0.055755615234375,Male,Indian,True,Male_Indian,2.0,1
18564,9--Press_Conference/9_Press_Conference_Press_Conference_9_344.jpg,608.0,294.0,876.0,662.0,0.0,0.0,0.0,0.0,0.0,0.0,1024.0,683.0,0.1410139092240117,Female,White,True,Female_White,5.0,1
18566,9--Press_Conference/9_Press_Conference_Press_Conference_9_520.jpg,282.0,495.0,477.0,759.0,0.0,0.0,0.0,0.0,0.0,0.0,1024.0,1536.0,0.0327301025390625,Male,Indian,True,Male_Indian,1.0,1
18567,9--Press_Conference/9_Press_Conference_Press_Conference_9_297.jpg,410.0,176.0,672.0,538.0,0.0,0.0,0.0,0.0,0.0,0.0,1024.0,1639.0,0.0565107344417327,Female,Indian,True,Female_Indian,2.0,1
18571,9--Press_Conference/9_Press_Conference_Press_Conference_9_332.jpg,163.0,241.0,959.0,1342.0,0.0,0.0,1.0,0.0,0.0,0.0,1024.0,1581.0,0.5413380574003795,Male,White,True,Male_White,,1
18576,9--Press_Conference/9_Press_Conference_Press_Conference_9_432.jpg,437.0,166.0,681.0,530.0,0.0,0.0,0.0,0.0,0.0,0.0,1024.0,1543.0,0.0562115197666882,Male,Indian,True,Male_Indian,2.0,1
18579,9--Press_Conference/9_Press_Conference_Press_Conference_9_924.jpg,398.0,156.0,654.0,520.0,0.0,0.0,0.0,0.0,0.0,0.0,1024.0,768.0,0.1184895833333333,Female,White,True,Female_White,4.0,1
18581,9--Press_Conference/9_Press_Conference_Press_Conference_9_636.jpg,202.0,296.0,697.0,957.0,0.0,0.0,0.0,0.0,0.0,0.0,1024.0,1417.0,0.2254949662579393,Male,White,True,Male_White,8.0,1
18582,9--Press_Conference/9_Press_Conference_Press_Conference_9_397.jpg,87.0,90.0,134.0,153.0,1.0,0.0,0.0,0.0,0.0,0.0,1024.0,683.0,0.004233677251098,Male,Asian,True,Male_Asian,0.0,10
18583,9--Press_Conference/9_Press_Conference_Press_Conference_9_397.jpg,208.0,134.0,254.0,186.0,1.0,0.0,0.0,0.0,0.0,0.0,1024.0,683.0,0.0034201134699853,Female,Asian,True,Female_Asian,0.0,10
18584,9--Press_Conference/9_Press_Conference_Press_Conference_9_397.jpg,355.0,103.0,400.0,164.0,1.0,0.0,0.0,0.0,0.0,0.0,1024.0,683.0,0.0039248375732064,Male,Asian,True,Male_Asian,0.0,10
18585,9--Press_Conference/9_Press_Conference_Press_Conference_9_397.jpg,483.0,118.0,524.0,173.0,1.0,0.0,0.0,0.0,0.0,0.0,1024.0,683.0,0.0032242290446559,Female,Asian,True,Female_Asian,0.0,10
18586,9--Press_Conference/9_Press_Conference_Press_Conference_9_397.jpg,627.0,111.0,672.0,172.0,1.0,0.0,0.0,0.0,0.0,0.0,1024.0,683.0,0.0039248375732064,Male,Asian,True,Male_Asian,0.0,10
18587,9--Press_Conference/9_Press_Conference_Press_Conference_9_397.jpg,712.0,153.0,752.0,205.0,1.0,0.0,0.0,0.0,0.0,0.0,1024.0,683.0,0.0029740117130307,Female,Asian,True,Female_Asian,0.0,10
18588,9--Press_Conference/9_Press_Conference_Press_Conference_9_397.jpg,783.0,161.0,828.0,214.0,1.0,0.0,0.0,0.0,0.0,1.0,1024.0,683.0,0.0034101047767203,Female,Asian,True,Female_Asian,0.0,10
18589,9--Press_Conference/9_Press_Conference_Press_Conference_9_397.jpg,869.0,142.0,922.0,203.0,1.0,0.0,0.0,0.0,0.0,0.0,1024.0,683.0,0.0046225864751098,Male,Asian,True,Male_Asian,0.0,10
18590,9--Press_Conference/9_Press_Conference_Press_Conference_9_252.jpg,296.0,124.0,696.0,666.0,0.0,0.0,0.0,0.0,0.0,0.0,1024.0,1024.0,0.206756591796875,Female,White,True,Female_White,7.0,1
18591,9--Press_Conference/9_Press_Conference_Press_Conference_9_615.jpg,350.0,158.0,648.0,516.0,0.0,0.0,0.0,0.0,0.0,0.0,1024.0,642.0,0.1622797410436137,Female,White,True,Female_White,6.0,1
18592,9--Press_Conference/9_Press_Conference_Press_Conference_9_933.jpg,304.0,265.0,729.0,858.0,0.0,0.0,0.0,0.0,0.0,0.0,1024.0,1541.0,0.159713279729072,Female,White,True,Female_White,5.0,1
18596,9--Press_Conference/9_Press_Conference_Press_Conference_9_748.jpg,308.0,215.0,686.0,762.0,0.0,0.0,0.0,0.0,0.0,0.0,1024.0,1576.0,0.128121777839467,Female,White,True,Female_White,4.0,1
18603,9--Press_Conference/9_Press_Conference_Press_Conference_9_607.jpg,333.0,153.0,582.0,501.0,0.0,0.0,0.0,0.0,0.0,0.0,1024.0,1536.0,0.0550918579101562,Female,Indian,True,Female_Indian,2.0,1
18604,9--Press_Conference/9_Press_Conference_Press_Conference_9_34.jpg,257.0,286.0,665.0,751.0,0.0,0.0,0.0,0.0,0.0,0.0,1024.0,1331.0,0.1391986758076634,Male,White,True,Male_White,5.0,1
18605,9--Press_Conference/9_Press_Conference_Press_Conference_9_258.jpg,283.0,338.0,762.0,992.0,0.0,0.0,0.0,0.0,0.0,0.0,1024.0,1856.0,0.1648296487742457,Female,White,True,Female_White,6.0,1
18606,9--Press_Conference/9_Press_Conference_Press_Conference_9_431.jpg,306.0,258.0,648.0,711.0,0.0,0.0,0.0,0.0,0.0,0.0,1024.0,1536.0,0.0984992980957031,Female,White,True,Female_White,3.0,1
18607,9--Press_Conference/9_Press_Conference_Press_Conference_9_872.jpg,411.0,321.0,618.0,609.0,0.0,0.0,1.0,0.0,0.0,0.0,1024.0,1536.0,0.03790283203125,Female,Indian,True,Female_Indian,1.0,1
18608,9--Press_Conference/9_Press_Conference_Press_Conference_9_883.jpg,274.0,196.0,560.0,571.0,0.0,0.0,0.0,0.0,0.0,0.0,1024.0,1526.0,0.068634553161861,Female,Indian,True,Female_Indian,2.0,1
18609,9--Press_Conference/9_Press_Conference_Press_Conference_9_161.jpg,214.0,62.0,410.0,298.0,0.0,0.0,0.0,0.0,0.0,0.0,1024.0,708.0,0.0638020833333333,Male,White,True,Male_White,2.0,1
18611,9--Press_Conference/9_Press_Conference_Press_Conference_9_710.jpg,269.0,266.0,680.0,873.0,0.0,0.0,0.0,0.0,0.0,0.0,1024.0,1480.0,0.1646147856841216,Female,White,True,Female_White,6.0,1
18615,9--Press_Conference/9_Press_Conference_Press_Conference_9_658.jpg,247.0,178.0,611.0,669.0,0.0,0.0,0.0,0.0,0.0,0.0,1024.0,1540.0,0.1133345170454545,Female,White,True,Female_White,4.0,1
18616,9--Press_Conference/9_Press_Conference_Press_Conference_9_632.jpg,177.0,303.0,678.0,1054.0,0.0,0.0,0.0,0.0,0.0,0.0,1024.0,1539.0,0.2387476394980507,Female,White,True,Female_White,8.0,1
18623,9--Press_Conference/9_Press_Conference_Press_Conference_9_767.jpg,281.0,167.0,680.0,740.0,0.0,0.0,0.0,0.0,0.0,0.0,1024.0,1334.0,0.1673677321495502,Male,Black,True,Male_Black,6.0,1
18624,9--Press_Conference/9_Press_Conference_Press_Conference_9_552.jpg,389.0,120.0,632.0,475.0,0.0,0.0,0.0,0.0,0.0,0.0,1024.0,1463.0,0.0575824771445659,Female,Indian,True,Female_Indian,2.0,1
18626,9--Press_Conference/9_Press_Conference_Press_Conference_9_43.jpg,400.0,70.0,544.0,254.0,0.0,0.0,0.0,0.0,0.0,0.0,1024.0,760.0,0.0340460526315789,Male,Black,True,Male_Black,1.0,1
18627,9--Press_Conference/9_Press_Conference_Press_Conference_9_828.jpg,266.0,269.0,811.0,1053.0,0.0,0.0,0.0,0.0,0.0,0.0,1024.0,1532.0,0.2723665959530026,Female,White,True,Female_White,10.0,1
18630,9--Press_Conference/9_Press_Conference_Press_Conference_9_563.jpg,402.0,114.0,590.0,366.0,0.0,0.0,0.0,0.0,0.0,0.0,1024.0,681.0,0.0679377753303964,Male,Black,True,Male_Black,2.0,1
18631,9--Press_Conference/9_Press_Conference_Press_Conference_9_563.jpg,780.0,220.0,912.0,372.0,1.0,0.0,0.0,0.0,0.0,0.0,1024.0,681.0,0.028772026431718,Male,Black,True,Male_Black,1.0,1
18633,9--Press_Conference/9_Press_Conference_Press_Conference_9_391.jpg,322.0,12.0,736.0,602.0,0.0,0.0,0.0,0.0,0.0,0.0,1024.0,676.0,0.3528626571745562,Female,White,True,Female_White,13.0,1
18634,9--Press_Conference/9_Press_Conference_Press_Conference_9_345.jpg,229.0,440.0,362.0,609.0,0.0,0.0,0.0,0.0,1.0,0.0,1024.0,1542.0,0.0142348867136835,Female,Indian,True,Female_Indian,0.0,10
18635,9--Press_Conference/9_Press_Conference_Press_Conference_9_345.jpg,392.0,259.0,624.0,581.0,0.0,0.0,0.0,0.0,0.0,0.0,1024.0,1542.0,0.0473107166018158,Female,Indian,True,Female_Indian,1.0,10
18637,9--Press_Conference/9_Press_Conference_Press_Conference_9_930.jpg,268.0,96.0,611.0,617.0,0.0,0.0,0.0,0.0,0.0,0.0,1024.0,1541.0,0.1132476628406878,Female,White,True,Female_White,4.0,1
18648,9--Press_Conference/9_Press_Conference_Press_Conference_9_594.jpg,334.0,182.0,634.0,582.0,0.0,0.0,0.0,0.0,0.0,0.0,1024.0,788.0,0.1487151015228426,Male,White,True,Male_White,5.0,1
18649,9--Press_Conference/9_Press_Conference_Press_Conference_9_613.jpg,316.0,224.0,586.0,571.0,0.0,0.0,1.0,0.0,0.0,0.0,1024.0,1471.0,0.0621986000169952,Female,White,True,Female_White,2.0,1
18650,9--Press_Conference/9_Press_Conference_Press_Conference_9_521.jpg,332.0,172.0,626.0,544.0,0.0,0.0,0.0,0.0,0.0,0.0,1024.0,680.0,0.1570657169117647,Male,Indian,True,Male_Indian,5.0,1
