Unnamed: 0,filename,x1,y1,x2,y2,blur,expression,illumination,invalid,occlusion,pose,original_width,original_height,relative_area,Gender,Race,Valid,Gender_Race,area_bin
16,0--Parade/0_Parade_Parade_0_780.jpg,781.0,769.0,844.0,868.0,0.0,0.0,1.0,0.0,0.0,0.0,1024.0,1536.0,0.0039653778076171,Male,Black,True,Male_Black,0.0
30,0--Parade/0_Parade_marchingband_1_431.jpg,254.0,416.0,404.0,560.0,0.0,0.0,1.0,0.0,0.0,0.0,1024.0,683.0,0.0308839677891654,Male,White,True,Male_White,1.0
48,0--Parade/0_Parade_Parade_0_371.jpg,188.0,140.0,310.0,314.0,1.0,0.0,0.0,0.0,0.0,0.0,1024.0,672.0,0.0308489118303571,Male,White,True,Male_White,1.0
49,0--Parade/0_Parade_Parade_0_371.jpg,316.0,114.0,394.0,240.0,1.0,0.0,0.0,0.0,0.0,0.0,1024.0,672.0,0.0142822265625,Male,White,True,Male_White,0.0
50,0--Parade/0_Parade_Parade_0_371.jpg,424.0,92.0,520.0,244.0,1.0,0.0,0.0,0.0,0.0,0.0,1024.0,672.0,0.0212053571428571,Male,White,True,Male_White,0.0
51,0--Parade/0_Parade_Parade_0_371.jpg,576.0,128.0,650.0,252.0,1.0,0.0,0.0,0.0,0.0,0.0,1024.0,672.0,0.013334728422619,Male,White,True,Male_White,0.0
52,0--Parade/0_Parade_Parade_0_371.jpg,700.0,120.0,826.0,296.0,1.0,0.0,0.0,0.0,0.0,0.0,1024.0,672.0,0.0322265625,Male,White,True,Male_White,1.0
65,0--Parade/0_Parade_Parade_0_773.jpg,209.0,888.0,734.0,1663.0,0.0,0.0,0.0,0.0,0.0,0.0,1024.0,1702.0,0.2334540935296709,Male,White,True,Male_White,8.0
73,0--Parade/0_Parade_marchingband_1_840.jpg,734.0,112.0,836.0,226.0,1.0,0.0,0.0,0.0,1.0,0.0,1024.0,821.0,0.0138312652253349,Male,Black,True,Male_Black,0.0
74,0--Parade/0_Parade_marchingband_1_840.jpg,404.0,266.0,478.0,360.0,1.0,0.0,0.0,0.0,1.0,0.0,1024.0,821.0,0.0082740179658952,Male,Black,True,Male_Black,0.0
75,0--Parade/0_Parade_marchingband_1_840.jpg,80.0,294.0,142.0,380.0,1.0,0.0,1.0,0.0,1.0,0.0,1024.0,821.0,0.006342303593179,Male,Black,True,Male_Black,0.0
102,0--Parade/0_Parade_marchingband_1_512.jpg,827.0,182.0,869.0,226.0,0.0,0.0,0.0,0.0,0.0,0.0,1024.0,695.0,0.0025966726618705,Male,White,True,Male_White,0.0
103,0--Parade/0_Parade_marchingband_1_512.jpg,385.0,130.0,438.0,200.0,0.0,0.0,0.0,0.0,0.0,0.0,1024.0,695.0,0.0052130170863309,Male,White,True,Male_White,0.0
104,0--Parade/0_Parade_marchingband_1_512.jpg,99.0,93.0,174.0,205.0,0.0,0.0,0.0,0.0,0.0,0.0,1024.0,695.0,0.0118030575539568,Male,White,True,Male_White,0.0
134,0--Parade/0_Parade_marchingband_1_1031.jpg,276.0,266.0,830.0,876.0,0.0,0.0,0.0,0.0,0.0,0.0,1024.0,1309.0,0.2521157610771581,Male,Black,True,Male_Black,9.0
139,0--Parade/0_Parade_Parade_0_518.jpg,250.0,50.0,300.0,119.0,1.0,0.0,0.0,0.0,0.0,0.0,1024.0,682.0,0.0049400888929618,Male,White,True,Male_White,0.0
140,0--Parade/0_Parade_Parade_0_518.jpg,367.0,58.0,407.0,113.0,1.0,0.0,0.0,0.0,0.0,0.0,1024.0,682.0,0.0031502016129032,Male,White,True,Male_White,0.0
141,0--Parade/0_Parade_Parade_0_518.jpg,512.0,99.0,564.0,166.0,1.0,0.0,0.0,0.0,0.0,0.0,1024.0,682.0,0.0049887738269794,Male,White,True,Male_White,0.0
142,0--Parade/0_Parade_Parade_0_518.jpg,621.0,125.0,665.0,179.0,1.0,0.0,0.0,0.0,0.0,0.0,1024.0,682.0,0.0034022177419354,Male,White,True,Male_White,0.0
143,0--Parade/0_Parade_Parade_0_518.jpg,723.0,29.0,776.0,82.0,1.0,0.0,0.0,0.0,0.0,0.0,1024.0,682.0,0.0040222346957478,Male,White,True,Male_White,0.0
150,0--Parade/0_Parade_marchingband_1_186.jpg,154.0,108.0,187.0,146.0,0.0,0.0,1.0,0.0,1.0,0.0,1024.0,534.0,0.002293275983146,Male,White,True,Male_White,0.0
151,0--Parade/0_Parade_marchingband_1_186.jpg,414.0,115.0,447.0,157.0,1.0,0.0,1.0,0.0,1.0,0.0,1024.0,534.0,0.0025346734550561,Male,White,True,Male_White,0.0
152,0--Parade/0_Parade_marchingband_1_186.jpg,680.0,131.0,714.0,175.0,1.0,0.0,1.0,0.0,1.0,0.0,1024.0,534.0,0.0027358380149812,Male,White,True,Male_White,0.0
153,0--Parade/0_Parade_marchingband_1_186.jpg,976.0,119.0,1007.0,161.0,1.0,0.0,1.0,0.0,1.0,0.0,1024.0,534.0,0.0023810568820224,Male,White,True,Male_White,0.0
187,0--Parade/0_Parade_Parade_0_534.jpg,123.0,383.0,198.0,479.0,0.0,1.0,0.0,0.0,0.0,1.0,1024.0,1532.0,0.0045895887728459,Male,White,True,Male_White,0.0
188,0--Parade/0_Parade_Parade_0_534.jpg,353.0,380.0,431.0,467.0,0.0,1.0,0.0,0.0,0.0,1.0,1024.0,1532.0,0.0043256874184073,Male,White,True,Male_White,0.0
189,0--Parade/0_Parade_Parade_0_534.jpg,602.0,503.0,671.0,602.0,1.0,1.0,0.0,0.0,0.0,0.0,1024.0,1532.0,0.0043543723482375,Male,White,True,Male_White,0.0
190,0--Parade/0_Parade_Parade_0_534.jpg,769.0,269.0,832.0,362.0,0.0,1.0,0.0,0.0,0.0,0.0,1024.0,1532.0,0.0037347778639033,Male,White,True,Male_White,0.0
191,0--Parade/0_Parade_Parade_0_534.jpg,527.0,943.0,638.0,1087.0,0.0,0.0,0.0,0.0,0.0,0.0,1024.0,1532.0,0.010188887075718,Male,White,True,Male_White,0.0
220,0--Parade/0_Parade_marchingband_1_563.jpg,310.0,851.0,731.0,1338.0,0.0,0.0,0.0,0.0,1.0,0.0,1024.0,1530.0,0.1308638429330065,Male,White,True,Male_White,4.0
273,1--Handshaking/1_Handshaking_Handshaking_1_795.jpg,455.0,237.0,542.0,363.0,0.0,0.0,1.0,0.0,1.0,0.0,1024.0,1532.0,0.0069876489066579,Male,Black,True,Male_Black,0.0
282,1--Handshaking/1_Handshaking_Handshaking_1_429.jpg,378.0,158.0,680.0,606.0,0.0,0.0,0.0,0.0,0.0,0.0,1024.0,768.0,0.1720377604166666,Male,Asian,True,Male_Asian,6.0
283,1--Handshaking/1_Handshaking_Handshaking_1_542.jpg,132.0,44.0,202.0,138.0,1.0,0.0,0.0,0.0,0.0,0.0,1024.0,363.0,0.017701876721763,Male,White,True,Male_White,0.0
284,1--Handshaking/1_Handshaking_Handshaking_1_542.jpg,332.0,26.0,404.0,134.0,1.0,0.0,1.0,0.0,0.0,0.0,1024.0,363.0,0.0209194214876033,Male,White,True,Male_White,0.0
285,1--Handshaking/1_Handshaking_Handshaking_1_542.jpg,594.0,60.0,664.0,154.0,1.0,0.0,1.0,0.0,0.0,0.0,1024.0,363.0,0.017701876721763,Male,Black,True,Male_Black,0.0
286,1--Handshaking/1_Handshaking_Handshaking_1_542.jpg,800.0,144.0,884.0,274.0,0.0,0.0,1.0,0.0,0.0,0.0,1024.0,363.0,0.0293775826446281,Male,White,True,Male_White,1.0
289,1--Handshaking/1_Handshaking_Handshaking_1_640.jpg,693.0,171.0,859.0,423.0,1.0,0.0,0.0,0.0,0.0,0.0,1024.0,1267.0,0.0322427486187845,Male,Black,True,Male_Black,1.0
315,1--Handshaking/1_Handshaking_Handshaking_1_333.jpg,246.0,270.0,742.0,938.0,0.0,0.0,0.0,0.0,0.0,0.0,1024.0,1024.0,0.31597900390625,Male,White,True,Male_White,11.0
349,1--Handshaking/1_Handshaking_Handshaking_1_545.jpg,273.0,195.0,771.0,889.0,0.0,0.0,0.0,0.0,0.0,0.0,1024.0,1537.0,0.2195912288549121,Male,White,True,Male_White,8.0
399,10--People_Marching/10_People_Marching_People_Marching_2_1038.jpg,518.0,351.0,664.0,515.0,0.0,0.0,0.0,0.0,0.0,0.0,1024.0,1523.0,0.0153531270518713,Male,White,True,Male_White,0.0
407,10--People_Marching/10_People_Marching_People_Marching_10_People_Marching_People_Marching_10_People_Marching_People_Marching_10_245.jpg,210.0,228.0,292.0,342.0,0.0,1.0,1.0,0.0,0.0,0.0,1024.0,629.0,0.0145133644674085,Male,White,True,Male_White,0.0
408,10--People_Marching/10_People_Marching_People_Marching_10_People_Marching_People_Marching_10_People_Marching_People_Marching_10_245.jpg,348.0,248.0,424.0,348.0,0.0,1.0,1.0,0.0,1.0,1.0,1024.0,629.0,0.0117994833068362,Male,White,True,Male_White,0.0
409,10--People_Marching/10_People_Marching_People_Marching_10_People_Marching_People_Marching_10_People_Marching_People_Marching_10_245.jpg,930.0,214.0,986.0,288.0,0.0,0.0,1.0,0.0,0.0,0.0,1024.0,629.0,0.0064338235294117,Male,White,True,Male_White,0.0
410,10--People_Marching/10_People_Marching_People_Marching_10_People_Marching_People_Marching_10_People_Marching_People_Marching_10_245.jpg,616.0,316.0,670.0,388.0,1.0,1.0,1.0,0.0,1.0,1.0,1024.0,629.0,0.0060363672496025,Male,White,True,Male_White,0.0
423,10--People_Marching/10_People_Marching_People_Marching_2_335.jpg,227.0,405.0,288.0,491.0,1.0,0.0,0.0,0.0,0.0,0.0,1024.0,1573.0,0.0032568638747616,Male,White,True,Male_White,0.0
424,10--People_Marching/10_People_Marching_People_Marching_2_335.jpg,512.0,414.0,567.0,494.0,1.0,0.0,0.0,0.0,0.0,0.0,1024.0,1573.0,0.0027316433566433,Male,White,True,Male_White,0.0
425,10--People_Marching/10_People_Marching_People_Marching_2_335.jpg,776.0,411.0,837.0,500.0,1.0,0.0,0.0,0.0,0.0,0.0,1024.0,1573.0,0.0033704754052765,Male,White,True,Male_White,0.0
429,10--People_Marching/10_People_Marching_People_Marching_2_392.jpg,87.0,91.0,172.0,185.0,1.0,0.0,0.0,0.0,0.0,0.0,1024.0,683.0,0.011424208455344,Male,White,True,Male_White,0.0
430,10--People_Marching/10_People_Marching_People_Marching_2_392.jpg,355.0,320.0,396.0,371.0,1.0,0.0,0.0,0.0,0.0,0.0,1024.0,683.0,0.00298973965959,Male,White,True,Male_White,0.0
431,10--People_Marching/10_People_Marching_People_Marching_2_392.jpg,558.0,174.0,621.0,259.0,1.0,0.0,0.0,0.0,0.0,0.0,1024.0,683.0,0.0076566503477306,Male,White,True,Male_White,0.0
432,10--People_Marching/10_People_Marching_People_Marching_2_392.jpg,727.0,200.0,803.0,286.0,1.0,0.0,0.0,0.0,1.0,0.0,1024.0,683.0,0.0093452598828696,Male,White,True,Male_White,0.0
433,10--People_Marching/10_People_Marching_People_Marching_2_476.jpg,368.0,162.0,572.0,456.0,0.0,0.0,0.0,0.0,0.0,0.0,1024.0,680.0,0.0861328125,Male,White,True,Male_White,3.0
434,10--People_Marching/10_People_Marching_People_Marching_2_476.jpg,734.0,266.0,916.0,494.0,0.0,0.0,0.0,0.0,0.0,0.0,1024.0,680.0,0.0595932904411764,Male,White,True,Male_White,2.0
435,10--People_Marching/10_People_Marching_People_Marching_2_476.jpg,50.0,20.0,222.0,318.0,0.0,0.0,0.0,0.0,0.0,0.0,1024.0,680.0,0.0736098345588235,Male,White,True,Male_White,2.0
436,10--People_Marching/10_People_Marching_People_Marching_2_417.jpg,274.0,146.0,700.0,782.0,0.0,0.0,0.0,0.0,0.0,0.0,1024.0,1169.0,0.2263352758768178,Male,White,True,Male_White,8.0
445,10--People_Marching/10_People_Marching_People_Marching_2_321.jpg,121.0,92.0,169.0,162.0,0.0,0.0,0.0,0.0,0.0,0.0,1024.0,682.0,0.0048112170087976,Male,Black,True,Male_Black,0.0
446,10--People_Marching/10_People_Marching_People_Marching_2_321.jpg,281.0,139.0,327.0,198.0,0.0,0.0,0.0,0.0,0.0,0.0,1024.0,682.0,0.0038862032624633,Male,White,True,Male_White,0.0
447,10--People_Marching/10_People_Marching_People_Marching_2_321.jpg,482.0,186.0,527.0,247.0,0.0,0.0,0.0,0.0,0.0,0.0,1024.0,682.0,0.0039305924670087,Male,White,True,Male_White,0.0
448,10--People_Marching/10_People_Marching_People_Marching_2_321.jpg,666.0,155.0,711.0,216.0,0.0,0.0,0.0,0.0,0.0,0.0,1024.0,682.0,0.0039305924670087,Male,White,True,Male_White,0.0
449,10--People_Marching/10_People_Marching_People_Marching_2_321.jpg,853.0,146.0,896.0,202.0,0.0,0.0,0.0,0.0,0.0,0.0,1024.0,682.0,0.0034480388563049,Male,White,True,Male_White,0.0
450,10--People_Marching/10_People_Marching_People_Marching_10_People_Marching_People_Marching_10_805.jpg,438.0,188.0,600.0,414.0,0.0,1.0,0.0,0.0,0.0,0.0,1024.0,682.0,0.0524250824780058,Male,White,True,Male_White,1.0
500,11--Meeting/11_Meeting_Meeting_11_Meeting_Meeting_11_893.jpg,310.0,274.0,408.0,396.0,0.0,0.0,0.0,0.0,0.0,0.0,1024.0,767.0,0.0152226613428943,Male,White,True,Male_White,0.0
501,11--Meeting/11_Meeting_Meeting_11_Meeting_Meeting_11_893.jpg,472.0,246.0,554.0,344.0,0.0,0.0,0.0,0.0,0.0,0.0,1024.0,767.0,0.0102316248370273,Male,White,True,Male_White,0.0
502,11--Meeting/11_Meeting_Meeting_11_Meeting_Meeting_11_893.jpg,606.0,266.0,696.0,374.0,0.0,0.0,0.0,0.0,0.0,0.0,1024.0,767.0,0.0123757333767927,Male,Black,True,Male_Black,0.0
519,11--Meeting/11_Meeting_Meeting_11_Meeting_Meeting_11_446.jpg,584.0,100.0,708.0,264.0,0.0,0.0,1.0,0.0,0.0,0.0,1024.0,740.0,0.0268369932432432,Male,White,True,Male_White,0.0
548,11--Meeting/11_Meeting_Meeting_11_Meeting_Meeting_11_471.jpg,369.0,196.0,442.0,314.0,0.0,0.0,0.0,0.0,0.0,0.0,1024.0,1213.0,0.0069349623866446,Male,White,True,Male_White,0.0
549,11--Meeting/11_Meeting_Meeting_11_Meeting_Meeting_11_471.jpg,480.0,234.0,572.0,340.0,0.0,0.0,0.0,0.0,0.0,0.0,1024.0,1213.0,0.0078511438582028,Male,White,True,Male_White,0.0
550,11--Meeting/11_Meeting_Meeting_11_Meeting_Meeting_11_471.jpg,707.0,142.0,776.0,246.0,0.0,0.0,1.0,0.0,0.0,0.0,1024.0,1213.0,0.005777256801319,Male,White,True,Male_White,0.0
634,11--Meeting/11_Meeting_Meeting_11_Meeting_Meeting_11_393.jpg,348.0,214.0,696.0,636.0,0.0,0.0,1.0,0.0,0.0,0.0,1024.0,949.0,0.151121246048472,Male,White,True,Male_White,5.0
688,11--Meeting/11_Meeting_Meeting_11_Meeting_Meeting_11_200.jpg,24.0,198.0,76.0,294.0,0.0,0.0,0.0,0.0,0.0,0.0,1024.0,661.0,0.007375189107413,Male,White,True,Male_White,0.0
689,11--Meeting/11_Meeting_Meeting_11_Meeting_Meeting_11_200.jpg,122.0,202.0,176.0,290.0,0.0,0.0,0.0,0.0,0.0,0.0,1024.0,661.0,0.0070206127080181,Male,White,True,Male_White,0.0
690,11--Meeting/11_Meeting_Meeting_11_Meeting_Meeting_11_200.jpg,250.0,210.0,308.0,282.0,0.0,0.0,0.0,0.0,0.0,0.0,1024.0,661.0,0.0061696293494705,Male,White,True,Male_White,0.0
691,11--Meeting/11_Meeting_Meeting_11_Meeting_Meeting_11_200.jpg,462.0,192.0,514.0,256.0,0.0,0.0,0.0,0.0,0.0,0.0,1024.0,661.0,0.0049167927382753,Male,White,True,Male_White,0.0
692,11--Meeting/11_Meeting_Meeting_11_Meeting_Meeting_11_200.jpg,822.0,212.0,880.0,272.0,0.0,0.0,0.0,0.0,0.0,0.0,1024.0,661.0,0.0051413577912254,Male,White,True,Male_White,0.0
771,12--Group/12_Group_Group_12_Group_Group_12_803.jpg,414.0,336.0,536.0,472.0,1.0,1.0,1.0,0.0,0.0,0.0,1024.0,1006.0,0.016106486083499,Male,White,True,Male_White,0.0
785,12--Group/12_Group_Team_Organized_Group_12_Group_Team_Organized_Group_12_539.jpg,341.0,186.0,707.0,723.0,0.0,0.0,1.0,0.0,0.0,0.0,1024.0,1268.0,0.1513687278194006,Male,White,True,Male_White,5.0
793,12--Group/12_Group_Team_Organized_Group_12_Group_Team_Organized_Group_12_878.jpg,444.0,441.0,528.0,522.0,1.0,0.0,0.0,0.0,1.0,0.0,1024.0,1538.0,0.0043202413849154,Male,Black,True,Male_Black,0.0
853,12--Group/12_Group_Group_12_Group_Group_12_324.jpg,863.0,191.0,969.0,313.0,1.0,0.0,0.0,0.0,0.0,0.0,1024.0,706.0,0.0178879691926345,Male,Black,True,Male_Black,0.0
854,12--Group/12_Group_Group_12_Group_Group_12_324.jpg,736.0,199.0,810.0,284.0,1.0,0.0,0.0,0.0,0.0,0.0,1024.0,706.0,0.0087005355878186,Male,Black,True,Male_Black,0.0
855,12--Group/12_Group_Group_12_Group_Group_12_324.jpg,578.0,245.0,627.0,309.0,1.0,0.0,0.0,0.0,0.0,0.0,1024.0,706.0,0.0043378186968838,Male,Black,True,Male_Black,0.0
856,12--Group/12_Group_Group_12_Group_Group_12_324.jpg,464.0,260.0,511.0,315.0,1.0,0.0,0.0,0.0,0.0,0.0,1024.0,706.0,0.0035756573123229,Male,Black,True,Male_Black,0.0
857,12--Group/12_Group_Group_12_Group_Group_12_324.jpg,280.0,278.0,343.0,341.0,1.0,0.0,0.0,0.0,0.0,0.0,1024.0,706.0,0.0054900517882436,Male,Black,True,Male_Black,0.0
858,12--Group/12_Group_Group_12_Group_Group_12_324.jpg,51.0,139.0,227.0,324.0,0.0,0.0,0.0,0.0,0.0,0.0,1024.0,706.0,0.0450380665722379,Male,Black,True,Male_Black,1.0
863,12--Group/12_Group_Group_12_Group_Group_12_748.jpg,130.0,57.0,197.0,158.0,0.0,0.0,0.0,0.0,0.0,0.0,1024.0,765.0,0.0086384293300653,Male,White,True,Male_White,0.0
864,12--Group/12_Group_Group_12_Group_Group_12_748.jpg,414.0,304.0,462.0,367.0,0.0,0.0,0.0,0.0,0.0,0.0,1024.0,765.0,0.003860294117647,Male,White,True,Male_White,0.0
865,12--Group/12_Group_Group_12_Group_Group_12_748.jpg,800.0,166.0,854.0,240.0,0.0,0.0,0.0,0.0,0.0,0.0,1024.0,765.0,0.0051011029411764,Male,White,True,Male_White,0.0
894,12--Group/12_Group_Group_12_Group_Group_12_1047.jpg,771.0,132.0,821.0,205.0,0.0,0.0,1.0,0.0,0.0,0.0,1024.0,840.0,0.0042433965773809,Male,White,True,Male_White,0.0
895,12--Group/12_Group_Group_12_Group_Group_12_1047.jpg,675.0,153.0,726.0,229.0,0.0,0.0,1.0,0.0,0.0,0.0,1024.0,840.0,0.0045061383928571,Male,White,True,Male_White,0.0
896,12--Group/12_Group_Group_12_Group_Group_12_1047.jpg,601.0,103.0,655.0,176.0,0.0,0.0,1.0,0.0,0.0,0.0,1024.0,840.0,0.0045828683035714,Male,White,True,Male_White,0.0
897,12--Group/12_Group_Group_12_Group_Group_12_1047.jpg,503.0,169.0,556.0,228.0,0.0,0.0,1.0,0.0,0.0,0.0,1024.0,840.0,0.0036353701636904,Male,Asian,True,Male_Asian,0.0
898,12--Group/12_Group_Group_12_Group_Group_12_1047.jpg,456.0,78.0,507.0,140.0,0.0,0.0,1.0,0.0,0.0,0.0,1024.0,840.0,0.0036760602678571,Male,White,True,Male_White,0.0
899,12--Group/12_Group_Group_12_Group_Group_12_1047.jpg,349.0,138.0,403.0,197.0,0.0,0.0,1.0,0.0,0.0,0.0,1024.0,840.0,0.0037039620535714,Male,White,True,Male_White,0.0
900,12--Group/12_Group_Group_12_Group_Group_12_1047.jpg,288.0,73.0,339.0,134.0,0.0,0.0,1.0,0.0,0.0,0.0,1024.0,840.0,0.0036167689732142,Male,White,True,Male_White,0.0
901,12--Group/12_Group_Group_12_Group_Group_12_1047.jpg,178.0,109.0,241.0,187.0,0.0,0.0,1.0,0.0,0.0,0.0,1024.0,840.0,0.005712890625,Male,Asian,True,Male_Asian,0.0
989,12--Group/12_Group_Large_Group_12_Group_Large_Group_12_914.jpg,330.0,254.0,548.0,498.0,0.0,0.0,1.0,0.0,0.0,0.0,1024.0,1024.0,0.0507278442382812,Male,White,True,Male_White,1.0
1008,12--Group/12_Group_Team_Organized_Group_12_Group_Team_Organized_Group_12_358.jpg,164.0,190.0,226.0,268.0,1.0,0.0,0.0,0.0,0.0,0.0,1024.0,685.0,0.0068943886861313,Male,Indian,True,Male_Indian,0.0
1009,12--Group/12_Group_Team_Organized_Group_12_Group_Team_Organized_Group_12_358.jpg,428.0,238.0,500.0,336.0,0.0,0.0,0.0,0.0,0.0,1.0,1024.0,685.0,0.010059306569343,Male,Indian,True,Male_Indian,0.0
1010,12--Group/12_Group_Team_Organized_Group_12_Group_Team_Organized_Group_12_358.jpg,800.0,88.0,886.0,186.0,0.0,0.0,1.0,0.0,0.0,0.0,1024.0,685.0,0.0120152828467153,Male,Indian,True,Male_Indian,0.0
1011,12--Group/12_Group_Team_Organized_Group_12_Group_Team_Organized_Group_12_358.jpg,942.0,86.0,1002.0,164.0,1.0,0.0,0.0,0.0,0.0,1.0,1024.0,685.0,0.0066719890510948,Male,Indian,True,Male_Indian,0.0
1143,12--Group/12_Group_Group_12_Group_Group_12_774.jpg,234.0,128.0,558.0,500.0,0.0,0.0,1.0,0.0,0.0,1.0,1024.0,683.0,0.1723325402635432,Male,White,True,Male_White,6.0
1172,12--Group/12_Group_Group_12_Group_Group_12_880.jpg,244.0,3.0,405.0,147.0,0.0,0.0,0.0,0.0,0.0,1.0,1024.0,637.0,0.0355425824175824,Male,White,True,Male_White,1.0
1173,12--Group/12_Group_Group_12_Group_Group_12_880.jpg,444.0,116.0,572.0,247.0,0.0,0.0,0.0,0.0,0.0,1.0,1024.0,637.0,0.0257064364207221,Male,White,True,Male_White,0.0
1174,12--Group/12_Group_Group_12_Group_Group_12_880.jpg,588.0,196.0,719.0,279.0,0.0,0.0,0.0,0.0,0.0,1.0,1024.0,637.0,0.016669017366562,Male,White,True,Male_White,0.0
1175,12--Group/12_Group_Group_12_Group_Group_12_880.jpg,770.0,164.0,821.0,216.0,1.0,0.0,0.0,0.0,0.0,0.0,1024.0,637.0,0.0040656887755102,Male,White,True,Male_White,0.0
1193,12--Group/12_Group_Group_12_Group_Group_12_530.jpg,145.0,257.0,217.0,366.0,0.0,0.0,0.0,0.0,0.0,0.0,1024.0,1545.0,0.0049605582524271,Male,White,True,Male_White,0.0
1194,12--Group/12_Group_Group_12_Group_Group_12_530.jpg,396.0,251.0,468.0,360.0,0.0,0.0,0.0,0.0,0.0,0.0,1024.0,1545.0,0.0049605582524271,Male,White,True,Male_White,0.0
1195,12--Group/12_Group_Group_12_Group_Group_12_530.jpg,619.0,284.0,688.0,387.0,0.0,0.0,0.0,0.0,0.0,0.0,1024.0,1545.0,0.0044921875,Male,White,True,Male_White,0.0
1196,12--Group/12_Group_Group_12_Group_Group_12_530.jpg,810.0,230.0,892.0,336.0,0.0,0.0,0.0,0.0,0.0,0.0,1024.0,1545.0,0.005494033171521,Male,White,True,Male_White,0.0
1251,12--Group/12_Group_Large_Group_12_Group_Large_Group_12_239.jpg,367.0,85.0,409.0,142.0,0.0,0.0,0.0,0.0,0.0,0.0,1024.0,684.0,0.00341796875,Male,White,True,Male_White,0.0
1252,12--Group/12_Group_Large_Group_12_Group_Large_Group_12_239.jpg,281.0,59.0,329.0,113.0,0.0,0.0,0.0,0.0,0.0,0.0,1024.0,684.0,0.0037006578947368,Male,White,True,Male_White,0.0
1253,12--Group/12_Group_Large_Group_12_Group_Large_Group_12_239.jpg,488.0,45.0,538.0,105.0,0.0,0.0,0.0,0.0,0.0,0.0,1024.0,684.0,0.0042831688596491,Male,Asian,True,Male_Asian,0.0
1254,12--Group/12_Group_Large_Group_12_Group_Large_Group_12_239.jpg,627.0,76.0,676.0,133.0,0.0,0.0,0.0,0.0,0.0,0.0,1024.0,684.0,0.0039876302083333,Male,White,True,Male_White,0.0
1255,12--Group/12_Group_Large_Group_12_Group_Large_Group_12_239.jpg,720.0,19.0,766.0,89.0,0.0,0.0,0.0,0.0,0.0,0.0,1024.0,684.0,0.0045972679093567,Male,White,True,Male_White,0.0
1299,12--Group/12_Group_Team_Organized_Group_12_Group_Team_Organized_Group_12_492.jpg,300.0,290.0,341.0,354.0,1.0,0.0,0.0,0.0,0.0,0.0,1024.0,768.0,0.0033365885416666,Male,Black,True,Male_Black,0.0
1300,12--Group/12_Group_Team_Organized_Group_12_Group_Team_Organized_Group_12_492.jpg,405.0,286.0,446.0,343.0,1.0,0.0,0.0,0.0,0.0,0.0,1024.0,768.0,0.0029716491699218,Male,Black,True,Male_Black,0.0
1301,12--Group/12_Group_Team_Organized_Group_12_Group_Team_Organized_Group_12_492.jpg,180.0,309.0,221.0,365.0,1.0,0.0,0.0,0.0,0.0,0.0,1024.0,768.0,0.0029195149739583,Male,Black,True,Male_Black,0.0
1302,12--Group/12_Group_Team_Organized_Group_12_Group_Team_Organized_Group_12_492.jpg,736.0,336.0,779.0,383.0,1.0,0.0,0.0,0.0,0.0,0.0,1024.0,768.0,0.002569834391276,Male,White,True,Male_White,0.0
1303,12--Group/12_Group_Team_Organized_Group_12_Group_Team_Organized_Group_12_492.jpg,629.0,283.0,668.0,338.0,1.0,0.0,0.0,0.0,0.0,0.0,1024.0,768.0,0.0027275085449218,Male,White,True,Male_White,0.0
1304,12--Group/12_Group_Team_Organized_Group_12_Group_Team_Organized_Group_12_492.jpg,517.0,303.0,554.0,357.0,1.0,0.0,0.0,0.0,0.0,0.0,1024.0,768.0,0.0025405883789062,Male,White,True,Male_White,0.0
1305,12--Group/12_Group_Team_Organized_Group_12_Group_Team_Organized_Group_12_492.jpg,483.0,227.0,515.0,272.0,1.0,0.0,0.0,0.0,0.0,0.0,1024.0,768.0,0.0018310546875,Male,Black,True,Male_Black,0.0
1574,12--Group/12_Group_Group_12_Group_Group_12_286.jpg,152.0,124.0,224.0,208.0,0.0,0.0,0.0,0.0,0.0,0.0,1024.0,680.0,0.0086856617647058,Male,White,True,Male_White,0.0
1575,12--Group/12_Group_Group_12_Group_Group_12_286.jpg,372.0,102.0,444.0,198.0,0.0,0.0,0.0,0.0,0.0,0.0,1024.0,680.0,0.0099264705882352,Male,White,True,Male_White,0.0
1576,12--Group/12_Group_Group_12_Group_Group_12_286.jpg,574.0,114.0,646.0,210.0,0.0,0.0,0.0,0.0,0.0,0.0,1024.0,680.0,0.0099264705882352,Male,White,True,Male_White,0.0
1577,12--Group/12_Group_Group_12_Group_Group_12_286.jpg,806.0,66.0,880.0,160.0,0.0,0.0,0.0,0.0,0.0,0.0,1024.0,680.0,0.0099896599264705,Male,White,True,Male_White,0.0
1612,12--Group/12_Group_Group_12_Group_Group_12_802.jpg,264.0,168.0,330.0,246.0,1.0,0.0,0.0,0.0,0.0,0.0,1024.0,894.0,0.0056234270134228,Male,Black,True,Male_Black,0.0
1613,12--Group/12_Group_Group_12_Group_Group_12_802.jpg,350.0,124.0,412.0,204.0,1.0,0.0,0.0,0.0,0.0,0.0,1024.0,894.0,0.0054180648769574,Male,Black,True,Male_Black,0.0
1614,12--Group/12_Group_Group_12_Group_Group_12_802.jpg,556.0,148.0,620.0,240.0,1.0,0.0,0.0,0.0,0.0,0.0,1024.0,894.0,0.0064317673378076,Male,Black,True,Male_Black,0.0
1615,12--Group/12_Group_Group_12_Group_Group_12_802.jpg,736.0,122.0,800.0,204.0,1.0,0.0,0.0,0.0,0.0,0.0,1024.0,894.0,0.0057326621923937,Male,Black,True,Male_Black,0.0
1639,12--Group/12_Group_Team_Organized_Group_12_Group_Team_Organized_Group_12_806.jpg,328.0,114.0,412.0,206.0,0.0,0.0,0.0,0.0,1.0,0.0,1024.0,601.0,0.0125571963394342,Male,White,True,Male_White,0.0
1641,12--Group/12_Group_Group_12_Group_Group_12_31.jpg,108.0,70.0,212.0,218.0,0.0,0.0,0.0,0.0,0.0,0.0,1024.0,731.0,0.020562585499316,Male,White,True,Male_White,0.0
1642,12--Group/12_Group_Group_12_Group_Group_12_31.jpg,368.0,30.0,464.0,182.0,0.0,0.0,0.0,0.0,0.0,0.0,1024.0,731.0,0.0194938440492476,Male,White,True,Male_White,0.0
1643,12--Group/12_Group_Group_12_Group_Group_12_31.jpg,472.0,82.0,564.0,208.0,0.0,0.0,0.0,0.0,0.0,0.0,1024.0,731.0,0.0154860636114911,Male,White,True,Male_White,0.0
1644,12--Group/12_Group_Group_12_Group_Group_12_31.jpg,628.0,98.0,728.0,242.0,0.0,0.0,0.0,0.0,0.0,0.0,1024.0,731.0,0.0192373461012311,Male,White,True,Male_White,0.0
1645,12--Group/12_Group_Group_12_Group_Group_12_31.jpg,746.0,100.0,854.0,250.0,0.0,0.0,0.0,0.0,0.0,0.0,1024.0,731.0,0.021642014363885,Male,White,True,Male_White,0.0
1668,12--Group/12_Group_Team_Organized_Group_12_Group_Team_Organized_Group_12_1001.jpg,352.0,229.0,382.0,277.0,0.0,0.0,0.0,0.0,1.0,0.0,1024.0,683.0,0.0020589311859443,Male,Indian,True,Male_Indian,0.0
1669,12--Group/12_Group_Team_Organized_Group_12_Group_Team_Organized_Group_12_1001.jpg,518.0,267.0,552.0,307.0,0.0,0.0,0.0,0.0,1.0,0.0,1024.0,683.0,0.0019445461200585,Male,Indian,True,Male_Indian,0.0
1670,12--Group/12_Group_Team_Organized_Group_12_Group_Team_Organized_Group_12_1001.jpg,629.0,259.0,662.0,303.0,0.0,0.0,0.0,0.0,1.0,0.0,1024.0,683.0,0.0020760889458272,Male,Indian,True,Male_Indian,0.0
1672,12--Group/12_Group_Team_Organized_Group_12_Group_Team_Organized_Group_12_702.jpg,220.0,156.0,358.0,328.0,0.0,0.0,1.0,0.0,0.0,0.0,1024.0,769.0,0.0301426365409622,Male,White,True,Male_White,1.0
1746,12--Group/12_Group_Group_12_Group_Group_12_793.jpg,70.0,272.0,176.0,388.0,1.0,0.0,0.0,0.0,0.0,0.0,1024.0,818.0,0.014679477383863,Male,White,True,Male_White,0.0
1747,12--Group/12_Group_Group_12_Group_Group_12_793.jpg,450.0,252.0,542.0,372.0,1.0,0.0,0.0,0.0,0.0,0.0,1024.0,818.0,0.0131800122249388,Male,White,True,Male_White,0.0
1748,12--Group/12_Group_Group_12_Group_Group_12_793.jpg,732.0,216.0,828.0,332.0,1.0,0.0,0.0,0.0,0.0,0.0,1024.0,818.0,0.0132946210268948,Male,White,True,Male_White,0.0
1827,12--Group/12_Group_Team_Organized_Group_12_Group_Team_Organized_Group_12_938.jpg,228.0,202.0,430.0,488.0,0.0,0.0,1.0,0.0,0.0,0.0,1024.0,820.0,0.0688024009146341,Male,Indian,True,Male_Indian,2.0
1830,12--Group/12_Group_Team_Organized_Group_12_Group_Team_Organized_Group_12_828.jpg,702.0,20.0,830.0,132.0,0.0,0.0,0.0,0.0,0.0,1.0,1024.0,576.0,0.0243055555555555,Male,White,True,Male_White,0.0
1862,12--Group/12_Group_Large_Group_12_Group_Large_Group_12_788.jpg,30.0,198.0,142.0,482.0,0.0,0.0,0.0,0.0,0.0,0.0,1024.0,1024.0,0.03033447265625,Male,Black,True,Male_Black,1.0
1863,12--Group/12_Group_Large_Group_12_Group_Large_Group_12_788.jpg,178.0,318.0,270.0,428.0,0.0,0.0,0.0,0.0,0.0,0.0,1024.0,1024.0,0.0096511840820312,Male,Black,True,Male_Black,0.0
1864,12--Group/12_Group_Large_Group_12_Group_Large_Group_12_788.jpg,280.0,208.0,338.0,278.0,0.0,0.0,0.0,0.0,0.0,0.0,1024.0,1024.0,0.0038719177246093,Male,Black,True,Male_Black,0.0
1865,12--Group/12_Group_Large_Group_12_Group_Large_Group_12_788.jpg,418.0,222.0,602.0,408.0,0.0,0.0,1.0,0.0,0.0,0.0,1024.0,1024.0,0.0326385498046875,Male,Black,True,Male_Black,1.0
1866,12--Group/12_Group_Large_Group_12_Group_Large_Group_12_788.jpg,646.0,224.0,716.0,314.0,0.0,0.0,1.0,0.0,0.0,0.0,1024.0,1024.0,0.0060081481933593,Male,Black,True,Male_Black,0.0
1867,12--Group/12_Group_Large_Group_12_Group_Large_Group_12_788.jpg,772.0,296.0,846.0,394.0,0.0,0.0,1.0,0.0,0.0,0.0,1024.0,1024.0,0.0069160461425781,Male,Black,True,Male_Black,0.0
1868,12--Group/12_Group_Large_Group_12_Group_Large_Group_12_788.jpg,838.0,234.0,994.0,430.0,0.0,0.0,1.0,0.0,0.0,0.0,1024.0,1024.0,0.0291595458984375,Male,Black,True,Male_Black,1.0
1992,12--Group/12_Group_Large_Group_12_Group_Large_Group_12_721.jpg,458.0,412.0,526.0,498.0,0.0,0.0,1.0,0.0,0.0,0.0,1024.0,818.0,0.006981586185819,Male,White,True,Male_White,0.0
2033,12--Group/12_Group_Large_Group_12_Group_Large_Group_12_488.jpg,158.0,194.0,208.0,260.0,1.0,0.0,0.0,0.0,0.0,0.0,1024.0,768.0,0.0041961669921875,Male,Black,True,Male_Black,0.0
2034,12--Group/12_Group_Large_Group_12_Group_Large_Group_12_488.jpg,254.0,222.0,300.0,278.0,1.0,0.0,0.0,0.0,0.0,0.0,1024.0,768.0,0.0032755533854166,Male,Black,True,Male_Black,0.0
2035,12--Group/12_Group_Large_Group_12_Group_Large_Group_12_488.jpg,542.0,217.0,580.0,263.0,1.0,0.0,0.0,0.0,0.0,0.0,1024.0,768.0,0.0022226969401041,Male,Black,True,Male_Black,0.0
2036,12--Group/12_Group_Large_Group_12_Group_Large_Group_12_488.jpg,642.0,195.0,683.0,250.0,1.0,0.0,0.0,0.0,0.0,0.0,1024.0,768.0,0.0028673807779947,Male,Black,True,Male_Black,0.0
2037,12--Group/12_Group_Large_Group_12_Group_Large_Group_12_488.jpg,802.0,193.0,853.0,252.0,1.0,0.0,0.0,0.0,0.0,0.0,1024.0,768.0,0.0038261413574218,Male,Black,True,Male_Black,0.0
2040,12--Group/12_Group_Large_Group_12_Group_Large_Group_12_904.jpg,26.0,226.0,78.0,300.0,1.0,0.0,0.0,0.0,0.0,0.0,1024.0,768.0,0.0048929850260416,Male,Asian,True,Male_Asian,0.0
2041,12--Group/12_Group_Large_Group_12_Group_Large_Group_12_904.jpg,214.0,284.0,284.0,358.0,1.0,0.0,0.0,0.0,0.0,1.0,1024.0,768.0,0.0065867106119791,Male,Asian,True,Male_Asian,0.0
2042,12--Group/12_Group_Large_Group_12_Group_Large_Group_12_904.jpg,344.0,298.0,410.0,376.0,1.0,0.0,0.0,0.0,0.0,0.0,1024.0,768.0,0.0065460205078125,Male,Asian,True,Male_Asian,0.0
2043,12--Group/12_Group_Large_Group_12_Group_Large_Group_12_904.jpg,636.0,240.0,700.0,314.0,0.0,0.0,0.0,0.0,0.0,0.0,1024.0,768.0,0.0060221354166666,Male,Asian,True,Male_Asian,0.0
2089,12--Group/12_Group_Team_Organized_Group_12_Group_Team_Organized_Group_12_497.jpg,269.0,89.0,323.0,163.0,1.0,1.0,0.0,0.0,0.0,0.0,1024.0,549.0,0.007108094262295,Male,White,True,Male_White,0.0
2090,12--Group/12_Group_Group_12_Group_Group_12_915.jpg,319.0,349.0,412.0,477.0,0.0,0.0,0.0,0.0,0.0,0.0,1024.0,1530.0,0.0075980392156862,Male,White,True,Male_White,0.0
2091,12--Group/12_Group_Group_12_Group_Group_12_915.jpg,705.0,466.0,780.0,582.0,0.0,1.0,0.0,0.0,0.0,0.0,1024.0,1530.0,0.0055530024509803,Male,White,True,Male_White,0.0
2092,12--Group/12_Group_Group_12_Group_Group_12_915.jpg,260.0,642.0,367.0,791.0,0.0,0.0,0.0,0.0,0.0,0.0,1024.0,1530.0,0.0101760365604575,Male,White,True,Male_White,0.0
2093,12--Group/12_Group_Group_12_Group_Group_12_915.jpg,451.0,931.0,547.0,1098.0,0.0,1.0,1.0,0.0,0.0,0.0,1024.0,1530.0,0.0102328431372549,Male,White,True,Male_White,0.0
2203,12--Group/12_Group_Large_Group_12_Group_Large_Group_12_257.jpg,791.0,136.0,826.0,182.0,0.0,1.0,0.0,0.0,0.0,0.0,1024.0,683.0,0.0023019994509516,Male,White,True,Male_White,0.0
2204,12--Group/12_Group_Large_Group_12_Group_Large_Group_12_257.jpg,634.0,167.0,665.0,206.0,0.0,1.0,0.0,0.0,0.0,0.0,1024.0,683.0,0.0017286443081991,Male,White,True,Male_White,0.0
2205,12--Group/12_Group_Large_Group_12_Group_Large_Group_12_257.jpg,489.0,146.0,523.0,193.0,0.0,1.0,0.0,0.0,0.0,0.0,1024.0,683.0,0.0022848416910688,Male,White,True,Male_White,0.0
2206,12--Group/12_Group_Large_Group_12_Group_Large_Group_12_257.jpg,373.0,69.0,407.0,106.0,1.0,1.0,0.0,0.0,0.0,0.0,1024.0,683.0,0.0017987051610541,Male,White,True,Male_White,0.0
2207,12--Group/12_Group_Large_Group_12_Group_Large_Group_12_257.jpg,203.0,161.0,235.0,206.0,0.0,1.0,0.0,0.0,0.0,0.0,1024.0,683.0,0.0020589311859443,Male,White,True,Male_White,0.0
2208,12--Group/12_Group_Group_12_Group_Group_12_233.jpg,252.0,244.0,336.0,304.0,0.0,0.0,0.0,0.0,0.0,1.0,1024.0,768.0,0.00640869140625,Male,White,True,Male_White,0.0
2209,12--Group/12_Group_Group_12_Group_Group_12_233.jpg,74.0,306.0,152.0,396.0,0.0,0.0,0.0,0.0,1.0,0.0,1024.0,768.0,0.0089263916015625,Male,White,True,Male_White,0.0
2210,12--Group/12_Group_Group_12_Group_Group_12_233.jpg,174.0,438.0,244.0,570.0,0.0,0.0,0.0,0.0,0.0,1.0,1024.0,768.0,0.011749267578125,Male,White,True,Male_White,0.0
2211,12--Group/12_Group_Group_12_Group_Group_12_233.jpg,530.0,142.0,602.0,230.0,0.0,0.0,0.0,0.0,0.0,0.0,1024.0,768.0,0.008056640625,Male,White,True,Male_White,0.0
2265,13--Interview/13_Interview_Interview_Sequences_13_809.jpg,328.0,28.0,674.0,510.0,0.0,0.0,0.0,0.0,0.0,0.0,1024.0,576.0,0.2827487521701389,Male,White,True,Male_White,10.0
2266,13--Interview/13_Interview_Interview_Sequences_13_218.jpg,156.0,42.0,246.0,190.0,0.0,0.0,0.0,0.0,0.0,0.0,1024.0,340.0,0.0382582720588235,Male,White,True,Male_White,1.0
2267,13--Interview/13_Interview_Interview_Sequences_13_218.jpg,462.0,18.0,524.0,108.0,1.0,0.0,1.0,0.0,0.0,0.0,1024.0,340.0,0.0160271139705882,Male,White,True,Male_White,0.0
2268,13--Interview/13_Interview_Interview_Sequences_13_218.jpg,730.0,52.0,844.0,214.0,0.0,0.0,0.0,0.0,0.0,0.0,1024.0,340.0,0.0530445772058823,Male,White,True,Male_White,1.0
2274,13--Interview/13_Interview_Interview_2_People_Visible_13_284.jpg,123.0,301.0,459.0,719.0,0.0,0.0,1.0,0.0,0.0,0.0,1024.0,1498.0,0.0915595794392523,Male,Indian,True,Male_Indian,3.0
2279,13--Interview/13_Interview_Interview_2_People_Visible_13_14.jpg,269.0,311.0,805.0,1059.0,0.0,0.0,0.0,0.0,0.0,0.0,1024.0,1624.0,0.241090671182266,Male,White,True,Male_White,9.0
2280,13--Interview/13_Interview_Interview_Sequences_13_810.jpg,285.0,201.0,759.0,919.0,0.0,0.0,0.0,0.0,0.0,0.0,1024.0,1536.0,0.2163772583007812,Male,White,True,Male_White,8.0
2299,13--Interview/13_Interview_Interview_2_People_Visible_13_351.jpg,536.0,18.0,788.0,330.0,1.0,0.0,0.0,0.0,0.0,0.0,1024.0,650.0,0.118125,Male,Indian,True,Male_Indian,4.0
2300,13--Interview/13_Interview_Interview_On_Location_13_536.jpg,91.0,195.0,315.0,493.0,0.0,0.0,0.0,0.0,0.0,0.0,1024.0,1231.0,0.052954914703493,Male,White,True,Male_White,1.0
2301,13--Interview/13_Interview_Interview_On_Location_13_536.jpg,394.0,276.0,526.0,442.0,0.0,0.0,0.0,0.0,0.0,0.0,1024.0,1231.0,0.0173829711616571,Male,White,True,Male_White,0.0
2302,13--Interview/13_Interview_Interview_On_Location_13_536.jpg,712.0,144.0,993.0,519.0,0.0,0.0,0.0,0.0,0.0,0.0,1024.0,1231.0,0.0835948606316003,Male,White,True,Male_White,3.0
2303,13--Interview/13_Interview_Interview_Sequences_13_467.jpg,342.0,262.0,752.0,876.0,0.0,0.0,0.0,0.0,0.0,0.0,1024.0,1280.0,0.1920623779296875,Male,White,True,Male_White,7.0
2310,13--Interview/13_Interview_Interview_Sequences_13_491.jpg,524.0,94.0,652.0,284.0,0.0,0.0,0.0,0.0,0.0,0.0,1024.0,684.0,0.0347222222222222,Male,White,True,Male_White,1.0
2316,13--Interview/13_Interview_Interview_Sequences_13_28.jpg,404.0,150.0,748.0,584.0,1.0,0.0,0.0,0.0,0.0,0.0,1024.0,608.0,0.2397974917763158,Male,Indian,True,Male_Indian,8.0
2317,13--Interview/13_Interview_Interview_On_Location_13_764.jpg,170.0,64.0,534.0,578.0,0.0,0.0,0.0,0.0,0.0,0.0,1024.0,674.0,0.2710844770029673,Male,White,True,Male_White,10.0
2322,13--Interview/13_Interview_Interview_2_People_Visible_13_105.jpg,416.0,60.0,662.0,388.0,0.0,1.0,0.0,0.0,0.0,0.0,1024.0,680.0,0.1158777573529411,Male,White,True,Male_White,4.0
2341,13--Interview/13_Interview_Interview_On_Location_13_419.jpg,178.0,50.0,440.0,350.0,0.0,0.0,0.0,0.0,0.0,1.0,1024.0,781.0,0.0982814500640204,Male,White,True,Male_White,3.0
2343,13--Interview/13_Interview_Interview_2_People_Visible_13_375.jpg,401.0,298.0,552.0,545.0,1.0,0.0,0.0,0.0,0.0,0.0,1024.0,1292.0,0.0281910615808823,Male,Indian,True,Male_Indian,1.0
2344,13--Interview/13_Interview_Interview_Sequences_13_639.jpg,294.0,42.0,592.0,398.0,0.0,0.0,0.0,0.0,0.0,0.0,1024.0,683.0,0.1516860358711566,Male,Indian,True,Male_Indian,5.0
2354,13--Interview/13_Interview_Interview_On_Location_13_855.jpg,488.0,246.0,596.0,388.0,0.0,1.0,0.0,0.0,0.0,1.0,1024.0,672.0,0.0222865513392857,Male,White,True,Male_White,0.0
2355,13--Interview/13_Interview_Interview_On_Location_13_855.jpg,416.0,158.0,522.0,284.0,0.0,0.0,0.0,0.0,0.0,0.0,1024.0,672.0,0.0194091796875,Male,White,True,Male_White,0.0
2356,13--Interview/13_Interview_Interview_On_Location_13_855.jpg,572.0,90.0,664.0,220.0,0.0,0.0,0.0,0.0,0.0,0.0,1024.0,672.0,0.0173804873511904,Male,White,True,Male_White,0.0
2357,13--Interview/13_Interview_Interview_Sequences_13_480.jpg,114.0,270.0,631.0,1066.0,0.0,0.0,0.0,0.0,0.0,0.0,1024.0,1536.0,0.2616449991861979,Male,Indian,True,Male_Indian,9.0
2372,13--Interview/13_Interview_Interview_Sequences_13_309.jpg,568.0,58.0,728.0,268.0,0.0,0.0,0.0,0.0,0.0,0.0,1024.0,575.0,0.0570652173913043,Male,White,True,Male_White,2.0
2373,13--Interview/13_Interview_Interview_Sequences_13_334.jpg,730.0,76.0,884.0,292.0,0.0,0.0,0.0,0.0,0.0,0.0,1024.0,576.0,0.056396484375,Male,White,True,Male_White,2.0
2374,13--Interview/13_Interview_Interview_On_Location_13_896.jpg,312.0,80.0,628.0,546.0,0.0,1.0,0.0,0.0,0.0,0.0,1024.0,682.0,0.2108573130498533,Male,White,True,Male_White,7.0
2384,13--Interview/13_Interview_Interview_Sequences_13_746.jpg,248.0,88.0,452.0,334.0,0.0,0.0,0.0,0.0,0.0,0.0,1024.0,576.0,0.0850830078125,Male,White,True,Male_White,3.0
2394,13--Interview/13_Interview_Interview_On_Location_13_761.jpg,279.0,208.0,773.0,883.0,0.0,0.0,0.0,0.0,0.0,0.0,1024.0,1145.0,0.2843971752183406,Male,White,True,Male_White,10.0
2396,13--Interview/13_Interview_Interview_Sequences_13_886.jpg,506.0,62.0,656.0,278.0,0.0,0.0,1.0,0.0,0.0,0.0,1024.0,682.0,0.0463938782991202,Male,White,True,Male_White,1.0
2397,13--Interview/13_Interview_Interview_2_People_Visible_13_395.jpg,554.0,116.0,860.0,556.0,0.0,0.0,0.0,0.0,0.0,0.0,1024.0,735.0,0.1788903061224489,Male,White,True,Male_White,6.0
2435,13--Interview/13_Interview_Interview_Sequences_13_806.jpg,462.0,114.0,630.0,338.0,0.0,0.0,0.0,0.0,0.0,0.0,1024.0,579.0,0.0634715025906735,Male,White,True,Male_White,2.0
2441,13--Interview/13_Interview_Interview_Sequences_13_259.jpg,434.0,42.0,538.0,194.0,0.0,0.0,0.0,0.0,0.0,0.0,1024.0,540.0,0.0285879629629629,Male,White,True,Male_White,1.0
2442,13--Interview/13_Interview_Interview_Sequences_13_259.jpg,804.0,58.0,914.0,224.0,0.0,0.0,0.0,0.0,0.0,0.0,1024.0,540.0,0.0330222800925925,Male,White,True,Male_White,1.0
2443,13--Interview/13_Interview_Interview_Sequences_13_259.jpg,114.0,58.0,216.0,198.0,0.0,0.0,0.0,0.0,0.0,0.0,1024.0,540.0,0.0258246527777777,Male,White,True,Male_White,0.0
2449,13--Interview/13_Interview_Interview_2_People_Visible_13_289.jpg,404.0,62.0,584.0,384.0,0.0,0.0,0.0,0.0,1.0,0.0,1024.0,576.0,0.0982666015625,Male,White,True,Male_White,3.0
2450,13--Interview/13_Interview_Interview_On_Location_13_824.jpg,467.0,121.0,649.0,373.0,0.0,0.0,0.0,0.0,0.0,0.0,1024.0,1292.0,0.0346664570433436,Male,White,True,Male_White,1.0
2451,13--Interview/13_Interview_Interview_Sequences_13_171.jpg,286.0,86.0,510.0,404.0,0.0,0.0,0.0,0.0,0.0,0.0,1024.0,576.0,0.1207682291666666,Male,White,True,Male_White,4.0
2466,13--Interview/13_Interview_Interview_On_Location_13_132.jpg,179.0,153.0,206.0,200.0,1.0,0.0,0.0,0.0,0.0,0.0,1024.0,676.0,0.0018332216161242,Male,Asian,True,Male_Asian,0.0
2467,13--Interview/13_Interview_Interview_On_Location_13_132.jpg,305.0,161.0,341.0,212.0,1.0,0.0,0.0,0.0,0.0,0.0,1024.0,676.0,0.0026523206360946,Male,Asian,True,Male_Asian,0.0
2468,13--Interview/13_Interview_Interview_On_Location_13_132.jpg,460.0,163.0,495.0,210.0,1.0,0.0,0.0,0.0,0.0,0.0,1024.0,676.0,0.0023763983912721,Male,Asian,True,Male_Asian,0.0
2469,13--Interview/13_Interview_Interview_On_Location_13_132.jpg,534.0,180.0,569.0,225.0,1.0,0.0,0.0,0.0,0.0,0.0,1024.0,676.0,0.0022752750554733,Male,Asian,True,Male_Asian,0.0
2470,13--Interview/13_Interview_Interview_On_Location_13_132.jpg,702.0,174.0,735.0,218.0,1.0,0.0,0.0,0.0,0.0,0.0,1024.0,676.0,0.002097586908284,Male,Asian,True,Male_Asian,0.0
2471,13--Interview/13_Interview_Interview_On_Location_13_132.jpg,806.0,140.0,838.0,191.0,1.0,0.0,0.0,0.0,0.0,0.0,1024.0,676.0,0.0023576183431952,Male,Asian,True,Male_Asian,0.0
2472,13--Interview/13_Interview_Interview_Sequences_13_12.jpg,506.0,104.0,652.0,322.0,0.0,0.0,0.0,0.0,0.0,0.0,1024.0,575.0,0.0540557065217391,Male,White,True,Male_White,1.0
2473,13--Interview/13_Interview_Interview_Sequences_13_558.jpg,488.0,120.0,636.0,334.0,0.0,0.0,0.0,0.0,0.0,0.0,1024.0,576.0,0.0536973741319444,Male,White,True,Male_White,1.0
2478,13--Interview/13_Interview_Interview_Sequences_13_770.jpg,432.0,120.0,548.0,270.0,0.0,0.0,0.0,0.0,0.0,0.0,1024.0,576.0,0.0295003255208333,Male,White,True,Male_White,1.0
2485,13--Interview/13_Interview_Interview_Sequences_13_6.jpg,188.0,24.0,550.0,568.0,0.0,0.0,0.0,0.0,0.0,0.0,1024.0,686.0,0.2803389212827988,Male,White,True,Male_White,10.0
2490,13--Interview/13_Interview_Interview_Sequences_13_791.jpg,229.0,186.0,712.0,838.0,0.0,0.0,1.0,0.0,0.0,0.0,1024.0,1288.0,0.23876953125,Male,White,True,Male_White,8.0
2493,13--Interview/13_Interview_Interview_Sequences_13_889.jpg,344.0,30.0,644.0,478.0,0.0,0.0,0.0,0.0,0.0,0.0,1024.0,497.0,0.2640845070422535,Male,White,True,Male_White,9.0
2494,13--Interview/13_Interview_Interview_On_Location_13_385.jpg,196.0,52.0,260.0,146.0,1.0,0.0,0.0,0.0,0.0,0.0,1024.0,682.0,0.0086143695014662,Male,White,True,Male_White,0.0
2495,13--Interview/13_Interview_Interview_On_Location_13_385.jpg,490.0,84.0,544.0,164.0,1.0,0.0,0.0,0.0,0.0,0.0,1024.0,682.0,0.0061858504398826,Male,White,True,Male_White,0.0
2496,13--Interview/13_Interview_Interview_On_Location_13_385.jpg,808.0,48.0,870.0,144.0,1.0,0.0,0.0,0.0,0.0,0.0,1024.0,682.0,0.0085227272727272,Male,White,True,Male_White,0.0
2497,13--Interview/13_Interview_Interview_On_Location_13_615.jpg,782.0,100.0,856.0,204.0,1.0,0.0,1.0,0.0,0.0,0.0,1024.0,1024.0,0.0073394775390625,Male,White,True,Male_White,0.0
2498,13--Interview/13_Interview_Interview_On_Location_13_615.jpg,274.0,82.0,352.0,184.0,1.0,0.0,1.0,0.0,0.0,0.0,1024.0,1024.0,0.0075874328613281,Male,White,True,Male_White,0.0
2499,13--Interview/13_Interview_Interview_On_Location_13_615.jpg,566.0,190.0,636.0,288.0,1.0,0.0,0.0,0.0,0.0,0.0,1024.0,1024.0,0.0065422058105468,Male,White,True,Male_White,0.0
2500,13--Interview/13_Interview_Interview_On_Location_13_615.jpg,242.0,444.0,324.0,552.0,1.0,0.0,1.0,0.0,0.0,0.0,1024.0,1024.0,0.0084457397460937,Male,White,True,Male_White,0.0
2501,13--Interview/13_Interview_Interview_On_Location_13_615.jpg,532.0,396.0,608.0,506.0,1.0,0.0,1.0,0.0,0.0,0.0,1024.0,1024.0,0.0079727172851562,Male,White,True,Male_White,0.0
2512,13--Interview/13_Interview_Interview_On_Location_13_556.jpg,168.0,312.0,393.0,564.0,0.0,0.0,0.0,0.0,0.0,0.0,1024.0,1536.0,0.0360488891601562,Male,White,True,Male_White,1.0
2525,13--Interview/13_Interview_Interview_Sequences_13_898.jpg,378.0,58.0,592.0,372.0,0.0,0.0,0.0,0.0,0.0,0.0,1024.0,577.0,0.11372806542461,Male,White,True,Male_White,4.0
2534,13--Interview/13_Interview_Interview_Sequences_13_605.jpg,358.0,12.0,774.0,554.0,0.0,0.0,0.0,0.0,0.0,0.0,1024.0,634.0,0.3472988958990536,Male,White,True,Male_White,13.0
2539,13--Interview/13_Interview_Interview_Sequences_13_173.jpg,272.0,296.0,412.0,512.0,0.0,0.0,0.0,0.0,0.0,0.0,1024.0,764.0,0.0386534685863874,Male,White,True,Male_White,1.0
2540,13--Interview/13_Interview_Interview_Sequences_13_173.jpg,456.0,162.0,576.0,336.0,1.0,0.0,0.0,0.0,0.0,0.0,1024.0,764.0,0.0266892997382198,Male,White,True,Male_White,0.0
2541,13--Interview/13_Interview_Interview_Sequences_13_173.jpg,698.0,190.0,860.0,430.0,0.0,0.0,0.0,0.0,0.0,0.0,1024.0,764.0,0.0496973167539267,Male,White,True,Male_White,1.0
2542,13--Interview/13_Interview_Interview_On_Location_13_47.jpg,438.0,110.0,584.0,274.0,0.0,0.0,0.0,0.0,0.0,0.0,1024.0,576.0,0.0405951605902777,Male,White,True,Male_White,1.0
2545,13--Interview/13_Interview_Interview_Sequences_13_664.jpg,271.0,330.0,663.0,894.0,0.0,0.0,0.0,0.0,0.0,0.0,1024.0,1445.0,0.1494160899653979,Male,White,True,Male_White,5.0
2555,13--Interview/13_Interview_Interview_Sequences_13_461.jpg,729.0,66.0,847.0,237.0,0.0,1.0,0.0,0.0,0.0,0.0,1024.0,1349.0,0.0146071742957746,Male,Black,True,Male_Black,0.0
2556,13--Interview/13_Interview_Interview_Sequences_13_744.jpg,134.0,64.0,290.0,306.0,0.0,0.0,0.0,0.0,0.0,0.0,1024.0,342.0,0.1077987938596491,Male,White,True,Male_White,4.0
2557,13--Interview/13_Interview_Interview_Sequences_13_77.jpg,531.0,111.0,889.0,542.0,0.0,0.0,1.0,0.0,0.0,0.0,1024.0,1133.0,0.1329935045233892,Male,White,True,Male_White,4.0
2559,13--Interview/13_Interview_Interview_On_Location_13_195.jpg,150.0,124.0,230.0,282.0,0.0,0.0,0.0,0.0,0.0,0.0,1024.0,681.0,0.0181259177679882,Male,White,True,Male_White,0.0
2560,13--Interview/13_Interview_Interview_On_Location_13_195.jpg,486.0,186.0,564.0,310.0,0.0,0.0,0.0,0.0,0.0,0.0,1024.0,681.0,0.0138697687224669,Male,White,True,Male_White,0.0
2561,13--Interview/13_Interview_Interview_On_Location_13_195.jpg,860.0,78.0,980.0,278.0,0.0,0.0,0.0,0.0,0.0,0.0,1024.0,681.0,0.0344162995594713,Male,White,True,Male_White,1.0
2564,13--Interview/13_Interview_Interview_Sequences_13_626.jpg,254.0,116.0,448.0,416.0,0.0,0.0,1.0,0.0,0.0,0.0,1024.0,719.0,0.0790485917941585,Male,Indian,True,Male_Indian,2.0
2573,13--Interview/13_Interview_Interview_Sequences_13_71.jpg,294.0,104.0,484.0,366.0,0.0,0.0,0.0,0.0,0.0,0.0,1024.0,572.0,0.0849882539335664,Male,White,True,Male_White,3.0
2580,13--Interview/13_Interview_Interview_2_People_Visible_13_488.jpg,576.0,92.0,684.0,284.0,0.0,0.0,0.0,0.0,0.0,0.0,1024.0,656.0,0.0308689024390243,Male,White,True,Male_White,1.0
2587,13--Interview/13_Interview_Interview_Sequences_13_88.jpg,360.0,14.0,654.0,428.0,0.0,0.0,0.0,0.0,0.0,0.0,1024.0,486.0,0.2445746527777778,Male,White,True,Male_White,9.0
2588,13--Interview/13_Interview_Interview_2_People_Visible_13_411.jpg,245.0,167.0,323.0,302.0,1.0,0.0,0.0,0.0,0.0,0.0,1024.0,1333.0,0.0077143309264816,Male,Indian,True,Male_Indian,0.0
2589,13--Interview/13_Interview_Interview_2_People_Visible_13_411.jpg,685.0,154.0,771.0,310.0,1.0,0.0,0.0,0.0,0.0,0.0,1024.0,1333.0,0.009828629032258,Male,Indian,True,Male_Indian,0.0
2590,13--Interview/13_Interview_Interview_2_People_Visible_13_411.jpg,216.0,443.0,299.0,581.0,1.0,0.0,0.0,0.0,0.0,0.0,1024.0,1333.0,0.0083912579707426,Male,Indian,True,Male_Indian,0.0
2591,13--Interview/13_Interview_Interview_2_People_Visible_13_411.jpg,696.0,469.0,782.0,625.0,1.0,0.0,0.0,0.0,0.0,0.0,1024.0,1333.0,0.009828629032258,Male,Indian,True,Male_Indian,0.0
2592,13--Interview/13_Interview_Interview_2_People_Visible_13_411.jpg,245.0,805.0,336.0,969.0,1.0,0.0,0.0,0.0,0.0,0.0,1024.0,1333.0,0.0109333974118529,Male,Indian,True,Male_Indian,0.0
2593,13--Interview/13_Interview_Interview_2_People_Visible_13_411.jpg,758.0,831.0,844.0,964.0,1.0,0.0,0.0,0.0,0.0,0.0,1024.0,1333.0,0.0083795362903225,Male,Indian,True,Male_Indian,0.0
2597,13--Interview/13_Interview_Interview_2_People_Visible_13_246.jpg,310.0,246.0,513.0,519.0,1.0,0.0,0.0,0.0,0.0,0.0,1024.0,1051.0,0.051493926914843,Male,Indian,True,Male_Indian,1.0
2598,13--Interview/13_Interview_Interview_Sequences_13_8.jpg,308.0,60.0,622.0,490.0,0.0,0.0,1.0,0.0,0.0,0.0,1024.0,572.0,0.2305165537587412,Male,White,True,Male_White,8.0
2602,13--Interview/13_Interview_Interview_2_People_Visible_13_66.jpg,594.0,96.0,896.0,506.0,0.0,0.0,0.0,0.0,0.0,0.0,1024.0,682.0,0.1772990744134897,Male,White,True,Male_White,6.0
2603,13--Interview/13_Interview_Interview_Sequences_13_288.jpg,392.0,134.0,768.0,600.0,0.0,0.0,0.0,0.0,0.0,0.0,1024.0,683.0,0.2505261713030747,Male,White,True,Male_White,9.0
2604,13--Interview/13_Interview_Interview_Sequences_13_395.jpg,200.0,160.0,288.0,306.0,1.0,0.0,0.0,0.0,0.0,0.0,1024.0,684.0,0.0183433845029239,Male,White,True,Male_White,0.0
2605,13--Interview/13_Interview_Interview_Sequences_13_395.jpg,512.0,182.0,612.0,306.0,1.0,0.0,0.0,0.0,0.0,0.0,1024.0,684.0,0.017703764619883,Male,White,True,Male_White,0.0
2606,13--Interview/13_Interview_Interview_Sequences_13_395.jpg,718.0,148.0,812.0,288.0,0.0,0.0,0.0,0.0,0.0,0.0,1024.0,684.0,0.0187888340643274,Male,White,True,Male_White,0.0
2617,13--Interview/13_Interview_Interview_Sequences_13_671.jpg,284.0,141.0,752.0,861.0,0.0,0.0,0.0,0.0,0.0,0.0,1024.0,1470.0,0.2238520408163265,Male,White,True,Male_White,8.0
2618,13--Interview/13_Interview_Interview_2_People_Visible_13_356.jpg,506.0,220.0,650.0,504.0,1.0,0.0,0.0,0.0,0.0,0.0,1024.0,1023.0,0.0390395894428152,Male,Indian,True,Male_Indian,1.0
2619,13--Interview/13_Interview_Interview_On_Location_13_593.jpg,350.0,116.0,420.0,162.0,1.0,0.0,0.0,0.0,0.0,1.0,1024.0,1531.0,0.0020539067602873,Male,White,True,Male_White,0.0
2624,13--Interview/13_Interview_Interview_2_People_Visible_13_455.jpg,546.0,50.0,654.0,234.0,1.0,0.0,0.0,0.0,0.0,0.0,1024.0,542.0,0.0358048892988929,Male,Indian,True,Male_Indian,1.0
2625,13--Interview/13_Interview_Interview_Sequences_13_185.jpg,344.0,60.0,474.0,254.0,0.0,0.0,0.0,0.0,0.0,0.0,1024.0,564.0,0.0436682734929078,Male,White,True,Male_White,1.0
2631,13--Interview/13_Interview_Interview_Sequences_13_272.jpg,478.0,107.0,515.0,153.0,1.0,0.0,1.0,0.0,0.0,0.0,1024.0,572.0,0.0029057856206293,Male,Black,True,Male_Black,0.0
2632,13--Interview/13_Interview_Interview_Sequences_13_633.jpg,560.0,72.0,834.0,448.0,0.0,0.0,0.0,0.0,0.0,0.0,1024.0,723.0,0.1391554287690179,Male,White,True,Male_White,5.0
2634,13--Interview/13_Interview_Interview_Sequences_13_479.jpg,316.0,46.0,620.0,488.0,0.0,0.0,0.0,0.0,0.0,0.0,1024.0,695.0,0.1888039568345323,Male,White,True,Male_White,7.0
2635,13--Interview/13_Interview_Interview_On_Location_13_1025.jpg,44.0,70.0,170.0,224.0,0.0,0.0,1.0,0.0,0.0,0.0,1024.0,682.0,0.0277847782258064,Male,White,True,Male_White,0.0
2636,13--Interview/13_Interview_Interview_On_Location_13_1025.jpg,264.0,58.0,376.0,206.0,0.0,0.0,0.0,0.0,0.0,0.0,1024.0,682.0,0.0237353372434017,Male,White,True,Male_White,0.0
2637,13--Interview/13_Interview_Interview_On_Location_13_1025.jpg,450.0,58.0,578.0,228.0,0.0,0.0,0.0,0.0,0.0,0.0,1024.0,682.0,0.0311583577712609,Male,White,True,Male_White,1.0
2638,13--Interview/13_Interview_Interview_On_Location_13_1025.jpg,146.0,296.0,302.0,504.0,0.0,0.0,0.0,0.0,0.0,0.0,1024.0,682.0,0.0464626099706744,Male,White,True,Male_White,1.0
2639,13--Interview/13_Interview_Interview_On_Location_13_1025.jpg,438.0,258.0,554.0,434.0,0.0,0.0,0.0,0.0,0.0,0.0,1024.0,682.0,0.0292338709677419,Male,White,True,Male_White,1.0
2640,13--Interview/13_Interview_Interview_On_Location_13_1025.jpg,448.0,494.0,582.0,670.0,0.0,0.0,0.0,0.0,0.0,0.0,1024.0,682.0,0.0337701612903225,Male,White,True,Male_White,1.0
2641,13--Interview/13_Interview_Interview_On_Location_13_1025.jpg,662.0,488.0,786.0,678.0,0.0,0.0,0.0,0.0,0.0,0.0,1024.0,682.0,0.0337357954545454,Male,White,True,Male_White,1.0
2642,13--Interview/13_Interview_Interview_On_Location_13_1025.jpg,852.0,498.0,962.0,666.0,0.0,0.0,0.0,0.0,0.0,0.0,1024.0,682.0,0.026461693548387,Male,White,True,Male_White,0.0
2643,13--Interview/13_Interview_Interview_On_Location_13_1025.jpg,680.0,94.0,952.0,428.0,0.0,0.0,0.0,0.0,0.0,0.0,1024.0,682.0,0.1300861436950146,Male,White,True,Male_White,4.0
2644,13--Interview/13_Interview_Interview_On_Location_13_181.jpg,312.0,312.0,801.0,952.0,0.0,0.0,1.0,0.0,0.0,0.0,1024.0,1536.0,0.198974609375,Male,White,True,Male_White,7.0
2656,13--Interview/13_Interview_Interview_On_Location_13_152.jpg,544.0,46.0,900.0,474.0,0.0,0.0,0.0,0.0,0.0,0.0,1024.0,768.0,0.1937459309895833,Male,White,True,Male_White,7.0
2674,13--Interview/13_Interview_Interview_Sequences_13_14.jpg,456.0,136.0,756.0,594.0,0.0,0.0,0.0,0.0,0.0,0.0,1024.0,768.0,0.174713134765625,Male,White,True,Male_White,6.0
2675,13--Interview/13_Interview_Interview_On_Location_13_344.jpg,356.0,102.0,492.0,298.0,0.0,0.0,0.0,0.0,0.0,0.0,1024.0,901.0,0.0288915094339622,Male,White,True,Male_White,1.0
2677,13--Interview/13_Interview_Interview_Sequences_13_329.jpg,518.0,82.0,674.0,318.0,0.0,0.0,0.0,0.0,0.0,0.0,1024.0,576.0,0.0624186197916666,Male,White,True,Male_White,2.0
2678,13--Interview/13_Interview_Interview_Sequences_13_515.jpg,418.0,104.0,604.0,372.0,0.0,0.0,0.0,0.0,0.0,0.0,1024.0,626.0,0.0777630790734824,Male,White,True,Male_White,2.0
2683,13--Interview/13_Interview_Interview_Sequences_13_753.jpg,482.0,98.0,574.0,214.0,0.0,0.0,1.0,0.0,0.0,0.0,1024.0,670.0,0.0155550373134328,Male,White,True,Male_White,0.0
2684,13--Interview/13_Interview_Interview_Sequences_13_131.jpg,254.0,18.0,546.0,438.0,0.0,0.0,0.0,0.0,0.0,0.0,1024.0,576.0,0.2079264322916666,Male,White,True,Male_White,7.0
2696,13--Interview/13_Interview_Interview_2_People_Visible_13_144.jpg,358.0,4.0,858.0,702.0,0.0,0.0,1.0,0.0,0.0,0.0,1024.0,768.0,0.4437764485677083,Male,White,True,Male_White,
2703,13--Interview/13_Interview_Interview_2_People_Visible_13_270.jpg,502.0,104.0,696.0,358.0,0.0,0.0,1.0,0.0,0.0,0.0,1024.0,768.0,0.0626576741536458,Male,White,True,Male_White,2.0
2704,13--Interview/13_Interview_Interview_Sequences_13_570.jpg,256.0,180.0,811.0,931.0,0.0,0.0,0.0,0.0,0.0,0.0,1024.0,1110.0,0.36669921875,Male,White,True,Male_White,13.0
2709,13--Interview/13_Interview_Interview_On_Location_13_436.jpg,354.0,94.0,464.0,226.0,0.0,0.0,0.0,0.0,0.0,0.0,1024.0,399.0,0.0355380639097744,Male,White,True,Male_White,1.0
2714,13--Interview/13_Interview_Interview_2_People_Visible_13_124.jpg,518.0,152.0,598.0,278.0,0.0,0.0,1.0,0.0,0.0,0.0,1024.0,1024.0,0.009613037109375,Male,White,True,Male_White,0.0
2716,13--Interview/13_Interview_Interview_2_People_Visible_13_451.jpg,584.0,106.0,748.0,356.0,0.0,0.0,0.0,0.0,0.0,0.0,1024.0,550.0,0.0727982954545454,Male,White,True,Male_White,2.0
2726,13--Interview/13_Interview_Interview_Sequences_13_247.jpg,510.0,80.0,644.0,278.0,0.0,0.0,0.0,0.0,0.0,0.0,1024.0,697.0,0.037173825322812,Male,White,True,Male_White,1.0
2731,13--Interview/13_Interview_Interview_Sequences_13_836.jpg,278.0,24.0,400.0,198.0,0.0,0.0,1.0,0.0,0.0,0.0,1024.0,342.0,0.0606154057017543,Male,White,True,Male_White,2.0
2739,13--Interview/13_Interview_Interview_On_Location_13_690.jpg,476.0,52.0,684.0,342.0,0.0,0.0,0.0,0.0,0.0,0.0,1024.0,434.0,0.1357286866359447,Male,White,True,Male_White,5.0
2741,13--Interview/13_Interview_Interview_Sequences_13_83.jpg,479.0,724.0,542.0,821.0,0.0,0.0,1.0,0.0,0.0,0.0,1024.0,1348.0,0.0044271316301928,Male,White,True,Male_White,0.0
2742,13--Interview/13_Interview_Interview_Sequences_13_262.jpg,456.0,102.0,570.0,270.0,1.0,0.0,1.0,0.0,0.0,0.0,1024.0,848.0,0.0220555719339622,Male,Indian,True,Male_Indian,0.0
2744,13--Interview/13_Interview_Interview_Sequences_13_631.jpg,88.0,90.0,404.0,590.0,0.0,0.0,1.0,0.0,0.0,0.0,1024.0,1024.0,0.1506805419921875,Male,Indian,True,Male_Indian,5.0
2748,13--Interview/13_Interview_Interview_2_People_Visible_13_244.jpg,297.0,149.0,386.0,290.0,1.0,0.0,0.0,0.0,0.0,0.0,1024.0,1333.0,0.0091934604744936,Male,Indian,True,Male_Indian,0.0
2749,13--Interview/13_Interview_Interview_2_People_Visible_13_244.jpg,737.0,133.0,828.0,284.0,1.0,0.0,0.0,0.0,0.0,0.0,1024.0,1333.0,0.0100667256657914,Male,Indian,True,Male_Indian,0.0
2750,13--Interview/13_Interview_Interview_2_People_Visible_13_244.jpg,276.0,456.0,370.0,602.0,1.0,0.0,0.0,0.0,0.0,0.0,1024.0,1333.0,0.010054271380345,Male,Indian,True,Male_Indian,0.0
2751,13--Interview/13_Interview_Interview_2_People_Visible_13_244.jpg,750.0,485.0,831.0,628.0,1.0,0.0,0.0,0.0,0.0,0.0,1024.0,1333.0,0.0084857640191297,Male,Indian,True,Male_Indian,0.0
2752,13--Interview/13_Interview_Interview_2_People_Visible_13_244.jpg,302.0,823.0,393.0,974.0,1.0,0.0,0.0,0.0,0.0,0.0,1024.0,1333.0,0.0100667256657914,Male,Indian,True,Male_Indian,0.0
2753,13--Interview/13_Interview_Interview_2_People_Visible_13_244.jpg,753.0,818.0,826.0,974.0,1.0,0.0,0.0,0.0,0.0,0.0,1024.0,1333.0,0.0083429060390097,Male,Indian,True,Male_Indian,0.0
2765,13--Interview/13_Interview_Interview_2_People_Visible_13_397.jpg,422.0,174.0,584.0,420.0,1.0,0.0,0.0,0.0,0.0,0.0,1024.0,813.0,0.0478695802583025,Male,Indian,True,Male_Indian,1.0
2790,13--Interview/13_Interview_Interview_Sequences_13_532.jpg,306.0,104.0,486.0,358.0,0.0,0.0,0.0,0.0,0.0,0.0,1024.0,576.0,0.0775146484375,Male,White,True,Male_White,2.0
2802,13--Interview/13_Interview_Interview_Sequences_13_957.jpg,300.0,90.0,416.0,242.0,0.0,0.0,0.0,0.0,0.0,0.0,1024.0,574.0,0.0299978222996515,Male,White,True,Male_White,1.0
2805,13--Interview/13_Interview_Interview_On_Location_13_691.jpg,480.0,174.0,680.0,478.0,0.0,0.0,0.0,0.0,0.0,0.0,1024.0,1024.0,0.0579833984375,Male,White,True,Male_White,2.0
2817,13--Interview/13_Interview_Interview_Sequences_13_323.jpg,256.0,60.0,428.0,316.0,0.0,0.0,0.0,0.0,0.0,0.0,1024.0,576.0,0.0746527777777777,Male,White,True,Male_White,2.0
2824,13--Interview/13_Interview_Interview_2_People_Visible_13_311.jpg,307.0,280.0,750.0,925.0,0.0,0.0,0.0,0.0,0.0,0.0,1024.0,1366.0,0.2042738550054904,Male,White,True,Male_White,7.0
2825,13--Interview/13_Interview_Interview_Sequences_13_364.jpg,439.0,191.0,504.0,274.0,1.0,0.0,0.0,0.0,0.0,0.0,1024.0,689.0,0.0076466686320754,Male,White,True,Male_White,0.0
2826,13--Interview/13_Interview_Interview_Sequences_13_364.jpg,551.0,234.0,593.0,287.0,1.0,0.0,0.0,0.0,0.0,0.0,1024.0,689.0,0.003155048076923,Male,White,True,Male_White,0.0
2827,13--Interview/13_Interview_Interview_Sequences_13_364.jpg,937.0,380.0,972.0,431.0,1.0,0.0,0.0,0.0,0.0,0.0,1024.0,689.0,0.0025299913824383,Male,White,True,Male_White,0.0
2838,13--Interview/13_Interview_Interview_On_Location_13_609.jpg,476.0,84.0,608.0,268.0,0.0,0.0,0.0,0.0,0.0,0.0,1024.0,574.0,0.0413218641114982,Male,White,True,Male_White,1.0
2846,13--Interview/13_Interview_Interview_Sequences_13_403.jpg,530.0,278.0,674.0,504.0,0.0,0.0,0.0,0.0,1.0,0.0,1024.0,926.0,0.0343210043196544,Male,Indian,True,Male_Indian,1.0
2847,13--Interview/13_Interview_Interview_Sequences_13_403.jpg,664.0,102.0,876.0,440.0,0.0,0.0,0.0,0.0,0.0,0.0,1024.0,926.0,0.0755686420086393,Male,Indian,True,Male_Indian,2.0
2848,13--Interview/13_Interview_Interview_Sequences_13_403.jpg,120.0,118.0,372.0,450.0,0.0,0.0,0.0,0.0,0.0,0.0,1024.0,926.0,0.0882323164146868,Male,White,True,Male_White,3.0
2858,13--Interview/13_Interview_Interview_On_Location_13_704.jpg,343.0,686.0,421.0,761.0,1.0,0.0,0.0,0.0,0.0,1.0,1024.0,1428.0,0.0040006236869747,Male,White,True,Male_White,0.0
2861,13--Interview/13_Interview_Interview_On_Location_13_441.jpg,216.0,88.0,276.0,168.0,1.0,0.0,0.0,0.0,0.0,0.0,1024.0,574.0,0.0081663763066202,Male,Asian,True,Male_Asian,0.0
2862,13--Interview/13_Interview_Interview_On_Location_13_441.jpg,712.0,98.0,778.0,180.0,1.0,0.0,0.0,0.0,0.0,0.0,1024.0,574.0,0.0092075892857142,Male,Asian,True,Male_Asian,0.0
2863,13--Interview/13_Interview_Interview_On_Location_13_441.jpg,204.0,366.0,264.0,454.0,1.0,0.0,0.0,0.0,0.0,0.0,1024.0,574.0,0.0089830139372822,Male,Asian,True,Male_Asian,0.0
2864,13--Interview/13_Interview_Interview_On_Location_13_441.jpg,736.0,386.0,790.0,458.0,1.0,0.0,0.0,0.0,1.0,0.0,1024.0,574.0,0.0066147648083623,Male,Asian,True,Male_Asian,0.0
2865,13--Interview/13_Interview_Interview_Sequences_13_917.jpg,424.0,58.0,776.0,524.0,0.0,0.0,0.0,0.0,0.0,0.0,1024.0,663.0,0.2416101055806938,Male,White,True,Male_White,9.0
2866,13--Interview/13_Interview_Interview_On_Location_13_392.jpg,410.0,321.0,618.0,614.0,0.0,0.0,0.0,0.0,0.0,0.0,1024.0,1567.0,0.0379806158264199,Male,White,True,Male_White,1.0
2874,13--Interview/13_Interview_Interview_2_People_Visible_13_242.jpg,419.0,212.0,751.0,690.0,1.0,0.0,0.0,0.0,0.0,0.0,1024.0,1359.0,0.1140372056659308,Male,Indian,True,Male_Indian,4.0
2880,13--Interview/13_Interview_Interview_Sequences_13_401.jpg,430.0,80.0,622.0,362.0,0.0,0.0,0.0,0.0,0.0,0.0,1024.0,582.0,0.0908505154639175,Male,White,True,Male_White,3.0
2893,13--Interview/13_Interview_Interview_Sequences_13_320.jpg,452.0,142.0,510.0,222.0,1.0,1.0,0.0,0.0,0.0,0.0,1024.0,746.0,0.0060740616621983,Male,White,True,Male_White,0.0
2894,13--Interview/13_Interview_Interview_On_Location_13_833.jpg,320.0,80.0,620.0,450.0,0.0,0.0,0.0,0.0,0.0,0.0,1024.0,667.0,0.1625163980509745,Male,White,True,Male_White,6.0
2899,13--Interview/13_Interview_Interview_On_Location_13_30.jpg,451.0,64.0,712.0,467.0,0.0,0.0,0.0,0.0,0.0,0.0,1024.0,1552.0,0.0661841323695232,Male,White,True,Male_White,2.0
2903,13--Interview/13_Interview_Interview_Sequences_13_920.jpg,598.0,74.0,700.0,222.0,0.0,0.0,1.0,0.0,0.0,0.0,1024.0,673.0,0.0219051820208023,Male,White,True,Male_White,0.0
2909,13--Interview/13_Interview_Interview_Sequences_13_452.jpg,189.0,267.0,697.0,937.0,0.0,0.0,0.0,0.0,0.0,0.0,1024.0,1485.0,0.2238268097643097,Male,Asian,True,Male_Asian,8.0
2910,13--Interview/13_Interview_Interview_On_Location_13_549.jpg,606.0,62.0,630.0,96.0,1.0,0.0,0.0,0.0,0.0,0.0,1024.0,374.0,0.0021306818181818,Male,White,True,Male_White,0.0
2911,13--Interview/13_Interview_Interview_On_Location_13_549.jpg,713.0,64.0,736.0,96.0,1.0,0.0,0.0,0.0,0.0,0.0,1024.0,374.0,0.0019217914438502,Male,White,True,Male_White,0.0
2912,13--Interview/13_Interview_Interview_On_Location_13_549.jpg,812.0,76.0,834.0,103.0,1.0,0.0,0.0,0.0,0.0,0.0,1024.0,374.0,0.0015510110294117,Male,White,True,Male_White,0.0
2913,13--Interview/13_Interview_Interview_On_Location_13_549.jpg,923.0,65.0,948.0,97.0,1.0,0.0,0.0,0.0,0.0,0.0,1024.0,374.0,0.0020889037433155,Male,White,True,Male_White,0.0
2917,13--Interview/13_Interview_Interview_Sequences_13_823.jpg,428.0,70.0,568.0,238.0,0.0,0.0,1.0,0.0,0.0,0.0,1024.0,683.0,0.0336292093704245,Male,White,True,Male_White,1.0
2920,13--Interview/13_Interview_Interview_Sequences_13_269.jpg,476.0,116.0,664.0,388.0,0.0,0.0,0.0,0.0,0.0,0.0,1024.0,683.0,0.073114934114202,Male,White,True,Male_White,2.0
2926,13--Interview/13_Interview_Interview_On_Location_13_76.jpg,351.0,98.0,595.0,461.0,0.0,0.0,0.0,0.0,0.0,0.0,1024.0,1524.0,0.056755967027559,Male,White,True,Male_White,2.0
2930,13--Interview/13_Interview_Interview_Sequences_13_147.jpg,372.0,2.0,798.0,542.0,0.0,0.0,0.0,0.0,0.0,0.0,1024.0,572.0,0.3927420236013986,Male,White,True,Male_White,14.0
2941,13--Interview/13_Interview_Interview_Sequences_13_235.jpg,14.0,90.0,184.0,466.0,0.0,0.0,1.0,0.0,0.0,0.0,1024.0,483.0,0.1292378364389234,Male,White,True,Male_White,4.0
2942,13--Interview/13_Interview_Interview_Sequences_13_235.jpg,268.0,82.0,458.0,466.0,0.0,0.0,1.0,0.0,0.0,0.0,1024.0,483.0,0.1475155279503105,Male,White,True,Male_White,5.0
2943,13--Interview/13_Interview_Interview_Sequences_13_235.jpg,528.0,72.0,680.0,464.0,0.0,0.0,0.0,0.0,0.0,0.0,1024.0,483.0,0.1204710144927536,Male,White,True,Male_White,4.0
2944,13--Interview/13_Interview_Interview_Sequences_13_921.jpg,420.0,466.0,668.0,840.0,0.0,0.0,0.0,0.0,0.0,0.0,1024.0,1571.0,0.0576563494589433,Male,White,True,Male_White,2.0
2948,14--Traffic/14_Traffic_Traffic_14_621.jpg,455.0,220.0,705.0,612.0,0.0,0.0,0.0,0.0,0.0,0.0,1024.0,1540.0,0.0621448863636363,Male,White,True,Male_White,2.0
2949,14--Traffic/14_Traffic_Traffic_14_446.jpg,402.0,228.0,454.0,292.0,1.0,0.0,0.0,0.0,1.0,0.0,1024.0,768.0,0.0042317708333333,Male,Indian,True,Male_Indian,0.0
2952,14--Traffic/14_Traffic_Traffic_14_913.jpg,161.0,190.0,208.0,268.0,1.0,0.0,1.0,0.0,0.0,0.0,1024.0,732.0,0.0048908171106557,Male,White,True,Male_White,0.0
2953,14--Traffic/14_Traffic_Traffic_14_418.jpg,104.0,128.0,208.0,286.0,0.0,0.0,0.0,0.0,0.0,0.0,1024.0,663.0,0.024203431372549,Male,White,True,Male_White,0.0
2954,14--Traffic/14_Traffic_Traffic_14_418.jpg,326.0,106.0,454.0,208.0,0.0,0.0,0.0,0.0,0.0,1.0,1024.0,663.0,0.0192307692307692,Male,White,True,Male_White,0.0
2955,14--Traffic/14_Traffic_Traffic_14_418.jpg,730.0,52.0,838.0,194.0,0.0,0.0,0.0,0.0,0.0,0.0,1024.0,663.0,0.0225890837104072,Male,White,True,Male_White,0.0
2956,14--Traffic/14_Traffic_Traffic_14_418.jpg,452.0,300.0,556.0,468.0,0.0,0.0,0.0,0.0,0.0,0.0,1024.0,663.0,0.025735294117647,Male,White,True,Male_White,0.0
2960,14--Traffic/14_Traffic_Traffic_14_761.jpg,746.0,158.0,862.0,316.0,1.0,0.0,1.0,0.0,0.0,0.0,1024.0,765.0,0.0233966503267973,Male,White,True,Male_White,0.0
2963,14--Traffic/14_Traffic_Traffic_14_262.jpg,204.0,207.0,241.0,254.0,1.0,0.0,0.0,0.0,0.0,0.0,1024.0,1024.0,0.0016584396362304,Male,White,True,Male_White,0.0
2964,14--Traffic/14_Traffic_Traffic_14_262.jpg,435.0,203.0,487.0,266.0,1.0,0.0,0.0,0.0,0.0,0.0,1024.0,1024.0,0.0031242370605468,Male,White,True,Male_White,0.0
2965,14--Traffic/14_Traffic_Traffic_14_262.jpg,798.0,245.0,842.0,289.0,1.0,0.0,0.0,0.0,0.0,0.0,1024.0,1024.0,0.0018463134765625,Male,White,True,Male_White,0.0
2990,14--Traffic/14_Traffic_Traffic_14_620.jpg,328.0,202.0,726.0,720.0,0.0,0.0,0.0,0.0,0.0,0.0,1024.0,1540.0,0.1307350852272727,Male,White,True,Male_White,4.0
2993,15--Stock_Market/15_Stock_Market_Stock_Market_15_729.jpg,662.0,46.0,926.0,394.0,0.0,0.0,0.0,0.0,0.0,0.0,1024.0,576.0,0.15576171875,Male,White,True,Male_White,5.0
3003,15--Stock_Market/15_Stock_Market_Stock_Market_15_442.jpg,470.0,298.0,690.0,556.0,0.0,0.0,1.0,0.0,0.0,0.0,1024.0,768.0,0.072174072265625,Male,White,True,Male_White,2.0
3005,15--Stock_Market/15_Stock_Market_Stock_Market_15_479.jpg,220.0,430.0,336.0,578.0,0.0,1.0,0.0,0.0,0.0,0.0,1024.0,809.0,0.0207238875154511,Male,White,True,Male_White,0.0
3006,15--Stock_Market/15_Stock_Market_Stock_Market_15_479.jpg,622.0,432.0,744.0,614.0,0.0,0.0,0.0,0.0,0.0,0.0,1024.0,809.0,0.0268029588998763,Male,White,True,Male_White,0.0
3007,15--Stock_Market/15_Stock_Market_Stock_Market_15_479.jpg,488.0,366.0,576.0,498.0,0.0,0.0,0.0,0.0,0.0,0.0,1024.0,809.0,0.0140219406674907,Male,White,True,Male_White,0.0
3021,15--Stock_Market/15_Stock_Market_Stock_Market_15_561.jpg,448.0,106.0,594.0,326.0,0.0,0.0,0.0,0.0,1.0,0.0,1024.0,586.0,0.0535276237201365,Male,White,True,Male_White,1.0
3024,15--Stock_Market/15_Stock_Market_Stock_Market_15_490.jpg,432.0,120.0,558.0,298.0,0.0,0.0,0.0,0.0,0.0,0.0,1024.0,577.0,0.0379590012998266,Male,White,True,Male_White,1.0
3025,15--Stock_Market/15_Stock_Market_Stock_Market_15_362.jpg,410.0,134.0,580.0,398.0,0.0,0.0,0.0,0.0,0.0,0.0,1024.0,768.0,0.05706787109375,Male,White,True,Male_White,2.0
3031,15--Stock_Market/15_Stock_Market_Stock_Market_15_776.jpg,282.0,158.0,510.0,508.0,0.0,0.0,0.0,0.0,1.0,0.0,1024.0,650.0,0.1198918269230769,Male,White,True,Male_White,4.0
3041,15--Stock_Market/15_Stock_Market_Stock_Market_15_993.jpg,676.0,192.0,782.0,282.0,0.0,0.0,0.0,0.0,0.0,1.0,1024.0,681.0,0.0136804790748898,Male,Asian,True,Male_Asian,0.0
3049,15--Stock_Market/15_Stock_Market_Stock_Market_15_779.jpg,266.0,152.0,370.0,300.0,0.0,0.0,0.0,0.0,0.0,0.0,1024.0,683.0,0.0220076866764275,Male,Indian,True,Male_Indian,0.0
3050,15--Stock_Market/15_Stock_Market_Stock_Market_15_779.jpg,720.0,144.0,800.0,280.0,0.0,0.0,0.0,0.0,1.0,0.0,1024.0,683.0,0.0155563689604685,Male,White,True,Male_White,0.0
3051,15--Stock_Market/15_Stock_Market_Stock_Market_15_779.jpg,66.0,36.0,160.0,156.0,0.0,0.0,0.0,0.0,0.0,0.0,1024.0,683.0,0.0161282942898975,Male,White,True,Male_White,0.0
3052,15--Stock_Market/15_Stock_Market_Stock_Market_15_779.jpg,902.0,244.0,1016.0,378.0,0.0,0.0,0.0,0.0,1.0,0.0,1024.0,683.0,0.0218418283308931,Male,White,True,Male_White,0.0
3061,16--Award_Ceremony/16_Award_Ceremony_Awards_Ceremony_16_65.jpg,429.0,234.0,611.0,509.0,0.0,0.0,0.0,0.0,0.0,0.0,1024.0,1408.0,0.0347137451171875,Male,White,True,Male_White,1.0
3100,16--Award_Ceremony/16_Award_Ceremony_Awards_Ceremony_16_207.jpg,413.0,131.0,617.0,457.0,0.0,0.0,0.0,0.0,0.0,0.0,1024.0,1491.0,0.0435582243460764,Male,White,True,Male_White,1.0
3138,16--Award_Ceremony/16_Award_Ceremony_Awards_Ceremony_16_58.jpg,454.0,152.0,619.0,394.0,0.0,0.0,0.0,0.0,0.0,0.0,1024.0,1320.0,0.029541015625,Male,White,True,Male_White,1.0
3139,16--Award_Ceremony/16_Award_Ceremony_Awards_Ceremony_16_593.jpg,180.0,300.0,829.0,1162.0,0.0,0.0,0.0,0.0,0.0,0.0,1024.0,1536.0,0.3556811014811198,Male,Black,True,Male_Black,13.0
3141,16--Award_Ceremony/16_Award_Ceremony_Awards_Ceremony_16_426.jpg,612.0,109.0,892.0,474.0,0.0,0.0,0.0,0.0,0.0,0.0,1024.0,1508.0,0.0661834797745358,Male,White,True,Male_White,2.0
3169,16--Award_Ceremony/16_Award_Ceremony_Awards_Ceremony_16_307.jpg,302.0,248.0,477.0,507.0,0.0,0.0,1.0,0.0,0.0,0.0,1024.0,1380.0,0.0320744168931159,Male,Indian,True,Male_Indian,1.0
3172,16--Award_Ceremony/16_Award_Ceremony_Awards_Ceremony_16_333.jpg,303.0,129.0,671.0,632.0,0.0,0.0,0.0,0.0,0.0,0.0,1024.0,1506.0,0.1200302954847277,Male,White,True,Male_White,4.0
3178,16--Award_Ceremony/16_Award_Ceremony_Awards_Ceremony_16_659.jpg,281.0,100.0,572.0,542.0,0.0,0.0,0.0,0.0,0.0,0.0,1024.0,1285.0,0.0977489664396887,Male,White,True,Male_White,3.0
3230,16--Award_Ceremony/16_Award_Ceremony_Awards_Ceremony_16_325.jpg,219.0,366.0,868.0,1183.0,0.0,0.0,0.0,0.0,0.0,0.0,1024.0,1536.0,0.3371130625406901,Male,Indian,True,Male_Indian,12.0
3231,16--Award_Ceremony/16_Award_Ceremony_Awards_Ceremony_16_271.jpg,375.0,85.0,587.0,413.0,0.0,0.0,0.0,0.0,0.0,0.0,1024.0,1326.0,0.0512113499245852,Male,White,True,Male_White,1.0
3232,16--Award_Ceremony/16_Award_Ceremony_Awards_Ceremony_16_274.jpg,352.0,145.0,608.0,527.0,0.0,0.0,0.0,0.0,0.0,0.0,1024.0,1540.0,0.062012987012987,Male,White,True,Male_White,2.0
3249,16--Award_Ceremony/16_Award_Ceremony_Awards_Ceremony_16_151.jpg,367.0,120.0,599.0,463.0,0.0,0.0,0.0,0.0,0.0,0.0,1024.0,1540.0,0.0504616477272727,Male,White,True,Male_White,1.0
3270,16--Award_Ceremony/16_Award_Ceremony_Awards_Ceremony_16_245.jpg,228.0,138.0,770.0,956.0,0.0,0.0,0.0,0.0,0.0,0.0,1024.0,1408.0,0.3075034401633523,Male,Black,True,Male_Black,11.0
3281,16--Award_Ceremony/16_Award_Ceremony_Awards_Ceremony_16_304.jpg,348.0,249.0,527.0,498.0,0.0,0.0,0.0,0.0,0.0,0.0,1024.0,1370.0,0.031771070939781,Male,White,True,Male_White,1.0
3534,18--Concerts/18_Concerts_Concerts_18_653.jpg,449.0,130.0,611.0,347.0,0.0,0.0,0.0,0.0,0.0,0.0,1024.0,1169.0,0.0293670471556886,Male,White,True,Male_White,1.0
3538,18--Concerts/18_Concerts_Concerts_18_571.jpg,438.0,111.0,624.0,404.0,0.0,0.0,0.0,0.0,1.0,0.0,1024.0,1034.0,0.0514706993471953,Male,White,True,Male_White,1.0
3544,18--Concerts/18_Concerts_Concerts_18_698.jpg,346.0,176.0,616.0,550.0,0.0,0.0,0.0,0.0,0.0,0.0,1024.0,750.0,0.131484375,Male,White,True,Male_White,4.0
3596,18--Concerts/18_Concerts_Concerts_18_887.jpg,380.0,159.0,620.0,449.0,0.0,0.0,0.0,0.0,0.0,0.0,1024.0,1535.0,0.044279315960912,Male,White,True,Male_White,1.0
3597,18--Concerts/18_Concerts_Concerts_18_922.jpg,110.0,108.0,320.0,348.0,0.0,0.0,0.0,0.0,0.0,0.0,1024.0,693.0,0.0710227272727272,Male,White,True,Male_White,2.0
3604,18--Concerts/18_Concerts_Concerts_18_628.jpg,425.0,148.0,645.0,515.0,0.0,0.0,0.0,0.0,0.0,0.0,1024.0,1542.0,0.0511333698119325,Male,White,True,Male_White,1.0
3605,18--Concerts/18_Concerts_Concerts_18_957.jpg,234.0,643.0,408.0,886.0,0.0,0.0,0.0,0.0,0.0,0.0,1024.0,1538.0,0.0268472143205461,Male,White,True,Male_White,0.0
3606,18--Concerts/18_Concerts_Concerts_18_957.jpg,351.0,601.0,543.0,826.0,0.0,0.0,0.0,0.0,0.0,0.0,1024.0,1538.0,0.0274301040312093,Male,White,True,Male_White,0.0
3607,18--Concerts/18_Concerts_Concerts_18_957.jpg,667.0,261.0,826.0,486.0,0.0,0.0,0.0,0.0,0.0,0.0,1024.0,1538.0,0.0227155549008452,Male,White,True,Male_White,0.0
3609,18--Concerts/18_Concerts_Concerts_18_916.jpg,130.0,80.0,292.0,222.0,0.0,0.0,0.0,0.0,0.0,1.0,1024.0,684.0,0.0328433388157894,Male,White,True,Male_White,1.0
3610,18--Concerts/18_Concerts_Concerts_18_148.jpg,416.0,154.0,548.0,342.0,0.0,1.0,0.0,0.0,0.0,0.0,1024.0,820.0,0.0295541158536585,Male,Asian,True,Male_Asian,1.0
3611,18--Concerts/18_Concerts_Concerts_18_745.jpg,770.0,351.0,813.0,398.0,0.0,0.0,0.0,0.0,0.0,1.0,1024.0,774.0,0.0025499131944444,Male,White,True,Male_White,0.0
3612,18--Concerts/18_Concerts_Concerts_18_745.jpg,663.0,312.0,719.0,389.0,0.0,0.0,0.0,0.0,0.0,0.0,1024.0,774.0,0.0054404877260981,Male,White,True,Male_White,0.0
3613,18--Concerts/18_Concerts_Concerts_18_745.jpg,453.0,123.0,512.0,183.0,0.0,0.0,0.0,0.0,0.0,0.0,1024.0,774.0,0.0044664486434108,Male,White,True,Male_White,0.0
3614,18--Concerts/18_Concerts_Concerts_18_745.jpg,256.0,436.0,309.0,506.0,0.0,0.0,0.0,0.0,0.0,0.0,1024.0,774.0,0.004680939114987,Male,White,True,Male_White,0.0
3615,18--Concerts/18_Concerts_Concerts_18_745.jpg,173.0,334.0,209.0,379.0,0.0,0.0,0.0,0.0,0.0,0.0,1024.0,774.0,0.0020439680232558,Male,White,True,Male_White,0.0
3616,18--Concerts/18_Concerts_Concerts_18_652.jpg,797.0,90.0,844.0,160.0,0.0,0.0,0.0,0.0,0.0,0.0,1024.0,681.0,0.0047179010646108,Male,Black,True,Male_Black,0.0
3617,18--Concerts/18_Concerts_Concerts_18_652.jpg,648.0,136.0,688.0,189.0,0.0,0.0,0.0,0.0,0.0,0.0,1024.0,681.0,0.0030401064610866,Male,Black,True,Male_Black,0.0
3618,18--Concerts/18_Concerts_Concerts_18_652.jpg,539.0,209.0,584.0,275.0,0.0,0.0,0.0,0.0,0.0,0.0,1024.0,681.0,0.0042590170704845,Male,White,True,Male_White,0.0
3619,18--Concerts/18_Concerts_Concerts_18_652.jpg,489.0,99.0,527.0,155.0,0.0,0.0,0.0,0.0,0.0,0.0,1024.0,681.0,0.0030515785609397,Male,White,True,Male_White,0.0
3620,18--Concerts/18_Concerts_Concerts_18_652.jpg,385.0,231.0,429.0,292.0,0.0,0.0,0.0,0.0,0.0,0.0,1024.0,681.0,0.0038488895007342,Male,Black,True,Male_Black,0.0
3621,18--Concerts/18_Concerts_Concerts_18_652.jpg,355.0,118.0,394.0,178.0,0.0,0.0,0.0,0.0,0.0,0.0,1024.0,681.0,0.0033555892070484,Male,Black,True,Male_Black,0.0
3622,18--Concerts/18_Concerts_Concerts_18_652.jpg,239.0,118.0,285.0,175.0,0.0,0.0,0.0,0.0,0.0,0.0,1024.0,681.0,0.0037599807268722,Male,White,True,Male_White,0.0
3623,18--Concerts/18_Concerts_Concerts_18_610.jpg,518.0,128.0,574.0,199.0,0.0,0.0,0.0,0.0,0.0,0.0,1024.0,685.0,0.0056683394160583,Male,Black,True,Male_Black,0.0
3624,18--Concerts/18_Concerts_Concerts_18_610.jpg,280.0,75.0,334.0,148.0,1.0,0.0,0.0,0.0,0.0,0.0,1024.0,685.0,0.0056198677007299,Male,Black,True,Male_Black,0.0
3625,18--Concerts/18_Concerts_Concerts_18_610.jpg,146.0,83.0,202.0,166.0,0.0,0.0,0.0,0.0,0.0,0.0,1024.0,685.0,0.0066263686131386,Male,Black,True,Male_Black,0.0
3626,18--Concerts/18_Concerts_Concerts_18_610.jpg,73.0,90.0,127.0,174.0,0.0,0.0,0.0,0.0,1.0,0.0,1024.0,685.0,0.0064666970802919,Male,Black,True,Male_Black,0.0
3627,18--Concerts/18_Concerts_Concerts_18_328.jpg,806.0,155.0,863.0,232.0,1.0,0.0,0.0,0.0,0.0,0.0,1024.0,681.0,0.0062938807819383,Male,White,True,Male_White,0.0
3628,18--Concerts/18_Concerts_Concerts_18_328.jpg,612.0,172.0,662.0,237.0,1.0,0.0,0.0,0.0,0.0,0.0,1024.0,681.0,0.004660540565345,Male,White,True,Male_White,0.0
3629,18--Concerts/18_Concerts_Concerts_18_328.jpg,494.0,79.0,558.0,181.0,1.0,0.0,0.0,0.0,0.0,0.0,1024.0,681.0,0.0093612334801762,Male,White,True,Male_White,0.0
3630,18--Concerts/18_Concerts_Concerts_18_328.jpg,334.0,187.0,380.0,246.0,1.0,0.0,0.0,0.0,0.0,0.0,1024.0,681.0,0.0038919098751835,Male,White,True,Male_White,0.0
3631,18--Concerts/18_Concerts_Concerts_18_328.jpg,208.0,60.0,270.0,146.0,1.0,0.0,0.0,0.0,0.0,0.0,1024.0,681.0,0.0076461545521292,Male,White,True,Male_White,0.0
3637,18--Concerts/18_Concerts_Concerts_18_845.jpg,338.0,121.0,667.0,544.0,0.0,0.0,0.0,0.0,0.0,0.0,1024.0,1407.0,0.096592234141791,Male,White,True,Male_White,3.0
3646,18--Concerts/18_Concerts_Concerts_18_357.jpg,254.0,186.0,400.0,388.0,0.0,0.0,0.0,0.0,0.0,0.0,1024.0,767.0,0.0375499103650586,Male,White,True,Male_White,1.0
3650,18--Concerts/18_Concerts_Concerts_18_695.jpg,286.0,470.0,744.0,1096.0,0.0,1.0,0.0,0.0,0.0,0.0,1024.0,1543.0,0.1814570844134802,Male,Black,True,Male_Black,6.0
3656,18--Concerts/18_Concerts_Concerts_18_880.jpg,320.0,124.0,543.0,422.0,0.0,0.0,0.0,0.0,0.0,0.0,1024.0,1243.0,0.0522095610418342,Male,White,True,Male_White,1.0
3657,18--Concerts/18_Concerts_Concerts_18_1033.jpg,798.0,44.0,880.0,172.0,0.0,0.0,0.0,0.0,0.0,0.0,1024.0,715.0,0.0143356643356643,Male,White,True,Male_White,0.0
3658,18--Concerts/18_Concerts_Concerts_18_1033.jpg,574.0,82.0,656.0,208.0,0.0,0.0,0.0,0.0,0.0,0.0,1024.0,715.0,0.0141116695804195,Male,White,True,Male_White,0.0
3659,18--Concerts/18_Concerts_Concerts_18_1033.jpg,368.0,102.0,434.0,218.0,0.0,0.0,0.0,0.0,0.0,0.0,1024.0,715.0,0.0104567307692307,Male,White,True,Male_White,0.0
3660,18--Concerts/18_Concerts_Concerts_18_1033.jpg,68.0,46.0,142.0,166.0,0.0,0.0,0.0,0.0,0.0,0.0,1024.0,715.0,0.0121284965034965,Male,White,True,Male_White,0.0
3661,18--Concerts/18_Concerts_Concerts_18_518.jpg,224.0,152.0,350.0,314.0,0.0,0.0,0.0,0.0,0.0,0.0,1024.0,683.0,0.0291853495607613,Male,White,True,Male_White,1.0
3662,18--Concerts/18_Concerts_Concerts_18_518.jpg,372.0,90.0,476.0,232.0,0.0,0.0,0.0,0.0,0.0,0.0,1024.0,683.0,0.0211154831625183,Male,White,True,Male_White,0.0
3663,18--Concerts/18_Concerts_Concerts_18_518.jpg,560.0,52.0,666.0,166.0,0.0,0.0,0.0,0.0,0.0,0.0,1024.0,683.0,0.0172778642020497,Male,White,True,Male_White,0.0
3664,18--Concerts/18_Concerts_Concerts_18_518.jpg,762.0,100.0,864.0,236.0,0.0,0.0,0.0,0.0,0.0,0.0,1024.0,683.0,0.0198343704245973,Male,White,True,Male_White,0.0
3665,18--Concerts/18_Concerts_Concerts_18_715.jpg,430.0,82.0,592.0,298.0,0.0,0.0,0.0,0.0,0.0,0.0,1024.0,768.0,0.04449462890625,Male,White,True,Male_White,1.0
3666,18--Concerts/18_Concerts_Concerts_18_749.jpg,396.0,120.0,640.0,472.0,0.0,0.0,0.0,0.0,1.0,0.0,1024.0,843.0,0.0994958481613285,Male,White,True,Male_White,3.0
3671,18--Concerts/18_Concerts_Concerts_18_860.jpg,351.0,186.0,663.0,648.0,0.0,0.0,0.0,0.0,0.0,0.0,1024.0,1536.0,0.091644287109375,Male,White,True,Male_White,3.0
3672,18--Concerts/18_Concerts_Concerts_18_801.jpg,538.0,174.0,735.0,418.0,0.0,0.0,0.0,0.0,0.0,0.0,1024.0,1509.0,0.0311076250828363,Male,White,True,Male_White,1.0
3673,18--Concerts/18_Concerts_Concerts_18_763.jpg,395.0,719.0,622.0,1009.0,0.0,0.0,0.0,0.0,0.0,0.0,1024.0,1280.0,0.0502243041992187,Male,White,True,Male_White,1.0
3674,18--Concerts/18_Concerts_Concerts_18_763.jpg,282.0,402.0,479.0,689.0,0.0,0.0,0.0,0.0,0.0,0.0,1024.0,1280.0,0.0431358337402343,Male,White,True,Male_White,1.0
3675,18--Concerts/18_Concerts_Concerts_18_763.jpg,569.0,192.0,761.0,474.0,0.0,0.0,0.0,0.0,0.0,0.0,1024.0,1280.0,0.04130859375,Male,White,True,Male_White,1.0
3677,18--Concerts/18_Concerts_Concerts_18_713.jpg,106.0,200.0,194.0,306.0,0.0,0.0,0.0,0.0,0.0,0.0,1024.0,806.0,0.0113019540942928,Male,White,True,Male_White,0.0
3678,18--Concerts/18_Concerts_Concerts_18_713.jpg,220.0,34.0,280.0,122.0,0.0,0.0,0.0,0.0,0.0,0.0,1024.0,806.0,0.0063973325062034,Male,White,True,Male_White,0.0
3679,18--Concerts/18_Concerts_Concerts_18_713.jpg,690.0,28.0,748.0,114.0,0.0,0.0,0.0,0.0,0.0,0.0,1024.0,806.0,0.0060435406327543,Male,White,True,Male_White,0.0
3680,18--Concerts/18_Concerts_Concerts_18_713.jpg,874.0,234.0,944.0,334.0,0.0,0.0,0.0,0.0,0.0,0.0,1024.0,806.0,0.0084813120347394,Male,White,True,Male_White,0.0
3681,18--Concerts/18_Concerts_Concerts_18_713.jpg,692.0,332.0,760.0,434.0,0.0,0.0,0.0,0.0,0.0,0.0,1024.0,806.0,0.0084037686104218,Male,White,True,Male_White,0.0
3682,18--Concerts/18_Concerts_Concerts_18_713.jpg,500.0,210.0,570.0,316.0,0.0,0.0,0.0,0.0,0.0,0.0,1024.0,806.0,0.0089901907568238,Male,White,True,Male_White,0.0
3683,18--Concerts/18_Concerts_Concerts_18_713.jpg,320.0,204.0,404.0,314.0,0.0,0.0,0.0,0.0,0.0,0.0,1024.0,806.0,0.011195331885856,Male,White,True,Male_White,0.0
3684,18--Concerts/18_Concerts_Concerts_18_803.jpg,408.0,157.0,739.0,680.0,0.0,0.0,0.0,0.0,0.0,0.0,1024.0,1365.0,0.1238503033424908,Male,White,True,Male_White,4.0
3685,18--Concerts/18_Concerts_Concerts_18_526.jpg,106.0,234.0,262.0,476.0,0.0,0.0,1.0,0.0,0.0,0.0,1024.0,662.0,0.0556906155589123,Male,White,True,Male_White,2.0
3686,18--Concerts/18_Concerts_Concerts_18_526.jpg,288.0,114.0,386.0,266.0,0.0,0.0,0.0,0.0,0.0,0.0,1024.0,662.0,0.0219741314199395,Male,White,True,Male_White,0.0
3687,18--Concerts/18_Concerts_Concerts_18_526.jpg,598.0,118.0,684.0,280.0,0.0,0.0,1.0,0.0,0.0,0.0,1024.0,662.0,0.0205520675981873,Male,White,True,Male_White,0.0
3688,18--Concerts/18_Concerts_Concerts_18_526.jpg,774.0,78.0,938.0,352.0,0.0,0.0,1.0,0.0,0.0,0.0,1024.0,662.0,0.0662882364048338,Male,Black,True,Male_Black,2.0
3689,18--Concerts/18_Concerts_Concerts_18_871.jpg,360.0,444.0,595.0,765.0,0.0,0.0,1.0,0.0,0.0,0.0,1024.0,1526.0,0.0482745689302097,Male,White,True,Male_White,1.0
3692,18--Concerts/18_Concerts_Concerts_18_730.jpg,286.0,334.0,705.0,939.0,0.0,0.0,0.0,0.0,0.0,0.0,1024.0,1543.0,0.1604366240683733,Male,White,True,Male_White,5.0
3693,18--Concerts/18_Concerts_Concerts_18_930.jpg,212.0,350.0,416.0,650.0,0.0,0.0,0.0,0.0,0.0,0.0,1024.0,1411.0,0.0423569277108433,Male,White,True,Male_White,1.0
3694,18--Concerts/18_Concerts_Concerts_18_900.jpg,442.0,132.0,634.0,362.0,0.0,0.0,0.0,0.0,1.0,0.0,1024.0,768.0,0.05615234375,Male,White,True,Male_White,2.0
3698,18--Concerts/18_Concerts_Concerts_18_290.jpg,272.0,426.0,330.0,516.0,1.0,0.0,0.0,0.0,1.0,0.0,1024.0,768.0,0.0066375732421875,Male,White,True,Male_White,0.0
3700,18--Concerts/18_Concerts_Concerts_18_158.jpg,656.0,224.0,858.0,494.0,0.0,0.0,0.0,0.0,0.0,0.0,1024.0,1024.0,0.0520133972167968,Male,White,True,Male_White,1.0
3701,18--Concerts/18_Concerts_Concerts_18_158.jpg,226.0,242.0,418.0,500.0,0.0,0.0,0.0,0.0,0.0,0.0,1024.0,1024.0,0.0472412109375,Male,White,True,Male_White,1.0
3702,18--Concerts/18_Concerts_Concerts_18_158.jpg,68.0,52.0,270.0,322.0,1.0,0.0,0.0,0.0,1.0,0.0,1024.0,1024.0,0.0520133972167968,Male,White,True,Male_White,1.0
3703,18--Concerts/18_Concerts_Concerts_18_158.jpg,718.0,10.0,954.0,208.0,1.0,0.0,0.0,0.0,1.0,0.0,1024.0,1024.0,0.0445632934570312,Male,White,True,Male_White,1.0
3704,18--Concerts/18_Concerts_Concerts_18_534.jpg,200.0,176.0,705.0,839.0,0.0,0.0,0.0,0.0,0.0,0.0,1024.0,1349.0,0.2423778898721275,Male,White,True,Male_White,9.0
3710,18--Concerts/18_Concerts_Concerts_18_700.jpg,276.0,238.0,468.0,476.0,0.0,0.0,0.0,0.0,0.0,0.0,1024.0,820.0,0.054420731707317,Male,White,True,Male_White,1.0
3717,18--Concerts/18_Concerts_Concerts_18_619.jpg,310.0,148.0,636.0,480.0,1.0,0.0,0.0,0.0,0.0,1.0,1024.0,1024.0,0.1032180786132812,Male,Black,True,Male_Black,3.0
3720,18--Concerts/18_Concerts_Concerts_18_898.jpg,391.0,99.0,680.0,477.0,0.0,0.0,0.0,0.0,0.0,0.0,1024.0,1334.0,0.0799712448463268,Male,White,True,Male_White,2.0
3723,18--Concerts/18_Concerts_Concerts_18_172.jpg,359.0,205.0,504.0,429.0,1.0,0.0,1.0,0.0,0.0,0.0,1024.0,1547.0,0.0205033936651583,Male,Black,True,Male_Black,0.0
3731,18--Concerts/18_Concerts_Concerts_18_868.jpg,328.0,267.0,850.0,972.0,0.0,0.0,0.0,0.0,0.0,0.0,1024.0,1484.0,0.2421730226583558,Male,Black,True,Male_Black,9.0
3736,18--Concerts/18_Concerts_Concerts_18_369.jpg,380.0,58.0,482.0,188.0,1.0,0.0,1.0,0.0,0.0,0.0,1024.0,582.0,0.0222495167525773,Male,White,True,Male_White,0.0
3739,18--Concerts/18_Concerts_Concerts_18_506.jpg,306.0,94.0,704.0,610.0,0.0,0.0,0.0,0.0,0.0,0.0,1024.0,681.0,0.2945002753303964,Male,White,True,Male_White,11.0
3746,18--Concerts/18_Concerts_Concerts_18_434.jpg,243.0,158.0,471.0,471.0,0.0,0.0,1.0,0.0,0.0,0.0,1024.0,1446.0,0.0481959932572614,Male,Black,True,Male_Black,1.0
3748,18--Concerts/18_Concerts_Concerts_18_370.jpg,28.0,336.0,140.0,498.0,0.0,0.0,0.0,0.0,0.0,0.0,1024.0,1024.0,0.017303466796875,Male,White,True,Male_White,0.0
3749,18--Concerts/18_Concerts_Concerts_18_370.jpg,434.0,398.0,540.0,572.0,0.0,1.0,0.0,0.0,0.0,0.0,1024.0,1024.0,0.0175895690917968,Male,White,True,Male_White,0.0
3750,18--Concerts/18_Concerts_Concerts_18_370.jpg,896.0,308.0,1016.0,490.0,0.0,0.0,0.0,0.0,0.0,0.0,1024.0,1024.0,0.0208282470703125,Male,White,True,Male_White,0.0
3751,18--Concerts/18_Concerts_Concerts_18_933.jpg,34.0,132.0,136.0,286.0,0.0,0.0,0.0,0.0,0.0,0.0,1024.0,768.0,0.0199737548828125,Male,Asian,True,Male_Asian,0.0
3752,18--Concerts/18_Concerts_Concerts_18_933.jpg,188.0,206.0,318.0,386.0,0.0,0.0,0.0,0.0,0.0,0.0,1024.0,768.0,0.029754638671875,Male,Asian,True,Male_Asian,1.0
3753,18--Concerts/18_Concerts_Concerts_18_933.jpg,380.0,108.0,500.0,256.0,0.0,0.0,0.0,0.0,0.0,0.0,1024.0,768.0,0.0225830078125,Male,Asian,True,Male_Asian,0.0
3754,18--Concerts/18_Concerts_Concerts_18_933.jpg,568.0,180.0,658.0,306.0,0.0,0.0,0.0,0.0,0.0,0.0,1024.0,768.0,0.0144195556640625,Male,Asian,True,Male_Asian,0.0
3755,18--Concerts/18_Concerts_Concerts_18_933.jpg,708.0,266.0,782.0,412.0,0.0,0.0,0.0,0.0,0.0,0.0,1024.0,768.0,0.0137379964192708,Male,Asian,True,Male_Asian,0.0
3756,18--Concerts/18_Concerts_Concerts_18_933.jpg,902.0,164.0,1002.0,302.0,0.0,0.0,0.0,0.0,1.0,0.0,1024.0,768.0,0.017547607421875,Male,Asian,True,Male_Asian,0.0
3757,18--Concerts/18_Concerts_Concerts_18_795.jpg,180.0,126.0,468.0,506.0,0.0,0.0,0.0,0.0,0.0,0.0,1024.0,623.0,0.1715489566613162,Male,White,True,Male_White,6.0
3758,18--Concerts/18_Concerts_Concerts_18_884.jpg,266.0,234.0,355.0,342.0,1.0,0.0,0.0,0.0,0.0,0.0,1024.0,1375.0,0.0068267045454545,Male,White,True,Male_White,0.0
3759,18--Concerts/18_Concerts_Concerts_18_773.jpg,294.0,120.0,669.0,585.0,0.0,0.0,0.0,0.0,0.0,0.0,1024.0,1538.0,0.1107204720009752,Male,Black,True,Male_Black,4.0
3762,18--Concerts/18_Concerts_Concerts_18_256.jpg,339.0,757.0,420.0,856.0,1.0,0.0,0.0,0.0,0.0,0.0,1024.0,1536.0,0.0050983428955078,Male,White,True,Male_White,0.0
3763,18--Concerts/18_Concerts_Concerts_18_371.jpg,810.0,120.0,906.0,234.0,0.0,0.0,0.0,0.0,0.0,0.0,1024.0,683.0,0.0156478770131771,Male,White,True,Male_White,0.0
3764,18--Concerts/18_Concerts_Concerts_18_371.jpg,676.0,70.0,748.0,170.0,0.0,0.0,0.0,0.0,0.0,0.0,1024.0,683.0,0.0102946559297218,Male,White,True,Male_White,0.0
3765,18--Concerts/18_Concerts_Concerts_18_371.jpg,508.0,118.0,582.0,240.0,0.0,0.0,0.0,0.0,0.0,0.0,1024.0,683.0,0.0129083546852122,Male,White,True,Male_White,0.0
3766,18--Concerts/18_Concerts_Concerts_18_371.jpg,310.0,56.0,386.0,166.0,0.0,0.0,0.0,0.0,0.0,0.0,1024.0,683.0,0.0119532393850658,Male,White,True,Male_White,0.0
3767,18--Concerts/18_Concerts_Concerts_18_371.jpg,98.0,42.0,182.0,142.0,0.0,0.0,0.0,0.0,0.0,0.0,1024.0,683.0,0.0120104319180087,Male,White,True,Male_White,0.0
3770,18--Concerts/18_Concerts_Concerts_18_509.jpg,112.0,72.0,594.0,722.0,0.0,0.0,0.0,0.0,0.0,0.0,1024.0,1024.0,0.2987861633300781,Male,White,True,Male_White,11.0
3798,18--Concerts/18_Concerts_Concerts_18_664.jpg,263.0,399.0,725.0,876.0,0.0,0.0,0.0,0.0,0.0,0.0,1024.0,1547.0,0.1391137584841629,Male,White,True,Male_White,5.0
3799,18--Concerts/18_Concerts_Concerts_18_912.jpg,888.0,157.0,972.0,269.0,0.0,0.0,0.0,0.0,0.0,0.0,1024.0,683.0,0.0134516837481698,Male,White,True,Male_White,0.0
3800,18--Concerts/18_Concerts_Concerts_18_912.jpg,639.0,108.0,714.0,188.0,0.0,0.0,0.0,0.0,0.0,0.0,1024.0,683.0,0.0085788799414348,Male,White,True,Male_White,0.0
3801,18--Concerts/18_Concerts_Concerts_18_912.jpg,421.0,79.0,495.0,196.0,0.0,0.0,0.0,0.0,0.0,0.0,1024.0,683.0,0.0123793237554904,Male,White,True,Male_White,0.0
3802,18--Concerts/18_Concerts_Concerts_18_912.jpg,153.0,173.0,204.0,299.0,0.0,0.0,0.0,0.0,0.0,0.0,1024.0,683.0,0.0091879804172767,Male,White,True,Male_White,0.0
3803,18--Concerts/18_Concerts_Concerts_18_912.jpg,177.0,142.0,237.0,256.0,0.0,0.0,0.0,0.0,0.0,0.0,1024.0,683.0,0.0097799231332357,Male,White,True,Male_White,0.0
3804,18--Concerts/18_Concerts_Concerts_18_710.jpg,428.0,252.0,699.0,563.0,0.0,0.0,0.0,0.0,0.0,0.0,1024.0,1434.0,0.0573958605735704,Male,White,True,Male_White,2.0
3810,18--Concerts/18_Concerts_Concerts_18_946.jpg,89.0,251.0,569.0,946.0,0.0,0.0,0.0,0.0,0.0,0.0,1024.0,1381.0,0.2359024257784214,Male,White,True,Male_White,8.0
3922,19--Couple/19_Couple_Couple_19_81.jpg,472.0,107.0,492.0,169.0,1.0,0.0,0.0,0.0,0.0,0.0,1024.0,687.0,0.0017626455604075,Male,White,True,Male_White,0.0
3940,19--Couple/19_Couple_Couple_19_717.jpg,248.0,75.0,726.0,687.0,0.0,0.0,0.0,0.0,0.0,0.0,1024.0,1167.0,0.2447983611825192,Male,Indian,True,Male_Indian,9.0
4004,19--Couple/19_Couple_Couple_19_544.jpg,665.0,83.0,704.0,141.0,1.0,0.0,0.0,0.0,0.0,0.0,1024.0,640.0,0.0034515380859375,Male,White,True,Male_White,0.0
4055,2--Demonstration/2_Demonstration_Political_Rally_2_573.jpg,66.0,339.0,233.0,566.0,0.0,0.0,0.0,0.0,0.0,0.0,1024.0,1400.0,0.0264432198660714,Male,White,True,Male_White,0.0
4056,2--Demonstration/2_Demonstration_Political_Rally_2_573.jpg,259.0,270.0,344.0,442.0,0.0,0.0,0.0,0.0,0.0,0.0,1024.0,1400.0,0.0101981026785714,Male,White,True,Male_White,0.0
4057,2--Demonstration/2_Demonstration_Political_Rally_2_573.jpg,467.0,314.0,628.0,516.0,0.0,0.0,0.0,0.0,0.0,0.0,1024.0,1400.0,0.022685546875,Male,Black,True,Male_Black,0.0
4067,2--Demonstration/2_Demonstration_Political_Rally_2_555.jpg,830.0,127.0,912.0,268.0,0.0,0.0,0.0,0.0,0.0,0.0,1024.0,750.0,0.0150546875,Male,Black,True,Male_Black,0.0
4068,2--Demonstration/2_Demonstration_Political_Rally_2_555.jpg,628.0,175.0,681.0,257.0,0.0,0.0,0.0,0.0,0.0,1.0,1024.0,750.0,0.0056588541666666,Male,Black,True,Male_Black,0.0
4069,2--Demonstration/2_Demonstration_Political_Rally_2_555.jpg,380.0,241.0,479.0,370.0,0.0,0.0,0.0,0.0,0.0,0.0,1024.0,750.0,0.01662890625,Male,Black,True,Male_Black,0.0
4070,2--Demonstration/2_Demonstration_Political_Rally_2_555.jpg,231.0,248.0,279.0,382.0,0.0,0.0,0.0,0.0,0.0,1.0,1024.0,750.0,0.008375,Male,White,True,Male_White,0.0
4226,2--Demonstration/2_Demonstration_Demonstration_Or_Protest_2_709.jpg,240.0,362.0,298.0,476.0,1.0,0.0,0.0,0.0,0.0,0.0,1024.0,746.0,0.0086555378686327,Male,White,True,Male_White,0.0
4227,2--Demonstration/2_Demonstration_Demonstration_Or_Protest_2_709.jpg,354.0,356.0,438.0,470.0,1.0,0.0,0.0,0.0,0.0,0.0,1024.0,746.0,0.0125356065683646,Male,White,True,Male_White,0.0
4228,2--Demonstration/2_Demonstration_Demonstration_Or_Protest_2_709.jpg,540.0,448.0,608.0,556.0,1.0,0.0,0.0,0.0,0.0,0.0,1024.0,746.0,0.009613773458445,Male,White,True,Male_White,0.0
4229,2--Demonstration/2_Demonstration_Demonstration_Or_Protest_2_709.jpg,698.0,472.0,806.0,606.0,1.0,0.0,0.0,0.0,0.0,0.0,1024.0,746.0,0.0189447888739946,Male,White,True,Male_White,0.0
4237,2--Demonstration/2_Demonstration_Protesters_2_926.jpg,707.0,21.0,761.0,85.0,1.0,0.0,0.0,0.0,0.0,0.0,1024.0,576.0,0.005859375,Male,White,True,Male_White,0.0
4238,2--Demonstration/2_Demonstration_Protesters_2_926.jpg,452.0,224.0,489.0,268.0,1.0,0.0,0.0,0.0,0.0,0.0,1024.0,576.0,0.0027601453993055,Male,White,True,Male_White,0.0
4239,2--Demonstration/2_Demonstration_Protesters_2_926.jpg,218.0,174.0,262.0,224.0,1.0,0.0,0.0,0.0,0.0,0.0,1024.0,576.0,0.0037299262152777,Male,White,True,Male_White,0.0
4243,2--Demonstration/2_Demonstration_Political_Rally_2_476.jpg,848.0,20.0,909.0,95.0,1.0,0.0,0.0,0.0,0.0,0.0,1024.0,688.0,0.0064938567405523,Male,White,True,Male_White,0.0
4244,2--Demonstration/2_Demonstration_Political_Rally_2_476.jpg,641.0,38.0,691.0,115.0,1.0,0.0,0.0,0.0,0.0,0.0,1024.0,688.0,0.0054647756177325,Male,White,True,Male_White,0.0
4245,2--Demonstration/2_Demonstration_Political_Rally_2_476.jpg,273.0,89.0,329.0,160.0,1.0,0.0,0.0,0.0,0.0,0.0,1024.0,688.0,0.0056436228197674,Male,Asian,True,Male_Asian,0.0
4258,2--Demonstration/2_Demonstration_Political_Rally_2_360.jpg,4.0,6.0,148.0,192.0,0.0,0.0,0.0,0.0,0.0,0.0,1024.0,719.0,0.0363786509040333,Male,Indian,True,Male_Indian,1.0
4259,2--Demonstration/2_Demonstration_Political_Rally_2_360.jpg,574.0,10.0,648.0,92.0,1.0,0.0,0.0,0.0,0.0,0.0,1024.0,719.0,0.0082416985396383,Male,Indian,True,Male_Indian,0.0
4260,2--Demonstration/2_Demonstration_Political_Rally_2_360.jpg,198.0,126.0,430.0,438.0,0.0,0.0,0.0,0.0,0.0,0.0,1024.0,719.0,0.0983136300417246,Male,Indian,True,Male_Indian,3.0
4261,2--Demonstration/2_Demonstration_Political_Rally_2_360.jpg,676.0,260.0,904.0,540.0,0.0,0.0,0.0,0.0,0.0,0.0,1024.0,719.0,0.0867089707927677,Male,Indian,True,Male_Indian,3.0
4268,2--Demonstration/2_Demonstration_Political_Rally_2_334.jpg,436.0,264.0,534.0,378.0,1.0,0.0,0.0,0.0,0.0,0.0,1024.0,681.0,0.0160207874449339,Male,Indian,True,Male_Indian,0.0
4269,2--Demonstration/2_Demonstration_Political_Rally_2_334.jpg,94.0,608.0,172.0,681.0,1.0,0.0,0.0,0.0,0.0,0.0,1024.0,681.0,0.0081652670704845,Male,Indian,True,Male_Indian,0.0
4270,2--Demonstration/2_Demonstration_Political_Rally_2_334.jpg,704.0,608.0,778.0,681.0,1.0,0.0,0.0,0.0,1.0,0.0,1024.0,681.0,0.0077465354258443,Male,Indian,True,Male_Indian,0.0
4477,20--Family_Group/20_Family_Group_Family_Group_20_445.jpg,148.0,528.0,342.0,748.0,0.0,0.0,0.0,0.0,0.0,0.0,1024.0,1024.0,0.0407028198242187,Male,Black,True,Male_Black,1.0
4478,20--Family_Group/20_Family_Group_Family_Group_20_445.jpg,272.0,264.0,324.0,332.0,1.0,0.0,0.0,0.0,0.0,0.0,1024.0,1024.0,0.0033721923828125,Male,Black,True,Male_Black,0.0
4479,20--Family_Group/20_Family_Group_Family_Group_20_445.jpg,480.0,102.0,572.0,216.0,1.0,0.0,0.0,0.0,0.0,0.0,1024.0,1024.0,0.0100021362304687,Male,Black,True,Male_Black,0.0
4560,20--Family_Group/20_Family_Group_Family_Group_20_518.jpg,335.0,150.0,591.0,450.0,0.0,0.0,0.0,0.0,0.0,0.0,1024.0,1066.0,0.0703564727954971,Male,White,True,Male_White,2.0
4596,20--Family_Group/20_Family_Group_Family_Group_20_867.jpg,407.0,125.0,657.0,537.0,0.0,0.0,0.0,0.0,0.0,0.0,1024.0,1104.0,0.0911104506340579,Male,White,True,Male_White,3.0
4710,20--Family_Group/20_Family_Group_Family_Group_20_923.jpg,232.0,178.0,372.0,348.0,0.0,0.0,0.0,0.0,0.0,0.0,1024.0,417.0,0.0557366606714628,Male,White,True,Male_White,2.0
4842,20--Family_Group/20_Family_Group_Family_Group_20_1033.jpg,420.0,120.0,598.0,360.0,0.0,0.0,0.0,0.0,0.0,0.0,1024.0,842.0,0.0495472090261282,Male,White,True,Male_White,1.0
4866,20--Family_Group/20_Family_Group_Family_Group_20_873.jpg,228.0,292.0,266.0,337.0,1.0,0.0,0.0,0.0,0.0,0.0,1024.0,756.0,0.0022088913690476,Male,White,True,Male_White,0.0
4888,20--Family_Group/20_Family_Group_Family_Group_20_380.jpg,38.0,118.0,202.0,342.0,0.0,0.0,0.0,0.0,0.0,0.0,1024.0,592.0,0.0605996621621621,Male,White,True,Male_White,2.0
4889,20--Family_Group/20_Family_Group_Family_Group_20_380.jpg,234.0,350.0,402.0,576.0,0.0,0.0,0.0,0.0,0.0,0.0,1024.0,592.0,0.0626319679054054,Male,White,True,Male_White,2.0
4890,20--Family_Group/20_Family_Group_Family_Group_20_380.jpg,382.0,142.0,546.0,346.0,0.0,0.0,0.0,0.0,0.0,0.0,1024.0,592.0,0.0551889780405405,Male,White,True,Male_White,2.0
4891,20--Family_Group/20_Family_Group_Family_Group_20_380.jpg,568.0,236.0,746.0,474.0,0.0,0.0,0.0,0.0,0.0,0.0,1024.0,592.0,0.0698836043074324,Male,White,True,Male_White,2.0
4892,20--Family_Group/20_Family_Group_Family_Group_20_380.jpg,746.0,14.0,934.0,216.0,0.0,0.0,0.0,0.0,0.0,0.0,1024.0,592.0,0.0626451646959459,Male,White,True,Male_White,2.0
5030,20--Family_Group/20_Family_Group_Family_Group_20_573.jpg,171.0,416.0,431.0,706.0,0.0,0.0,0.0,0.0,0.0,1.0,1024.0,1533.0,0.0480318411611219,Male,White,True,Male_White,1.0
5031,20--Family_Group/20_Family_Group_Family_Group_20_573.jpg,527.0,527.0,764.0,752.0,0.0,0.0,0.0,0.0,0.0,1.0,1024.0,1533.0,0.0339694685665362,Male,White,True,Male_White,1.0
5032,20--Family_Group/20_Family_Group_Family_Group_20_573.jpg,278.0,769.0,485.0,1015.0,0.0,0.0,0.0,0.0,0.0,1.0,1024.0,1533.0,0.0324386925146771,Male,White,True,Male_White,1.0
5169,21--Festival/21_Festival_Festival_21_971.jpg,317.0,260.0,877.0,1068.0,0.0,0.0,0.0,0.0,0.0,0.0,1024.0,1535.0,0.2878664495114006,Male,White,True,Male_White,10.0
5207,21--Festival/21_Festival_Festival_21_919.jpg,325.0,328.0,554.0,601.0,0.0,0.0,0.0,0.0,0.0,0.0,1024.0,1397.0,0.043702045678239,Male,White,True,Male_White,1.0
5218,21--Festival/21_Festival_Festival_21_433.jpg,279.0,278.0,371.0,391.0,0.0,0.0,0.0,0.0,0.0,0.0,1024.0,685.0,0.0148209397810218,Male,Indian,True,Male_Indian,0.0
5219,21--Festival/21_Festival_Festival_21_433.jpg,436.0,287.0,477.0,348.0,1.0,0.0,0.0,0.0,0.0,0.0,1024.0,685.0,0.0035655223540145,Male,Indian,True,Male_Indian,0.0
5220,21--Festival/21_Festival_Festival_21_433.jpg,632.0,295.0,662.0,335.0,1.0,0.0,0.0,0.0,0.0,0.0,1024.0,685.0,0.0017107664233576,Male,Indian,True,Male_Indian,0.0
5221,21--Festival/21_Festival_Festival_21_433.jpg,667.0,310.0,719.0,369.0,1.0,0.0,0.0,0.0,0.0,0.0,1024.0,685.0,0.004373859489051,Male,Indian,True,Male_Indian,0.0
5222,21--Festival/21_Festival_Festival_21_433.jpg,818.0,326.0,853.0,363.0,1.0,0.0,0.0,0.0,1.0,0.0,1024.0,685.0,0.0018462020985401,Male,Indian,True,Male_Indian,0.0
5227,22--Picnic/22_Picnic_Picnic_22_758.jpg,414.0,398.0,644.0,632.0,0.0,0.0,1.0,0.0,1.0,0.0,1024.0,712.0,0.0738182496488764,Male,White,True,Male_White,2.0
5247,22--Picnic/22_Picnic_Picnic_22_914.jpg,430.0,92.0,628.0,418.0,0.0,0.0,0.0,0.0,0.0,0.0,1024.0,686.0,0.0918879828717201,Male,White,True,Male_White,3.0
5316,22--Picnic/22_Picnic_Picnic_22_447.jpg,536.0,154.0,642.0,294.0,0.0,0.0,0.0,0.0,1.0,0.0,1024.0,1459.0,0.0099329592186429,Male,White,True,Male_White,0.0
5325,22--Picnic/22_Picnic_Picnic_22_944.jpg,344.0,308.0,725.0,908.0,0.0,0.0,0.0,0.0,0.0,0.0,1024.0,1559.0,0.1431957584990378,Male,White,True,Male_White,5.0
5370,23--Shoppers/23_Shoppers_Shoppers_23_781.jpg,370.0,314.0,828.0,932.0,0.0,0.0,0.0,0.0,0.0,0.0,1024.0,1676.0,0.1649225275954653,Male,White,True,Male_White,6.0
5375,23--Shoppers/23_Shoppers_Shoppers_23_694.jpg,496.0,160.0,707.0,436.0,0.0,0.0,0.0,0.0,0.0,0.0,1024.0,1386.0,0.0410325351731601,Male,White,True,Male_White,1.0
5402,23--Shoppers/23_Shoppers_Shoppers_23_564.jpg,378.0,295.0,668.0,578.0,0.0,0.0,0.0,0.0,1.0,0.0,1024.0,1161.0,0.0690322862833764,Male,White,True,Male_White,2.0
5451,23--Shoppers/23_Shoppers_Shoppers_23_793.jpg,271.0,159.0,580.0,569.0,0.0,0.0,1.0,0.0,0.0,0.0,1024.0,1476.0,0.0838216145833333,Male,White,True,Male_White,3.0
5470,23--Shoppers/23_Shoppers_Shoppers_23_329.jpg,458.0,40.0,566.0,180.0,1.0,0.0,0.0,0.0,0.0,0.0,1024.0,639.0,0.0231073943661971,Male,White,True,Male_White,0.0
5477,23--Shoppers/23_Shoppers_Shoppers_23_555.jpg,908.0,204.0,1000.0,320.0,1.0,0.0,0.0,0.0,0.0,0.0,1024.0,769.0,0.0135525032509752,Male,White,True,Male_White,0.0
5493,23--Shoppers/23_Shoppers_Shoppers_23_513.jpg,162.0,404.0,240.0,492.0,1.0,0.0,0.0,0.0,0.0,0.0,1024.0,711.0,0.0094277426160337,Male,White,True,Male_White,0.0
5503,23--Shoppers/23_Shoppers_Shoppers_23_477.jpg,512.0,72.0,594.0,180.0,1.0,0.0,0.0,0.0,0.0,0.0,1024.0,798.0,0.0108376409774436,Male,White,True,Male_White,0.0
5505,23--Shoppers/23_Shoppers_Shoppers_23_460.jpg,895.0,4.0,963.0,82.0,1.0,0.0,0.0,0.0,0.0,0.0,1024.0,1083.0,0.0047827216066482,Male,White,True,Male_White,0.0
5530,24--Soldier_Firing/24_Soldier_Firing_Soldier_Firing_24_772.jpg,314.0,154.0,353.0,199.0,1.0,0.0,0.0,0.0,0.0,0.0,1024.0,576.0,0.0029754638671875,Male,White,True,Male_White,0.0
5533,24--Soldier_Firing/24_Soldier_Firing_Soldier_Firing_24_302.jpg,224.0,76.0,410.0,394.0,0.0,0.0,0.0,0.0,0.0,0.0,1024.0,1024.0,0.0564079284667968,Male,White,True,Male_White,2.0
5534,24--Soldier_Firing/24_Soldier_Firing_Soldier_Firing_24_336.jpg,411.0,267.0,549.0,461.0,1.0,0.0,0.0,0.0,1.0,0.0,1024.0,1197.0,0.0218417136591478,Male,White,True,Male_White,0.0
5537,24--Soldier_Firing/24_Soldier_Firing_Soldier_Firing_24_1001.jpg,48.0,130.0,124.0,264.0,0.0,0.0,0.0,0.0,0.0,0.0,1024.0,680.0,0.0146254595588235,Male,White,True,Male_White,0.0
5538,24--Soldier_Firing/24_Soldier_Firing_Soldier_Firing_24_1001.jpg,240.0,194.0,300.0,300.0,0.0,0.0,0.0,0.0,0.0,0.0,1024.0,680.0,0.009133731617647,Male,Asian,True,Male_Asian,0.0
5539,24--Soldier_Firing/24_Soldier_Firing_Soldier_Firing_24_1001.jpg,382.0,156.0,440.0,230.0,0.0,0.0,0.0,0.0,0.0,0.0,1024.0,680.0,0.0061638327205882,Male,White,True,Male_White,0.0
5540,24--Soldier_Firing/24_Soldier_Firing_Soldier_Firing_24_1001.jpg,504.0,138.0,576.0,234.0,0.0,0.0,0.0,0.0,0.0,0.0,1024.0,680.0,0.0099264705882352,Male,White,True,Male_White,0.0
5541,24--Soldier_Firing/24_Soldier_Firing_Soldier_Firing_24_1001.jpg,802.0,142.0,864.0,226.0,0.0,0.0,0.0,0.0,0.0,0.0,1024.0,680.0,0.0074793198529411,Male,White,True,Male_White,0.0
5544,24--Soldier_Firing/24_Soldier_Firing_Soldier_Firing_24_474.jpg,531.0,281.0,584.0,351.0,1.0,0.0,0.0,0.0,0.0,0.0,1024.0,640.0,0.0056610107421875,Male,Black,True,Male_Black,0.0
5545,24--Soldier_Firing/24_Soldier_Firing_Soldier_Firing_24_474.jpg,424.0,275.0,472.0,344.0,1.0,0.0,0.0,0.0,0.0,0.0,1024.0,640.0,0.0050537109375,Male,Black,True,Male_Black,0.0
5546,24--Soldier_Firing/24_Soldier_Firing_Soldier_Firing_24_474.jpg,295.0,219.0,342.0,296.0,1.0,0.0,0.0,0.0,0.0,0.0,1024.0,640.0,0.0055221557617187,Male,Black,True,Male_Black,0.0
5547,24--Soldier_Firing/24_Soldier_Firing_Soldier_Firing_24_474.jpg,201.0,238.0,248.0,311.0,1.0,0.0,0.0,0.0,0.0,0.0,1024.0,640.0,0.0052352905273437,Male,Black,True,Male_Black,0.0
5553,24--Soldier_Firing/24_Soldier_Firing_Soldier_Firing_24_65.jpg,256.0,184.0,346.0,322.0,0.0,0.0,0.0,0.0,1.0,1.0,1024.0,681.0,0.0178104350220264,Male,White,True,Male_White,0.0
5555,24--Soldier_Firing/24_Soldier_Firing_Soldier_Firing_24_124.jpg,396.0,136.0,506.0,360.0,0.0,0.0,0.0,0.0,0.0,1.0,1024.0,754.0,0.0319131299734748,Male,White,True,Male_White,1.0
5556,24--Soldier_Firing/24_Soldier_Firing_Soldier_Firing_24_662.jpg,313.0,341.0,420.0,464.0,1.0,0.0,0.0,0.0,0.0,0.0,1024.0,1621.0,0.0079287717843923,Male,White,True,Male_White,0.0
5559,24--Soldier_Firing/24_Soldier_Firing_Soldier_Firing_24_818.jpg,298.0,146.0,556.0,460.0,0.0,0.0,0.0,0.0,0.0,0.0,1024.0,613.0,0.1290591863784665,Male,White,True,Male_White,4.0
5562,24--Soldier_Firing/24_Soldier_Firing_Soldier_Firing_24_775.jpg,978.0,57.0,1012.0,96.0,1.0,0.0,0.0,0.0,0.0,0.0,1024.0,556.0,0.0023289961780575,Male,White,True,Male_White,0.0
5563,24--Soldier_Firing/24_Soldier_Firing_Soldier_Firing_24_117.jpg,460.0,156.0,558.0,260.0,1.0,0.0,0.0,0.0,1.0,1.0,1024.0,761.0,0.0130790078843626,Male,White,True,Male_White,0.0
5567,24--Soldier_Firing/24_Soldier_Firing_Soldier_Firing_24_608.jpg,577.0,120.0,780.0,409.0,0.0,0.0,0.0,0.0,0.0,0.0,1024.0,1095.0,0.0523214540525114,Male,White,True,Male_White,1.0
5569,24--Soldier_Firing/24_Soldier_Firing_Soldier_Firing_24_877.jpg,702.0,202.0,754.0,262.0,1.0,0.0,0.0,0.0,0.0,1.0,1024.0,684.0,0.004454495614035,Male,White,True,Male_White,0.0
5570,24--Soldier_Firing/24_Soldier_Firing_Soldier_Firing_24_76.jpg,172.0,276.0,262.0,434.0,0.0,0.0,0.0,0.0,1.0,0.0,1024.0,1024.0,0.0135612487792968,Male,White,True,Male_White,0.0
5571,24--Soldier_Firing/24_Soldier_Firing_Soldier_Firing_24_252.jpg,372.0,164.0,450.0,322.0,1.0,0.0,0.0,0.0,0.0,1.0,1024.0,769.0,0.0156503982444733,Male,White,True,Male_White,0.0
5589,24--Soldier_Firing/24_Soldier_Firing_Soldier_Firing_24_512.jpg,730.0,110.0,844.0,272.0,1.0,0.0,0.0,0.0,0.0,0.0,1024.0,537.0,0.0335850209497206,Male,Indian,True,Male_Indian,1.0
5595,24--Soldier_Firing/24_Soldier_Firing_Soldier_Firing_24_140.jpg,240.0,184.0,328.0,326.0,0.0,0.0,0.0,0.0,1.0,0.0,1024.0,667.0,0.0182955397301349,Male,White,True,Male_White,0.0
5603,24--Soldier_Firing/24_Soldier_Firing_Soldier_Firing_24_174.jpg,334.0,160.0,424.0,278.0,1.0,0.0,0.0,0.0,0.0,0.0,1024.0,767.0,0.0135216346153846,Male,White,True,Male_White,0.0
5609,24--Soldier_Firing/24_Soldier_Firing_Soldier_Firing_24_17.jpg,668.0,118.0,778.0,254.0,0.0,1.0,0.0,0.0,1.0,0.0,1024.0,576.0,0.0253634982638888,Male,White,True,Male_White,0.0
5612,24--Soldier_Firing/24_Soldier_Firing_Soldier_Firing_24_389.jpg,428.0,150.0,500.0,242.0,1.0,0.0,0.0,0.0,0.0,0.0,1024.0,793.0,0.0081573139974779,Male,White,True,Male_White,0.0
5614,24--Soldier_Firing/24_Soldier_Firing_Soldier_Firing_24_741.jpg,386.0,170.0,454.0,258.0,1.0,0.0,0.0,0.0,0.0,0.0,1024.0,832.0,0.0070237379807692,Male,White,True,Male_White,0.0
5615,24--Soldier_Firing/24_Soldier_Firing_Soldier_Firing_24_592.jpg,392.0,22.0,728.0,500.0,0.0,0.0,0.0,0.0,0.0,0.0,1024.0,577.0,0.2718262564991334,Male,Asian,True,Male_Asian,10.0
5616,24--Soldier_Firing/24_Soldier_Firing_Soldier_Firing_24_914.jpg,443.0,311.0,474.0,351.0,1.0,0.0,0.0,0.0,1.0,0.0,1024.0,709.0,0.0017079513399153,Male,White,True,Male_White,0.0
5617,24--Soldier_Firing/24_Soldier_Firing_Soldier_Firing_24_75.jpg,492.0,84.0,582.0,176.0,1.0,0.0,0.0,0.0,0.0,0.0,1024.0,641.0,0.0126145670826833,Male,White,True,Male_White,0.0
5621,24--Soldier_Firing/24_Soldier_Firing_Soldier_Firing_24_735.jpg,138.0,128.0,220.0,216.0,1.0,0.0,0.0,0.0,0.0,0.0,1024.0,768.0,0.0091756184895833,Male,White,True,Male_White,0.0
5622,24--Soldier_Firing/24_Soldier_Firing_Soldier_Firing_24_199.jpg,448.0,102.0,508.0,170.0,0.0,0.0,0.0,0.0,1.0,1.0,1024.0,680.0,0.005859375,Male,White,True,Male_White,0.0
5623,24--Soldier_Firing/24_Soldier_Firing_Soldier_Firing_24_679.jpg,444.0,126.0,476.0,158.0,1.0,0.0,0.0,0.0,0.0,0.0,1024.0,647.0,0.0015455950540958,Male,White,True,Male_White,0.0
5632,25--Soldier_Patrol/25_Soldier_Patrol_Soldier_Patrol_25_262.jpg,252.0,120.0,314.0,194.0,0.0,0.0,0.0,0.0,1.0,0.0,1024.0,679.0,0.0065986284977908,Male,White,True,Male_White,0.0
5633,25--Soldier_Patrol/25_Soldier_Patrol_Soldier_Patrol_25_974.jpg,212.0,91.0,267.0,167.0,1.0,0.0,0.0,0.0,0.0,0.0,1024.0,673.0,0.0060654253343239,Male,White,True,Male_White,0.0
5634,25--Soldier_Patrol/25_Soldier_Patrol_Soldier_Patrol_25_974.jpg,428.0,166.0,480.0,235.0,1.0,0.0,0.0,0.0,0.0,0.0,1024.0,673.0,0.0052063985884101,Male,White,True,Male_White,0.0
5635,25--Soldier_Patrol/25_Soldier_Patrol_Soldier_Patrol_25_974.jpg,703.0,163.0,765.0,250.0,1.0,0.0,0.0,0.0,0.0,0.0,1024.0,673.0,0.0078270105869242,Male,White,True,Male_White,0.0
5636,25--Soldier_Patrol/25_Soldier_Patrol_Soldier_Patrol_25_216.jpg,284.0,136.0,542.0,476.0,0.0,0.0,0.0,0.0,0.0,0.0,1024.0,576.0,0.1487223307291666,Male,Indian,True,Male_Indian,5.0
5637,25--Soldier_Patrol/25_Soldier_Patrol_Soldier_Patrol_25_919.jpg,195.0,247.0,233.0,286.0,0.0,0.0,0.0,0.0,0.0,0.0,1024.0,680.0,0.0021283318014705,Male,White,True,Male_White,0.0
5638,25--Soldier_Patrol/25_Soldier_Patrol_Soldier_Patrol_25_919.jpg,282.0,226.0,317.0,268.0,0.0,0.0,0.0,0.0,0.0,0.0,1024.0,680.0,0.0021110983455882,Male,White,True,Male_White,0.0
5639,25--Soldier_Patrol/25_Soldier_Patrol_Soldier_Patrol_25_919.jpg,345.0,226.0,381.0,274.0,0.0,0.0,0.0,0.0,0.0,0.0,1024.0,680.0,0.0024816176470588,Male,Asian,True,Male_Asian,0.0
5640,25--Soldier_Patrol/25_Soldier_Patrol_Soldier_Patrol_25_919.jpg,442.0,215.0,477.0,258.0,0.0,0.0,0.0,0.0,0.0,0.0,1024.0,680.0,0.0021613625919117,Male,White,True,Male_White,0.0
5641,25--Soldier_Patrol/25_Soldier_Patrol_Soldier_Patrol_25_919.jpg,543.0,234.0,572.0,273.0,0.0,0.0,0.0,0.0,0.0,0.0,1024.0,680.0,0.0016242532169117,Male,White,True,Male_White,0.0
5642,25--Soldier_Patrol/25_Soldier_Patrol_Soldier_Patrol_25_919.jpg,579.0,218.0,606.0,257.0,0.0,0.0,0.0,0.0,0.0,0.0,1024.0,680.0,0.0015122357536764,Male,White,True,Male_White,0.0
5643,25--Soldier_Patrol/25_Soldier_Patrol_Soldier_Patrol_25_919.jpg,637.0,221.0,672.0,264.0,0.0,0.0,0.0,0.0,0.0,0.0,1024.0,680.0,0.0021613625919117,Male,White,True,Male_White,0.0
5644,25--Soldier_Patrol/25_Soldier_Patrol_Soldier_Patrol_25_919.jpg,725.0,222.0,761.0,267.0,0.0,0.0,0.0,0.0,0.0,0.0,1024.0,680.0,0.0023265165441176,Male,White,True,Male_White,0.0
5645,25--Soldier_Patrol/25_Soldier_Patrol_Soldier_Patrol_25_919.jpg,813.0,227.0,846.0,269.0,0.0,0.0,0.0,0.0,0.0,0.0,1024.0,680.0,0.0019904641544117,Male,White,True,Male_White,0.0
5649,25--Soldier_Patrol/25_Soldier_Patrol_Soldier_Patrol_25_1015.jpg,246.0,28.0,340.0,176.0,1.0,0.0,0.0,0.0,0.0,0.0,1024.0,682.0,0.0199207294721407,Male,White,True,Male_White,0.0
5650,25--Soldier_Patrol/25_Soldier_Patrol_Soldier_Patrol_25_656.jpg,371.0,503.0,667.0,838.0,0.0,0.0,0.0,0.0,0.0,0.0,1024.0,1535.0,0.0630853013029315,Male,White,True,Male_White,2.0
5651,25--Soldier_Patrol/25_Soldier_Patrol_Soldier_Patrol_25_911.jpg,644.0,66.0,762.0,210.0,0.0,0.0,0.0,0.0,0.0,0.0,1024.0,576.0,0.02880859375,Male,White,True,Male_White,1.0
5653,25--Soldier_Patrol/25_Soldier_Patrol_Soldier_Patrol_25_704.jpg,548.0,108.0,674.0,286.0,0.0,0.0,0.0,0.0,0.0,0.0,1024.0,661.0,0.0331351645234493,Male,White,True,Male_White,1.0
5658,25--Soldier_Patrol/25_Soldier_Patrol_Soldier_Patrol_25_58.jpg,195.0,172.0,244.0,235.0,1.0,0.0,0.0,0.0,0.0,0.0,1024.0,683.0,0.0044138337298682,Male,Asian,True,Male_Asian,0.0
5659,25--Soldier_Patrol/25_Soldier_Patrol_Soldier_Patrol_25_58.jpg,382.0,219.0,413.0,275.0,1.0,0.0,0.0,0.0,0.0,0.0,1024.0,683.0,0.0024821559297218,Male,Asian,True,Male_Asian,0.0
5660,25--Soldier_Patrol/25_Soldier_Patrol_Soldier_Patrol_25_58.jpg,400.0,194.0,430.0,256.0,1.0,0.0,0.0,0.0,0.0,0.0,1024.0,683.0,0.0026594527818448,Male,Asian,True,Male_Asian,0.0
5661,25--Soldier_Patrol/25_Soldier_Patrol_Soldier_Patrol_25_58.jpg,774.0,150.0,803.0,216.0,1.0,0.0,0.0,0.0,0.0,0.0,1024.0,683.0,0.0027366627013177,Male,Asian,True,Male_Asian,0.0
5664,25--Soldier_Patrol/25_Soldier_Patrol_Soldier_Patrol_25_279.jpg,698.0,228.0,862.0,420.0,0.0,0.0,0.0,0.0,0.0,0.0,1024.0,686.0,0.0448250728862973,Male,White,True,Male_White,1.0
5669,25--Soldier_Patrol/25_Soldier_Patrol_Soldier_Patrol_25_387.jpg,146.0,70.0,210.0,170.0,0.0,0.0,0.0,0.0,0.0,0.0,1024.0,768.0,0.0081380208333333,Male,White,True,Male_White,0.0
5670,25--Soldier_Patrol/25_Soldier_Patrol_Soldier_Patrol_25_387.jpg,604.0,76.0,694.0,194.0,0.0,0.0,0.0,0.0,0.0,0.0,1024.0,768.0,0.0135040283203125,Male,White,True,Male_White,0.0
5671,25--Soldier_Patrol/25_Soldier_Patrol_Soldier_Patrol_25_387.jpg,710.0,132.0,820.0,270.0,0.0,0.0,0.0,0.0,0.0,0.0,1024.0,768.0,0.0193023681640625,Male,White,True,Male_White,0.0
5672,25--Soldier_Patrol/25_Soldier_Patrol_Soldier_Patrol_25_806.jpg,381.0,222.0,606.0,474.0,0.0,0.0,0.0,0.0,0.0,0.0,1024.0,1374.0,0.0402991948689956,Male,White,True,Male_White,1.0
5673,25--Soldier_Patrol/25_Soldier_Patrol_Soldier_Patrol_25_711.jpg,558.0,205.0,663.0,355.0,0.0,0.0,1.0,0.0,0.0,1.0,1024.0,1282.0,0.0119975502145085,Male,White,True,Male_White,0.0
5680,25--Soldier_Patrol/25_Soldier_Patrol_Soldier_Patrol_25_634.jpg,126.0,142.0,268.0,376.0,0.0,0.0,0.0,0.0,0.0,0.0,1024.0,873.0,0.037169780927835,Male,Black,True,Male_Black,1.0
5681,25--Soldier_Patrol/25_Soldier_Patrol_Soldier_Patrol_25_634.jpg,456.0,230.0,588.0,404.0,0.0,0.0,0.0,0.0,0.0,0.0,1024.0,873.0,0.0256926546391752,Male,Black,True,Male_Black,0.0
5682,25--Soldier_Patrol/25_Soldier_Patrol_Soldier_Patrol_25_634.jpg,712.0,182.0,854.0,374.0,0.0,0.0,0.0,0.0,0.0,0.0,1024.0,873.0,0.0304982817869415,Male,White,True,Male_White,1.0
5684,25--Soldier_Patrol/25_Soldier_Patrol_Soldier_Patrol_25_531.jpg,500.0,164.0,552.0,256.0,1.0,0.0,0.0,0.0,0.0,0.0,1024.0,682.0,0.0068502565982404,Male,White,True,Male_White,0.0
5685,25--Soldier_Patrol/25_Soldier_Patrol_Soldier_Patrol_25_220.jpg,245.0,207.0,617.0,644.0,0.0,0.0,0.0,0.0,0.0,0.0,1024.0,1278.0,0.1242205839201878,Male,White,True,Male_White,4.0
5691,25--Soldier_Patrol/25_Soldier_Patrol_Soldier_Patrol_25_605.jpg,418.0,72.0,506.0,192.0,1.0,0.0,0.0,0.0,0.0,0.0,1024.0,556.0,0.0185476618705035,Male,White,True,Male_White,0.0
5698,25--Soldier_Patrol/25_Soldier_Patrol_Soldier_Patrol_25_584.jpg,183.0,213.0,645.0,853.0,0.0,0.0,0.0,0.0,0.0,0.0,1024.0,1285.0,0.2247081712062257,Male,White,True,Male_White,8.0
5704,25--Soldier_Patrol/25_Soldier_Patrol_Soldier_Patrol_25_339.jpg,697.0,380.0,732.0,440.0,0.0,0.0,0.0,0.0,1.0,0.0,1024.0,680.0,0.0030158547794117,Male,White,True,Male_White,0.0
5706,25--Soldier_Patrol/25_Soldier_Patrol_Soldier_Patrol_25_705.jpg,184.0,184.0,282.0,304.0,0.0,0.0,0.0,0.0,0.0,0.0,1024.0,680.0,0.0168887867647058,Male,White,True,Male_White,0.0
5707,25--Soldier_Patrol/25_Soldier_Patrol_Soldier_Patrol_25_705.jpg,572.0,200.0,624.0,282.0,0.0,0.0,0.0,0.0,0.0,0.0,1024.0,680.0,0.0061236213235294,Male,White,True,Male_White,0.0
5708,25--Soldier_Patrol/25_Soldier_Patrol_Soldier_Patrol_25_705.jpg,802.0,144.0,886.0,254.0,0.0,0.0,0.0,0.0,0.0,0.0,1024.0,680.0,0.0132697610294117,Male,White,True,Male_White,0.0
5709,25--Soldier_Patrol/25_Soldier_Patrol_Soldier_Patrol_25_200.jpg,350.0,245.0,562.0,522.0,0.0,0.0,0.0,0.0,0.0,0.0,1024.0,1278.0,0.0448729704616588,Male,White,True,Male_White,1.0
5712,25--Soldier_Patrol/25_Soldier_Patrol_Soldier_Patrol_25_516.jpg,138.0,179.0,600.0,782.0,0.0,0.0,0.0,0.0,0.0,0.0,1024.0,1479.0,0.1839463425456389,Male,White,True,Male_White,6.0
5714,25--Soldier_Patrol/25_Soldier_Patrol_Soldier_Patrol_25_319.jpg,490.0,112.0,546.0,180.0,0.0,0.0,1.0,0.0,0.0,0.0,1024.0,681.0,0.0054607195301027,Male,White,True,Male_White,0.0
5716,25--Soldier_Patrol/25_Soldier_Patrol_Soldier_Patrol_25_83.jpg,241.0,227.0,283.0,279.0,1.0,0.0,0.0,0.0,0.0,0.0,1024.0,681.0,0.0031318832599118,Male,White,True,Male_White,0.0
5717,25--Soldier_Patrol/25_Soldier_Patrol_Soldier_Patrol_25_83.jpg,342.0,257.0,384.0,310.0,1.0,0.0,0.0,0.0,0.0,0.0,1024.0,681.0,0.0031921117841409,Male,Black,True,Male_Black,0.0
5718,25--Soldier_Patrol/25_Soldier_Patrol_Soldier_Patrol_25_83.jpg,393.0,209.0,433.0,264.0,1.0,0.0,0.0,0.0,0.0,0.0,1024.0,681.0,0.0031548274596182,Male,White,True,Male_White,0.0
5719,25--Soldier_Patrol/25_Soldier_Patrol_Soldier_Patrol_25_83.jpg,472.0,250.0,512.0,302.0,1.0,0.0,0.0,0.0,0.0,0.0,1024.0,681.0,0.0029827459618208,Male,Indian,True,Male_Indian,0.0
5720,25--Soldier_Patrol/25_Soldier_Patrol_Soldier_Patrol_25_83.jpg,569.0,252.0,609.0,304.0,1.0,0.0,0.0,0.0,1.0,0.0,1024.0,681.0,0.0029827459618208,Male,Black,True,Male_Black,0.0
5721,25--Soldier_Patrol/25_Soldier_Patrol_Soldier_Patrol_25_83.jpg,611.0,251.0,655.0,308.0,1.0,0.0,0.0,0.0,0.0,0.0,1024.0,681.0,0.0035965033039647,Male,Black,True,Male_Black,0.0
5722,25--Soldier_Patrol/25_Soldier_Patrol_Soldier_Patrol_25_83.jpg,705.0,258.0,760.0,325.0,0.0,0.0,0.0,0.0,0.0,0.0,1024.0,681.0,0.0052843359948604,Male,White,True,Male_White,0.0
5729,25--Soldier_Patrol/25_Soldier_Patrol_Soldier_Patrol_25_556.jpg,374.0,68.0,474.0,208.0,1.0,0.0,0.0,0.0,0.0,0.0,1024.0,768.0,0.0178019205729166,Male,White,True,Male_White,0.0
5731,25--Soldier_Patrol/25_Soldier_Patrol_Soldier_Patrol_25_1005.jpg,326.0,108.0,678.0,619.0,0.0,0.0,0.0,0.0,0.0,0.0,1024.0,1453.0,0.1208921197522367,Male,White,True,Male_White,4.0
5732,25--Soldier_Patrol/25_Soldier_Patrol_Soldier_Patrol_25_1005.jpg,769.0,1013.0,823.0,1098.0,1.0,0.0,0.0,0.0,0.0,0.0,1024.0,1453.0,0.0030849427907777,Male,White,True,Male_White,0.0
5733,25--Soldier_Patrol/25_Soldier_Patrol_Soldier_Patrol_25_1005.jpg,182.0,1001.0,236.0,1092.0,1.0,0.0,0.0,0.0,0.0,0.0,1024.0,1453.0,0.003302703458362,Male,White,True,Male_White,0.0
5735,25--Soldier_Patrol/25_Soldier_Patrol_Soldier_Patrol_25_482.jpg,242.0,301.0,279.0,346.0,0.0,0.0,0.0,0.0,0.0,0.0,1024.0,686.0,0.0023702282252186,Male,White,True,Male_White,0.0
5736,25--Soldier_Patrol/25_Soldier_Patrol_Soldier_Patrol_25_482.jpg,458.0,244.0,495.0,293.0,0.0,0.0,0.0,0.0,0.0,0.0,1024.0,686.0,0.0025809151785714,Male,White,True,Male_White,0.0
5737,25--Soldier_Patrol/25_Soldier_Patrol_Soldier_Patrol_25_482.jpg,643.0,14.0,704.0,100.0,0.0,0.0,0.0,0.0,0.0,0.0,1024.0,686.0,0.0074679983600583,Male,White,True,Male_White,0.0
5738,25--Soldier_Patrol/25_Soldier_Patrol_Soldier_Patrol_25_244.jpg,366.0,253.0,652.0,637.0,0.0,0.0,0.0,0.0,0.0,0.0,1024.0,1526.0,0.0702817824377457,Male,White,True,Male_White,2.0
5746,25--Soldier_Patrol/25_Soldier_Patrol_Soldier_Patrol_25_582.jpg,736.0,132.0,826.0,266.0,0.0,1.0,0.0,0.0,0.0,1.0,1024.0,576.0,0.02044677734375,Male,White,True,Male_White,0.0
5751,25--Soldier_Patrol/25_Soldier_Patrol_Soldier_Patrol_25_677.jpg,156.0,94.0,294.0,238.0,0.0,0.0,0.0,0.0,1.0,0.0,1024.0,669.0,0.0290078475336322,Male,White,True,Male_White,1.0
5758,25--Soldier_Patrol/25_Soldier_Patrol_Soldier_Patrol_25_687.jpg,186.0,138.0,274.0,238.0,0.0,0.0,0.0,0.0,0.0,0.0,1024.0,683.0,0.0125823572474377,Male,White,True,Male_White,0.0
5759,25--Soldier_Patrol/25_Soldier_Patrol_Soldier_Patrol_25_687.jpg,454.0,150.0,552.0,246.0,0.0,0.0,0.0,0.0,0.0,0.0,1024.0,683.0,0.0134516837481698,Male,White,True,Male_White,0.0
5760,25--Soldier_Patrol/25_Soldier_Patrol_Soldier_Patrol_25_687.jpg,736.0,234.0,840.0,368.0,0.0,0.0,0.0,0.0,0.0,0.0,1024.0,683.0,0.019925878477306,Male,White,True,Male_White,0.0
5764,25--Soldier_Patrol/25_Soldier_Patrol_Soldier_Patrol_25_512.jpg,168.0,2.0,916.0,690.0,0.0,0.0,0.0,0.0,1.0,0.0,1024.0,690.0,0.7283514492753623,Male,White,True,Male_White,
5767,25--Soldier_Patrol/25_Soldier_Patrol_Soldier_Patrol_25_56.jpg,512.0,70.0,586.0,158.0,1.0,0.0,0.0,0.0,0.0,0.0,1024.0,576.0,0.0110405815972222,Male,White,True,Male_White,0.0
5769,25--Soldier_Patrol/25_Soldier_Patrol_Soldier_Patrol_25_86.jpg,498.0,98.0,636.0,306.0,0.0,0.0,0.0,0.0,0.0,0.0,1024.0,752.0,0.0372755984042553,Male,White,True,Male_White,1.0
5780,25--Soldier_Patrol/25_Soldier_Patrol_Soldier_Patrol_25_661.jpg,264.0,156.0,458.0,404.0,0.0,0.0,0.0,0.0,1.0,0.0,1024.0,753.0,0.0623962483399734,Male,White,True,Male_White,2.0
5803,26--Soldier_Drilling/26_Soldier_Drilling_Soldiers_Drilling_26_732.jpg,222.0,94.0,462.0,406.0,0.0,0.0,0.0,0.0,0.0,0.0,1024.0,598.0,0.1222826086956521,Male,White,True,Male_White,4.0
5806,26--Soldier_Drilling/26_Soldier_Drilling_Soldiers_Drilling_26_440.jpg,19.0,622.0,94.0,804.0,1.0,0.0,0.0,0.0,0.0,0.0,1024.0,2390.0,0.0055774385460251,Male,White,True,Male_White,0.0
5807,26--Soldier_Drilling/26_Soldier_Drilling_Soldiers_Drilling_26_440.jpg,201.0,664.0,295.0,818.0,1.0,0.0,0.0,0.0,0.0,0.0,1024.0,2390.0,0.005914945083682,Male,White,True,Male_White,0.0
5808,26--Soldier_Drilling/26_Soldier_Drilling_Soldiers_Drilling_26_440.jpg,645.0,715.0,739.0,841.0,1.0,0.0,0.0,0.0,0.0,0.0,1024.0,2390.0,0.0048395005230125,Male,White,True,Male_White,0.0
5809,26--Soldier_Drilling/26_Soldier_Drilling_Soldiers_Drilling_26_440.jpg,800.0,729.0,908.0,851.0,1.0,0.0,0.0,0.0,0.0,0.0,1024.0,2390.0,0.005383760460251,Male,White,True,Male_White,0.0
5825,26--Soldier_Drilling/26_Soldier_Drilling_Soldiers_Drilling_26_910.jpg,229.0,191.0,278.0,250.0,1.0,0.0,0.0,0.0,0.0,0.0,1024.0,683.0,0.004133590318448,Male,White,True,Male_White,0.0
5826,26--Soldier_Drilling/26_Soldier_Drilling_Soldiers_Drilling_26_910.jpg,430.0,71.0,467.0,118.0,1.0,0.0,0.0,0.0,0.0,0.0,1024.0,683.0,0.0024864453696925,Male,White,True,Male_White,0.0
5827,26--Soldier_Drilling/26_Soldier_Drilling_Soldiers_Drilling_26_910.jpg,844.0,113.0,891.0,169.0,1.0,0.0,0.0,0.0,0.0,0.0,1024.0,683.0,0.0037632686676427,Male,White,True,Male_White,0.0
5828,26--Soldier_Drilling/26_Soldier_Drilling_Soldiers_Drilling_26_454.jpg,545.0,380.0,588.0,433.0,1.0,0.0,0.0,0.0,0.0,0.0,1024.0,647.0,0.0034398546174652,Male,Indian,True,Male_Indian,0.0
5829,26--Soldier_Drilling/26_Soldier_Drilling_Soldiers_Drilling_26_454.jpg,655.0,355.0,705.0,431.0,0.0,0.0,0.0,0.0,0.0,0.0,1024.0,647.0,0.0057356066460587,Male,Black,True,Male_Black,0.0
5830,26--Soldier_Drilling/26_Soldier_Drilling_Soldiers_Drilling_26_454.jpg,125.0,50.0,267.0,271.0,0.0,0.0,0.0,0.0,0.0,0.0,1024.0,647.0,0.047367054675425,Male,White,True,Male_White,1.0
5831,26--Soldier_Drilling/26_Soldier_Drilling_Soldiers_Drilling_26_454.jpg,250.0,249.0,297.0,311.0,1.0,0.0,0.0,0.0,0.0,0.0,1024.0,647.0,0.004398304675425,Male,White,True,Male_White,0.0
5832,26--Soldier_Drilling/26_Soldier_Drilling_Soldiers_Drilling_26_454.jpg,740.0,369.0,784.0,430.0,0.0,0.0,0.0,0.0,0.0,0.0,1024.0,647.0,0.0040511495363214,Male,Indian,True,Male_Indian,0.0
5833,26--Soldier_Drilling/26_Soldier_Drilling_Soldiers_Drilling_26_454.jpg,786.0,405.0,828.0,466.0,0.0,0.0,0.0,0.0,1.0,0.0,1024.0,647.0,0.0038670063755795,Male,Indian,True,Male_Indian,0.0
5834,26--Soldier_Drilling/26_Soldier_Drilling_Soldiers_Drilling_26_454.jpg,821.0,374.0,881.0,450.0,0.0,0.0,0.0,0.0,0.0,0.0,1024.0,647.0,0.0068827279752704,Male,Indian,True,Male_Indian,0.0
5835,26--Soldier_Drilling/26_Soldier_Drilling_Soldiers_Drilling_26_454.jpg,916.0,358.0,950.0,407.0,1.0,0.0,0.0,0.0,0.0,0.0,1024.0,647.0,0.0025146107032457,Male,Indian,True,Male_Indian,0.0
5836,26--Soldier_Drilling/26_Soldier_Drilling_Soldiers_Drilling_26_454.jpg,968.0,340.0,1022.0,417.0,1.0,0.0,0.0,0.0,0.0,0.0,1024.0,647.0,0.0062759611669242,Male,Black,True,Male_Black,0.0
5839,26--Soldier_Drilling/26_Soldier_Drilling_Soldiers_Drilling_26_843.jpg,472.0,206.0,614.0,400.0,0.0,0.0,0.0,0.0,0.0,0.0,1024.0,591.0,0.0455200401861252,Male,White,True,Male_White,1.0
5842,26--Soldier_Drilling/26_Soldier_Drilling_Soldiers_Drilling_26_431.jpg,278.0,150.0,338.0,226.0,1.0,0.0,0.0,0.0,0.0,0.0,1024.0,769.0,0.0057907997399219,Male,White,True,Male_White,0.0
5847,26--Soldier_Drilling/26_Soldier_Drilling_Soldiers_Drilling_26_3.jpg,372.0,159.0,802.0,728.0,0.0,0.0,0.0,0.0,0.0,0.0,1024.0,1159.0,0.2061566409620362,Male,White,True,Male_White,7.0
5848,26--Soldier_Drilling/26_Soldier_Drilling_Soldiers_Drilling_26_228.jpg,638.0,54.0,704.0,116.0,1.0,0.0,0.0,0.0,0.0,1.0,1024.0,680.0,0.0058766084558823,Male,White,True,Male_White,0.0
5849,26--Soldier_Drilling/26_Soldier_Drilling_Soldiers_Drilling_26_796.jpg,327.0,101.0,634.0,592.0,0.0,0.0,0.0,0.0,0.0,0.0,1024.0,1332.0,0.1105135897616366,Male,White,True,Male_White,4.0
5851,26--Soldier_Drilling/26_Soldier_Drilling_Soldiers_Drilling_26_547.jpg,780.0,154.0,972.0,300.0,0.0,0.0,0.0,0.0,0.0,1.0,1024.0,683.0,0.0400805270863836,Male,White,True,Male_White,1.0
5855,26--Soldier_Drilling/26_Soldier_Drilling_Soldiers_Drilling_26_579.jpg,616.0,106.0,678.0,206.0,1.0,0.0,0.0,0.0,0.0,0.0,1024.0,768.0,0.0078837076822916,Male,White,True,Male_White,0.0
5859,26--Soldier_Drilling/26_Soldier_Drilling_Soldiers_Drilling_26_143.jpg,286.0,202.0,366.0,328.0,0.0,0.0,0.0,0.0,1.0,0.0,1024.0,682.0,0.0144336510263929,Male,White,True,Male_White,0.0
5860,26--Soldier_Drilling/26_Soldier_Drilling_Soldiers_Drilling_26_143.jpg,392.0,182.0,478.0,312.0,0.0,0.0,0.0,0.0,0.0,0.0,1024.0,682.0,0.0160087518328445,Male,White,True,Male_White,0.0
5861,26--Soldier_Drilling/26_Soldier_Drilling_Soldiers_Drilling_26_143.jpg,568.0,252.0,656.0,376.0,0.0,0.0,0.0,0.0,0.0,0.0,1024.0,682.0,0.015625,Male,White,True,Male_White,0.0
5862,26--Soldier_Drilling/26_Soldier_Drilling_Soldiers_Drilling_26_143.jpg,740.0,154.0,822.0,322.0,0.0,0.0,0.0,0.0,0.0,0.0,1024.0,682.0,0.0197259897360703,Male,White,True,Male_White,0.0
5867,26--Soldier_Drilling/26_Soldier_Drilling_Soldiers_Drilling_26_314.jpg,28.0,54.0,100.0,150.0,1.0,0.0,0.0,0.0,0.0,0.0,1024.0,520.0,0.0129807692307692,Male,Black,True,Male_Black,0.0
5868,26--Soldier_Drilling/26_Soldier_Drilling_Soldiers_Drilling_26_314.jpg,272.0,78.0,340.0,164.0,1.0,0.0,0.0,0.0,0.0,0.0,1024.0,520.0,0.0109825721153846,Male,Black,True,Male_Black,0.0
5869,26--Soldier_Drilling/26_Soldier_Drilling_Soldiers_Drilling_26_314.jpg,466.0,44.0,556.0,160.0,1.0,0.0,0.0,0.0,0.0,0.0,1024.0,520.0,0.0196063701923076,Male,Black,True,Male_Black,0.0
5870,26--Soldier_Drilling/26_Soldier_Drilling_Soldiers_Drilling_26_314.jpg,824.0,82.0,886.0,184.0,1.0,0.0,0.0,0.0,0.0,0.0,1024.0,520.0,0.0118765024038461,Male,Black,True,Male_Black,0.0
5873,26--Soldier_Drilling/26_Soldier_Drilling_Soldiers_Drilling_26_636.jpg,403.0,227.0,686.0,672.0,0.0,0.0,0.0,0.0,0.0,0.0,1024.0,1365.0,0.0900977277930402,Male,White,True,Male_White,3.0
5888,26--Soldier_Drilling/26_Soldier_Drilling_Soldiers_Drilling_26_353.jpg,482.0,86.0,748.0,452.0,0.0,0.0,0.0,0.0,0.0,0.0,1024.0,576.0,0.1650594075520833,Male,White,True,Male_White,6.0
5889,26--Soldier_Drilling/26_Soldier_Drilling_Soldiers_Drilling_26_851.jpg,178.0,332.0,893.0,1215.0,0.0,0.0,0.0,0.0,0.0,0.0,1024.0,1722.0,0.3580417256460511,Male,White,True,Male_White,13.0
5892,26--Soldier_Drilling/26_Soldier_Drilling_Soldiers_Drilling_26_324.jpg,366.0,219.0,582.0,510.0,0.0,0.0,0.0,0.0,0.0,0.0,1024.0,1421.0,0.0431969123856439,Male,White,True,Male_White,1.0
5897,26--Soldier_Drilling/26_Soldier_Drilling_Soldiers_Drilling_26_883.jpg,448.0,68.0,534.0,196.0,0.0,0.0,0.0,0.0,0.0,0.0,1024.0,424.0,0.0253537735849056,Male,White,True,Male_White,0.0
5898,26--Soldier_Drilling/26_Soldier_Drilling_Soldiers_Drilling_26_883.jpg,668.0,28.0,722.0,110.0,0.0,0.0,0.0,0.0,0.0,0.0,1024.0,424.0,0.0101986291273584,Male,White,True,Male_White,0.0
5899,26--Soldier_Drilling/26_Soldier_Drilling_Soldiers_Drilling_26_883.jpg,756.0,90.0,826.0,188.0,0.0,0.0,0.0,0.0,0.0,0.0,1024.0,424.0,0.0158000442216981,Male,White,True,Male_White,0.0
6057,28--Sports_Fan/28_Sports_Fan_Sports_Fan_28_733.jpg,133.0,165.0,242.0,282.0,1.0,0.0,0.0,0.0,0.0,0.0,1024.0,1366.0,0.0091172046577598,Male,White,True,Male_White,0.0
6058,28--Sports_Fan/28_Sports_Fan_Sports_Fan_28_733.jpg,288.0,195.0,368.0,323.0,1.0,0.0,0.0,0.0,0.0,0.0,1024.0,1366.0,0.007320644216691,Male,White,True,Male_White,0.0
6059,28--Sports_Fan/28_Sports_Fan_Sports_Fan_28_733.jpg,459.0,165.0,518.0,288.0,1.0,0.0,0.0,0.0,0.0,0.0,1024.0,1366.0,0.0051880776445827,Male,White,True,Male_White,0.0
6060,28--Sports_Fan/28_Sports_Fan_Sports_Fan_28_733.jpg,661.0,139.0,725.0,232.0,1.0,0.0,0.0,0.0,0.0,0.0,1024.0,1366.0,0.0042551244509516,Male,White,True,Male_White,0.0
6061,28--Sports_Fan/28_Sports_Fan_Sports_Fan_28_733.jpg,861.0,469.0,986.0,632.0,0.0,0.0,0.0,0.0,0.0,0.0,1024.0,1366.0,0.0145662232338945,Male,White,True,Male_White,0.0
6106,28--Sports_Fan/28_Sports_Fan_Sports_Fan_28_760.jpg,104.0,370.0,167.0,456.0,1.0,0.0,0.0,0.0,0.0,0.0,1024.0,1046.0,0.0050583323374761,Male,White,True,Male_White,0.0
6107,28--Sports_Fan/28_Sports_Fan_Sports_Fan_28_760.jpg,529.0,302.0,609.0,402.0,1.0,0.0,0.0,0.0,0.0,1.0,1024.0,1046.0,0.0074689292543021,Male,White,True,Male_White,0.0
6108,28--Sports_Fan/28_Sports_Fan_Sports_Fan_28_760.jpg,826.0,88.0,932.0,221.0,1.0,0.0,0.0,0.0,0.0,1.0,1024.0,1046.0,0.0131621205783938,Male,White,True,Male_White,0.0
6200,29--Students_Schoolkids/29_Students_Schoolkids_Students_Schoolkids_29_759.jpg,830.0,144.0,956.0,308.0,0.0,0.0,0.0,0.0,0.0,0.0,1024.0,680.0,0.0296760110294117,Male,White,True,Male_White,1.0
6201,29--Students_Schoolkids/29_Students_Schoolkids_Students_Schoolkids_29_759.jpg,330.0,174.0,432.0,328.0,0.0,0.0,0.0,0.0,0.0,0.0,1024.0,680.0,0.02255859375,Male,White,True,Male_White,0.0
6202,29--Students_Schoolkids/29_Students_Schoolkids_Students_Schoolkids_29_759.jpg,560.0,48.0,658.0,202.0,0.0,0.0,0.0,0.0,0.0,0.0,1024.0,680.0,0.0216739430147058,Male,White,True,Male_White,0.0
6203,29--Students_Schoolkids/29_Students_Schoolkids_Students_Schoolkids_29_759.jpg,190.0,58.0,278.0,180.0,0.0,0.0,0.0,0.0,0.0,0.0,1024.0,680.0,0.0154181985294117,Male,White,True,Male_White,0.0
6254,29--Students_Schoolkids/29_Students_Schoolkids_Students_Schoolkids_29_287.jpg,222.0,310.0,283.0,389.0,0.0,0.0,0.0,0.0,0.0,0.0,1024.0,683.0,0.0068902704062957,Male,White,True,Male_White,0.0
6255,29--Students_Schoolkids/29_Students_Schoolkids_Students_Schoolkids_29_287.jpg,259.0,238.0,314.0,300.0,0.0,0.0,0.0,0.0,0.0,0.0,1024.0,683.0,0.0048756634333821,Male,Asian,True,Male_Asian,0.0
6256,29--Students_Schoolkids/29_Students_Schoolkids_Students_Schoolkids_29_287.jpg,417.0,255.0,477.0,325.0,0.0,0.0,0.0,0.0,0.0,0.0,1024.0,683.0,0.0060052159590043,Male,White,True,Male_White,0.0
6257,29--Students_Schoolkids/29_Students_Schoolkids_Students_Schoolkids_29_287.jpg,612.0,207.0,662.0,271.0,0.0,0.0,0.0,0.0,0.0,0.0,1024.0,683.0,0.0045754026354319,Male,White,True,Male_White,0.0
6435,3--Riot/3_Riot_Riot_3_427.jpg,36.0,428.0,176.0,599.0,0.0,0.0,0.0,0.0,0.0,0.0,1024.0,1434.0,0.0163032819037656,Male,White,True,Male_White,0.0
6436,3--Riot/3_Riot_Riot_3_427.jpg,325.0,526.0,454.0,691.0,0.0,0.0,0.0,0.0,0.0,0.0,1024.0,1434.0,0.0144952111663179,Male,White,True,Male_White,0.0
6437,3--Riot/3_Riot_Riot_3_427.jpg,576.0,473.0,691.0,641.0,0.0,0.0,0.0,0.0,0.0,0.0,1024.0,1434.0,0.0131570345188284,Male,White,True,Male_White,0.0
6438,3--Riot/3_Riot_Riot_3_427.jpg,837.0,464.0,941.0,629.0,0.0,0.0,0.0,0.0,0.0,0.0,1024.0,1434.0,0.0116860617154811,Male,White,True,Male_White,0.0
6440,3--Riot/3_Riot_Riot_3_918.jpg,369.0,237.0,518.0,347.0,0.0,0.0,0.0,0.0,0.0,1.0,1024.0,1275.0,0.0125536151960784,Male,White,True,Male_White,0.0
6441,3--Riot/3_Riot_Riot_3_707.jpg,36.0,310.0,150.0,494.0,0.0,0.0,0.0,0.0,0.0,0.0,1024.0,996.0,0.020566641566265,Male,White,True,Male_White,0.0
6442,3--Riot/3_Riot_Riot_3_707.jpg,300.0,318.0,414.0,468.0,0.0,0.0,0.0,0.0,0.0,0.0,1024.0,996.0,0.0167662838855421,Male,White,True,Male_White,0.0
6443,3--Riot/3_Riot_Riot_3_707.jpg,582.0,236.0,708.0,420.0,0.0,0.0,0.0,0.0,0.0,0.0,1024.0,996.0,0.0227315512048192,Male,White,True,Male_White,0.0
6444,3--Riot/3_Riot_Riot_3_707.jpg,838.0,226.0,968.0,420.0,0.0,0.0,0.0,0.0,0.0,0.0,1024.0,996.0,0.0247278175200803,Male,White,True,Male_White,0.0
6447,3--Riot/3_Riot_Riot_3_1006.jpg,360.0,72.0,622.0,478.0,0.0,0.0,0.0,0.0,0.0,0.0,1024.0,643.0,0.1615535089424572,Male,White,True,Male_White,6.0
6449,3--Riot/3_Riot_Riot_3_915.jpg,810.0,94.0,876.0,224.0,0.0,0.0,0.0,0.0,0.0,0.0,1024.0,806.0,0.0103956653225806,Male,White,True,Male_White,0.0
6450,3--Riot/3_Riot_Riot_3_915.jpg,618.0,160.0,672.0,258.0,0.0,0.0,0.0,0.0,0.0,0.0,1024.0,806.0,0.006411871898263,Male,White,True,Male_White,0.0
6451,3--Riot/3_Riot_Riot_3_915.jpg,422.0,54.0,498.0,208.0,0.0,0.0,0.0,0.0,0.0,0.0,1024.0,806.0,0.0141807537220843,Male,White,True,Male_White,0.0
6452,3--Riot/3_Riot_Riot_3_915.jpg,284.0,152.0,336.0,246.0,0.0,0.0,0.0,0.0,0.0,0.0,1024.0,806.0,0.005922379032258,Male,White,True,Male_White,0.0
6453,3--Riot/3_Riot_Riot_3_915.jpg,126.0,156.0,186.0,254.0,0.0,0.0,0.0,0.0,0.0,0.0,1024.0,806.0,0.0071243021091811,Male,White,True,Male_White,0.0
6456,3--Riot/3_Riot_Riot_3_544.jpg,582.0,40.0,698.0,208.0,0.0,0.0,0.0,0.0,1.0,1.0,1024.0,754.0,0.0252403846153846,Male,White,True,Male_White,0.0
6461,3--Riot/3_Riot_Riot_3_866.jpg,474.0,84.0,568.0,226.0,0.0,0.0,0.0,0.0,0.0,0.0,1024.0,806.0,0.0161726504342431,Male,White,True,Male_White,0.0
6462,3--Riot/3_Riot_Riot_3_866.jpg,610.0,282.0,718.0,424.0,0.0,0.0,0.0,0.0,0.0,0.0,1024.0,806.0,0.0185813430521091,Male,White,True,Male_White,0.0
6463,3--Riot/3_Riot_Riot_3_866.jpg,406.0,316.0,514.0,478.0,0.0,0.0,0.0,0.0,0.0,0.0,1024.0,806.0,0.0211984336228287,Male,White,True,Male_White,0.0
6464,3--Riot/3_Riot_Riot_3_866.jpg,182.0,304.0,288.0,436.0,0.0,0.0,0.0,0.0,0.0,0.0,1024.0,806.0,0.0169529311414392,Male,White,True,Male_White,0.0
6491,3--Riot/3_Riot_Riot_3_533.jpg,198.0,166.0,258.0,234.0,0.0,0.0,0.0,0.0,0.0,0.0,1024.0,933.0,0.0042704983922829,Male,White,True,Male_White,0.0
6492,3--Riot/3_Riot_Riot_3_533.jpg,400.0,174.0,462.0,254.0,0.0,0.0,0.0,0.0,0.0,0.0,1024.0,933.0,0.0051915862808145,Male,White,True,Male_White,0.0
6493,3--Riot/3_Riot_Riot_3_533.jpg,482.0,144.0,536.0,226.0,1.0,0.0,0.0,0.0,0.0,0.0,1024.0,933.0,0.0046347467845659,Male,White,True,Male_White,0.0
6494,3--Riot/3_Riot_Riot_3_533.jpg,610.0,158.0,678.0,236.0,0.0,0.0,0.0,0.0,0.0,0.0,1024.0,933.0,0.0055516479099678,Male,White,True,Male_White,0.0
6495,3--Riot/3_Riot_Riot_3_533.jpg,802.0,140.0,868.0,246.0,0.0,0.0,0.0,0.0,0.0,0.0,1024.0,933.0,0.0073226487138263,Male,White,True,Male_White,0.0
6524,3--Riot/3_Riot_Riot_3_348.jpg,140.0,230.0,236.0,388.0,0.0,0.0,0.0,0.0,0.0,0.0,1024.0,818.0,0.0181081907090464,Male,White,True,Male_White,0.0
6525,3--Riot/3_Riot_Riot_3_348.jpg,366.0,192.0,464.0,328.0,0.0,0.0,0.0,0.0,0.0,0.0,1024.0,818.0,0.0159115220048899,Male,White,True,Male_White,0.0
6526,3--Riot/3_Riot_Riot_3_348.jpg,568.0,150.0,684.0,330.0,0.0,0.0,0.0,0.0,0.0,0.0,1024.0,818.0,0.0249274144254278,Male,White,True,Male_White,0.0
6527,3--Riot/3_Riot_Riot_3_348.jpg,802.0,170.0,918.0,318.0,0.0,0.0,0.0,0.0,0.0,0.0,1024.0,818.0,0.0204958740831295,Male,White,True,Male_White,0.0
6543,3--Riot/3_Riot_Riot_3_56.jpg,919.0,970.0,976.0,1063.0,1.0,0.0,0.0,0.0,0.0,0.0,1024.0,1542.0,0.0033571710846303,Male,White,True,Male_White,0.0
6546,3--Riot/3_Riot_Riot_3_655.jpg,816.0,266.0,858.0,319.0,1.0,0.0,0.0,0.0,0.0,0.0,1024.0,806.0,0.0026970572270471,Male,White,True,Male_White,0.0
6547,3--Riot/3_Riot_Riot_3_655.jpg,577.0,271.0,612.0,323.0,1.0,0.0,0.0,0.0,0.0,0.0,1024.0,806.0,0.0022051411290322,Male,White,True,Male_White,0.0
6548,3--Riot/3_Riot_Riot_3_655.jpg,407.0,256.0,445.0,304.0,1.0,0.0,0.0,0.0,0.0,0.0,1024.0,806.0,0.0022099875930521,Male,White,True,Male_White,0.0
6549,3--Riot/3_Riot_Riot_3_655.jpg,304.0,281.0,343.0,325.0,1.0,0.0,0.0,0.0,0.0,0.0,1024.0,806.0,0.0020791330645161,Male,White,True,Male_White,0.0
6550,3--Riot/3_Riot_Riot_3_655.jpg,152.0,277.0,193.0,330.0,1.0,0.0,0.0,0.0,0.0,0.0,1024.0,806.0,0.0026328415787841,Male,White,True,Male_White,0.0
6592,30--Surgeons/30_Surgeons_Surgeons_30_943.jpg,425.0,301.0,850.0,873.0,0.0,0.0,0.0,0.0,0.0,0.0,1024.0,1274.0,0.186344068877551,Male,White,True,Male_White,6.0
6601,30--Surgeons/30_Surgeons_Surgeons_30_478.jpg,169.0,314.0,243.0,411.0,0.0,0.0,0.0,0.0,0.0,0.0,1024.0,719.0,0.0097493263212795,Male,White,True,Male_White,0.0
6602,30--Surgeons/30_Surgeons_Surgeons_30_478.jpg,293.0,272.0,352.0,358.0,0.0,0.0,0.0,0.0,0.0,0.0,1024.0,719.0,0.0068916246522948,Male,White,True,Male_White,0.0
6603,30--Surgeons/30_Surgeons_Surgeons_30_478.jpg,385.0,236.0,436.0,302.0,0.0,0.0,0.0,0.0,0.0,0.0,1024.0,719.0,0.0045717793810848,Male,White,True,Male_White,0.0
6604,30--Surgeons/30_Surgeons_Surgeons_30_478.jpg,133.0,47.0,179.0,105.0,0.0,0.0,0.0,0.0,0.0,0.0,1024.0,719.0,0.0036237395688456,Male,White,True,Male_White,0.0
6605,30--Surgeons/30_Surgeons_Surgeons_30_478.jpg,309.0,118.0,356.0,177.0,0.0,0.0,0.0,0.0,0.0,0.0,1024.0,719.0,0.0037663530076495,Male,White,True,Male_White,0.0
6606,30--Surgeons/30_Surgeons_Surgeons_30_478.jpg,704.0,219.0,779.0,325.0,0.0,0.0,0.0,0.0,0.0,0.0,1024.0,719.0,0.0107978746522948,Male,White,True,Male_White,0.0
6607,30--Surgeons/30_Surgeons_Surgeons_30_478.jpg,664.0,83.0,714.0,151.0,0.0,0.0,0.0,0.0,0.0,0.0,1024.0,719.0,0.0046179589707927,Male,White,True,Male_White,0.0
6612,30--Surgeons/30_Surgeons_Surgeons_30_237.jpg,224.0,313.0,275.0,380.0,1.0,0.0,0.0,0.0,0.0,0.0,1024.0,809.0,0.0041247392614338,Male,White,True,Male_White,0.0
6613,30--Surgeons/30_Surgeons_Surgeons_30_237.jpg,358.0,127.0,402.0,187.0,1.0,0.0,0.0,0.0,0.0,0.0,1024.0,809.0,0.0031868046971569,Male,White,True,Male_White,0.0
6614,30--Surgeons/30_Surgeons_Surgeons_30_237.jpg,460.0,272.0,510.0,341.0,1.0,0.0,0.0,0.0,0.0,0.0,1024.0,809.0,0.0041645743201483,Male,White,True,Male_White,0.0
6615,30--Surgeons/30_Surgeons_Surgeons_30_237.jpg,554.0,133.0,600.0,196.0,1.0,0.0,0.0,0.0,0.0,0.0,1024.0,809.0,0.0034982424289245,Male,White,True,Male_White,0.0
6616,30--Surgeons/30_Surgeons_Surgeons_30_237.jpg,664.0,126.0,711.0,189.0,1.0,0.0,0.0,0.0,0.0,0.0,1024.0,809.0,0.0035742911773794,Male,White,True,Male_White,0.0
6617,30--Surgeons/30_Surgeons_Surgeons_30_237.jpg,684.0,292.0,738.0,370.0,1.0,0.0,0.0,0.0,0.0,0.0,1024.0,809.0,0.005084402039555,Male,White,True,Male_White,0.0
6625,30--Surgeons/30_Surgeons_Surgeons_30_127.jpg,584.0,198.0,702.0,406.0,1.0,0.0,0.0,0.0,0.0,1.0,1024.0,4096.0,0.0058517456054687,Male,White,True,Male_White,0.0
6626,30--Surgeons/30_Surgeons_Surgeons_30_127.jpg,236.0,1469.0,747.0,2181.0,0.0,0.0,1.0,0.0,0.0,0.0,1024.0,4096.0,0.0867443084716796,Male,White,True,Male_White,3.0
6627,30--Surgeons/30_Surgeons_Surgeons_30_127.jpg,570.0,2873.0,691.0,3036.0,1.0,0.0,0.0,0.0,0.0,0.0,1024.0,4096.0,0.0047023296356201,Male,White,True,Male_White,0.0
6675,30--Surgeons/30_Surgeons_Surgeons_30_984.jpg,708.0,288.0,780.0,380.0,0.0,0.0,0.0,0.0,0.0,0.0,1024.0,768.0,0.0084228515625,Male,White,True,Male_White,0.0
6676,30--Surgeons/30_Surgeons_Surgeons_30_984.jpg,492.0,292.0,556.0,378.0,0.0,0.0,0.0,0.0,0.0,0.0,1024.0,768.0,0.0069986979166666,Male,White,True,Male_White,0.0
6677,30--Surgeons/30_Surgeons_Surgeons_30_984.jpg,402.0,118.0,462.0,196.0,0.0,0.0,0.0,0.0,0.0,0.0,1024.0,768.0,0.005950927734375,Male,White,True,Male_White,0.0
6678,30--Surgeons/30_Surgeons_Surgeons_30_984.jpg,268.0,300.0,334.0,390.0,0.0,0.0,0.0,0.0,0.0,0.0,1024.0,768.0,0.0075531005859375,Male,White,True,Male_White,0.0
6689,30--Surgeons/30_Surgeons_Surgeons_30_924.jpg,276.0,225.0,693.0,820.0,0.0,0.0,0.0,0.0,0.0,0.0,1024.0,1536.0,0.1577472686767578,Male,White,True,Male_White,5.0
6723,30--Surgeons/30_Surgeons_Surgeons_30_198.jpg,108.0,144.0,186.0,264.0,0.0,0.0,0.0,0.0,0.0,0.0,1024.0,577.0,0.0158416377816291,Male,Indian,True,Male_Indian,0.0
6724,30--Surgeons/30_Surgeons_Surgeons_30_198.jpg,264.0,94.0,344.0,204.0,0.0,0.0,0.0,0.0,0.0,0.0,1024.0,577.0,0.0148938474870017,Male,White,True,Male_White,0.0
6725,30--Surgeons/30_Surgeons_Surgeons_30_198.jpg,456.0,38.0,538.0,150.0,0.0,0.0,0.0,0.0,0.0,0.0,1024.0,577.0,0.015543760831889,Male,White,True,Male_White,0.0
6726,30--Surgeons/30_Surgeons_Surgeons_30_198.jpg,642.0,46.0,716.0,150.0,0.0,0.0,0.0,0.0,0.0,0.0,1024.0,577.0,0.0130253466204506,Male,White,True,Male_White,0.0
6727,30--Surgeons/30_Surgeons_Surgeons_30_198.jpg,828.0,110.0,908.0,210.0,0.0,0.0,0.0,0.0,0.0,0.0,1024.0,577.0,0.0135398613518197,Male,White,True,Male_White,0.0
6729,30--Surgeons/30_Surgeons_Surgeons_30_863.jpg,36.0,154.0,176.0,336.0,0.0,0.0,0.0,0.0,0.0,0.0,1024.0,669.0,0.0371940396113602,Male,Black,True,Male_Black,1.0
6730,30--Surgeons/30_Surgeons_Surgeons_30_863.jpg,420.0,110.0,572.0,326.0,0.0,0.0,0.0,0.0,0.0,0.0,1024.0,669.0,0.0479260089686098,Male,Black,True,Male_Black,1.0
6731,30--Surgeons/30_Surgeons_Surgeons_30_863.jpg,764.0,110.0,954.0,358.0,0.0,0.0,0.0,0.0,0.0,0.0,1024.0,669.0,0.0687826980568011,Male,Black,True,Male_Black,2.0
6798,31--Waiter_Waitress/31_Waiter_Waitress_Waiter_Waitress_31_133.jpg,386.0,139.0,645.0,525.0,0.0,0.0,0.0,0.0,0.0,0.0,1024.0,1540.0,0.0633966619318181,Male,White,True,Male_White,2.0
6825,31--Waiter_Waitress/31_Waiter_Waitress_Waiter_Waitress_31_158.jpg,290.0,236.0,337.0,276.0,1.0,0.0,0.0,0.0,0.0,1.0,1024.0,690.0,0.0026607789855072,Male,White,True,Male_White,0.0
6829,31--Waiter_Waitress/31_Waiter_Waitress_Waiter_Waitress_31_596.jpg,208.0,309.0,651.0,805.0,0.0,0.0,0.0,0.0,0.0,0.0,1024.0,1182.0,0.1815381768189509,Male,Asian,True,Male_Asian,6.0
6871,31--Waiter_Waitress/31_Waiter_Waitress_Waiter_Waitress_31_945.jpg,340.0,10.0,709.0,429.0,1.0,0.0,1.0,0.0,0.0,0.0,1024.0,1269.0,0.1189813275709219,Male,White,True,Male_White,4.0
6891,31--Waiter_Waitress/31_Waiter_Waitress_Waiter_Waitress_31_946.jpg,354.0,84.0,756.0,634.0,0.0,0.0,0.0,0.0,0.0,0.0,1024.0,1537.0,0.1404801358165257,Male,White,True,Male_White,5.0
6918,31--Waiter_Waitress/31_Waiter_Waitress_Waiter_Waitress_31_925.jpg,504.0,188.0,770.0,550.0,0.0,0.0,0.0,0.0,0.0,0.0,1024.0,1024.0,0.0918312072753906,Male,White,True,Male_White,3.0
6927,31--Waiter_Waitress/31_Waiter_Waitress_Waiter_Waitress_31_730.jpg,498.0,192.0,759.0,501.0,0.0,0.0,0.0,0.0,0.0,0.0,1024.0,1537.0,0.0512418926886792,Male,White,True,Male_White,1.0
6946,31--Waiter_Waitress/31_Waiter_Waitress_Waiter_Waitress_31_923.jpg,514.0,38.0,670.0,262.0,0.0,0.0,0.0,0.0,0.0,0.0,1024.0,576.0,0.0592447916666666,Male,White,True,Male_White,2.0
6983,31--Waiter_Waitress/31_Waiter_Waitress_Waiter_Waitress_31_850.jpg,405.0,123.0,683.0,503.0,0.0,0.0,0.0,0.0,0.0,0.0,1024.0,1064.0,0.0969587053571428,Male,White,True,Male_White,3.0
7027,31--Waiter_Waitress/31_Waiter_Waitress_Waiter_Waitress_31_608.jpg,504.0,179.0,791.0,553.0,0.0,0.0,0.0,0.0,0.0,0.0,1024.0,1388.0,0.0755203642831412,Male,White,True,Male_White,2.0
7034,31--Waiter_Waitress/31_Waiter_Waitress_Waiter_Waitress_31_896.jpg,393.0,330.0,801.0,874.0,0.0,0.0,0.0,0.0,0.0,0.0,1024.0,1536.0,0.14111328125,Male,White,True,Male_White,5.0
7041,31--Waiter_Waitress/31_Waiter_Waitress_Waiter_Waitress_31_786.jpg,537.0,213.0,793.0,643.0,0.0,0.0,1.0,0.0,0.0,0.0,1024.0,1823.0,0.0589687328579265,Male,White,True,Male_White,2.0
7068,31--Waiter_Waitress/31_Waiter_Waitress_Waiter_Waitress_31_37.jpg,454.0,50.0,624.0,280.0,0.0,0.0,0.0,0.0,0.0,0.0,1024.0,704.0,0.0542380593039772,Male,White,True,Male_White,1.0
7110,32--Worker_Laborer/32_Worker_Laborer_Worker_Laborer_32_93.jpg,612.0,74.0,884.0,498.0,0.0,0.0,0.0,0.0,0.0,0.0,1024.0,754.0,0.1493700265251989,Male,White,True,Male_White,5.0
7116,32--Worker_Laborer/32_Worker_Laborer_Worker_Laborer_32_139.jpg,278.0,68.0,398.0,220.0,0.0,0.0,0.0,0.0,1.0,0.0,1024.0,751.0,0.0237183754993342,Male,White,True,Male_White,0.0
7117,32--Worker_Laborer/32_Worker_Laborer_Worker_Laborer_32_424.jpg,188.0,70.0,366.0,326.0,0.0,0.0,0.0,0.0,0.0,0.0,1024.0,581.0,0.076592082616179,Male,White,True,Male_White,2.0
7118,32--Worker_Laborer/32_Worker_Laborer_Worker_Laborer_32_497.jpg,812.0,268.0,936.0,436.0,1.0,0.0,1.0,0.0,0.0,1.0,1024.0,768.0,0.0264892578125,Male,Indian,True,Male_Indian,0.0
7119,32--Worker_Laborer/32_Worker_Laborer_Worker_Laborer_32_113.jpg,394.0,312.0,543.0,510.0,0.0,0.0,1.0,0.0,0.0,0.0,1024.0,1392.0,0.020697231950431,Male,White,True,Male_White,0.0
7123,32--Worker_Laborer/32_Worker_Laborer_Worker_Laborer_32_456.jpg,382.0,251.0,738.0,766.0,0.0,0.0,0.0,0.0,0.0,0.0,1024.0,1628.0,0.109977253531941,Male,Black,True,Male_Black,4.0
7127,32--Worker_Laborer/32_Worker_Laborer_Worker_Laborer_32_908.jpg,580.0,237.0,802.0,549.0,0.0,0.0,0.0,0.0,0.0,1.0,1024.0,1536.0,0.044036865234375,Male,White,True,Male_White,1.0
7131,32--Worker_Laborer/32_Worker_Laborer_Worker_Laborer_32_559.jpg,678.0,296.0,760.0,370.0,1.0,0.0,0.0,0.0,0.0,1.0,1024.0,713.0,0.0083110536465638,Male,White,True,Male_White,0.0
7136,32--Worker_Laborer/32_Worker_Laborer_Worker_Laborer_32_557.jpg,358.0,78.0,650.0,450.0,0.0,0.0,0.0,0.0,1.0,0.0,1024.0,683.0,0.1553120424597364,Male,White,True,Male_White,5.0
7137,32--Worker_Laborer/32_Worker_Laborer_Worker_Laborer_32_187.jpg,258.0,192.0,318.0,266.0,1.0,0.0,0.0,0.0,0.0,0.0,1024.0,683.0,0.0063483711566617,Male,White,True,Male_White,0.0
7138,32--Worker_Laborer/32_Worker_Laborer_Worker_Laborer_32_933.jpg,518.0,92.0,678.0,324.0,0.0,0.0,0.0,0.0,0.0,0.0,1024.0,672.0,0.0539434523809523,Male,White,True,Male_White,1.0
7139,32--Worker_Laborer/32_Worker_Laborer_Worker_Laborer_32_586.jpg,269.0,237.0,657.0,779.0,0.0,0.0,0.0,0.0,0.0,0.0,1024.0,1516.0,0.1354664825197889,Male,White,True,Male_White,5.0
7140,32--Worker_Laborer/32_Worker_Laborer_Worker_Laborer_32_725.jpg,455.0,220.0,540.0,368.0,1.0,0.0,0.0,0.0,1.0,0.0,1024.0,1607.0,0.007644776757934,Male,White,True,Male_White,0.0
7142,32--Worker_Laborer/32_Worker_Laborer_Worker_Laborer_32_252.jpg,538.0,351.0,640.0,495.0,1.0,0.0,0.0,0.0,1.0,0.0,1024.0,1538.0,0.0093262353706111,Male,White,True,Male_White,0.0
7145,32--Worker_Laborer/32_Worker_Laborer_Worker_Laborer_32_772.jpg,452.0,150.0,624.0,372.0,0.0,0.0,0.0,0.0,0.0,0.0,1024.0,1024.0,0.0364151000976562,Male,White,True,Male_White,1.0
7146,32--Worker_Laborer/32_Worker_Laborer_Worker_Laborer_32_461.jpg,876.0,56.0,956.0,186.0,1.0,0.0,0.0,0.0,0.0,0.0,1024.0,576.0,0.0176323784722222,Male,White,True,Male_White,0.0
7147,32--Worker_Laborer/32_Worker_Laborer_Worker_Laborer_32_848.jpg,458.0,120.0,560.0,202.0,1.0,0.0,0.0,0.0,0.0,1.0,1024.0,667.0,0.012245830209895,Male,White,True,Male_White,0.0
7150,32--Worker_Laborer/32_Worker_Laborer_Worker_Laborer_32_575.jpg,421.0,328.0,522.0,464.0,1.0,0.0,0.0,0.0,0.0,0.0,1024.0,1366.0,0.0098199579062957,Male,White,True,Male_White,0.0
7151,32--Worker_Laborer/32_Worker_Laborer_Worker_Laborer_32_346.jpg,700.0,102.0,836.0,296.0,0.0,0.0,0.0,0.0,0.0,0.0,1024.0,768.0,0.0335489908854166,Male,White,True,Male_White,1.0
7153,32--Worker_Laborer/32_Worker_Laborer_Worker_Laborer_32_763.jpg,104.0,220.0,166.0,302.0,1.0,0.0,0.0,0.0,0.0,0.0,1024.0,687.0,0.007226846797671,Male,White,True,Male_White,0.0
7157,32--Worker_Laborer/32_Worker_Laborer_Worker_Laborer_32_311.jpg,413.0,186.0,590.0,467.0,0.0,0.0,0.0,0.0,1.0,0.0,1024.0,1535.0,0.0316425335912052,Male,Indian,True,Male_Indian,1.0
7161,32--Worker_Laborer/32_Worker_Laborer_Worker_Laborer_32_360.jpg,346.0,92.0,600.0,458.0,0.0,0.0,0.0,0.0,0.0,0.0,1024.0,682.0,0.1331160648826979,Male,Indian,True,Male_Indian,4.0
7168,32--Worker_Laborer/32_Worker_Laborer_Worker_Laborer_32_398.jpg,482.0,684.0,560.0,801.0,1.0,0.0,0.0,0.0,0.0,0.0,1024.0,1543.0,0.0057758323882047,Male,White,True,Male_White,0.0
7169,32--Worker_Laborer/32_Worker_Laborer_Worker_Laborer_32_194.jpg,368.0,380.0,532.0,596.0,1.0,0.0,0.0,0.0,1.0,0.0,1024.0,808.0,0.0428140470297029,Male,Asian,True,Male_Asian,1.0
7170,32--Worker_Laborer/32_Worker_Laborer_Worker_Laborer_32_558.jpg,440.0,323.0,614.0,563.0,1.0,0.0,0.0,0.0,1.0,0.0,1024.0,1533.0,0.0266022504892367,Male,Asian,True,Male_Asian,0.0
7171,32--Worker_Laborer/32_Worker_Laborer_Worker_Laborer_32_673.jpg,156.0,196.0,384.0,372.0,0.0,0.0,0.0,0.0,0.0,1.0,1024.0,768.0,0.051025390625,Male,Indian,True,Male_Indian,1.0
7173,32--Worker_Laborer/32_Worker_Laborer_Worker_Laborer_32_934.jpg,352.0,357.0,421.0,466.0,1.0,0.0,0.0,0.0,0.0,0.0,1024.0,1366.0,0.0053768130032942,Male,White,True,Male_White,0.0
7175,32--Worker_Laborer/32_Worker_Laborer_Worker_Laborer_32_130.jpg,584.0,146.0,746.0,340.0,0.0,0.0,0.0,0.0,0.0,1.0,1024.0,751.0,0.0408673851531291,Male,White,True,Male_White,1.0
7180,32--Worker_Laborer/32_Worker_Laborer_Worker_Laborer_32_1003.jpg,374.0,192.0,634.0,524.0,0.0,0.0,0.0,0.0,0.0,0.0,1024.0,1024.0,0.0823211669921875,Male,White,True,Male_White,3.0
7181,32--Worker_Laborer/32_Worker_Laborer_Worker_Laborer_32_314.jpg,602.0,70.0,692.0,188.0,0.0,0.0,1.0,0.0,0.0,1.0,1024.0,773.0,0.0134166801423027,Male,White,True,Male_White,0.0
7182,32--Worker_Laborer/32_Worker_Laborer_Worker_Laborer_32_703.jpg,394.0,336.0,472.0,406.0,1.0,0.0,0.0,0.0,0.0,1.0,1024.0,768.0,0.0069427490234375,Male,Indian,True,Male_Indian,0.0
7186,32--Worker_Laborer/32_Worker_Laborer_Worker_Laborer_32_628.jpg,336.0,213.0,435.0,352.0,1.0,0.0,1.0,0.0,0.0,0.0,1024.0,1579.0,0.0085107514645345,Male,White,True,Male_White,0.0
7187,32--Worker_Laborer/32_Worker_Laborer_Worker_Laborer_32_227.jpg,286.0,168.0,490.0,452.0,0.0,0.0,0.0,0.0,0.0,0.0,1024.0,912.0,0.0620374177631578,Male,White,True,Male_White,2.0
7188,32--Worker_Laborer/32_Worker_Laborer_Worker_Laborer_32_278.jpg,288.0,160.0,464.0,390.0,0.0,0.0,0.0,0.0,0.0,0.0,1024.0,757.0,0.0522209379128137,Male,White,True,Male_White,1.0
7226,32--Worker_Laborer/32_Worker_Laborer_Worker_Laborer_32_771.jpg,78.0,257.0,155.0,351.0,0.0,0.0,0.0,0.0,0.0,0.0,1024.0,768.0,0.0092035929361979,Male,White,True,Male_White,0.0
7227,32--Worker_Laborer/32_Worker_Laborer_Worker_Laborer_32_771.jpg,278.0,301.0,343.0,390.0,0.0,0.0,0.0,0.0,1.0,0.0,1024.0,768.0,0.0073560078938802,Male,White,True,Male_White,0.0
7228,32--Worker_Laborer/32_Worker_Laborer_Worker_Laborer_32_771.jpg,283.0,249.0,337.0,307.0,0.0,0.0,0.0,0.0,1.0,0.0,1024.0,768.0,0.0039825439453125,Male,White,True,Male_White,0.0
7229,32--Worker_Laborer/32_Worker_Laborer_Worker_Laborer_32_771.jpg,419.0,247.0,473.0,326.0,0.0,0.0,0.0,0.0,1.0,0.0,1024.0,768.0,0.0054244995117187,Male,White,True,Male_White,0.0
7230,32--Worker_Laborer/32_Worker_Laborer_Worker_Laborer_32_771.jpg,492.0,278.0,554.0,355.0,0.0,0.0,0.0,0.0,1.0,0.0,1024.0,768.0,0.0060704549153645,Male,White,True,Male_White,0.0
7231,32--Worker_Laborer/32_Worker_Laborer_Worker_Laborer_32_771.jpg,823.0,241.0,893.0,352.0,0.0,0.0,0.0,0.0,0.0,0.0,1024.0,768.0,0.0098800659179687,Male,White,True,Male_White,0.0
7232,32--Worker_Laborer/32_Worker_Laborer_Worker_Laborer_32_771.jpg,675.0,245.0,733.0,323.0,0.0,0.0,0.0,0.0,0.0,0.0,1024.0,768.0,0.0057525634765625,Male,White,True,Male_White,0.0
7233,32--Worker_Laborer/32_Worker_Laborer_Worker_Laborer_32_771.jpg,594.0,305.0,674.0,409.0,0.0,0.0,0.0,0.0,1.0,0.0,1024.0,768.0,0.0105794270833333,Male,Asian,True,Male_Asian,0.0
7235,32--Worker_Laborer/32_Worker_Laborer_Worker_Laborer_32_711.jpg,316.0,2.0,412.0,124.0,0.0,0.0,0.0,0.0,1.0,0.0,1024.0,686.0,0.0166727405247813,Male,White,True,Male_White,0.0
7236,32--Worker_Laborer/32_Worker_Laborer_Worker_Laborer_32_315.jpg,228.0,122.0,324.0,252.0,0.0,0.0,1.0,0.0,0.0,0.0,1024.0,769.0,0.0158485045513654,Male,White,True,Male_White,0.0
7237,32--Worker_Laborer/32_Worker_Laborer_Worker_Laborer_32_96.jpg,508.0,410.0,632.0,609.0,1.0,0.0,0.0,0.0,0.0,0.0,1024.0,1478.0,0.0163042329161028,Male,White,True,Male_White,0.0
7239,32--Worker_Laborer/32_Worker_Laborer_Worker_Laborer_32_38.jpg,324.0,425.0,528.0,727.0,0.0,0.0,0.0,0.0,0.0,0.0,1024.0,1394.0,0.0431592987804878,Male,White,True,Male_White,1.0
7240,32--Worker_Laborer/32_Worker_Laborer_Worker_Laborer_32_585.jpg,582.0,60.0,704.0,236.0,0.0,0.0,0.0,0.0,0.0,1.0,1024.0,714.0,0.0293679971988795,Male,White,True,Male_White,1.0
7245,32--Worker_Laborer/32_Worker_Laborer_Worker_Laborer_32_267.jpg,350.0,146.0,506.0,366.0,0.0,0.0,0.0,0.0,1.0,0.0,1024.0,680.0,0.0492876838235294,Male,White,True,Male_White,1.0
7250,32--Worker_Laborer/32_Worker_Laborer_Worker_Laborer_32_855.jpg,248.0,136.0,348.0,258.0,1.0,0.0,1.0,0.0,0.0,1.0,1024.0,682.0,0.0174692998533724,Male,Indian,True,Male_Indian,0.0
7253,32--Worker_Laborer/32_Worker_Laborer_Worker_Laborer_32_273.jpg,506.0,124.0,690.0,388.0,0.0,0.0,0.0,0.0,0.0,0.0,1024.0,753.0,0.0629980079681274,Male,White,True,Male_White,2.0
7257,32--Worker_Laborer/32_Worker_Laborer_Worker_Laborer_32_138.jpg,268.0,416.0,322.0,468.0,1.0,0.0,0.0,0.0,0.0,1.0,1024.0,768.0,0.003570556640625,Male,Black,True,Male_Black,0.0
7260,32--Worker_Laborer/32_Worker_Laborer_Worker_Laborer_32_905.jpg,472.0,284.0,682.0,599.0,0.0,0.0,0.0,0.0,0.0,0.0,1024.0,1581.0,0.0408599679791271,Male,Indian,True,Male_Indian,1.0
7265,32--Worker_Laborer/32_Worker_Laborer_Worker_Laborer_32_366.jpg,598.0,278.0,684.0,400.0,1.0,0.0,0.0,0.0,0.0,0.0,1024.0,768.0,0.0133412679036458,Male,White,True,Male_White,0.0
7272,32--Worker_Laborer/32_Worker_Laborer_Worker_Laborer_32_612.jpg,550.0,242.0,612.0,328.0,0.0,0.0,0.0,0.0,0.0,1.0,1024.0,716.0,0.0072723900139664,Male,Asian,True,Male_Asian,0.0
7273,32--Worker_Laborer/32_Worker_Laborer_Worker_Laborer_32_328.jpg,671.0,100.0,704.0,141.0,1.0,0.0,0.0,0.0,0.0,1.0,1024.0,675.0,0.0019574652777777,Male,White,True,Male_White,0.0
7274,32--Worker_Laborer/32_Worker_Laborer_Worker_Laborer_32_785.jpg,612.0,244.0,694.0,348.0,0.0,0.0,0.0,0.0,1.0,0.0,1024.0,685.0,0.0121578467153284,Male,White,True,Male_White,0.0
7275,32--Worker_Laborer/32_Worker_Laborer_Worker_Laborer_32_921.jpg,222.0,232.0,796.0,1099.0,0.0,0.0,1.0,0.0,0.0,0.0,1024.0,1280.0,0.3796829223632812,Male,White,True,Male_White,14.0
7280,32--Worker_Laborer/32_Worker_Laborer_Worker_Laborer_32_122.jpg,676.0,126.0,750.0,248.0,0.0,0.0,1.0,0.0,0.0,0.0,1024.0,753.0,0.0117083748339973,Male,White,True,Male_White,0.0
7282,32--Worker_Laborer/32_Worker_Laborer_Worker_Laborer_32_467.jpg,328.0,152.0,375.0,207.0,1.0,0.0,0.0,0.0,0.0,0.0,1024.0,682.0,0.0037014868951612,Male,White,True,Male_White,0.0
7294,33--Running/33_Running_Running_33_616.jpg,360.0,140.0,640.0,536.0,0.0,0.0,0.0,0.0,0.0,0.0,1024.0,930.0,0.1164314516129032,Male,White,True,Male_White,4.0
7305,33--Running/33_Running_Running_33_91.jpg,522.0,188.0,621.0,316.0,0.0,0.0,0.0,0.0,0.0,0.0,1024.0,1339.0,0.0092419716206123,Male,White,True,Male_White,0.0
7312,33--Running/33_Running_Running_33_556.jpg,151.0,258.0,200.0,307.0,0.0,0.0,0.0,0.0,0.0,0.0,1024.0,668.0,0.0035100697043413,Male,White,True,Male_White,0.0
7313,33--Running/33_Running_Running_33_556.jpg,514.0,293.0,559.0,350.0,0.0,0.0,0.0,0.0,0.0,0.0,1024.0,668.0,0.0037498245696107,Male,White,True,Male_White,0.0
7314,33--Running/33_Running_Running_33_556.jpg,756.0,190.0,800.0,242.0,0.0,0.0,0.0,0.0,0.0,0.0,1024.0,668.0,0.003344872754491,Male,White,True,Male_White,0.0
7316,33--Running/33_Running_Running_33_220.jpg,534.0,160.0,602.0,258.0,1.0,0.0,0.0,0.0,0.0,0.0,1024.0,640.0,0.01016845703125,Male,White,True,Male_White,0.0
7319,33--Running/33_Running_Running_33_593.jpg,504.0,152.0,708.0,444.0,1.0,1.0,0.0,0.0,0.0,0.0,1024.0,768.0,0.07574462890625,Male,Black,True,Male_Black,2.0
7322,33--Running/33_Running_Running_33_300.jpg,443.0,110.0,535.0,251.0,0.0,0.0,1.0,0.0,0.0,0.0,1024.0,1567.0,0.0080842174537332,Male,White,True,Male_White,0.0
7326,33--Running/33_Running_Running_33_97.jpg,696.0,161.0,748.0,226.0,0.0,0.0,1.0,0.0,0.0,0.0,1024.0,783.0,0.0042155571519795,Male,White,True,Male_White,0.0
7349,33--Running/33_Running_Running_33_66.jpg,674.0,149.0,716.0,227.0,1.0,0.0,0.0,0.0,0.0,0.0,1024.0,820.0,0.0039014862804878,Male,White,True,Male_White,0.0
7353,33--Running/33_Running_Running_33_615.jpg,355.0,176.0,696.0,652.0,0.0,0.0,0.0,0.0,0.0,0.0,1024.0,1188.0,0.1334273726851851,Male,Black,True,Male_Black,4.0
7354,33--Running/33_Running_Running_33_473.jpg,280.0,82.0,374.0,234.0,1.0,0.0,0.0,0.0,0.0,0.0,1024.0,1556.0,0.0089673039845758,Male,White,True,Male_White,0.0
7355,33--Running/33_Running_Running_33_558.jpg,516.0,268.0,888.0,923.0,0.0,0.0,0.0,0.0,0.0,0.0,1024.0,1476.0,0.1612122078252032,Male,White,True,Male_White,6.0
7367,33--Running/33_Running_Running_33_810.jpg,363.0,655.0,774.0,1214.0,0.0,0.0,0.0,0.0,0.0,0.0,1024.0,1536.0,0.1460704803466797,Male,White,True,Male_White,5.0
7378,33--Running/33_Running_Running_33_443.jpg,494.0,270.0,618.0,404.0,1.0,0.0,0.0,0.0,0.0,1.0,1024.0,682.0,0.0237926136363636,Male,Black,True,Male_Black,0.0
7381,33--Running/33_Running_Running_33_652.jpg,466.0,161.0,687.0,477.0,0.0,0.0,0.0,0.0,0.0,0.0,1024.0,1348.0,0.0505928922477744,Male,White,True,Male_White,1.0
7384,33--Running/33_Running_Running_33_80.jpg,461.0,92.0,511.0,153.0,0.0,0.0,1.0,0.0,0.0,0.0,1024.0,1024.0,0.002908706665039,Male,White,True,Male_White,0.0
7386,33--Running/33_Running_Running_33_457.jpg,407.0,78.0,438.0,131.0,1.0,0.0,1.0,0.0,0.0,0.0,1024.0,635.0,0.0025267593503937,Male,White,True,Male_White,0.0
7388,34--Baseball/34_Baseball_Baseball_34_92.jpg,363.0,159.0,462.0,288.0,1.0,0.0,1.0,0.0,0.0,0.0,1024.0,1536.0,0.0081195831298828,Male,White,True,Male_White,0.0
7389,34--Baseball/34_Baseball_Baseball_34_239.jpg,657.0,135.0,700.0,198.0,1.0,0.0,0.0,0.0,0.0,0.0,1024.0,663.0,0.0039902078619909,Male,White,True,Male_White,0.0
7390,34--Baseball/34_Baseball_Baseball_34_315.jpg,379.0,223.0,515.0,395.0,0.0,0.0,0.0,0.0,0.0,0.0,1024.0,1394.0,0.0163871951219512,Male,White,True,Male_White,0.0
7392,34--Baseball/34_Baseball_Baseball_34_135.jpg,602.0,400.0,683.0,505.0,1.0,0.0,0.0,0.0,0.0,0.0,1024.0,1377.0,0.0060317095588235,Male,White,True,Male_White,0.0
7393,34--Baseball/34_Baseball_Baseball_34_59.jpg,630.0,442.0,725.0,582.0,1.0,0.0,0.0,0.0,0.0,0.0,1024.0,1433.0,0.0090636994068388,Male,White,True,Male_White,0.0
7394,34--Baseball/34_Baseball_Baseball_34_119.jpg,650.0,138.0,734.0,240.0,0.0,0.0,1.0,0.0,0.0,0.0,1024.0,683.0,0.0122506405563689,Male,White,True,Male_White,0.0
7395,34--Baseball/34_Baseball_Baseball_34_5.jpg,252.0,182.0,306.0,264.0,0.0,0.0,0.0,0.0,1.0,0.0,1024.0,561.0,0.0077080548128342,Male,White,True,Male_White,0.0
7396,34--Baseball/34_Baseball_Baseball_34_670.jpg,326.0,217.0,655.0,652.0,0.0,0.0,0.0,0.0,0.0,0.0,1024.0,1295.0,0.1079233530405405,Male,Black,True,Male_Black,4.0
7412,34--Baseball/34_Baseball_Baseball_34_859.jpg,125.0,140.0,161.0,194.0,0.0,0.0,0.0,0.0,0.0,0.0,1024.0,755.0,0.0025144867549668,Male,White,True,Male_White,0.0
7413,34--Baseball/34_Baseball_Baseball_34_859.jpg,253.0,145.0,292.0,195.0,0.0,0.0,0.0,0.0,0.0,0.0,1024.0,755.0,0.0025222475165562,Male,White,True,Male_White,0.0
7414,34--Baseball/34_Baseball_Baseball_34_859.jpg,395.0,146.0,432.0,199.0,0.0,0.0,0.0,0.0,0.0,0.0,1024.0,755.0,0.0025364755794701,Male,White,True,Male_White,0.0
7415,34--Baseball/34_Baseball_Baseball_34_859.jpg,519.0,131.0,553.0,181.0,0.0,0.0,0.0,0.0,0.0,0.0,1024.0,755.0,0.0021988824503311,Male,White,True,Male_White,0.0
7416,34--Baseball/34_Baseball_Baseball_34_859.jpg,118.0,275.0,157.0,326.0,0.0,0.0,0.0,0.0,0.0,0.0,1024.0,755.0,0.0025726924668874,Male,White,True,Male_White,0.0
7417,34--Baseball/34_Baseball_Baseball_34_859.jpg,249.0,274.0,286.0,324.0,0.0,0.0,0.0,0.0,0.0,0.0,1024.0,755.0,0.0023929014900662,Male,White,True,Male_White,0.0
7418,34--Baseball/34_Baseball_Baseball_34_859.jpg,364.0,260.0,406.0,310.0,0.0,0.0,0.0,0.0,0.0,0.0,1024.0,755.0,0.0027162665562913,Male,White,True,Male_White,0.0
7419,34--Baseball/34_Baseball_Baseball_34_859.jpg,296.0,403.0,340.0,462.0,0.0,0.0,0.0,0.0,0.0,0.0,1024.0,755.0,0.0033578228476821,Male,White,True,Male_White,0.0
7420,34--Baseball/34_Baseball_Baseball_34_859.jpg,507.0,255.0,546.0,305.0,0.0,0.0,0.0,0.0,0.0,0.0,1024.0,755.0,0.0025222475165562,Male,White,True,Male_White,0.0
7421,34--Baseball/34_Baseball_Baseball_34_859.jpg,506.0,393.0,544.0,444.0,0.0,0.0,0.0,0.0,0.0,0.0,1024.0,755.0,0.0025067259933774,Male,White,True,Male_White,0.0
7422,34--Baseball/34_Baseball_Baseball_34_859.jpg,649.0,142.0,683.0,186.0,0.0,0.0,1.0,0.0,0.0,0.0,1024.0,755.0,0.0019350165562913,Male,White,True,Male_White,0.0
7423,34--Baseball/34_Baseball_Baseball_34_859.jpg,768.0,162.0,806.0,212.0,0.0,0.0,1.0,0.0,0.0,0.0,1024.0,755.0,0.0024575745033112,Male,White,True,Male_White,0.0
7424,34--Baseball/34_Baseball_Baseball_34_859.jpg,886.0,165.0,925.0,214.0,0.0,0.0,1.0,0.0,0.0,0.0,1024.0,755.0,0.0024718025662251,Male,White,True,Male_White,0.0
7425,34--Baseball/34_Baseball_Baseball_34_859.jpg,897.0,293.0,936.0,345.0,0.0,0.0,1.0,0.0,0.0,0.0,1024.0,755.0,0.0026231374172185,Male,White,True,Male_White,0.0
7426,34--Baseball/34_Baseball_Baseball_34_859.jpg,755.0,278.0,791.0,328.0,0.0,0.0,0.0,0.0,0.0,0.0,1024.0,755.0,0.0023282284768211,Male,White,True,Male_White,0.0
7427,34--Baseball/34_Baseball_Baseball_34_859.jpg,641.0,263.0,680.0,321.0,0.0,0.0,0.0,0.0,0.0,0.0,1024.0,755.0,0.0029258071192052,Male,White,True,Male_White,0.0
7428,34--Baseball/34_Baseball_Baseball_34_859.jpg,752.0,399.0,796.0,457.0,0.0,0.0,0.0,0.0,0.0,0.0,1024.0,755.0,0.0033009105960264,Male,White,True,Male_White,0.0
7430,34--Baseball/34_Baseball_Baseball_34_115.jpg,286.0,96.0,350.0,190.0,1.0,1.0,0.0,0.0,0.0,0.0,1024.0,545.0,0.0107798165137614,Male,White,True,Male_White,0.0
7445,34--Baseball/34_Baseball_Baseball_34_412.jpg,684.0,126.0,762.0,250.0,0.0,0.0,0.0,0.0,0.0,0.0,1024.0,768.0,0.012298583984375,Male,White,True,Male_White,0.0
7448,34--Baseball/34_Baseball_Baseball_34_491.jpg,539.0,173.0,645.0,324.0,0.0,0.0,1.0,0.0,0.0,0.0,1024.0,1428.0,0.0109459799544817,Male,White,True,Male_White,0.0
7449,34--Baseball/34_Baseball_Baseball_34_727.jpg,304.0,90.0,394.0,198.0,0.0,0.0,1.0,0.0,0.0,0.0,1024.0,800.0,0.011865234375,Male,White,True,Male_White,0.0
7460,34--Baseball/34_Baseball_Baseball_34_482.jpg,300.0,64.0,426.0,248.0,1.0,1.0,0.0,0.0,0.0,0.0,1024.0,653.0,0.0346717075038284,Male,White,True,Male_White,1.0
7469,34--Baseball/34_Baseball_Baseball_34_890.jpg,734.0,82.0,804.0,184.0,1.0,0.0,0.0,0.0,0.0,1.0,1024.0,640.0,0.010894775390625,Male,White,True,Male_White,0.0
7470,34--Baseball/34_Baseball_Baseball_34_111.jpg,195.0,197.0,237.0,249.0,1.0,0.0,0.0,0.0,0.0,0.0,1024.0,757.0,0.0028174537648612,Male,White,True,Male_White,0.0
7471,34--Baseball/34_Baseball_Baseball_34_641.jpg,320.0,48.0,500.0,286.0,0.0,0.0,0.0,0.0,0.0,0.0,1024.0,802.0,0.0521645105985037,Male,White,True,Male_White,1.0
7472,34--Baseball/34_Baseball_Baseball_34_764.jpg,340.0,104.0,560.0,370.0,0.0,0.0,0.0,0.0,0.0,0.0,1024.0,856.0,0.0667621933411214,Male,White,True,Male_White,2.0
7473,34--Baseball/34_Baseball_Baseball_34_571.jpg,226.0,88.0,636.0,642.0,0.0,0.0,0.0,0.0,0.0,0.0,1024.0,718.0,0.3089364989554317,Male,White,True,Male_White,11.0
7474,34--Baseball/34_Baseball_Baseball_34_109.jpg,390.0,78.0,446.0,154.0,1.0,0.0,0.0,0.0,0.0,0.0,1024.0,680.0,0.0061121323529411,Male,White,True,Male_White,0.0
7475,34--Baseball/34_Baseball_Baseball_34_194.jpg,563.0,191.0,610.0,255.0,1.0,0.0,1.0,0.0,0.0,0.0,1024.0,820.0,0.0035823170731707,Male,White,True,Male_White,0.0
7477,34--Baseball/34_Baseball_Baseball_34_741.jpg,404.0,74.0,456.0,140.0,0.0,0.0,0.0,0.0,0.0,0.0,1024.0,684.0,0.0048999451754385,Male,White,True,Male_White,0.0
7481,34--Baseball/34_Baseball_Baseball_34_156.jpg,448.0,169.0,555.0,297.0,0.0,0.0,0.0,0.0,0.0,0.0,1024.0,1521.0,0.0087935568704799,Male,White,True,Male_White,0.0
7482,34--Baseball/34_Baseball_Baseball_34_887.jpg,717.0,253.0,761.0,302.0,1.0,1.0,1.0,0.0,0.0,0.0,1024.0,768.0,0.0027414957682291,Male,White,True,Male_White,0.0
7486,34--Baseball/34_Baseball_Baseball_34_809.jpg,454.0,132.0,540.0,258.0,0.0,1.0,0.0,0.0,0.0,0.0,1024.0,684.0,0.0154708059210526,Male,White,True,Male_White,0.0
7487,34--Baseball/34_Baseball_Baseball_34_69.jpg,476.0,57.0,513.0,108.0,0.0,0.0,0.0,0.0,0.0,0.0,1024.0,563.0,0.0032731322158081,Male,White,True,Male_White,0.0
7497,34--Baseball/34_Baseball_Baseball_34_417.jpg,706.0,110.0,788.0,214.0,0.0,0.0,0.0,0.0,0.0,1.0,1024.0,768.0,0.0108439127604166,Male,White,True,Male_White,0.0
7502,34--Baseball/34_Baseball_Baseball_34_161.jpg,632.0,164.0,684.0,234.0,1.0,0.0,0.0,0.0,0.0,0.0,1024.0,812.0,0.0043776939655172,Male,White,True,Male_White,0.0
7504,34--Baseball/34_Baseball_Baseball_34_928.jpg,490.0,106.0,734.0,486.0,0.0,0.0,0.0,0.0,0.0,0.0,1024.0,820.0,0.1104230182926829,Male,White,True,Male_White,4.0
7510,34--Baseball/34_Baseball_Baseball_34_71.jpg,500.0,192.0,554.0,268.0,0.0,0.0,0.0,0.0,0.0,0.0,1024.0,697.0,0.0057500896700143,Male,White,True,Male_White,0.0
7511,35--Basketball/35_Basketball_Basketball_35_175.jpg,446.0,150.0,534.0,258.0,0.0,0.0,0.0,0.0,0.0,0.0,1024.0,876.0,0.0105950342465753,Male,White,True,Male_White,0.0
7512,35--Basketball/35_Basketball_Basketball_35_175.jpg,648.0,32.0,724.0,146.0,0.0,0.0,0.0,0.0,0.0,0.0,1024.0,876.0,0.0096586044520547,Male,White,True,Male_White,0.0
7513,35--Basketball/35_Basketball_Basketball_35_175.jpg,824.0,34.0,900.0,148.0,1.0,0.0,0.0,0.0,0.0,0.0,1024.0,876.0,0.0096586044520547,Male,White,True,Male_White,0.0
7514,35--Basketball/35_Basketball_Basketball_35_175.jpg,222.0,70.0,304.0,186.0,1.0,0.0,0.0,0.0,0.0,0.0,1024.0,876.0,0.0106039526255707,Male,White,True,Male_White,0.0
7515,35--Basketball/35_Basketball_playingbasketball_35_315.jpg,324.0,66.0,392.0,178.0,0.0,0.0,1.0,0.0,0.0,0.0,1024.0,640.0,0.01162109375,Male,Black,True,Male_Black,0.0
7536,35--Basketball/35_Basketball_Basketball_35_680.jpg,374.0,124.0,515.0,282.0,0.0,0.0,0.0,0.0,0.0,1.0,1024.0,1076.0,0.0202192001626394,Male,White,True,Male_White,0.0
7539,35--Basketball/35_Basketball_basketballgame_ball_35_352.jpg,338.0,118.0,580.0,422.0,0.0,0.0,0.0,0.0,1.0,0.0,1024.0,768.0,0.0935465494791666,Male,White,True,Male_White,3.0
7540,35--Basketball/35_Basketball_basketballgame_ball_35_859.jpg,184.0,180.0,312.0,382.0,0.0,0.0,0.0,0.0,0.0,0.0,1024.0,673.0,0.037518573551263,Male,Black,True,Male_Black,1.0
7541,35--Basketball/35_Basketball_basketballgame_ball_35_859.jpg,484.0,224.0,618.0,398.0,0.0,0.0,0.0,0.0,0.0,0.0,1024.0,673.0,0.0338328844725111,Male,Black,True,Male_Black,1.0
7542,35--Basketball/35_Basketball_basketballgame_ball_35_859.jpg,808.0,36.0,958.0,238.0,0.0,0.0,0.0,0.0,0.0,0.0,1024.0,673.0,0.0439670783803863,Male,Black,True,Male_Black,1.0
7550,35--Basketball/35_Basketball_basketballgame_ball_35_358.jpg,412.0,102.0,542.0,252.0,0.0,0.0,0.0,0.0,0.0,0.0,1024.0,684.0,0.0278405975877193,Male,White,True,Male_White,0.0
7553,35--Basketball/35_Basketball_basketballgame_ball_35_842.jpg,114.0,131.0,156.0,194.0,1.0,1.0,0.0,0.0,0.0,0.0,1024.0,768.0,0.0033645629882812,Male,Black,True,Male_Black,0.0
7554,35--Basketball/35_Basketball_basketballgame_ball_35_842.jpg,478.0,87.0,545.0,185.0,0.0,0.0,0.0,0.0,0.0,0.0,1024.0,768.0,0.0083491007486979,Male,Black,True,Male_Black,0.0
7555,35--Basketball/35_Basketball_basketballgame_ball_35_842.jpg,914.0,280.0,957.0,345.0,1.0,0.0,0.0,0.0,0.0,0.0,1024.0,768.0,0.0035540262858072,Male,Black,True,Male_Black,0.0
7561,35--Basketball/35_Basketball_Basketball_35_611.jpg,449.0,504.0,551.0,620.0,0.0,0.0,0.0,0.0,0.0,1.0,1024.0,1345.0,0.008590845724907,Male,White,True,Male_White,0.0
7562,35--Basketball/35_Basketball_playingbasketball_35_468.jpg,677.0,150.0,731.0,235.0,0.0,0.0,0.0,0.0,0.0,0.0,1024.0,779.0,0.0057540717265725,Male,Black,True,Male_Black,0.0
7563,35--Basketball/35_Basketball_playingbasketball_35_468.jpg,408.0,83.0,489.0,163.0,0.0,0.0,1.0,0.0,0.0,0.0,1024.0,779.0,0.0081233953786906,Male,White,True,Male_White,0.0
7564,35--Basketball/35_Basketball_playingbasketball_35_468.jpg,519.0,586.0,559.0,656.0,0.0,0.0,0.0,0.0,0.0,0.0,1024.0,779.0,0.003510109114249,Male,White,True,Male_White,0.0
7565,35--Basketball/35_Basketball_playingbasketball_35_468.jpg,935.0,614.0,972.0,692.0,0.0,1.0,0.0,0.0,0.0,0.0,1024.0,779.0,0.0036179196084724,Male,White,True,Male_White,0.0
7568,35--Basketball/35_Basketball_basketballgame_ball_35_710.jpg,290.0,133.0,603.0,556.0,0.0,0.0,0.0,0.0,0.0,0.0,1024.0,1135.0,0.1139170911343612,Male,White,True,Male_White,4.0
7576,35--Basketball/35_Basketball_Basketball_35_425.jpg,290.0,154.0,388.0,292.0,0.0,1.0,0.0,0.0,0.0,0.0,1024.0,770.0,0.0171519886363636,Male,White,True,Male_White,0.0
7577,35--Basketball/35_Basketball_Basketball_35_425.jpg,274.0,10.0,348.0,144.0,0.0,0.0,0.0,0.0,1.0,0.0,1024.0,770.0,0.0125760957792207,Male,White,True,Male_White,0.0
7578,35--Basketball/35_Basketball_Basketball_35_425.jpg,840.0,230.0,908.0,344.0,0.0,0.0,0.0,0.0,0.0,0.0,1024.0,770.0,0.0098315746753246,Male,White,True,Male_White,0.0
7588,35--Basketball/35_Basketball_basketballgame_ball_35_56.jpg,414.0,448.0,622.0,750.0,0.0,0.0,0.0,0.0,0.0,0.0,1024.0,1461.0,0.0419875085557837,Male,White,True,Male_White,1.0
7589,35--Basketball/35_Basketball_playingbasketball_35_780.jpg,878.0,108.0,944.0,189.0,0.0,0.0,0.0,0.0,0.0,0.0,1024.0,409.0,0.0127645553178484,Male,White,True,Male_White,0.0
7590,35--Basketball/35_Basketball_playingbasketball_35_780.jpg,725.0,39.0,778.0,101.0,0.0,0.0,0.0,0.0,0.0,0.0,1024.0,409.0,0.0078459275672371,Male,White,True,Male_White,0.0
7591,35--Basketball/35_Basketball_playingbasketball_35_780.jpg,630.0,129.0,696.0,200.0,0.0,0.0,0.0,0.0,0.0,0.0,1024.0,409.0,0.0111886842909535,Male,White,True,Male_White,0.0
7592,35--Basketball/35_Basketball_playingbasketball_35_780.jpg,534.0,44.0,590.0,113.0,0.0,0.0,0.0,0.0,0.0,0.0,1024.0,409.0,0.0092260085574572,Male,White,True,Male_White,0.0
7593,35--Basketball/35_Basketball_playingbasketball_35_780.jpg,402.0,142.0,467.0,212.0,0.0,0.0,0.0,0.0,0.0,0.0,1024.0,409.0,0.0108639593520782,Male,White,True,Male_White,0.0
7594,35--Basketball/35_Basketball_playingbasketball_35_780.jpg,353.0,73.0,403.0,132.0,0.0,0.0,0.0,0.0,0.0,0.0,1024.0,409.0,0.0070436659535452,Male,White,True,Male_White,0.0
7595,35--Basketball/35_Basketball_playingbasketball_35_780.jpg,230.0,112.0,291.0,185.0,0.0,0.0,0.0,0.0,0.0,0.0,1024.0,409.0,0.0106323540647921,Male,White,True,Male_White,0.0
7596,35--Basketball/35_Basketball_playingbasketball_35_780.jpg,175.0,67.0,228.0,126.0,0.0,0.0,0.0,0.0,0.0,0.0,1024.0,409.0,0.0074662859107579,Male,White,True,Male_White,0.0
7597,35--Basketball/35_Basketball_playingbasketball_35_780.jpg,51.0,154.0,113.0,223.0,0.0,0.0,0.0,0.0,0.0,0.0,1024.0,409.0,0.0102145094743276,Male,White,True,Male_White,0.0
7598,35--Basketball/35_Basketball_basketballgame_ball_35_515.jpg,167.0,373.0,696.0,1059.0,0.0,0.0,1.0,0.0,0.0,0.0,1024.0,1273.0,0.2783885874901807,Male,White,True,Male_White,10.0
7599,35--Basketball/35_Basketball_Basketball_35_391.jpg,289.0,223.0,328.0,274.0,1.0,0.0,0.0,0.0,0.0,0.0,1024.0,768.0,0.0025291442871093,Male,White,True,Male_White,0.0
7600,35--Basketball/35_Basketball_Basketball_35_391.jpg,433.0,214.0,469.0,266.0,1.0,0.0,0.0,0.0,0.0,0.0,1024.0,768.0,0.00238037109375,Male,White,True,Male_White,0.0
7601,35--Basketball/35_Basketball_Basketball_35_391.jpg,549.0,241.0,590.0,297.0,1.0,0.0,0.0,0.0,0.0,0.0,1024.0,768.0,0.0029195149739583,Male,White,True,Male_White,0.0
7602,35--Basketball/35_Basketball_Basketball_35_391.jpg,631.0,226.0,672.0,277.0,1.0,0.0,0.0,0.0,0.0,0.0,1024.0,768.0,0.0026588439941406,Male,White,True,Male_White,0.0
7603,35--Basketball/35_Basketball_Basketball_35_391.jpg,748.0,237.0,790.0,292.0,1.0,0.0,0.0,0.0,0.0,0.0,1024.0,768.0,0.0029373168945312,Male,White,True,Male_White,0.0
7604,35--Basketball/35_Basketball_Basketball_35_391.jpg,717.0,450.0,764.0,510.0,1.0,0.0,0.0,0.0,0.0,0.0,1024.0,768.0,0.0035858154296875,Male,White,True,Male_White,0.0
7605,35--Basketball/35_Basketball_Basketball_35_391.jpg,591.0,440.0,637.0,504.0,1.0,0.0,0.0,0.0,0.0,0.0,1024.0,768.0,0.0037434895833333,Male,White,True,Male_White,0.0
7606,35--Basketball/35_Basketball_Basketball_35_391.jpg,482.0,399.0,524.0,456.0,1.0,0.0,0.0,0.0,0.0,0.0,1024.0,768.0,0.0030441284179687,Male,White,True,Male_White,0.0
7607,35--Basketball/35_Basketball_Basketball_35_391.jpg,338.0,424.0,381.0,485.0,1.0,0.0,0.0,0.0,0.0,0.0,1024.0,768.0,0.0033353169759114,Male,White,True,Male_White,0.0
7608,35--Basketball/35_Basketball_Basketball_35_391.jpg,185.0,412.0,223.0,464.0,1.0,0.0,0.0,0.0,0.0,0.0,1024.0,768.0,0.0025126139322916,Male,White,True,Male_White,0.0
7616,35--Basketball/35_Basketball_basketballgame_ball_35_237.jpg,630.0,134.0,720.0,248.0,0.0,0.0,0.0,0.0,0.0,0.0,1024.0,731.0,0.0137066090971272,Male,White,True,Male_White,0.0
7632,35--Basketball/35_Basketball_Basketball_35_280.jpg,117.0,143.0,151.0,192.0,1.0,0.0,0.0,0.0,0.0,0.0,1024.0,683.0,0.0023820689970717,Male,Black,True,Male_Black,0.0
7633,35--Basketball/35_Basketball_Basketball_35_280.jpg,240.0,147.0,278.0,197.0,1.0,0.0,0.0,0.0,0.0,0.0,1024.0,683.0,0.0027166453147877,Male,White,True,Male_White,0.0
7634,35--Basketball/35_Basketball_Basketball_35_280.jpg,355.0,165.0,392.0,213.0,1.0,0.0,0.0,0.0,0.0,0.0,1024.0,683.0,0.0025393484626647,Male,Black,True,Male_Black,0.0
7635,35--Basketball/35_Basketball_Basketball_35_280.jpg,458.0,157.0,494.0,205.0,1.0,0.0,0.0,0.0,0.0,0.0,1024.0,683.0,0.0024707174231332,Male,Black,True,Male_Black,0.0
7636,35--Basketball/35_Basketball_Basketball_35_280.jpg,518.0,137.0,551.0,184.0,1.0,0.0,0.0,0.0,0.0,0.0,1024.0,683.0,0.0022176404648609,Male,Black,True,Male_Black,0.0
7637,35--Basketball/35_Basketball_Basketball_35_280.jpg,627.0,135.0,660.0,184.0,1.0,0.0,0.0,0.0,0.0,0.0,1024.0,683.0,0.0023120081442166,Male,Black,True,Male_Black,0.0
7638,35--Basketball/35_Basketball_Basketball_35_280.jpg,737.0,143.0,772.0,191.0,1.0,0.0,0.0,0.0,0.0,0.0,1024.0,683.0,0.0024020863836017,Male,Black,True,Male_Black,0.0
7639,35--Basketball/35_Basketball_Basketball_35_280.jpg,853.0,155.0,890.0,201.0,1.0,0.0,0.0,0.0,0.0,0.0,1024.0,683.0,0.0024335422767203,Male,Black,True,Male_Black,0.0
7640,35--Basketball/35_Basketball_Basketball_35_280.jpg,169.0,278.0,208.0,337.0,1.0,0.0,0.0,0.0,0.0,0.0,1024.0,683.0,0.0032900004575402,Male,Black,True,Male_Black,0.0
7641,35--Basketball/35_Basketball_Basketball_35_280.jpg,327.0,281.0,370.0,340.0,1.0,0.0,0.0,0.0,0.0,0.0,1024.0,683.0,0.0036274364019033,Male,Black,True,Male_Black,0.0
7642,35--Basketball/35_Basketball_Basketball_35_280.jpg,496.0,292.0,539.0,351.0,1.0,0.0,0.0,0.0,0.0,0.0,1024.0,683.0,0.0036274364019033,Male,Black,True,Male_Black,0.0
7643,35--Basketball/35_Basketball_Basketball_35_280.jpg,651.0,274.0,691.0,331.0,1.0,0.0,0.0,0.0,0.0,0.0,1024.0,683.0,0.0032599743777452,Male,Black,True,Male_Black,0.0
7644,35--Basketball/35_Basketball_Basketball_35_280.jpg,832.0,283.0,873.0,345.0,1.0,0.0,0.0,0.0,0.0,0.0,1024.0,683.0,0.0036345854685212,Male,Black,True,Male_Black,0.0
7645,35--Basketball/35_Basketball_Basketball_35_746.jpg,790.0,14.0,844.0,98.0,0.0,0.0,1.0,0.0,0.0,0.0,1024.0,768.0,0.005767822265625,Male,Black,True,Male_Black,0.0
7646,35--Basketball/35_Basketball_basketballgame_ball_35_213.jpg,253.0,364.0,348.0,425.0,1.0,0.0,0.0,0.0,0.0,1.0,1024.0,1536.0,0.0036843617757161,Male,White,True,Male_White,0.0
7647,35--Basketball/35_Basketball_basketballgame_ball_35_213.jpg,582.0,389.0,663.0,488.0,0.0,0.0,0.0,0.0,1.0,0.0,1024.0,1536.0,0.0050983428955078,Male,White,True,Male_White,0.0
7648,35--Basketball/35_Basketball_basketballgame_ball_35_213.jpg,792.0,536.0,860.0,592.0,1.0,1.0,0.0,0.0,0.0,1.0,1024.0,1536.0,0.0024210611979166,Male,White,True,Male_White,0.0
7649,35--Basketball/35_Basketball_playingbasketball_35_369.jpg,408.0,104.0,474.0,202.0,1.0,0.0,0.0,0.0,0.0,0.0,1024.0,768.0,0.0082244873046875,Male,White,True,Male_White,0.0
7652,35--Basketball/35_Basketball_Basketball_35_285.jpg,568.0,495.0,735.0,732.0,0.0,0.0,0.0,0.0,0.0,0.0,1024.0,1555.0,0.0248561846864951,Male,White,True,Male_White,0.0
7655,35--Basketball/35_Basketball_playingbasketball_35_324.jpg,589.0,775.0,755.0,887.0,1.0,0.0,1.0,0.0,0.0,1.0,1024.0,2121.0,0.0085602310231023,Male,White,True,Male_White,0.0
7663,35--Basketball/35_Basketball_basketballgame_ball_35_1045.jpg,216.0,72.0,300.0,196.0,0.0,0.0,0.0,0.0,0.0,0.0,1024.0,576.0,0.0176595052083333,Male,White,True,Male_White,0.0
7664,35--Basketball/35_Basketball_basketballgame_ball_35_1045.jpg,560.0,106.0,630.0,214.0,0.0,0.0,0.0,0.0,0.0,0.0,1024.0,576.0,0.0128173828125,Male,White,True,Male_White,0.0
7665,35--Basketball/35_Basketball_basketballgame_ball_35_1045.jpg,730.0,80.0,828.0,190.0,0.0,0.0,0.0,0.0,0.0,0.0,1024.0,576.0,0.0182766384548611,Male,White,True,Male_White,0.0
7676,35--Basketball/35_Basketball_basketballgame_ball_35_297.jpg,466.0,78.0,640.0,312.0,0.0,0.0,1.0,0.0,0.0,0.0,1024.0,854.0,0.0465593896370023,Male,Black,True,Male_Black,1.0
7681,35--Basketball/35_Basketball_Basketball_35_69.jpg,490.0,379.0,643.0,542.0,0.0,0.0,0.0,0.0,0.0,1.0,1024.0,1349.0,0.0180537377223869,Male,Black,True,Male_Black,0.0
7683,35--Basketball/35_Basketball_playingbasketball_35_189.jpg,374.0,178.0,508.0,354.0,0.0,0.0,0.0,0.0,0.0,0.0,1024.0,754.0,0.030545424403183,Male,White,True,Male_White,1.0
7684,35--Basketball/35_Basketball_playingbasketball_35_336.jpg,402.0,47.0,574.0,316.0,0.0,0.0,1.0,0.0,0.0,0.0,1024.0,1518.0,0.0297652132740447,Male,Black,True,Male_Black,1.0
7693,35--Basketball/35_Basketball_playingbasketball_35_75.jpg,444.0,201.0,648.0,456.0,0.0,0.0,0.0,0.0,0.0,0.0,1024.0,1536.0,0.0330734252929687,Male,White,True,Male_White,1.0
7695,35--Basketball/35_Basketball_basketballgame_ball_35_964.jpg,400.0,34.0,542.0,258.0,0.0,1.0,0.0,0.0,0.0,0.0,1024.0,1024.0,0.03033447265625,Male,Black,True,Male_Black,1.0
7698,35--Basketball/35_Basketball_playingbasketball_35_278.jpg,588.0,384.0,680.0,478.0,0.0,0.0,0.0,0.0,0.0,1.0,1024.0,681.0,0.0124013399412628,Male,White,True,Male_White,0.0
7699,35--Basketball/35_Basketball_playingbasketball_35_278.jpg,862.0,536.0,934.0,632.0,0.0,0.0,0.0,0.0,0.0,0.0,1024.0,681.0,0.0099118942731277,Male,White,True,Male_White,0.0
7700,35--Basketball/35_Basketball_playingbasketball_35_278.jpg,326.0,518.0,414.0,636.0,0.0,0.0,0.0,0.0,0.0,0.0,1024.0,681.0,0.0148907856093979,Male,White,True,Male_White,0.0
7708,35--Basketball/35_Basketball_basketballgame_ball_35_586.jpg,212.0,86.0,270.0,144.0,0.0,0.0,0.0,0.0,0.0,0.0,1024.0,709.0,0.0046335066995768,Male,White,True,Male_White,0.0
7709,35--Basketball/35_Basketball_basketballgame_ball_35_586.jpg,382.0,22.0,440.0,98.0,0.0,0.0,1.0,0.0,0.0,0.0,1024.0,709.0,0.0060714915373765,Male,White,True,Male_White,0.0
7710,35--Basketball/35_Basketball_basketballgame_ball_35_586.jpg,556.0,50.0,614.0,128.0,0.0,0.0,1.0,0.0,0.0,0.0,1024.0,709.0,0.0062312676304654,Male,White,True,Male_White,0.0
7711,35--Basketball/35_Basketball_basketballgame_ball_35_586.jpg,760.0,28.0,814.0,102.0,1.0,0.0,1.0,0.0,0.0,0.0,1024.0,709.0,0.0055040109308885,Male,White,True,Male_White,0.0
7712,35--Basketball/35_Basketball_playingbasketball_35_396.jpg,348.0,228.0,450.0,345.0,0.0,0.0,0.0,0.0,0.0,0.0,1024.0,1536.0,0.0075874328613281,Male,White,True,Male_White,0.0
7713,35--Basketball/35_Basketball_basketballgame_ball_35_983.jpg,478.0,76.0,620.0,266.0,0.0,0.0,0.0,0.0,0.0,0.0,1024.0,576.0,0.0457424587673611,Male,White,True,Male_White,1.0
7714,35--Basketball/35_Basketball_playingbasketball_35_899.jpg,883.0,173.0,945.0,249.0,0.0,0.0,0.0,0.0,0.0,0.0,1024.0,712.0,0.0064628686797752,Male,Black,True,Male_Black,0.0
7715,35--Basketball/35_Basketball_playingbasketball_35_899.jpg,770.0,105.0,830.0,179.0,0.0,0.0,0.0,0.0,0.0,0.0,1024.0,712.0,0.0060897998595505,Male,White,True,Male_White,0.0
7716,35--Basketball/35_Basketball_playingbasketball_35_899.jpg,699.0,100.0,753.0,174.0,0.0,1.0,0.0,0.0,0.0,0.0,1024.0,712.0,0.0054808198735955,Male,White,True,Male_White,0.0
7717,35--Basketball/35_Basketball_playingbasketball_35_899.jpg,745.0,251.0,804.0,319.0,0.0,0.0,0.0,0.0,0.0,0.0,1024.0,712.0,0.0055027650983146,Male,White,True,Male_White,0.0
7718,35--Basketball/35_Basketball_playingbasketball_35_899.jpg,548.0,148.0,604.0,216.0,0.0,0.0,0.0,0.0,0.0,0.0,1024.0,712.0,0.005222963483146,Male,White,True,Male_White,0.0
7719,35--Basketball/35_Basketball_playingbasketball_35_899.jpg,618.0,90.0,672.0,154.0,0.0,0.0,0.0,0.0,0.0,0.0,1024.0,712.0,0.0047401685393258,Male,White,True,Male_White,0.0
7720,35--Basketball/35_Basketball_playingbasketball_35_899.jpg,526.0,47.0,582.0,116.0,0.0,0.0,0.0,0.0,0.0,0.0,1024.0,712.0,0.0052997717696629,Male,White,True,Male_White,0.0
7721,35--Basketball/35_Basketball_playingbasketball_35_899.jpg,402.0,65.0,459.0,134.0,0.0,0.0,0.0,0.0,0.0,0.0,1024.0,712.0,0.005394410551264,Male,White,True,Male_White,0.0
7722,35--Basketball/35_Basketball_playingbasketball_35_899.jpg,419.0,156.0,477.0,238.0,0.0,0.0,0.0,0.0,0.0,0.0,1024.0,712.0,0.0065232180477528,Male,White,True,Male_White,0.0
7723,35--Basketball/35_Basketball_playingbasketball_35_899.jpg,262.0,135.0,319.0,205.0,0.0,0.0,0.0,0.0,0.0,0.0,1024.0,712.0,0.0054725904143258,Male,White,True,Male_White,0.0
7724,35--Basketball/35_Basketball_playingbasketball_35_899.jpg,180.0,80.0,234.0,147.0,0.0,0.0,0.0,0.0,0.0,0.0,1024.0,712.0,0.0049623639396067,Male,White,True,Male_White,0.0
7725,35--Basketball/35_Basketball_playingbasketball_35_899.jpg,89.0,102.0,153.0,184.0,0.0,0.0,0.0,0.0,0.0,0.0,1024.0,712.0,0.0071980337078651,Male,White,True,Male_White,0.0
7726,35--Basketball/35_Basketball_playingbasketball_35_899.jpg,360.0,360.0,434.0,452.0,0.0,0.0,1.0,0.0,0.0,0.0,1024.0,712.0,0.0093376931179775,Male,White,True,Male_White,0.0
7727,35--Basketball/35_Basketball_playingbasketball_35_899.jpg,535.0,379.0,598.0,453.0,0.0,0.0,1.0,0.0,0.0,0.0,1024.0,712.0,0.006394289852528,Male,White,True,Male_White,0.0
7728,35--Basketball/35_Basketball_playingbasketball_35_899.jpg,595.0,462.0,661.0,542.0,0.0,0.0,1.0,0.0,0.0,0.0,1024.0,712.0,0.0072419241573033,Male,White,True,Male_White,0.0
7729,35--Basketball/35_Basketball_playingbasketball_35_899.jpg,699.0,355.0,758.0,424.0,0.0,0.0,0.0,0.0,0.0,0.0,1024.0,712.0,0.0055836881144662,Male,White,True,Male_White,0.0
7730,35--Basketball/35_Basketball_playingbasketball_35_899.jpg,805.0,394.0,866.0,475.0,0.0,0.0,1.0,0.0,0.0,0.0,1024.0,712.0,0.0067769597085674,Male,White,True,Male_White,0.0
7734,35--Basketball/35_Basketball_playingbasketball_35_613.jpg,300.0,172.0,352.0,208.0,1.0,0.0,0.0,0.0,1.0,1.0,1024.0,683.0,0.0026766105417276,Male,White,True,Male_White,0.0
7744,35--Basketball/35_Basketball_Basketball_35_821.jpg,306.0,156.0,378.0,270.0,0.0,0.0,0.0,0.0,0.0,0.0,1024.0,820.0,0.0097751524390243,Male,White,True,Male_White,0.0
7746,35--Basketball/35_Basketball_basketballgame_ball_35_806.jpg,214.0,457.0,311.0,520.0,1.0,0.0,0.0,0.0,0.0,1.0,1024.0,1536.0,0.003885269165039,Male,Black,True,Male_Black,0.0
7747,35--Basketball/35_Basketball_basketballgame_ball_35_806.jpg,512.0,501.0,574.0,585.0,1.0,0.0,0.0,0.0,1.0,0.0,1024.0,1536.0,0.0033111572265625,Male,White,True,Male_White,0.0
7748,35--Basketball/35_Basketball_basketballgame_ball_35_806.jpg,708.0,580.0,762.0,636.0,1.0,0.0,0.0,0.0,0.0,1.0,1024.0,1536.0,0.001922607421875,Male,White,True,Male_White,0.0
7749,35--Basketball/35_Basketball_Basketball_35_525.jpg,449.0,176.0,532.0,276.0,0.0,0.0,0.0,0.0,0.0,0.0,1024.0,640.0,0.012664794921875,Male,White,True,Male_White,0.0
7750,35--Basketball/35_Basketball_Basketball_35_525.jpg,570.0,161.0,644.0,273.0,0.0,0.0,0.0,0.0,0.0,0.0,1024.0,640.0,0.012646484375,Male,White,True,Male_White,0.0
7751,35--Basketball/35_Basketball_Basketball_35_525.jpg,705.0,176.0,759.0,270.0,0.0,0.0,0.0,0.0,0.0,0.0,1024.0,640.0,0.007745361328125,Male,Black,True,Male_Black,0.0
7752,35--Basketball/35_Basketball_Basketball_35_525.jpg,791.0,203.0,839.0,274.0,0.0,0.0,0.0,0.0,0.0,0.0,1024.0,640.0,0.0052001953125,Male,White,True,Male_White,0.0
7753,35--Basketball/35_Basketball_Basketball_35_525.jpg,879.0,245.0,913.0,299.0,0.0,0.0,0.0,0.0,0.0,0.0,1024.0,640.0,0.002801513671875,Male,White,True,Male_White,0.0
7754,35--Basketball/35_Basketball_Basketball_35_525.jpg,281.0,163.0,354.0,271.0,0.0,0.0,0.0,0.0,0.0,0.0,1024.0,640.0,0.012030029296875,Male,White,True,Male_White,0.0
7755,35--Basketball/35_Basketball_Basketball_35_525.jpg,192.0,197.0,251.0,267.0,0.0,0.0,0.0,0.0,0.0,0.0,1024.0,640.0,0.0063018798828125,Male,White,True,Male_White,0.0
7756,35--Basketball/35_Basketball_Basketball_35_525.jpg,118.0,230.0,156.0,282.0,0.0,0.0,0.0,0.0,0.0,0.0,1024.0,640.0,0.00301513671875,Male,Black,True,Male_Black,0.0
7760,35--Basketball/35_Basketball_playingbasketball_35_520.jpg,746.0,108.0,824.0,238.0,0.0,1.0,0.0,0.0,0.0,0.0,1024.0,683.0,0.0144983071010248,Male,Black,True,Male_Black,0.0
7762,35--Basketball/35_Basketball_playingbasketball_35_415.jpg,534.0,1073.0,821.0,1206.0,0.0,0.0,1.0,0.0,0.0,1.0,1024.0,1579.0,0.0236075789661177,Male,White,True,Male_White,0.0
7763,35--Basketball/35_Basketball_playingbasketball_35_676.jpg,500.0,50.0,834.0,460.0,0.0,0.0,0.0,0.0,0.0,0.0,1024.0,768.0,0.1741282145182291,Male,White,True,Male_White,6.0
7769,35--Basketball/35_Basketball_playingbasketball_35_24.jpg,418.0,116.0,496.0,230.0,0.0,0.0,0.0,0.0,0.0,0.0,1024.0,754.0,0.0115167025862068,Male,White,True,Male_White,0.0
7771,35--Basketball/35_Basketball_basketballgame_ball_35_539.jpg,628.0,66.0,722.0,194.0,0.0,0.0,0.0,0.0,0.0,0.0,1024.0,695.0,0.0169064748201438,Male,White,True,Male_White,0.0
7775,35--Basketball/35_Basketball_playingbasketball_35_131.jpg,177.0,513.0,394.0,795.0,0.0,0.0,0.0,0.0,0.0,0.0,1024.0,1392.0,0.0429308661099137,Male,White,True,Male_White,1.0
7782,35--Basketball/35_Basketball_playingbasketball_35_42.jpg,443.0,464.0,511.0,537.0,0.0,1.0,0.0,0.0,0.0,1.0,1024.0,1392.0,0.0034825116738505,Male,Black,True,Male_Black,0.0
7783,35--Basketball/35_Basketball_playingbasketball_35_391.jpg,730.0,12.0,773.0,67.0,1.0,0.0,0.0,0.0,0.0,0.0,1024.0,698.0,0.003308839989255,Male,White,True,Male_White,0.0
7784,35--Basketball/35_Basketball_playingbasketball_35_391.jpg,410.0,123.0,476.0,173.0,1.0,0.0,0.0,0.0,0.0,1.0,1024.0,698.0,0.0046169860315186,Male,White,True,Male_White,0.0
7785,35--Basketball/35_Basketball_playingbasketball_35_391.jpg,410.0,301.0,465.0,334.0,1.0,0.0,0.0,0.0,1.0,1.0,1024.0,698.0,0.0025393423173352,Male,White,True,Male_White,0.0
7790,35--Basketball/35_Basketball_Basketball_35_381.jpg,443.0,40.0,494.0,112.0,0.0,0.0,1.0,0.0,0.0,0.0,1024.0,576.0,0.0062255859375,Male,Black,True,Male_Black,0.0
7807,35--Basketball/35_Basketball_playingbasketball_35_32.jpg,312.0,524.0,369.0,595.0,0.0,0.0,1.0,0.0,0.0,0.0,1024.0,1392.0,0.0028391870959051,Male,Black,True,Male_Black,0.0
7808,35--Basketball/35_Basketball_playingbasketball_35_54.jpg,405.0,435.0,516.0,531.0,0.0,1.0,0.0,0.0,0.0,1.0,1024.0,1540.0,0.0067573051948051,Male,Asian,True,Male_Asian,0.0
7813,35--Basketball/35_Basketball_basketballgame_ball_35_1046.jpg,300.0,53.0,405.0,205.0,0.0,0.0,0.0,0.0,0.0,0.0,1024.0,1038.0,0.0150153540462427,Male,White,True,Male_White,0.0
7814,35--Basketball/35_Basketball_basketballgame_ball_35_1046.jpg,389.0,61.0,494.0,217.0,0.0,0.0,0.0,0.0,1.0,0.0,1024.0,1038.0,0.0154104949421965,Male,Black,True,Male_Black,0.0
7815,35--Basketball/35_Basketball_basketballgame_ball_35_1046.jpg,576.0,87.0,690.0,257.0,0.0,0.0,0.0,0.0,0.0,0.0,1024.0,1038.0,0.0182329299132948,Male,White,True,Male_White,0.0
7816,35--Basketball/35_Basketball_playingbasketball_35_141.jpg,406.0,573.0,541.0,740.0,0.0,0.0,0.0,0.0,0.0,1.0,1024.0,1360.0,0.0161886776194852,Male,White,True,Male_White,0.0
7817,35--Basketball/35_Basketball_playingbasketball_35_533.jpg,376.0,24.0,542.0,286.0,0.0,1.0,0.0,0.0,0.0,0.0,1024.0,693.0,0.0612881042568542,Male,Black,True,Male_Black,2.0
7818,35--Basketball/35_Basketball_playingbasketball_35_103.jpg,375.0,481.0,505.0,668.0,0.0,0.0,0.0,0.0,0.0,0.0,1024.0,1392.0,0.0170547660739942,Male,White,True,Male_White,0.0
7819,35--Basketball/35_Basketball_Basketball_35_163.jpg,229.0,555.0,314.0,645.0,0.0,0.0,0.0,0.0,0.0,1.0,1024.0,1358.0,0.0055012541421207,Male,White,True,Male_White,0.0
7820,35--Basketball/35_Basketball_Basketball_35_163.jpg,742.0,635.0,791.0,705.0,0.0,0.0,0.0,0.0,0.0,0.0,1024.0,1358.0,0.0024665753865979,Male,White,True,Male_White,0.0
7821,35--Basketball/35_Basketball_Basketball_35_163.jpg,568.0,248.0,669.0,354.0,0.0,0.0,0.0,0.0,0.0,1.0,1024.0,1358.0,0.007698879326215,Male,Black,True,Male_Black,0.0
7826,35--Basketball/35_Basketball_basketballgame_ball_35_621.jpg,248.0,60.0,390.0,226.0,0.0,1.0,0.0,0.0,0.0,1.0,1024.0,660.0,0.0348780776515151,Male,Black,True,Male_Black,1.0
7827,35--Basketball/35_Basketball_basketballgame_ball_35_621.jpg,770.0,58.0,902.0,250.0,0.0,0.0,0.0,0.0,0.0,0.0,1024.0,660.0,0.0375,Male,White,True,Male_White,1.0
7828,35--Basketball/35_Basketball_basketballgame_ball_35_621.jpg,608.0,8.0,768.0,118.0,0.0,0.0,0.0,0.0,0.0,1.0,1024.0,660.0,0.0260416666666666,Male,White,True,Male_White,0.0
7829,35--Basketball/35_Basketball_playingbasketball_35_767.jpg,286.0,134.0,356.0,208.0,0.0,0.0,0.0,0.0,0.0,1.0,1024.0,680.0,0.0074391084558823,Male,White,True,Male_White,0.0
7830,35--Basketball/35_Basketball_playingbasketball_35_767.jpg,204.0,406.0,274.0,482.0,0.0,0.0,0.0,0.0,0.0,1.0,1024.0,680.0,0.0076401654411764,Male,White,True,Male_White,0.0
7831,35--Basketball/35_Basketball_playingbasketball_35_767.jpg,736.0,188.0,814.0,272.0,0.0,0.0,0.0,0.0,1.0,1.0,1024.0,680.0,0.0094094669117647,Male,White,True,Male_White,0.0
7851,35--Basketball/35_Basketball_basketballgame_ball_35_356.jpg,388.0,75.0,679.0,435.0,0.0,0.0,0.0,0.0,0.0,0.0,1024.0,1272.0,0.0804282134433962,Male,White,True,Male_White,2.0
7855,35--Basketball/35_Basketball_Basketball_35_73.jpg,470.0,10.0,594.0,150.0,0.0,0.0,0.0,0.0,0.0,0.0,1024.0,827.0,0.0204995465538089,Male,White,True,Male_White,0.0
7856,35--Basketball/35_Basketball_playingbasketball_35_334.jpg,330.0,50.0,464.0,244.0,0.0,0.0,0.0,0.0,0.0,0.0,1024.0,714.0,0.0355556285014005,Male,White,True,Male_White,1.0
7857,35--Basketball/35_Basketball_playingbasketball_35_334.jpg,500.0,70.0,630.0,248.0,0.0,0.0,1.0,0.0,0.0,0.0,1024.0,714.0,0.0316493785014005,Male,White,True,Male_White,1.0
7858,35--Basketball/35_Basketball_playingbasketball_35_334.jpg,672.0,56.0,804.0,238.0,0.0,0.0,0.0,0.0,0.0,0.0,1024.0,714.0,0.0328584558823529,Male,White,True,Male_White,1.0
7859,35--Basketball/35_Basketball_Basketball_35_188.jpg,85.0,37.0,135.0,108.0,1.0,0.0,0.0,0.0,0.0,0.0,1024.0,727.0,0.0047686339408528,Male,Indian,True,Male_Indian,0.0
7860,35--Basketball/35_Basketball_Basketball_35_188.jpg,204.0,64.0,255.0,127.0,1.0,0.0,0.0,0.0,0.0,0.0,1024.0,727.0,0.0043159495357634,Male,Indian,True,Male_Indian,0.0
7861,35--Basketball/35_Basketball_Basketball_35_188.jpg,339.0,104.0,378.0,162.0,1.0,0.0,0.0,0.0,0.0,0.0,1024.0,727.0,0.0030384929504814,Male,Indian,True,Male_Indian,0.0
7862,35--Basketball/35_Basketball_Basketball_35_188.jpg,443.0,107.0,486.0,171.0,1.0,0.0,0.0,0.0,0.0,0.0,1024.0,727.0,0.0036966987620357,Male,Indian,True,Male_Indian,0.0
7863,35--Basketball/35_Basketball_Basketball_35_188.jpg,568.0,81.0,615.0,146.0,1.0,0.0,0.0,0.0,0.0,0.0,1024.0,727.0,0.0041037117434663,Male,Indian,True,Male_Indian,0.0
7864,35--Basketball/35_Basketball_Basketball_35_188.jpg,739.0,39.0,788.0,107.0,1.0,0.0,0.0,0.0,0.0,0.0,1024.0,727.0,0.0044757995185694,Male,Indian,True,Male_Indian,0.0
7865,35--Basketball/35_Basketball_Basketball_35_188.jpg,873.0,19.0,925.0,91.0,1.0,0.0,0.0,0.0,0.0,0.0,1024.0,727.0,0.0050292297111416,Male,Indian,True,Male_Indian,0.0
7866,35--Basketball/35_Basketball_Basketball_35_188.jpg,353.0,350.0,405.0,418.0,1.0,0.0,0.0,0.0,0.0,0.0,1024.0,727.0,0.0047498280605226,Male,Indian,True,Male_Indian,0.0
7867,35--Basketball/35_Basketball_Basketball_35_188.jpg,598.0,343.0,649.0,407.0,1.0,0.0,0.0,0.0,0.0,0.0,1024.0,727.0,0.0043844566712517,Male,Indian,True,Male_Indian,0.0
7873,35--Basketball/35_Basketball_basketballgame_ball_35_573.jpg,638.0,98.0,752.0,224.0,0.0,0.0,0.0,0.0,0.0,1.0,1024.0,577.0,0.0243108210571923,Male,Black,True,Male_Black,0.0
7874,35--Basketball/35_Basketball_basketballgame_ball_35_918.jpg,427.0,85.0,622.0,327.0,0.0,0.0,0.0,0.0,0.0,0.0,1024.0,1280.0,0.0360031127929687,Male,White,True,Male_White,1.0
7878,35--Basketball/35_Basketball_playingbasketball_35_203.jpg,387.0,459.0,478.0,533.0,0.0,0.0,0.0,0.0,0.0,1.0,1024.0,1392.0,0.004724261404454,Male,White,True,Male_White,0.0
7883,35--Basketball/35_Basketball_basketballgame_ball_35_810.jpg,572.0,198.0,648.0,276.0,1.0,0.0,0.0,0.0,0.0,1.0,1024.0,683.0,0.0084759333821376,Male,White,True,Male_White,0.0
7884,35--Basketball/35_Basketball_basketballgame_ball_35_810.jpg,847.0,449.0,919.0,530.0,1.0,0.0,0.0,0.0,0.0,1.0,1024.0,683.0,0.0083386713030746,Male,White,True,Male_White,0.0
7885,35--Basketball/35_Basketball_basketballgame_ball_35_810.jpg,17.0,607.0,64.0,670.0,1.0,0.0,0.0,0.0,0.0,0.0,1024.0,683.0,0.004233677251098,Male,White,True,Male_White,0.0
7914,35--Basketball/35_Basketball_Basketball_35_560.jpg,146.0,12.0,308.0,240.0,0.0,0.0,0.0,0.0,0.0,0.0,1024.0,768.0,0.046966552734375,Male,White,True,Male_White,1.0
7915,35--Basketball/35_Basketball_Basketball_35_560.jpg,422.0,18.0,572.0,244.0,0.0,0.0,0.0,0.0,0.0,0.0,1024.0,768.0,0.0431060791015625,Male,White,True,Male_White,1.0
7916,35--Basketball/35_Basketball_Basketball_35_560.jpg,778.0,22.0,950.0,248.0,0.0,0.0,0.0,0.0,0.0,0.0,1024.0,768.0,0.0494283040364583,Male,White,True,Male_White,1.0
7917,35--Basketball/35_Basketball_Basketball_35_560.jpg,668.0,252.0,742.0,354.0,0.0,0.0,0.0,0.0,0.0,0.0,1024.0,768.0,0.0095977783203125,Male,White,True,Male_White,0.0
7918,35--Basketball/35_Basketball_Basketball_35_560.jpg,168.0,326.0,250.0,430.0,0.0,0.0,0.0,0.0,0.0,0.0,1024.0,768.0,0.0108439127604166,Male,White,True,Male_White,0.0
7919,35--Basketball/35_Basketball_playingbasketball_35_106.jpg,722.0,4.0,790.0,96.0,0.0,0.0,0.0,0.0,0.0,0.0,1024.0,754.0,0.0081026193633952,Male,White,True,Male_White,0.0
7920,35--Basketball/35_Basketball_playingbasketball_35_34.jpg,407.0,177.0,548.0,356.0,0.0,0.0,0.0,0.0,0.0,0.0,1024.0,1392.0,0.017706509294181,Male,White,True,Male_White,0.0
7930,35--Basketball/35_Basketball_basketballgame_ball_35_265.jpg,299.0,189.0,334.0,236.0,0.0,0.0,0.0,0.0,0.0,0.0,1024.0,798.0,0.002013089364035,Male,White,True,Male_White,0.0
7931,35--Basketball/35_Basketball_basketballgame_ball_35_265.jpg,402.0,205.0,435.0,252.0,0.0,0.0,0.0,0.0,0.0,0.0,1024.0,798.0,0.0018980556860902,Male,White,True,Male_White,0.0
7932,35--Basketball/35_Basketball_basketballgame_ball_35_265.jpg,408.0,310.0,443.0,360.0,0.0,0.0,0.0,0.0,0.0,0.0,1024.0,798.0,0.0021415844298245,Male,White,True,Male_White,0.0
7933,35--Basketball/35_Basketball_basketballgame_ball_35_265.jpg,312.0,307.0,347.0,355.0,0.0,0.0,0.0,0.0,0.0,0.0,1024.0,798.0,0.0020559210526315,Male,White,True,Male_White,0.0
7934,35--Basketball/35_Basketball_basketballgame_ball_35_265.jpg,204.0,292.0,240.0,340.0,0.0,0.0,0.0,0.0,0.0,0.0,1024.0,798.0,0.0021146616541353,Male,White,True,Male_White,0.0
7935,35--Basketball/35_Basketball_basketballgame_ball_35_265.jpg,266.0,478.0,302.0,531.0,0.0,0.0,0.0,0.0,0.0,0.0,1024.0,798.0,0.0023349389097744,Male,White,True,Male_White,0.0
7936,35--Basketball/35_Basketball_basketballgame_ball_35_265.jpg,495.0,461.0,531.0,511.0,0.0,0.0,0.0,0.0,0.0,0.0,1024.0,798.0,0.0022027725563909,Male,White,True,Male_White,0.0
7937,35--Basketball/35_Basketball_basketballgame_ball_35_265.jpg,530.0,210.0,564.0,257.0,0.0,0.0,0.0,0.0,0.0,0.0,1024.0,798.0,0.0019555725250626,Male,White,True,Male_White,0.0
7938,35--Basketball/35_Basketball_basketballgame_ball_35_265.jpg,550.0,290.0,584.0,337.0,0.0,0.0,0.0,0.0,0.0,0.0,1024.0,798.0,0.0019555725250626,Male,White,True,Male_White,0.0
7939,35--Basketball/35_Basketball_basketballgame_ball_35_265.jpg,626.0,303.0,660.0,346.0,0.0,0.0,0.0,0.0,0.0,0.0,1024.0,798.0,0.001789140820802,Male,White,True,Male_White,0.0
7940,35--Basketball/35_Basketball_basketballgame_ball_35_265.jpg,718.0,308.0,753.0,355.0,0.0,0.0,0.0,0.0,0.0,0.0,1024.0,798.0,0.002013089364035,Male,White,True,Male_White,0.0
7941,35--Basketball/35_Basketball_basketballgame_ball_35_265.jpg,798.0,219.0,835.0,273.0,0.0,0.0,0.0,0.0,0.0,0.0,1024.0,798.0,0.0024450775375939,Male,White,True,Male_White,0.0
7942,35--Basketball/35_Basketball_basketballgame_ball_35_265.jpg,717.0,469.0,752.0,522.0,0.0,0.0,0.0,0.0,0.0,0.0,1024.0,798.0,0.002270079495614,Male,White,True,Male_White,0.0
7947,35--Basketball/35_Basketball_playingbasketball_35_866.jpg,509.0,57.0,863.0,592.0,0.0,0.0,0.0,0.0,0.0,0.0,1024.0,1449.0,0.127640560300207,Male,Black,True,Male_Black,4.0
7963,35--Basketball/35_Basketball_playingbasketball_35_236.jpg,565.0,242.0,744.0,609.0,0.0,1.0,0.0,0.0,0.0,0.0,1024.0,1392.0,0.0460871553969109,Male,White,True,Male_White,1.0
7964,35--Basketball/35_Basketball_playingbasketball_35_514.jpg,535.0,456.0,655.0,567.0,0.0,0.0,0.0,0.0,0.0,0.0,1024.0,1536.0,0.0084686279296875,Male,White,True,Male_White,0.0
7981,35--Basketball/35_Basketball_Basketball_35_717.jpg,245.0,207.0,735.0,879.0,0.0,0.0,0.0,0.0,0.0,0.0,1024.0,1610.0,0.1997282608695652,Male,White,True,Male_White,7.0
8010,35--Basketball/35_Basketball_basketballgame_ball_35_223.jpg,428.0,110.0,622.0,374.0,0.0,1.0,0.0,0.0,0.0,0.0,1024.0,740.0,0.0675886824324324,Male,Black,True,Male_Black,2.0
8011,35--Basketball/35_Basketball_basketballgame_ball_35_223.jpg,16.0,8.0,196.0,226.0,0.0,0.0,0.0,0.0,1.0,0.0,1024.0,740.0,0.051784206081081,Male,Black,True,Male_Black,1.0
8012,35--Basketball/35_Basketball_basketballgame_ball_35_223.jpg,806.0,8.0,984.0,160.0,0.0,0.0,0.0,0.0,0.0,0.0,1024.0,740.0,0.0357052364864864,Male,Black,True,Male_Black,1.0
8013,35--Basketball/35_Basketball_playingbasketball_35_441.jpg,390.0,144.0,492.0,303.0,0.0,0.0,0.0,0.0,0.0,0.0,1024.0,1536.0,0.0103111267089843,Male,White,True,Male_White,0.0
8024,35--Basketball/35_Basketball_playingbasketball_35_587.jpg,402.0,292.0,548.0,488.0,0.0,0.0,0.0,0.0,0.0,0.0,1024.0,824.0,0.0339142141990291,Male,Black,True,Male_Black,1.0
8025,35--Basketball/35_Basketball_playingbasketball_35_587.jpg,848.0,238.0,990.0,454.0,0.0,0.0,0.0,0.0,0.0,0.0,1024.0,824.0,0.0363508798543689,Male,White,True,Male_White,1.0
8026,35--Basketball/35_Basketball_playingbasketball_35_587.jpg,52.0,312.0,204.0,508.0,0.0,0.0,0.0,0.0,1.0,0.0,1024.0,824.0,0.0353079490291262,Male,Black,True,Male_Black,1.0
8028,35--Basketball/35_Basketball_playingbasketball_35_510.jpg,460.0,164.0,534.0,272.0,0.0,0.0,0.0,0.0,1.0,0.0,1024.0,683.0,0.0114270680819912,Male,White,True,Male_White,0.0
8033,35--Basketball/35_Basketball_playingbasketball_35_53.jpg,251.0,508.0,330.0,620.0,0.0,0.0,1.0,0.0,0.0,0.0,1024.0,1397.0,0.0061851288475304,Male,White,True,Male_White,0.0
8050,35--Basketball/35_Basketball_basketballgame_ball_35_339.jpg,859.0,235.0,904.0,297.0,1.0,0.0,0.0,0.0,0.0,0.0,1024.0,832.0,0.0032747708834134,Male,White,True,Male_White,0.0
8051,35--Basketball/35_Basketball_basketballgame_ball_35_339.jpg,682.0,219.0,721.0,279.0,1.0,0.0,0.0,0.0,0.0,0.0,1024.0,832.0,0.00274658203125,Male,White,True,Male_White,0.0
8052,35--Basketball/35_Basketball_basketballgame_ball_35_339.jpg,567.0,230.0,609.0,285.0,1.0,0.0,0.0,0.0,0.0,0.0,1024.0,832.0,0.0027113694411057,Male,White,True,Male_White,0.0
8053,35--Basketball/35_Basketball_basketballgame_ball_35_339.jpg,140.0,268.0,183.0,331.0,1.0,0.0,0.0,0.0,0.0,0.0,1024.0,832.0,0.003179696890024,Male,White,True,Male_White,0.0
8054,35--Basketball/35_Basketball_basketballgame_ball_35_339.jpg,247.0,290.0,293.0,352.0,1.0,0.0,0.0,0.0,0.0,0.0,1024.0,832.0,0.0033475435697115,Male,White,True,Male_White,0.0
8055,35--Basketball/35_Basketball_basketballgame_ball_35_339.jpg,401.0,264.0,444.0,327.0,1.0,0.0,0.0,0.0,0.0,0.0,1024.0,832.0,0.003179696890024,Male,White,True,Male_White,0.0
8087,35--Basketball/35_Basketball_basketballgame_ball_35_336.jpg,472.0,84.0,558.0,198.0,0.0,0.0,0.0,0.0,0.0,0.0,1024.0,683.0,0.0140178898243045,Male,Black,True,Male_Black,0.0
8088,35--Basketball/35_Basketball_basketballgame_ball_35_336.jpg,680.0,124.0,736.0,190.0,0.0,0.0,1.0,0.0,1.0,0.0,1024.0,683.0,0.0052845900439238,Male,White,True,Male_White,0.0
8089,35--Basketball/35_Basketball_basketballgame_ball_35_336.jpg,312.0,146.0,390.0,260.0,0.0,0.0,0.0,0.0,0.0,0.0,1024.0,683.0,0.0127139000732064,Male,Black,True,Male_Black,0.0
8090,35--Basketball/35_Basketball_basketballgame_ball_35_336.jpg,924.0,44.0,1004.0,154.0,0.0,0.0,0.0,0.0,0.0,0.0,1024.0,683.0,0.0125823572474377,Male,Black,True,Male_Black,0.0
8094,35--Basketball/35_Basketball_basketballgame_ball_35_294.jpg,438.0,63.0,567.0,237.0,0.0,0.0,0.0,0.0,0.0,0.0,1024.0,1536.0,0.0142707824707031,Male,White,True,Male_White,0.0
8095,35--Basketball/35_Basketball_playingbasketball_35_43.jpg,360.0,104.0,482.0,266.0,0.0,0.0,0.0,0.0,0.0,0.0,1024.0,1013.0,0.0190530910661401,Male,White,True,Male_White,0.0
8104,35--Basketball/35_Basketball_playingbasketball_35_710.jpg,558.0,180.0,632.0,234.0,1.0,1.0,0.0,0.0,0.0,0.0,1024.0,768.0,0.0050811767578125,Male,Black,True,Male_Black,0.0
8106,35--Basketball/35_Basketball_playingbasketball_35_863.jpg,432.0,477.0,588.0,678.0,0.0,0.0,0.0,0.0,0.0,1.0,1024.0,1428.0,0.0214433429621848,Male,Black,True,Male_Black,0.0
8121,35--Basketball/35_Basketball_Basketball_35_827.jpg,442.0,98.0,498.0,172.0,1.0,0.0,1.0,0.0,0.0,0.0,1024.0,687.0,0.0058906477438136,Male,White,True,Male_White,0.0
8122,35--Basketball/35_Basketball_Basketball_35_291.jpg,79.0,275.0,123.0,320.0,0.0,0.0,0.0,0.0,0.0,0.0,1024.0,576.0,0.00335693359375,Male,White,True,Male_White,0.0
8123,35--Basketball/35_Basketball_Basketball_35_291.jpg,370.0,277.0,444.0,372.0,0.0,0.0,0.0,0.0,0.0,0.0,1024.0,576.0,0.0119188096788194,Male,Black,True,Male_Black,0.0
8124,35--Basketball/35_Basketball_Basketball_35_291.jpg,627.0,293.0,675.0,355.0,0.0,1.0,0.0,0.0,0.0,0.0,1024.0,576.0,0.0050455729166666,Male,White,True,Male_White,0.0
8125,35--Basketball/35_Basketball_Basketball_35_291.jpg,805.0,245.0,856.0,298.0,0.0,0.0,0.0,0.0,0.0,0.0,1024.0,576.0,0.0045827229817708,Male,Black,True,Male_Black,0.0
8126,35--Basketball/35_Basketball_Basketball_35_291.jpg,527.0,78.0,552.0,121.0,1.0,0.0,1.0,0.0,0.0,0.0,1024.0,576.0,0.0018225775824652,Male,Black,True,Male_Black,0.0
8128,35--Basketball/35_Basketball_playingbasketball_35_337.jpg,111.0,685.0,192.0,763.0,0.0,1.0,0.0,0.0,0.0,1.0,1024.0,1538.0,0.0040116527145643,Male,White,True,Male_White,0.0
8132,35--Basketball/35_Basketball_Basketball_35_828.jpg,285.0,190.0,815.0,1000.0,0.0,0.0,0.0,0.0,0.0,0.0,1024.0,1247.0,0.3361974989975942,Male,White,True,Male_White,12.0
8133,35--Basketball/35_Basketball_basketballgame_ball_35_1015.jpg,325.0,123.0,469.0,294.0,1.0,0.0,0.0,0.0,0.0,1.0,1024.0,1171.0,0.0205353330486763,Male,Black,True,Male_Black,0.0
8148,35--Basketball/35_Basketball_playingbasketball_35_201.jpg,828.0,101.0,863.0,150.0,1.0,0.0,0.0,0.0,0.0,0.0,1024.0,729.0,0.0022974001200274,Male,Asian,True,Male_Asian,0.0
8149,35--Basketball/35_Basketball_playingbasketball_35_201.jpg,537.0,238.0,587.0,301.0,1.0,0.0,0.0,0.0,0.0,0.0,1024.0,729.0,0.0042197145061728,Male,Black,True,Male_Black,0.0
8150,35--Basketball/35_Basketball_playingbasketball_35_201.jpg,472.0,178.0,511.0,247.0,1.0,0.0,0.0,0.0,0.0,1.0,1024.0,729.0,0.0036048418209876,Male,White,True,Male_White,0.0
8151,35--Basketball/35_Basketball_playingbasketball_35_201.jpg,66.0,38.0,105.0,85.0,1.0,0.0,0.0,0.0,0.0,0.0,1024.0,729.0,0.0024554719650205,Male,White,True,Male_White,0.0
8155,35--Basketball/35_Basketball_playingbasketball_35_727.jpg,269.0,253.0,453.0,600.0,0.0,0.0,0.0,0.0,0.0,0.0,1024.0,1348.0,0.0462548683234421,Male,White,True,Male_White,1.0
8156,35--Basketball/35_Basketball_Basketball_35_834.jpg,478.0,264.0,540.0,310.0,0.0,0.0,0.0,0.0,0.0,1.0,1024.0,820.0,0.0033965320121951,Male,Black,True,Male_Black,0.0
8157,35--Basketball/35_Basketball_Basketball_35_118.jpg,76.0,268.0,174.0,382.0,1.0,0.0,0.0,0.0,0.0,1.0,1024.0,768.0,0.0142059326171875,Male,White,True,Male_White,0.0
8158,35--Basketball/35_Basketball_Basketball_35_118.jpg,552.0,142.0,656.0,276.0,1.0,0.0,0.0,0.0,0.0,0.0,1024.0,768.0,0.0177205403645833,Male,White,True,Male_White,0.0
8159,35--Basketball/35_Basketball_Basketball_35_118.jpg,858.0,538.0,1014.0,624.0,1.0,1.0,0.0,0.0,0.0,1.0,1024.0,768.0,0.017059326171875,Male,Black,True,Male_Black,0.0
8171,35--Basketball/35_Basketball_Basketball_35_57.jpg,490.0,80.0,556.0,154.0,0.0,0.0,0.0,0.0,0.0,0.0,1024.0,768.0,0.0062103271484375,Male,Black,True,Male_Black,0.0
8172,35--Basketball/35_Basketball_Basketball_35_57.jpg,922.0,224.0,1000.0,276.0,1.0,0.0,0.0,0.0,0.0,1.0,1024.0,768.0,0.005157470703125,Male,White,True,Male_White,0.0
8173,35--Basketball/35_Basketball_Basketball_35_57.jpg,180.0,252.0,260.0,340.0,0.0,0.0,0.0,0.0,0.0,1.0,1024.0,768.0,0.0089518229166666,Male,White,True,Male_White,0.0
8174,35--Basketball/35_Basketball_playingbasketball_35_810.jpg,375.0,345.0,576.0,624.0,1.0,0.0,0.0,0.0,0.0,0.0,1024.0,1536.0,0.035654067993164,Male,Black,True,Male_Black,1.0
8179,35--Basketball/35_Basketball_basketballgame_ball_35_93.jpg,504.0,176.0,607.0,334.0,0.0,1.0,0.0,0.0,0.0,0.0,1024.0,1557.0,0.010207179271034,Male,Black,True,Male_Black,0.0
8180,35--Basketball/35_Basketball_basketballgame_ball_35_93.jpg,802.0,392.0,921.0,562.0,0.0,0.0,0.0,0.0,0.0,1.0,1024.0,1557.0,0.012688413214515,Male,Black,True,Male_Black,0.0
8181,35--Basketball/35_Basketball_basketballgame_ball_35_93.jpg,404.0,173.0,504.0,285.0,0.0,0.0,0.0,0.0,0.0,1.0,1024.0,1557.0,0.0070247270391779,Male,Black,True,Male_Black,0.0
8182,35--Basketball/35_Basketball_playingbasketball_35_535.jpg,390.0,126.0,556.0,340.0,0.0,0.0,0.0,0.0,0.0,0.0,1024.0,768.0,0.0451711018880208,Male,White,True,Male_White,1.0
8188,36--Football/36_Football_americanfootball_ball_36_219.jpg,421.0,573.0,535.0,703.0,0.0,0.0,0.0,0.0,1.0,0.0,1024.0,1392.0,0.0103970231681034,Male,White,True,Male_White,0.0
8189,36--Football/36_Football_americanfootball_ball_36_678.jpg,482.0,269.0,575.0,392.0,0.0,0.0,0.0,0.0,1.0,0.0,1024.0,1536.0,0.007272720336914,Male,Black,True,Male_Black,0.0
8190,36--Football/36_Football_americanfootball_ball_36_431.jpg,556.0,727.0,757.0,886.0,0.0,0.0,0.0,0.0,0.0,1.0,1024.0,1199.0,0.026029992441618,Male,White,True,Male_White,0.0
8192,36--Football/36_Football_americanfootball_ball_36_390.jpg,496.0,114.0,730.0,494.0,0.0,0.0,0.0,0.0,0.0,0.0,1024.0,652.0,0.1331839532208589,Male,Black,True,Male_Black,4.0
8193,36--Football/36_Football_americanfootball_ball_36_800.jpg,320.0,198.0,719.0,739.0,0.0,0.0,0.0,0.0,0.0,0.0,1024.0,1195.0,0.1764015101987447,Male,White,True,Male_White,6.0
8195,36--Football/36_Football_Football_36_30.jpg,368.0,91.0,405.0,131.0,1.0,0.0,0.0,0.0,0.0,0.0,1024.0,576.0,0.0025092230902777,Male,White,True,Male_White,0.0
8196,36--Football/36_Football_americanfootball_ball_36_149.jpg,481.0,217.0,631.0,390.0,0.0,1.0,0.0,0.0,1.0,0.0,1024.0,1426.0,0.0177712460553997,Male,Black,True,Male_Black,0.0
8197,36--Football/36_Football_americanfootball_ball_36_85.jpg,476.0,150.0,558.0,250.0,0.0,0.0,0.0,0.0,1.0,0.0,1024.0,640.0,0.01251220703125,Male,Black,True,Male_Black,0.0
8200,36--Football/36_Football_americanfootball_ball_36_403.jpg,324.0,96.0,574.0,498.0,0.0,0.0,0.0,0.0,0.0,0.0,1024.0,683.0,0.1436962390190336,Male,Black,True,Male_Black,5.0
8207,36--Football/36_Football_americanfootball_ball_36_578.jpg,156.0,122.0,290.0,290.0,0.0,0.0,0.0,0.0,1.0,0.0,1024.0,820.0,0.0268102134146341,Male,Black,True,Male_Black,0.0
8208,36--Football/36_Football_Football_36_201.jpg,246.0,216.0,352.0,350.0,1.0,0.0,0.0,0.0,1.0,0.0,1024.0,742.0,0.0186941964285714,Male,Black,True,Male_Black,0.0
8209,36--Football/36_Football_Football_36_201.jpg,784.0,212.0,888.0,348.0,0.0,0.0,0.0,0.0,1.0,0.0,1024.0,742.0,0.0186152291105121,Male,White,True,Male_White,0.0
8210,36--Football/36_Football_Football_36_201.jpg,480.0,112.0,586.0,234.0,1.0,0.0,0.0,0.0,1.0,0.0,1024.0,742.0,0.0170200892857142,Male,White,True,Male_White,0.0
8214,36--Football/36_Football_Football_36_33.jpg,170.0,24.0,226.0,98.0,0.0,0.0,0.0,0.0,0.0,0.0,1024.0,640.0,0.0063232421875,Male,Black,True,Male_Black,0.0
8215,36--Football/36_Football_Football_36_33.jpg,482.0,102.0,540.0,180.0,0.0,0.0,0.0,0.0,0.0,0.0,1024.0,640.0,0.006903076171875,Male,White,True,Male_White,0.0
8216,36--Football/36_Football_Football_36_33.jpg,772.0,62.0,824.0,144.0,0.0,0.0,0.0,0.0,0.0,0.0,1024.0,640.0,0.00650634765625,Male,White,True,Male_White,0.0
8217,36--Football/36_Football_americanfootball_ball_36_672.jpg,426.0,542.0,527.0,685.0,0.0,1.0,0.0,0.0,1.0,0.0,1024.0,1527.0,0.0092367335870988,Male,White,True,Male_White,0.0
8218,36--Football/36_Football_americanfootball_ball_36_364.jpg,252.0,220.0,448.0,438.0,1.0,0.0,0.0,0.0,0.0,0.0,1024.0,806.0,0.0517699286600496,Male,Black,True,Male_Black,1.0
8219,36--Football/36_Football_Football_36_131.jpg,238.0,104.0,346.0,244.0,0.0,0.0,0.0,0.0,1.0,0.0,1024.0,714.0,0.0206801470588235,Male,Black,True,Male_Black,0.0
8220,36--Football/36_Football_americanfootball_ball_36_331.jpg,560.0,128.0,662.0,248.0,0.0,0.0,0.0,0.0,1.0,0.0,1024.0,683.0,0.017500915080527,Male,White,True,Male_White,0.0
8227,36--Football/36_Football_Football_36_186.jpg,392.0,132.0,635.0,457.0,0.0,0.0,0.0,0.0,0.0,0.0,1024.0,1231.0,0.0626515218826157,Male,White,True,Male_White,2.0
8235,36--Football/36_Football_americanfootball_ball_36_668.jpg,634.0,226.0,744.0,376.0,0.0,0.0,0.0,0.0,1.0,0.0,1024.0,768.0,0.0209808349609375,Male,White,True,Male_White,0.0
8236,36--Football/36_Football_americanfootball_ball_36_571.jpg,398.0,112.0,595.0,365.0,1.0,0.0,0.0,0.0,0.0,0.0,1024.0,2056.0,0.023673565935068,Male,White,True,Male_White,0.0
8237,36--Football/36_Football_americanfootball_ball_36_484.jpg,366.0,208.0,602.0,506.0,0.0,0.0,0.0,0.0,0.0,0.0,1024.0,1024.0,0.0670700073242187,Male,White,True,Male_White,2.0
8238,36--Football/36_Football_americanfootball_ball_36_1002.jpg,65.0,80.0,120.0,154.0,1.0,0.0,0.0,0.0,0.0,0.0,1024.0,682.0,0.0058278729838709,Male,White,True,Male_White,0.0
8239,36--Football/36_Football_americanfootball_ball_36_1002.jpg,180.0,110.0,232.0,176.0,0.0,0.0,0.0,0.0,0.0,0.0,1024.0,682.0,0.004914314516129,Male,White,True,Male_White,0.0
8240,36--Football/36_Football_americanfootball_ball_36_1002.jpg,298.0,14.0,352.0,90.0,0.0,1.0,0.0,0.0,0.0,0.0,1024.0,682.0,0.0058765579178885,Male,White,True,Male_White,0.0
8241,36--Football/36_Football_americanfootball_ball_36_1002.jpg,539.0,16.0,586.0,84.0,1.0,0.0,0.0,0.0,0.0,0.0,1024.0,682.0,0.0045763837976539,Male,Asian,True,Male_Asian,0.0
8242,36--Football/36_Football_americanfootball_ball_36_1002.jpg,487.0,74.0,535.0,142.0,1.0,0.0,0.0,0.0,0.0,0.0,1024.0,682.0,0.0046737536656891,Male,White,True,Male_White,0.0
8243,36--Football/36_Football_americanfootball_ball_36_1002.jpg,754.0,91.0,813.0,160.0,1.0,1.0,0.0,0.0,0.0,0.0,1024.0,682.0,0.005829304893695,Male,White,True,Male_White,0.0
8244,36--Football/36_Football_americanfootball_ball_36_1002.jpg,631.0,126.0,668.0,184.0,1.0,0.0,0.0,0.0,0.0,1.0,1024.0,682.0,0.0030728784824046,Male,White,True,Male_White,0.0
8245,36--Football/36_Football_americanfootball_ball_36_1002.jpg,424.0,296.0,475.0,371.0,1.0,0.0,0.0,0.0,0.0,0.0,1024.0,682.0,0.0054770550769794,Male,White,True,Male_White,0.0
8249,36--Football/36_Football_americanfootball_ball_36_741.jpg,532.0,178.0,598.0,264.0,1.0,0.0,0.0,0.0,1.0,0.0,1024.0,682.0,0.0081275201612903,Male,Black,True,Male_Black,0.0
8250,36--Football/36_Football_americanfootball_ball_36_15.jpg,642.0,158.0,836.0,406.0,0.0,0.0,0.0,0.0,1.0,0.0,1024.0,1397.0,0.0336323371510379,Male,White,True,Male_White,1.0
8253,36--Football/36_Football_americanfootball_ball_36_587.jpg,560.0,92.0,638.0,194.0,1.0,0.0,0.0,0.0,1.0,0.0,1024.0,854.0,0.0090978117681498,Male,Black,True,Male_Black,0.0
8254,36--Football/36_Football_americanfootball_ball_36_55.jpg,138.0,126.0,212.0,196.0,1.0,0.0,0.0,0.0,1.0,0.0,1024.0,905.0,0.0055896063535911,Male,Asian,True,Male_Asian,0.0
8256,36--Football/36_Football_americanfootball_ball_36_367.jpg,284.0,262.0,394.0,406.0,1.0,0.0,0.0,0.0,0.0,1.0,1024.0,682.0,0.0226814516129032,Male,Black,True,Male_Black,0.0
8259,36--Football/36_Football_americanfootball_ball_36_846.jpg,922.0,237.0,1017.0,419.0,0.0,0.0,0.0,0.0,0.0,0.0,1024.0,1280.0,0.0131912231445312,Male,White,True,Male_White,0.0
8260,36--Football/36_Football_americanfootball_ball_36_846.jpg,789.0,440.0,891.0,590.0,0.0,0.0,0.0,0.0,0.0,0.0,1024.0,1280.0,0.0116729736328125,Male,White,True,Male_White,0.0
8261,36--Football/36_Football_americanfootball_ball_36_846.jpg,267.0,427.0,389.0,592.0,0.0,0.0,1.0,0.0,0.0,0.0,1024.0,1280.0,0.0153579711914062,Male,White,True,Male_White,0.0
8281,36--Football/36_Football_Football_36_226.jpg,568.0,119.0,668.0,253.0,0.0,0.0,0.0,0.0,0.0,0.0,1024.0,1223.0,0.0106998671300081,Male,White,True,Male_White,0.0
8282,36--Football/36_Football_americanfootball_ball_36_316.jpg,390.0,96.0,538.0,286.0,0.0,0.0,0.0,0.0,1.0,0.0,1024.0,759.0,0.0361804183135704,Male,Black,True,Male_Black,1.0
8283,36--Football/36_Football_americanfootball_ball_36_202.jpg,399.0,181.0,532.0,359.0,0.0,0.0,0.0,0.0,1.0,0.0,1024.0,1621.0,0.0142622705891425,Male,Black,True,Male_Black,0.0
8284,36--Football/36_Football_americanfootball_ball_36_285.jpg,158.0,143.0,368.0,426.0,0.0,0.0,0.0,0.0,0.0,0.0,1024.0,1561.0,0.0371794422645739,Male,White,True,Male_White,1.0
8285,36--Football/36_Football_americanfootball_ball_36_323.jpg,170.0,86.0,258.0,204.0,0.0,0.0,0.0,0.0,1.0,0.0,1024.0,768.0,0.0132039388020833,Male,White,True,Male_White,0.0
8286,36--Football/36_Football_americanfootball_ball_36_323.jpg,630.0,146.0,688.0,248.0,0.0,0.0,0.0,0.0,1.0,0.0,1024.0,768.0,0.0075225830078125,Male,Black,True,Male_Black,0.0
8287,36--Football/36_Football_americanfootball_ball_36_323.jpg,826.0,66.0,914.0,190.0,0.0,0.0,0.0,0.0,1.0,0.0,1024.0,768.0,0.0138753255208333,Male,Black,True,Male_Black,0.0
8288,36--Football/36_Football_americanfootball_ball_36_536.jpg,550.0,108.0,620.0,180.0,1.0,0.0,1.0,0.0,1.0,0.0,1024.0,647.0,0.0076072256568778,Male,Black,True,Male_Black,0.0
8289,36--Football/36_Football_americanfootball_ball_36_105.jpg,252.0,308.0,362.0,488.0,1.0,1.0,0.0,0.0,1.0,0.0,1024.0,780.0,0.0247896634615384,Male,White,True,Male_White,0.0
8291,36--Football/36_Football_Football_36_145.jpg,92.0,168.0,136.0,223.0,0.0,0.0,0.0,0.0,0.0,0.0,1024.0,768.0,0.0030771891276041,Male,White,True,Male_White,0.0
8292,36--Football/36_Football_Football_36_145.jpg,241.0,185.0,281.0,239.0,0.0,0.0,0.0,0.0,0.0,0.0,1024.0,768.0,0.00274658203125,Male,White,True,Male_White,0.0
8293,36--Football/36_Football_Football_36_145.jpg,427.0,151.0,469.0,216.0,0.0,0.0,0.0,0.0,0.0,0.0,1024.0,768.0,0.0034713745117187,Male,Black,True,Male_Black,0.0
8294,36--Football/36_Football_Football_36_145.jpg,606.0,124.0,653.0,186.0,0.0,0.0,0.0,0.0,0.0,0.0,1024.0,768.0,0.003705342610677,Male,White,True,Male_White,0.0
8295,36--Football/36_Football_Football_36_145.jpg,763.0,178.0,800.0,231.0,0.0,0.0,0.0,0.0,0.0,0.0,1024.0,768.0,0.0024935404459635,Male,White,True,Male_White,0.0
8296,36--Football/36_Football_Football_36_145.jpg,885.0,139.0,932.0,204.0,0.0,0.0,0.0,0.0,0.0,0.0,1024.0,768.0,0.0038846333821614,Male,Black,True,Male_Black,0.0
8297,36--Football/36_Football_americanfootball_ball_36_674.jpg,495.0,191.0,634.0,349.0,0.0,0.0,0.0,0.0,1.0,0.0,1024.0,1067.0,0.0201005301077788,Male,White,True,Male_White,0.0
8298,36--Football/36_Football_americanfootball_ball_36_226.jpg,242.0,68.0,338.0,204.0,0.0,0.0,0.0,0.0,0.0,0.0,1024.0,640.0,0.019921875,Male,White,True,Male_White,0.0
8299,36--Football/36_Football_americanfootball_ball_36_226.jpg,526.0,32.0,644.0,188.0,0.0,0.0,0.0,0.0,1.0,0.0,1024.0,640.0,0.02808837890625,Male,Black,True,Male_Black,1.0
8300,36--Football/36_Football_americanfootball_ball_36_226.jpg,730.0,66.0,822.0,202.0,0.0,0.0,0.0,0.0,1.0,0.0,1024.0,640.0,0.019091796875,Male,White,True,Male_White,0.0
8302,36--Football/36_Football_americanfootball_ball_36_1004.jpg,432.0,158.0,518.0,280.0,0.0,0.0,0.0,0.0,1.0,0.0,1024.0,799.0,0.0128236467459324,Male,Black,True,Male_Black,0.0
8303,36--Football/36_Football_americanfootball_ball_36_455.jpg,374.0,124.0,552.0,358.0,0.0,0.0,0.0,0.0,0.0,0.0,1024.0,754.0,0.0539466594827586,Male,White,True,Male_White,1.0
8304,36--Football/36_Football_americanfootball_ball_36_890.jpg,604.0,82.0,658.0,160.0,1.0,0.0,0.0,0.0,1.0,0.0,1024.0,576.0,0.00714111328125,Male,Black,True,Male_Black,0.0
8306,36--Football/36_Football_americanfootball_ball_36_537.jpg,496.0,80.0,658.0,294.0,0.0,0.0,0.0,0.0,0.0,0.0,1024.0,747.0,0.0453219126506024,Male,White,True,Male_White,1.0
8311,36--Football/36_Football_americanfootball_ball_36_426.jpg,252.0,132.0,387.0,300.0,1.0,0.0,1.0,0.0,1.0,0.0,1024.0,1535.0,0.0144289495114006,Male,White,True,Male_White,0.0
8312,36--Football/36_Football_americanfootball_ball_36_200.jpg,476.0,76.0,588.0,226.0,0.0,0.0,0.0,0.0,0.0,0.0,1024.0,554.0,0.0296141696750902,Male,White,True,Male_White,1.0
8313,36--Football/36_Football_americanfootball_ball_36_792.jpg,414.0,4.0,630.0,286.0,0.0,0.0,0.0,0.0,0.0,0.0,1024.0,576.0,0.103271484375,Male,Black,True,Male_Black,3.0
8314,36--Football/36_Football_americanfootball_ball_36_822.jpg,142.0,116.0,196.0,194.0,1.0,0.0,0.0,0.0,0.0,0.0,1024.0,676.0,0.006084735576923,Male,White,True,Male_White,0.0
8315,36--Football/36_Football_americanfootball_ball_36_822.jpg,264.0,112.0,326.0,198.0,1.0,0.0,0.0,0.0,0.0,0.0,1024.0,676.0,0.0077027089497041,Male,White,True,Male_White,0.0
8316,36--Football/36_Football_americanfootball_ball_36_822.jpg,548.0,94.0,610.0,188.0,1.0,0.0,0.0,0.0,0.0,0.0,1024.0,676.0,0.0084192400147929,Male,White,True,Male_White,0.0
8317,36--Football/36_Football_americanfootball_ball_36_822.jpg,686.0,92.0,740.0,172.0,1.0,0.0,0.0,0.0,0.0,0.0,1024.0,676.0,0.0062407544378698,Male,White,True,Male_White,0.0
8318,36--Football/36_Football_americanfootball_ball_36_822.jpg,854.0,108.0,914.0,174.0,1.0,0.0,0.0,0.0,0.0,0.0,1024.0,676.0,0.0057206915680473,Male,White,True,Male_White,0.0
8319,36--Football/36_Football_americanfootball_ball_36_849.jpg,432.0,151.0,648.0,423.0,0.0,0.0,0.0,0.0,1.0,0.0,1024.0,2210.0,0.0259615384615384,Male,Black,True,Male_Black,0.0
8321,36--Football/36_Football_americanfootball_ball_36_523.jpg,376.0,150.0,646.0,446.0,0.0,0.0,0.0,0.0,0.0,0.0,1024.0,983.0,0.0793966174974567,Male,Black,True,Male_Black,2.0
8322,36--Football/36_Football_americanfootball_ball_36_544.jpg,170.0,114.0,242.0,178.0,1.0,0.0,1.0,0.0,1.0,0.0,1024.0,820.0,0.0054878048780487,Male,White,True,Male_White,0.0
8323,36--Football/36_Football_americanfootball_ball_36_544.jpg,772.0,72.0,840.0,160.0,1.0,0.0,0.0,0.0,0.0,0.0,1024.0,820.0,0.0071265243902439,Male,White,True,Male_White,0.0
8324,36--Football/36_Football_americanfootball_ball_36_544.jpg,694.0,500.0,796.0,652.0,1.0,0.0,0.0,0.0,1.0,0.0,1024.0,820.0,0.0184641768292682,Male,White,True,Male_White,0.0
8327,36--Football/36_Football_americanfootball_ball_36_106.jpg,22.0,106.0,114.0,234.0,0.0,0.0,1.0,0.0,1.0,0.0,1024.0,640.0,0.01796875,Male,White,True,Male_White,0.0
8330,36--Football/36_Football_americanfootball_ball_36_58.jpg,330.0,84.0,694.0,566.0,0.0,0.0,0.0,0.0,1.0,0.0,1024.0,576.0,0.2974582248263889,Male,White,True,Male_White,11.0
8331,36--Football/36_Football_americanfootball_ball_36_916.jpg,536.0,122.0,600.0,226.0,1.0,1.0,0.0,0.0,0.0,0.0,1024.0,822.0,0.0079075425790754,Male,Black,True,Male_Black,0.0
8332,36--Football/36_Football_americanfootball_ball_36_381.jpg,112.0,101.0,149.0,153.0,0.0,0.0,0.0,0.0,0.0,0.0,1024.0,658.0,0.0028554806231003,Male,White,True,Male_White,0.0
8333,36--Football/36_Football_americanfootball_ball_36_381.jpg,268.0,69.0,304.0,130.0,1.0,0.0,0.0,0.0,0.0,0.0,1024.0,658.0,0.0032591660334346,Male,Black,True,Male_Black,0.0
8334,36--Football/36_Football_americanfootball_ball_36_381.jpg,387.0,120.0,427.0,179.0,0.0,0.0,0.0,0.0,0.0,0.0,1024.0,658.0,0.0035025645896656,Male,Black,True,Male_Black,0.0
8335,36--Football/36_Football_americanfootball_ball_36_381.jpg,454.0,85.0,497.0,138.0,1.0,0.0,1.0,0.0,0.0,0.0,1024.0,658.0,0.0033823494490881,Male,White,True,Male_White,0.0
8336,36--Football/36_Football_americanfootball_ball_36_381.jpg,556.0,114.0,598.0,173.0,0.0,0.0,0.0,0.0,0.0,0.0,1024.0,658.0,0.0036776928191489,Male,White,True,Male_White,0.0
8337,36--Football/36_Football_americanfootball_ball_36_381.jpg,738.0,121.0,783.0,180.0,0.0,0.0,0.0,0.0,0.0,0.0,1024.0,658.0,0.0039403851633738,Male,Black,True,Male_Black,0.0
8338,36--Football/36_Football_americanfootball_ball_36_381.jpg,880.0,163.0,922.0,214.0,0.0,0.0,0.0,0.0,0.0,0.0,1024.0,658.0,0.0031790226063829,Male,White,True,Male_White,0.0
8342,36--Football/36_Football_americanfootball_ball_36_921.jpg,369.0,183.0,651.0,561.0,0.0,0.0,0.0,0.0,0.0,0.0,1024.0,1539.0,0.0676398026315789,Male,Black,True,Male_Black,2.0
8343,36--Football/36_Football_americanfootball_ball_36_874.jpg,307.0,186.0,590.0,573.0,0.0,0.0,0.0,0.0,0.0,0.0,1024.0,1107.0,0.0966161712398374,Male,Black,True,Male_Black,3.0
8344,36--Football/36_Football_americanfootball_ball_36_387.jpg,454.0,126.0,594.0,336.0,0.0,1.0,0.0,0.0,1.0,0.0,1024.0,757.0,0.0379272622192866,Male,Black,True,Male_Black,1.0
8347,36--Football/36_Football_americanfootball_ball_36_558.jpg,260.0,160.0,408.0,372.0,0.0,0.0,0.0,0.0,0.0,1.0,1024.0,820.0,0.0373666158536585,Male,White,True,Male_White,1.0
8349,37--Soccer/37_Soccer_soccer_ball_37_298.jpg,475.0,110.0,580.0,234.0,0.0,0.0,0.0,0.0,0.0,0.0,1024.0,1222.0,0.0104049457855973,Male,White,True,Male_White,0.0
8350,37--Soccer/37_Soccer_soccer_ball_37_925.jpg,758.0,686.0,798.0,743.0,1.0,0.0,0.0,0.0,0.0,0.0,1024.0,1269.0,0.0017545803782505,Male,Black,True,Male_Black,0.0
8351,37--Soccer/37_Soccer_soccer_ball_37_925.jpg,602.0,730.0,646.0,787.0,1.0,0.0,0.0,0.0,0.0,0.0,1024.0,1269.0,0.0019300384160756,Male,Black,True,Male_Black,0.0
8352,37--Soccer/37_Soccer_soccer_ball_37_925.jpg,282.0,695.0,321.0,750.0,1.0,0.0,0.0,0.0,0.0,0.0,1024.0,1269.0,0.001650690750591,Male,Black,True,Male_Black,0.0
8353,37--Soccer/37_Soccer_soccer_ball_37_925.jpg,420.0,712.0,463.0,768.0,1.0,0.0,0.0,0.0,0.0,0.0,1024.0,1269.0,0.0018530831363278,Male,Black,True,Male_Black,0.0
8354,37--Soccer/37_Soccer_soccer_ball_37_100.jpg,414.0,197.0,580.0,348.0,0.0,0.0,0.0,0.0,0.0,0.0,1024.0,1309.0,0.0187001647249809,Male,White,True,Male_White,0.0
8357,37--Soccer/37_Soccer_soccer_ball_37_694.jpg,648.0,102.0,708.0,174.0,1.0,0.0,0.0,0.0,0.0,0.0,1024.0,820.0,0.0051448170731707,Male,White,True,Male_White,0.0
8359,37--Soccer/37_Soccer_Soccer_37_32.jpg,372.0,177.0,452.0,280.0,1.0,0.0,0.0,0.0,0.0,0.0,1024.0,1081.0,0.0074439176688251,Male,White,True,Male_White,0.0
8360,37--Soccer/37_Soccer_Soccer_37_32.jpg,372.0,34.0,446.0,135.0,0.0,0.0,0.0,0.0,0.0,0.0,1024.0,1081.0,0.0067519224098057,Male,White,True,Male_White,0.0
8361,37--Soccer/37_Soccer_Soccer_37_32.jpg,327.0,40.0,388.0,120.0,1.0,0.0,0.0,0.0,1.0,0.0,1024.0,1081.0,0.0044085337650323,Male,White,True,Male_White,0.0
8375,37--Soccer/37_Soccer_soccer_ball_37_916.jpg,668.0,130.0,842.0,360.0,0.0,0.0,1.0,0.0,0.0,0.0,1024.0,640.0,0.061065673828125,Male,White,True,Male_White,2.0
8379,37--Soccer/37_Soccer_soccer_ball_37_377.jpg,77.0,104.0,128.0,181.0,0.0,0.0,0.0,0.0,0.0,0.0,1024.0,768.0,0.0049934387207031,Male,White,True,Male_White,0.0
8380,37--Soccer/37_Soccer_soccer_ball_37_377.jpg,184.0,85.0,232.0,151.0,0.0,0.0,0.0,0.0,0.0,0.0,1024.0,768.0,0.0040283203125,Male,White,True,Male_White,0.0
8381,37--Soccer/37_Soccer_soccer_ball_37_377.jpg,228.0,295.0,278.0,359.0,0.0,0.0,0.0,0.0,0.0,0.0,1024.0,768.0,0.0040690104166666,Male,White,True,Male_White,0.0
8382,37--Soccer/37_Soccer_soccer_ball_37_377.jpg,401.0,77.0,451.0,144.0,0.0,0.0,0.0,0.0,0.0,0.0,1024.0,768.0,0.0042597452799479,Male,White,True,Male_White,0.0
8383,37--Soccer/37_Soccer_soccer_ball_37_377.jpg,383.0,262.0,435.0,334.0,0.0,0.0,0.0,0.0,0.0,0.0,1024.0,768.0,0.0047607421875,Male,White,True,Male_White,0.0
8384,37--Soccer/37_Soccer_soccer_ball_37_377.jpg,533.0,249.0,585.0,323.0,0.0,0.0,0.0,0.0,0.0,0.0,1024.0,768.0,0.0048929850260416,Male,White,True,Male_White,0.0
8385,37--Soccer/37_Soccer_soccer_ball_37_377.jpg,586.0,55.0,636.0,123.0,0.0,0.0,0.0,0.0,0.0,0.0,1024.0,768.0,0.0043233235677083,Male,White,True,Male_White,0.0
8386,37--Soccer/37_Soccer_soccer_ball_37_377.jpg,745.0,58.0,797.0,126.0,0.0,0.0,0.0,0.0,0.0,0.0,1024.0,768.0,0.0044962565104166,Male,White,True,Male_White,0.0
8387,37--Soccer/37_Soccer_soccer_ball_37_377.jpg,851.0,41.0,903.0,112.0,0.0,0.0,0.0,0.0,0.0,0.0,1024.0,768.0,0.0046946207682291,Male,White,True,Male_White,0.0
8388,37--Soccer/37_Soccer_soccer_ball_37_377.jpg,876.0,247.0,929.0,321.0,0.0,0.0,0.0,0.0,0.0,0.0,1024.0,768.0,0.004987080891927,Male,White,True,Male_White,0.0
8389,37--Soccer/37_Soccer_soccer_ball_37_377.jpg,724.0,256.0,777.0,328.0,0.0,0.0,0.0,0.0,0.0,0.0,1024.0,768.0,0.004852294921875,Male,White,True,Male_White,0.0
8390,37--Soccer/37_Soccer_soccer_ball_37_120.jpg,101.0,333.0,151.0,389.0,1.0,0.0,0.0,0.0,0.0,0.0,1024.0,900.0,0.0030381944444444,Male,White,True,Male_White,0.0
8391,37--Soccer/37_Soccer_soccer_ball_37_120.jpg,247.0,323.0,290.0,382.0,1.0,0.0,0.0,0.0,0.0,0.0,1024.0,900.0,0.0027528211805555,Male,White,True,Male_White,0.0
8392,37--Soccer/37_Soccer_soccer_ball_37_120.jpg,242.0,476.0,289.0,541.0,1.0,0.0,0.0,0.0,0.0,0.0,1024.0,900.0,0.0033148871527777,Male,White,True,Male_White,0.0
8393,37--Soccer/37_Soccer_soccer_ball_37_120.jpg,110.0,491.0,160.0,550.0,1.0,0.0,0.0,0.0,0.0,0.0,1024.0,900.0,0.0032009548611111,Male,White,True,Male_White,0.0
8394,37--Soccer/37_Soccer_soccer_ball_37_120.jpg,322.0,216.0,365.0,279.0,1.0,0.0,0.0,0.0,0.0,0.0,1024.0,900.0,0.002939453125,Male,White,True,Male_White,0.0
8395,37--Soccer/37_Soccer_soccer_ball_37_120.jpg,358.0,326.0,403.0,385.0,1.0,0.0,0.0,0.0,0.0,0.0,1024.0,900.0,0.002880859375,Male,White,True,Male_White,0.0
8396,37--Soccer/37_Soccer_soccer_ball_37_120.jpg,486.0,324.0,531.0,379.0,1.0,0.0,0.0,0.0,0.0,0.0,1024.0,900.0,0.002685546875,Male,White,True,Male_White,0.0
8397,37--Soccer/37_Soccer_soccer_ball_37_120.jpg,361.0,501.0,408.0,560.0,1.0,0.0,0.0,0.0,0.0,0.0,1024.0,900.0,0.0030088975694444,Male,White,True,Male_White,0.0
8398,37--Soccer/37_Soccer_soccer_ball_37_120.jpg,461.0,499.0,508.0,562.0,1.0,0.0,0.0,0.0,0.0,0.0,1024.0,900.0,0.003212890625,Male,White,True,Male_White,0.0
8399,37--Soccer/37_Soccer_soccer_ball_37_120.jpg,687.0,216.0,735.0,289.0,1.0,0.0,0.0,0.0,0.0,0.0,1024.0,900.0,0.0038020833333333,Male,White,True,Male_White,0.0
8400,37--Soccer/37_Soccer_soccer_ball_37_120.jpg,609.0,329.0,653.0,383.0,1.0,0.0,0.0,0.0,0.0,0.0,1024.0,900.0,0.002578125,Male,White,True,Male_White,0.0
8401,37--Soccer/37_Soccer_soccer_ball_37_120.jpg,768.0,315.0,819.0,384.0,1.0,0.0,0.0,0.0,0.0,0.0,1024.0,900.0,0.003818359375,Male,White,True,Male_White,0.0
8402,37--Soccer/37_Soccer_soccer_ball_37_120.jpg,581.0,508.0,629.0,572.0,1.0,0.0,0.0,0.0,0.0,0.0,1024.0,900.0,0.0033333333333333,Male,White,True,Male_White,0.0
8403,37--Soccer/37_Soccer_soccer_ball_37_120.jpg,710.0,504.0,755.0,559.0,1.0,0.0,0.0,0.0,0.0,0.0,1024.0,900.0,0.002685546875,Male,White,True,Male_White,0.0
8404,37--Soccer/37_Soccer_soccer_ball_37_120.jpg,899.0,299.0,948.0,356.0,1.0,0.0,0.0,0.0,0.0,0.0,1024.0,900.0,0.0030305989583333,Male,White,True,Male_White,0.0
8405,37--Soccer/37_Soccer_soccer_ball_37_120.jpg,857.0,491.0,903.0,554.0,1.0,0.0,0.0,0.0,0.0,0.0,1024.0,900.0,0.00314453125,Male,Black,True,Male_Black,0.0
8408,37--Soccer/37_Soccer_soccer_ball_37_299.jpg,127.0,155.0,173.0,211.0,0.0,0.0,0.0,0.0,0.0,0.0,1024.0,704.0,0.003573330965909,Male,White,True,Male_White,0.0
8409,37--Soccer/37_Soccer_soccer_ball_37_299.jpg,315.0,98.0,362.0,163.0,0.0,0.0,0.0,0.0,0.0,0.0,1024.0,704.0,0.0042377818714488,Male,White,True,Male_White,0.0
8410,37--Soccer/37_Soccer_soccer_ball_37_299.jpg,626.0,248.0,675.0,314.0,0.0,1.0,0.0,0.0,0.0,0.0,1024.0,704.0,0.004486083984375,Male,White,True,Male_White,0.0
8411,37--Soccer/37_Soccer_soccer_ball_37_299.jpg,802.0,160.0,844.0,227.0,0.0,0.0,1.0,0.0,0.0,1.0,1024.0,704.0,0.0039034756747159,Male,White,True,Male_White,0.0
8412,37--Soccer/37_Soccer_soccer_ball_37_299.jpg,898.0,142.0,943.0,205.0,0.0,0.0,1.0,0.0,0.0,0.0,1024.0,704.0,0.0039326060901988,Male,White,True,Male_White,0.0
8415,37--Soccer/37_Soccer_soccer_ball_37_205.jpg,60.0,228.0,180.0,362.0,0.0,1.0,0.0,0.0,0.0,1.0,1024.0,681.0,0.0230589207048458,Male,White,True,Male_White,0.0
8430,37--Soccer/37_Soccer_soccer_ball_37_920.jpg,514.0,106.0,570.0,174.0,0.0,0.0,1.0,0.0,0.0,0.0,1024.0,768.0,0.0048421223958333,Male,White,True,Male_White,0.0
8434,37--Soccer/37_Soccer_soccer_ball_37_572.jpg,272.0,102.0,466.0,346.0,0.0,0.0,0.0,0.0,0.0,0.0,1024.0,768.0,0.0601908365885416,Male,White,True,Male_White,2.0
8437,37--Soccer/37_Soccer_soccer_ball_37_543.jpg,470.0,72.0,548.0,180.0,0.0,0.0,0.0,0.0,0.0,0.0,1024.0,576.0,0.0142822265625,Male,White,True,Male_White,0.0
8438,37--Soccer/37_Soccer_soccer_ball_37_403.jpg,784.0,42.0,858.0,152.0,0.0,0.0,1.0,0.0,0.0,0.0,1024.0,768.0,0.0103505452473958,Male,Black,True,Male_Black,0.0
8452,37--Soccer/37_Soccer_soccer_ball_37_789.jpg,310.0,390.0,394.0,514.0,0.0,0.0,0.0,0.0,0.0,0.0,1024.0,678.0,0.0150027654867256,Male,White,True,Male_White,0.0
8456,37--Soccer/37_Soccer_soccer_ball_37_860.jpg,230.0,123.0,276.0,191.0,0.0,0.0,0.0,0.0,0.0,0.0,1024.0,768.0,0.0039774576822916,Male,White,True,Male_White,0.0
8457,37--Soccer/37_Soccer_soccer_ball_37_860.jpg,379.0,143.0,425.0,207.0,0.0,0.0,0.0,0.0,0.0,0.0,1024.0,768.0,0.0037434895833333,Male,White,True,Male_White,0.0
8458,37--Soccer/37_Soccer_soccer_ball_37_860.jpg,99.0,385.0,149.0,450.0,0.0,0.0,0.0,0.0,0.0,0.0,1024.0,768.0,0.004132588704427,Male,White,True,Male_White,0.0
8459,37--Soccer/37_Soccer_soccer_ball_37_860.jpg,249.0,364.0,296.0,426.0,0.0,0.0,0.0,0.0,0.0,0.0,1024.0,768.0,0.003705342610677,Male,White,True,Male_White,0.0
8460,37--Soccer/37_Soccer_soccer_ball_37_860.jpg,527.0,112.0,574.0,173.0,1.0,0.0,0.0,0.0,0.0,0.0,1024.0,768.0,0.0036455790201822,Male,White,True,Male_White,0.0
8461,37--Soccer/37_Soccer_soccer_ball_37_860.jpg,693.0,161.0,737.0,222.0,1.0,0.0,0.0,0.0,0.0,0.0,1024.0,768.0,0.0034128824869791,Male,White,True,Male_White,0.0
8462,37--Soccer/37_Soccer_soccer_ball_37_860.jpg,854.0,149.0,898.0,213.0,1.0,0.0,0.0,0.0,0.0,0.0,1024.0,768.0,0.0035807291666666,Male,White,True,Male_White,0.0
8463,37--Soccer/37_Soccer_soccer_ball_37_860.jpg,866.0,383.0,917.0,448.0,1.0,0.0,0.0,0.0,0.0,0.0,1024.0,768.0,0.0042152404785156,Male,White,True,Male_White,0.0
8464,37--Soccer/37_Soccer_soccer_ball_37_860.jpg,739.0,390.0,783.0,453.0,1.0,0.0,0.0,0.0,0.0,0.0,1024.0,768.0,0.0035247802734375,Male,White,True,Male_White,0.0
8465,37--Soccer/37_Soccer_soccer_ball_37_860.jpg,591.0,347.0,636.0,412.0,0.0,0.0,0.0,0.0,0.0,0.0,1024.0,768.0,0.0037193298339843,Male,White,True,Male_White,0.0
8466,37--Soccer/37_Soccer_soccer_ball_37_860.jpg,423.0,376.0,467.0,436.0,0.0,0.0,0.0,0.0,0.0,0.0,1024.0,768.0,0.00335693359375,Male,White,True,Male_White,0.0
8467,37--Soccer/37_Soccer_Soccer_37_562.jpg,316.0,126.0,454.0,302.0,0.0,0.0,1.0,0.0,0.0,0.0,1024.0,683.0,0.0347273060029282,Male,White,True,Male_White,1.0
8484,37--Soccer/37_Soccer_Soccer_37_357.jpg,478.0,282.0,547.0,331.0,0.0,0.0,0.0,0.0,0.0,1.0,1024.0,684.0,0.0048271313048245,Male,White,True,Male_White,0.0
8494,37--Soccer/37_Soccer_soccer_ball_37_148.jpg,251.0,117.0,324.0,200.0,1.0,0.0,0.0,0.0,0.0,0.0,1024.0,768.0,0.0077044169108072,Male,White,True,Male_White,0.0
8495,37--Soccer/37_Soccer_soccer_ball_37_148.jpg,348.0,91.0,417.0,183.0,1.0,0.0,0.0,0.0,0.0,0.0,1024.0,768.0,0.0080718994140625,Male,White,True,Male_White,0.0
8496,37--Soccer/37_Soccer_soccer_ball_37_148.jpg,653.0,24.0,717.0,98.0,1.0,0.0,0.0,0.0,0.0,0.0,1024.0,768.0,0.0060221354166666,Male,White,True,Male_White,0.0
8497,37--Soccer/37_Soccer_Soccer_37_365.jpg,103.0,79.0,153.0,145.0,0.0,0.0,0.0,0.0,0.0,0.0,1024.0,684.0,0.004711485745614,Male,White,True,Male_White,0.0
8498,37--Soccer/37_Soccer_Soccer_37_365.jpg,267.0,41.0,316.0,111.0,0.0,0.0,0.0,0.0,0.0,0.0,1024.0,684.0,0.0048970897295321,Male,White,True,Male_White,0.0
8499,37--Soccer/37_Soccer_Soccer_37_365.jpg,378.0,104.0,434.0,156.0,0.0,0.0,0.0,0.0,0.0,1.0,1024.0,684.0,0.004157529239766,Male,Black,True,Male_Black,0.0
8500,37--Soccer/37_Soccer_Soccer_37_365.jpg,557.0,27.0,606.0,95.0,0.0,0.0,0.0,0.0,0.0,0.0,1024.0,684.0,0.0047571728801169,Male,White,True,Male_White,0.0
8501,37--Soccer/37_Soccer_Soccer_37_365.jpg,637.0,83.0,689.0,150.0,0.0,0.0,0.0,0.0,0.0,0.0,1024.0,684.0,0.0049741867690058,Male,White,True,Male_White,0.0
8502,37--Soccer/37_Soccer_Soccer_37_365.jpg,712.0,60.0,762.0,129.0,0.0,0.0,0.0,0.0,0.0,0.0,1024.0,684.0,0.0049256441885964,Male,White,True,Male_White,0.0
8503,37--Soccer/37_Soccer_Soccer_37_365.jpg,822.0,32.0,872.0,102.0,0.0,0.0,0.0,0.0,0.0,0.0,1024.0,684.0,0.0049970303362573,Male,White,True,Male_White,0.0
8504,37--Soccer/37_Soccer_soccer_ball_37_797.jpg,404.0,160.0,604.0,408.0,0.0,0.0,0.0,0.0,0.0,0.0,1024.0,801.0,0.0604712858926342,Male,White,True,Male_White,2.0
8505,37--Soccer/37_Soccer_soccer_ball_37_586.jpg,736.0,150.0,775.0,205.0,1.0,0.0,0.0,0.0,0.0,0.0,1024.0,768.0,0.0027275085449218,Male,White,True,Male_White,0.0
8506,37--Soccer/37_Soccer_soccer_ball_37_586.jpg,876.0,158.0,922.0,214.0,1.0,0.0,0.0,0.0,0.0,0.0,1024.0,768.0,0.0032755533854166,Male,Asian,True,Male_Asian,0.0
8507,37--Soccer/37_Soccer_soccer_ball_37_586.jpg,654.0,275.0,690.0,320.0,1.0,0.0,0.0,0.0,0.0,0.0,1024.0,768.0,0.0020599365234375,Male,White,True,Male_White,0.0
8508,37--Soccer/37_Soccer_soccer_ball_37_586.jpg,565.0,265.0,602.0,317.0,1.0,0.0,0.0,0.0,0.0,0.0,1024.0,768.0,0.0024464925130208,Male,White,True,Male_White,0.0
8509,37--Soccer/37_Soccer_soccer_ball_37_586.jpg,475.0,268.0,517.0,318.0,1.0,0.0,0.0,0.0,0.0,0.0,1024.0,768.0,0.0026702880859375,Male,White,True,Male_White,0.0
8510,37--Soccer/37_Soccer_soccer_ball_37_586.jpg,629.0,431.0,667.0,481.0,1.0,0.0,0.0,0.0,0.0,0.0,1024.0,768.0,0.0024159749348958,Male,White,True,Male_White,0.0
8511,37--Soccer/37_Soccer_soccer_ball_37_586.jpg,473.0,413.0,518.0,465.0,1.0,0.0,0.0,0.0,0.0,0.0,1024.0,768.0,0.0029754638671875,Male,White,True,Male_White,0.0
8512,37--Soccer/37_Soccer_soccer_ball_37_586.jpg,152.0,270.0,190.0,319.0,1.0,0.0,0.0,0.0,0.0,0.0,1024.0,768.0,0.0023676554361979,Male,White,True,Male_White,0.0
8513,37--Soccer/37_Soccer_soccer_ball_37_586.jpg,266.0,279.0,303.0,323.0,1.0,0.0,0.0,0.0,0.0,0.0,1024.0,768.0,0.0020701090494791,Male,White,True,Male_White,0.0
8514,37--Soccer/37_Soccer_soccer_ball_37_586.jpg,366.0,273.0,404.0,319.0,1.0,0.0,0.0,0.0,0.0,0.0,1024.0,768.0,0.0022226969401041,Male,White,True,Male_White,0.0
8515,37--Soccer/37_Soccer_soccer_ball_37_586.jpg,343.0,428.0,383.0,478.0,1.0,0.0,0.0,0.0,0.0,0.0,1024.0,768.0,0.0025431315104166,Male,White,True,Male_White,0.0
8516,37--Soccer/37_Soccer_soccer_ball_37_586.jpg,287.0,447.0,327.0,498.0,1.0,0.0,0.0,0.0,0.0,0.0,1024.0,768.0,0.002593994140625,Male,Asian,True,Male_Asian,0.0
8517,37--Soccer/37_Soccer_soccer_ball_37_586.jpg,191.0,441.0,233.0,491.0,1.0,0.0,0.0,0.0,0.0,0.0,1024.0,768.0,0.0026702880859375,Male,White,True,Male_White,0.0
8518,37--Soccer/37_Soccer_soccer_ball_37_586.jpg,120.0,113.0,164.0,175.0,1.0,0.0,0.0,0.0,0.0,0.0,1024.0,768.0,0.0034688313802083,Male,White,True,Male_White,0.0
8540,37--Soccer/37_Soccer_Soccer_37_424.jpg,203.0,64.0,243.0,121.0,0.0,0.0,1.0,0.0,0.0,0.0,1024.0,768.0,0.002899169921875,Male,White,True,Male_White,0.0
8541,37--Soccer/37_Soccer_Soccer_37_424.jpg,311.0,84.0,352.0,143.0,0.0,0.0,1.0,0.0,0.0,0.0,1024.0,768.0,0.0030759175618489,Male,White,True,Male_White,0.0
8542,37--Soccer/37_Soccer_Soccer_37_424.jpg,217.0,238.0,260.0,297.0,0.0,0.0,1.0,0.0,0.0,0.0,1024.0,768.0,0.0032259623209635,Male,White,True,Male_White,0.0
8543,37--Soccer/37_Soccer_Soccer_37_424.jpg,350.0,222.0,396.0,286.0,0.0,0.0,1.0,0.0,0.0,0.0,1024.0,768.0,0.0037434895833333,Male,White,True,Male_White,0.0
8544,37--Soccer/37_Soccer_Soccer_37_424.jpg,447.0,72.0,487.0,127.0,0.0,0.0,1.0,0.0,0.0,0.0,1024.0,768.0,0.0027974446614583,Male,White,True,Male_White,0.0
8545,37--Soccer/37_Soccer_Soccer_37_424.jpg,592.0,61.0,633.0,117.0,0.0,0.0,1.0,0.0,0.0,0.0,1024.0,768.0,0.0029195149739583,Male,White,True,Male_White,0.0
8546,37--Soccer/37_Soccer_Soccer_37_424.jpg,631.0,225.0,675.0,285.0,1.0,0.0,1.0,0.0,0.0,0.0,1024.0,768.0,0.00335693359375,Male,White,True,Male_White,0.0
8547,37--Soccer/37_Soccer_Soccer_37_424.jpg,491.0,242.0,533.0,305.0,1.0,0.0,0.0,0.0,0.0,0.0,1024.0,768.0,0.0033645629882812,Male,White,True,Male_White,0.0
8548,37--Soccer/37_Soccer_Soccer_37_424.jpg,713.0,68.0,755.0,118.0,1.0,0.0,1.0,0.0,0.0,0.0,1024.0,768.0,0.0026702880859375,Male,White,True,Male_White,0.0
8549,37--Soccer/37_Soccer_Soccer_37_424.jpg,810.0,54.0,852.0,111.0,0.0,0.0,1.0,0.0,0.0,0.0,1024.0,768.0,0.0030441284179687,Male,White,True,Male_White,0.0
8550,37--Soccer/37_Soccer_Soccer_37_424.jpg,762.0,227.0,805.0,285.0,0.0,0.0,1.0,0.0,0.0,0.0,1024.0,768.0,0.0031712849934895,Male,White,True,Male_White,0.0
8552,37--Soccer/37_Soccer_soccer_ball_37_898.jpg,260.0,280.0,622.0,696.0,0.0,0.0,0.0,0.0,0.0,0.0,1024.0,1019.0,0.1443204121687929,Male,White,True,Male_White,5.0
8553,37--Soccer/37_Soccer_Soccer_37_359.jpg,565.0,194.0,620.0,264.0,0.0,0.0,0.0,0.0,0.0,0.0,1024.0,683.0,0.005504781295754,Male,White,True,Male_White,0.0
8554,37--Soccer/37_Soccer_Soccer_37_359.jpg,449.0,335.0,485.0,375.0,0.0,0.0,0.0,0.0,0.0,0.0,1024.0,683.0,0.0020589311859443,Male,White,True,Male_White,0.0
8555,37--Soccer/37_Soccer_Soccer_37_359.jpg,819.0,312.0,856.0,353.0,0.0,0.0,0.0,0.0,0.0,0.0,1024.0,683.0,0.0021690268118594,Male,White,True,Male_White,0.0
8559,37--Soccer/37_Soccer_Soccer_37_192.jpg,439.0,63.0,490.0,132.0,1.0,0.0,1.0,0.0,0.0,0.0,1024.0,776.0,0.0044285095844072,Male,White,True,Male_White,0.0
8560,37--Soccer/37_Soccer_Soccer_37_192.jpg,584.0,148.0,639.0,216.0,1.0,0.0,1.0,0.0,0.0,0.0,1024.0,776.0,0.0047066285438144,Male,White,True,Male_White,0.0
8561,37--Soccer/37_Soccer_Soccer_37_192.jpg,680.0,124.0,743.0,182.0,1.0,0.0,1.0,0.0,0.0,0.0,1024.0,776.0,0.0045984012564432,Male,White,True,Male_White,0.0
8562,37--Soccer/37_Soccer_Soccer_37_192.jpg,888.0,74.0,926.0,119.0,1.0,0.0,1.0,0.0,0.0,0.0,1024.0,776.0,0.0021519611791237,Male,White,True,Male_White,0.0
8581,37--Soccer/37_Soccer_soccer_ball_37_393.jpg,699.0,716.0,818.0,821.0,1.0,1.0,0.0,0.0,0.0,0.0,1024.0,1790.0,0.0068168427025139,Male,White,True,Male_White,0.0
8582,37--Soccer/37_Soccer_soccer_ball_37_393.jpg,143.0,1062.0,269.0,1167.0,1.0,0.0,0.0,0.0,0.0,1.0,1024.0,1790.0,0.0072178334497206,Male,White,True,Male_White,0.0
8583,37--Soccer/37_Soccer_soccer_ball_37_393.jpg,175.0,1499.0,490.0,1684.0,1.0,0.0,0.0,0.0,0.0,1.0,1024.0,1790.0,0.0317928378142458,Male,White,True,Male_White,1.0
8584,37--Soccer/37_Soccer_soccer_ball_37_393.jpg,56.0,426.0,140.0,534.0,1.0,1.0,0.0,0.0,0.0,1.0,1024.0,1790.0,0.0049493715083798,Male,White,True,Male_White,0.0
8585,37--Soccer/37_Soccer_Soccer_37_194.jpg,256.0,54.0,316.0,138.0,0.0,0.0,0.0,0.0,0.0,0.0,1024.0,769.0,0.0064003576072821,Male,White,True,Male_White,0.0
8587,37--Soccer/37_Soccer_Soccer_37_445.jpg,20.0,200.0,74.0,270.0,1.0,0.0,0.0,0.0,0.0,0.0,1024.0,640.0,0.005767822265625,Male,White,True,Male_White,0.0
8608,37--Soccer/37_Soccer_Soccer_37_383.jpg,537.0,130.0,675.0,283.0,0.0,0.0,0.0,0.0,0.0,0.0,1024.0,1478.0,0.0139507040764546,Male,White,True,Male_White,0.0
8611,37--Soccer/37_Soccer_soccer_ball_37_620.jpg,194.0,133.0,230.0,183.0,1.0,0.0,0.0,0.0,0.0,0.0,1024.0,693.0,0.0025365259740259,Male,White,True,Male_White,0.0
8612,37--Soccer/37_Soccer_soccer_ball_37_620.jpg,145.0,352.0,183.0,400.0,1.0,0.0,0.0,0.0,0.0,0.0,1024.0,693.0,0.0025703463203463,Male,White,True,Male_White,0.0
8613,37--Soccer/37_Soccer_soccer_ball_37_620.jpg,414.0,149.0,450.0,200.0,1.0,0.0,0.0,0.0,0.0,0.0,1024.0,693.0,0.0025872564935064,Male,White,True,Male_White,0.0
8614,37--Soccer/37_Soccer_soccer_ball_37_620.jpg,313.0,145.0,349.0,193.0,1.0,0.0,0.0,0.0,0.0,0.0,1024.0,693.0,0.0024350649350649,Male,White,True,Male_White,0.0
8615,37--Soccer/37_Soccer_soccer_ball_37_620.jpg,310.0,360.0,348.0,414.0,1.0,0.0,0.0,0.0,0.0,0.0,1024.0,693.0,0.0028916396103896,Male,Black,True,Male_Black,0.0
8616,37--Soccer/37_Soccer_soccer_ball_37_620.jpg,529.0,129.0,564.0,180.0,1.0,0.0,0.0,0.0,0.0,0.0,1024.0,693.0,0.0025153882575757,Male,Black,True,Male_Black,0.0
8617,37--Soccer/37_Soccer_soccer_ball_37_620.jpg,644.0,139.0,683.0,192.0,1.0,0.0,0.0,0.0,0.0,0.0,1024.0,693.0,0.0029127773268398,Male,White,True,Male_White,0.0
8618,37--Soccer/37_Soccer_soccer_ball_37_620.jpg,766.0,129.0,804.0,184.0,1.0,0.0,0.0,0.0,0.0,0.0,1024.0,693.0,0.0029451884920634,Male,Black,True,Male_Black,0.0
8619,37--Soccer/37_Soccer_soccer_ball_37_620.jpg,844.0,345.0,884.0,400.0,1.0,0.0,0.0,0.0,0.0,0.0,1024.0,693.0,0.0031001984126984,Male,White,True,Male_White,0.0
8620,37--Soccer/37_Soccer_soccer_ball_37_620.jpg,651.0,344.0,689.0,402.0,1.0,0.0,0.0,0.0,0.0,0.0,1024.0,693.0,0.0031058351370851,Male,White,True,Male_White,0.0
8621,37--Soccer/37_Soccer_soccer_ball_37_620.jpg,477.0,344.0,516.0,397.0,1.0,0.0,0.0,0.0,0.0,0.0,1024.0,693.0,0.0029127773268398,Male,Black,True,Male_Black,0.0
8624,37--Soccer/37_Soccer_Soccer_37_520.jpg,389.0,260.0,743.0,705.0,0.0,0.0,0.0,0.0,0.0,0.0,1024.0,1375.0,0.1118821022727272,Male,White,True,Male_White,4.0
8625,37--Soccer/37_Soccer_soccer_ball_37_639.jpg,400.0,186.0,692.0,532.0,0.0,0.0,0.0,0.0,0.0,0.0,1024.0,768.0,0.1284688313802083,Male,White,True,Male_White,4.0
8644,37--Soccer/37_Soccer_soccer_ball_37_5.jpg,486.0,42.0,542.0,122.0,0.0,0.0,0.0,0.0,0.0,0.0,1024.0,644.0,0.0067934782608695,Male,White,True,Male_White,0.0
8648,37--Soccer/37_Soccer_Soccer_37_164.jpg,284.0,106.0,352.0,196.0,0.0,0.0,0.0,0.0,0.0,0.0,1024.0,828.0,0.0072180706521739,Male,White,True,Male_White,0.0
8653,37--Soccer/37_Soccer_soccer_ball_37_133.jpg,286.0,110.0,334.0,183.0,0.0,0.0,1.0,0.0,0.0,0.0,1024.0,640.0,0.0053466796875,Male,White,True,Male_White,0.0
8658,37--Soccer/37_Soccer_soccer_ball_37_108.jpg,352.0,118.0,417.0,193.0,0.0,0.0,0.0,0.0,0.0,0.0,1024.0,883.0,0.0053915540062287,Male,White,True,Male_White,0.0
8659,37--Soccer/37_Soccer_soccer_ball_37_108.jpg,766.0,107.0,826.0,188.0,1.0,0.0,0.0,0.0,0.0,0.0,1024.0,883.0,0.0053749646092865,Male,White,True,Male_White,0.0
8660,37--Soccer/37_Soccer_soccer_ball_37_108.jpg,656.0,74.0,706.0,142.0,1.0,0.0,0.0,0.0,0.0,0.0,1024.0,883.0,0.0037602633069082,Male,White,True,Male_White,0.0
8661,37--Soccer/37_Soccer_Soccer_37_46.jpg,404.0,178.0,476.0,240.0,0.0,0.0,1.0,0.0,0.0,1.0,1024.0,576.0,0.007568359375,Male,White,True,Male_White,0.0
8664,37--Soccer/37_Soccer_soccer_ball_37_783.jpg,535.0,80.0,584.0,141.0,0.0,0.0,0.0,0.0,0.0,0.0,1024.0,640.0,0.0045608520507812,Male,White,True,Male_White,0.0
8665,37--Soccer/37_Soccer_soccer_ball_37_9.jpg,253.0,263.0,334.0,371.0,0.0,0.0,0.0,0.0,0.0,0.0,1024.0,1078.0,0.007924831864564,Male,White,True,Male_White,0.0
8666,37--Soccer/37_Soccer_soccer_ball_37_9.jpg,519.0,137.0,601.0,240.0,0.0,0.0,0.0,0.0,0.0,0.0,1024.0,1078.0,0.0076512494202226,Male,White,True,Male_White,0.0
8667,37--Soccer/37_Soccer_soccer_ball_37_9.jpg,824.0,55.0,875.0,127.0,1.0,0.0,0.0,0.0,0.0,0.0,1024.0,1078.0,0.0033264726345083,Male,White,True,Male_White,0.0
8668,37--Soccer/37_Soccer_soccer_ball_37_726.jpg,181.0,76.0,214.0,123.0,0.0,0.0,0.0,0.0,0.0,0.0,1024.0,576.0,0.0026295979817708,Male,White,True,Male_White,0.0
8669,37--Soccer/37_Soccer_soccer_ball_37_726.jpg,270.0,97.0,304.0,143.0,0.0,0.0,0.0,0.0,0.0,0.0,1024.0,576.0,0.0026516384548611,Male,White,True,Male_White,0.0
8670,37--Soccer/37_Soccer_soccer_ball_37_726.jpg,367.0,97.0,400.0,139.0,0.0,0.0,0.0,0.0,0.0,0.0,1024.0,576.0,0.002349853515625,Male,White,True,Male_White,0.0
8671,37--Soccer/37_Soccer_soccer_ball_37_726.jpg,471.0,108.0,506.0,154.0,0.0,0.0,0.0,0.0,0.0,0.0,1024.0,576.0,0.0027296278211805,Male,White,True,Male_White,0.0
8672,37--Soccer/37_Soccer_soccer_ball_37_726.jpg,584.0,95.0,618.0,142.0,0.0,0.0,0.0,0.0,0.0,0.0,1024.0,576.0,0.0027092827690972,Male,Black,True,Male_Black,0.0
8673,37--Soccer/37_Soccer_soccer_ball_37_726.jpg,676.0,98.0,713.0,148.0,0.0,0.0,0.0,0.0,0.0,0.0,1024.0,576.0,0.0031365288628472,Male,White,True,Male_White,0.0
8674,37--Soccer/37_Soccer_soccer_ball_37_726.jpg,660.0,248.0,695.0,293.0,0.0,0.0,0.0,0.0,0.0,0.0,1024.0,576.0,0.0026702880859375,Male,Black,True,Male_Black,0.0
8675,37--Soccer/37_Soccer_soccer_ball_37_726.jpg,787.0,122.0,822.0,166.0,0.0,0.0,0.0,0.0,0.0,0.0,1024.0,576.0,0.0026109483506944,Male,Black,True,Male_Black,0.0
8676,37--Soccer/37_Soccer_soccer_ball_37_726.jpg,304.0,285.0,341.0,330.0,0.0,0.0,0.0,0.0,0.0,0.0,1024.0,576.0,0.0028228759765625,Male,Black,True,Male_Black,0.0
8677,37--Soccer/37_Soccer_soccer_ball_37_726.jpg,422.0,273.0,459.0,323.0,0.0,0.0,0.0,0.0,0.0,0.0,1024.0,576.0,0.0031365288628472,Male,White,True,Male_White,0.0
8678,37--Soccer/37_Soccer_soccer_ball_37_726.jpg,532.0,302.0,570.0,338.0,0.0,0.0,1.0,0.0,0.0,0.0,1024.0,576.0,0.0023193359375,Male,White,True,Male_White,0.0
8714,37--Soccer/37_Soccer_soccer_ball_37_987.jpg,345.0,306.0,755.0,800.0,0.0,0.0,0.0,0.0,0.0,0.0,1024.0,1439.0,0.1374516808547602,Male,White,True,Male_White,5.0
8715,37--Soccer/37_Soccer_Soccer_37_781.jpg,558.0,262.0,632.0,346.0,1.0,0.0,0.0,0.0,0.0,0.0,1024.0,613.0,0.0099026305057096,Male,White,True,Male_White,0.0
8717,37--Soccer/37_Soccer_soccer_ball_37_462.jpg,761.0,132.0,813.0,210.0,0.0,0.0,0.0,0.0,0.0,1.0,1024.0,787.0,0.0050329574332909,Male,White,True,Male_White,0.0
8718,37--Soccer/37_Soccer_soccer_ball_37_910.jpg,444.0,70.0,674.0,408.0,0.0,0.0,0.0,0.0,0.0,0.0,1024.0,768.0,0.0988515218098958,Male,White,True,Male_White,3.0
8719,37--Soccer/37_Soccer_soccer_ball_37_332.jpg,613.0,146.0,660.0,213.0,0.0,1.0,0.0,0.0,0.0,0.0,1024.0,769.0,0.0039989535923276,Male,Black,True,Male_Black,0.0
8732,37--Soccer/37_Soccer_Soccer_37_218.jpg,436.0,54.0,500.0,142.0,0.0,0.0,0.0,0.0,0.0,0.0,1024.0,677.0,0.0081240768094534,Male,White,True,Male_White,0.0
8735,37--Soccer/37_Soccer_soccer_ball_37_251.jpg,175.0,226.0,212.0,285.0,0.0,0.0,1.0,0.0,0.0,0.0,1024.0,640.0,0.0033309936523437,Male,White,True,Male_White,0.0
8736,37--Soccer/37_Soccer_soccer_ball_37_532.jpg,812.0,538.0,908.0,608.0,0.0,0.0,0.0,0.0,0.0,1.0,1024.0,768.0,0.008544921875,Male,White,True,Male_White,0.0
8737,37--Soccer/37_Soccer_soccer_ball_37_532.jpg,760.0,134.0,838.0,198.0,0.0,0.0,0.0,0.0,0.0,1.0,1024.0,768.0,0.00634765625,Male,White,True,Male_White,0.0
8738,37--Soccer/37_Soccer_soccer_ball_37_532.jpg,762.0,506.0,866.0,560.0,0.0,0.0,0.0,0.0,0.0,1.0,1024.0,768.0,0.00714111328125,Male,White,True,Male_White,0.0
8744,37--Soccer/37_Soccer_soccer_ball_37_308.jpg,392.0,202.0,468.0,334.0,0.0,1.0,0.0,0.0,0.0,0.0,1024.0,768.0,0.01275634765625,Male,White,True,Male_White,0.0
8745,37--Soccer/37_Soccer_soccer_ball_37_771.jpg,144.0,15.0,192.0,76.0,0.0,0.0,0.0,0.0,1.0,0.0,1024.0,576.0,0.0049641927083333,Male,White,True,Male_White,0.0
8746,37--Soccer/37_Soccer_soccer_ball_37_771.jpg,136.0,71.0,182.0,134.0,0.0,0.0,0.0,0.0,0.0,0.0,1024.0,576.0,0.004913330078125,Male,White,True,Male_White,0.0
8747,37--Soccer/37_Soccer_soccer_ball_37_771.jpg,253.0,94.0,302.0,164.0,0.0,0.0,0.0,0.0,0.0,0.0,1024.0,576.0,0.0058152940538194,Male,White,True,Male_White,0.0
8748,37--Soccer/37_Soccer_soccer_ball_37_771.jpg,288.0,20.0,332.0,81.0,0.0,0.0,0.0,0.0,0.0,0.0,1024.0,576.0,0.0045505099826388,Male,White,True,Male_White,0.0
8749,37--Soccer/37_Soccer_soccer_ball_37_771.jpg,450.0,104.0,497.0,167.0,0.0,0.0,0.0,0.0,0.0,0.0,1024.0,576.0,0.0050201416015625,Male,White,True,Male_White,0.0
8750,37--Soccer/37_Soccer_soccer_ball_37_771.jpg,394.0,31.0,436.0,86.0,0.0,0.0,0.0,0.0,0.0,0.0,1024.0,576.0,0.0039164225260416,Male,White,True,Male_White,0.0
8751,37--Soccer/37_Soccer_soccer_ball_37_771.jpg,527.0,23.0,568.0,81.0,0.0,0.0,0.0,0.0,0.0,0.0,1024.0,576.0,0.0040317111545138,Male,White,True,Male_White,0.0
8752,37--Soccer/37_Soccer_soccer_ball_37_771.jpg,766.0,93.0,814.0,155.0,0.0,0.0,0.0,0.0,0.0,0.0,1024.0,576.0,0.0050455729166666,Male,White,True,Male_White,0.0
8753,37--Soccer/37_Soccer_soccer_ball_37_771.jpg,785.0,9.0,829.0,66.0,0.0,0.0,0.0,0.0,0.0,0.0,1024.0,576.0,0.0042521158854166,Male,White,True,Male_White,0.0
8754,37--Soccer/37_Soccer_soccer_ball_37_771.jpg,667.0,11.0,709.0,69.0,0.0,0.0,0.0,0.0,0.0,0.0,1024.0,576.0,0.0041300455729166,Male,White,True,Male_White,0.0
8755,37--Soccer/37_Soccer_soccer_ball_37_771.jpg,654.0,155.0,699.0,217.0,0.0,0.0,0.0,0.0,0.0,0.0,1024.0,576.0,0.004730224609375,Male,White,True,Male_White,0.0
8758,37--Soccer/37_Soccer_Soccer_37_215.jpg,430.0,98.0,538.0,200.0,1.0,1.0,0.0,0.0,0.0,0.0,1024.0,688.0,0.0156363553779069,Male,White,True,Male_White,0.0
8759,37--Soccer/37_Soccer_soccer_ball_37_351.jpg,584.0,166.0,638.0,210.0,1.0,0.0,0.0,0.0,0.0,1.0,1024.0,545.0,0.0042574541284403,Male,White,True,Male_White,0.0
8760,37--Soccer/37_Soccer_soccer_ball_37_351.jpg,361.0,50.0,419.0,112.0,1.0,0.0,0.0,0.0,0.0,0.0,1024.0,545.0,0.0064435206422018,Male,White,True,Male_White,0.0
8761,37--Soccer/37_Soccer_soccer_ball_37_351.jpg,196.0,10.0,246.0,70.0,1.0,0.0,0.0,0.0,0.0,0.0,1024.0,545.0,0.0053755733944954,Male,White,True,Male_White,0.0
8762,37--Soccer/37_Soccer_soccer_ball_37_327.jpg,456.0,797.0,508.0,851.0,0.0,0.0,0.0,0.0,0.0,0.0,1024.0,1366.0,0.0020074579062957,Male,White,True,Male_White,0.0
8763,37--Soccer/37_Soccer_soccer_ball_37_404.jpg,468.0,80.0,526.0,152.0,0.0,0.0,0.0,0.0,0.0,0.0,1024.0,640.0,0.0063720703125,Male,White,True,Male_White,0.0
8766,37--Soccer/37_Soccer_soccer_ball_37_824.jpg,320.0,99.0,372.0,171.0,0.0,0.0,0.0,0.0,0.0,0.0,1024.0,820.0,0.0044588414634146,Male,White,True,Male_White,0.0
8796,37--Soccer/37_Soccer_soccer_ball_37_670.jpg,257.0,132.0,305.0,207.0,0.0,0.0,0.0,0.0,0.0,0.0,1024.0,640.0,0.0054931640625,Male,White,True,Male_White,0.0
8800,37--Soccer/37_Soccer_soccer_ball_37_709.jpg,432.0,142.0,746.0,554.0,0.0,0.0,0.0,0.0,1.0,0.0,1024.0,682.0,0.185243310117302,Male,White,True,Male_White,6.0
8804,38--Tennis/38_Tennis_Tennis_38_130.jpg,344.0,102.0,466.0,242.0,0.0,0.0,0.0,0.0,0.0,0.0,1024.0,685.0,0.024349908759124,Male,White,True,Male_White,0.0
8811,38--Tennis/38_Tennis_Tennis_38_419.jpg,392.0,106.0,490.0,232.0,0.0,1.0,0.0,0.0,0.0,0.0,1024.0,659.0,0.018298321320182,Male,White,True,Male_White,0.0
8814,38--Tennis/38_Tennis_Tennis_38_521.jpg,622.0,174.0,844.0,452.0,0.0,0.0,0.0,0.0,0.0,0.0,1024.0,827.0,0.0728773050181378,Male,White,True,Male_White,2.0
8818,38--Tennis/38_Tennis_Tennis_38_450.jpg,248.0,114.0,380.0,304.0,0.0,0.0,0.0,0.0,0.0,0.0,1024.0,768.0,0.031890869140625,Male,White,True,Male_White,1.0
8823,38--Tennis/38_Tennis_Tennis_38_82.jpg,511.0,46.0,566.0,117.0,1.0,0.0,0.0,0.0,0.0,0.0,1024.0,586.0,0.0065076391851535,Male,White,True,Male_White,0.0
8827,38--Tennis/38_Tennis_Tennis_38_163.jpg,634.0,378.0,729.0,489.0,0.0,0.0,0.0,0.0,0.0,0.0,1024.0,1424.0,0.0072316373332162,Male,White,True,Male_White,0.0
8829,38--Tennis/38_Tennis_Tennis_38_736.jpg,191.0,254.0,398.0,521.0,0.0,0.0,0.0,0.0,0.0,0.0,1024.0,1343.0,0.0401888554076693,Male,White,True,Male_White,1.0
8830,38--Tennis/38_Tennis_Tennis_38_768.jpg,474.0,66.0,620.0,292.0,0.0,1.0,0.0,0.0,0.0,0.0,1024.0,902.0,0.0357235656873614,Male,White,True,Male_White,1.0
8841,38--Tennis/38_Tennis_Tennis_38_380.jpg,382.0,86.0,494.0,222.0,0.0,0.0,0.0,0.0,0.0,0.0,1024.0,893.0,0.0166573348264277,Male,White,True,Male_White,0.0
8843,38--Tennis/38_Tennis_Tennis_38_787.jpg,338.0,197.0,609.0,594.0,0.0,0.0,0.0,0.0,0.0,0.0,1024.0,1177.0,0.0892654457837723,Male,Black,True,Male_Black,3.0
8848,38--Tennis/38_Tennis_Tennis_38_711.jpg,616.0,116.0,830.0,422.0,0.0,0.0,0.0,0.0,0.0,0.0,1024.0,768.0,0.0832672119140625,Male,White,True,Male_White,3.0
8849,38--Tennis/38_Tennis_Tennis_38_600.jpg,658.0,96.0,858.0,362.0,0.0,0.0,0.0,0.0,0.0,0.0,1024.0,724.0,0.0717584599447513,Male,White,True,Male_White,2.0
8856,38--Tennis/38_Tennis_Tennis_38_7.jpg,554.0,96.0,640.0,192.0,0.0,0.0,0.0,0.0,0.0,1.0,1024.0,987.0,0.0081686930091185,Male,White,True,Male_White,0.0
8857,38--Tennis/38_Tennis_Tennis_38_528.jpg,416.0,88.0,520.0,192.0,1.0,0.0,0.0,0.0,1.0,0.0,1024.0,685.0,0.015419708029197,Male,White,True,Male_White,0.0
8859,38--Tennis/38_Tennis_Tennis_38_151.jpg,142.0,106.0,254.0,238.0,0.0,0.0,0.0,0.0,0.0,0.0,1024.0,721.0,0.0200242718446601,Male,White,True,Male_White,0.0
8862,38--Tennis/38_Tennis_Tennis_38_329.jpg,508.0,56.0,636.0,258.0,0.0,1.0,0.0,0.0,0.0,0.0,1024.0,640.0,0.039453125,Male,White,True,Male_White,1.0
8877,38--Tennis/38_Tennis_Tennis_38_126.jpg,358.0,130.0,472.0,278.0,0.0,0.0,0.0,0.0,0.0,0.0,1024.0,649.0,0.0253876155624037,Male,White,True,Male_White,0.0
8879,38--Tennis/38_Tennis_Tennis_38_729.jpg,252.0,340.0,320.0,441.0,0.0,0.0,0.0,0.0,0.0,0.0,1024.0,1330.0,0.0050428806390977,Male,White,True,Male_White,0.0
8880,38--Tennis/38_Tennis_Tennis_38_729.jpg,515.0,429.0,585.0,530.0,0.0,0.0,0.0,0.0,0.0,0.0,1024.0,1330.0,0.0051912006578947,Male,White,True,Male_White,0.0
8881,38--Tennis/38_Tennis_Tennis_38_729.jpg,759.0,426.0,840.0,514.0,0.0,0.0,0.0,0.0,0.0,0.0,1024.0,1330.0,0.0052337875939849,Male,White,True,Male_White,0.0
8885,38--Tennis/38_Tennis_Tennis_38_966.jpg,126.0,38.0,544.0,676.0,0.0,0.0,0.0,0.0,0.0,0.0,1024.0,768.0,0.3391062418619792,Male,White,True,Male_White,12.0
8895,38--Tennis/38_Tennis_Tennis_38_279.jpg,380.0,756.0,558.0,923.0,0.0,0.0,0.0,0.0,0.0,1.0,1024.0,1475.0,0.0196808792372881,Male,White,True,Male_White,0.0
8896,38--Tennis/38_Tennis_Tennis_38_174.jpg,352.0,86.0,474.0,260.0,0.0,0.0,0.0,0.0,0.0,0.0,1024.0,768.0,0.0269927978515625,Male,White,True,Male_White,0.0
8899,38--Tennis/38_Tennis_Tennis_38_583.jpg,278.0,132.0,582.0,540.0,0.0,1.0,0.0,0.0,0.0,0.0,1024.0,663.0,0.1826923076923076,Male,White,True,Male_White,6.0
8900,38--Tennis/38_Tennis_Tennis_38_140.jpg,600.0,172.0,674.0,246.0,0.0,0.0,0.0,0.0,0.0,0.0,1024.0,926.0,0.00577500674946,Male,White,True,Male_White,0.0
8905,38--Tennis/38_Tennis_Tennis_38_122.jpg,602.0,82.0,656.0,180.0,0.0,0.0,0.0,0.0,0.0,0.0,1024.0,768.0,0.0067291259765625,Male,White,True,Male_White,0.0
8908,38--Tennis/38_Tennis_Tennis_38_314.jpg,472.0,44.0,532.0,124.0,1.0,0.0,0.0,0.0,0.0,0.0,1024.0,512.0,0.0091552734375,Male,White,True,Male_White,0.0
8910,38--Tennis/38_Tennis_Tennis_38_49.jpg,515.0,259.0,600.0,376.0,1.0,0.0,0.0,0.0,0.0,0.0,1024.0,1366.0,0.0071097467514641,Male,White,True,Male_White,0.0
8911,38--Tennis/38_Tennis_Tennis_38_324.jpg,536.0,137.0,700.0,319.0,0.0,0.0,1.0,0.0,0.0,0.0,1024.0,1295.0,0.0225084459459459,Male,White,True,Male_White,0.0
8915,38--Tennis/38_Tennis_Tennis_38_220.jpg,520.0,58.0,612.0,174.0,0.0,0.0,0.0,0.0,0.0,0.0,1024.0,683.0,0.0152589677891654,Male,White,True,Male_White,0.0
8920,38--Tennis/38_Tennis_Tennis_38_41.jpg,566.0,343.0,672.0,436.0,0.0,1.0,0.0,0.0,1.0,0.0,1024.0,1107.0,0.0086964346205962,Male,White,True,Male_White,0.0
8928,38--Tennis/38_Tennis_Tennis_38_645.jpg,412.0,92.0,578.0,278.0,0.0,0.0,0.0,0.0,0.0,0.0,1024.0,768.0,0.0392608642578125,Male,White,True,Male_White,1.0
8938,38--Tennis/38_Tennis_Tennis_38_499.jpg,252.0,184.0,464.0,442.0,0.0,0.0,0.0,0.0,0.0,0.0,1024.0,820.0,0.0651391006097561,Male,White,True,Male_White,2.0
8942,38--Tennis/38_Tennis_Tennis_38_91.jpg,508.0,104.0,606.0,208.0,0.0,0.0,0.0,0.0,0.0,0.0,1024.0,576.0,0.0172797309027777,Male,White,True,Male_White,0.0
8946,38--Tennis/38_Tennis_Tennis_38_780.jpg,243.0,240.0,820.0,934.0,0.0,0.0,0.0,0.0,0.0,0.0,1024.0,1536.0,0.2545916239420573,Male,White,True,Male_White,9.0
8947,38--Tennis/38_Tennis_Tennis_38_53.jpg,680.0,88.0,800.0,242.0,0.0,1.0,0.0,0.0,0.0,0.0,1024.0,729.0,0.0247556584362139,Male,White,True,Male_White,0.0
8948,38--Tennis/38_Tennis_Tennis_38_112.jpg,572.0,114.0,668.0,246.0,0.0,0.0,0.0,0.0,0.0,0.0,1024.0,684.0,0.0180921052631578,Male,White,True,Male_White,0.0
8951,39--Ice_Skating/39_Ice_Skating_Ice_Skating_39_298.jpg,196.0,313.0,227.0,351.0,1.0,0.0,0.0,0.0,0.0,0.0,1024.0,682.0,0.0016867897727272,Male,White,True,Male_White,0.0
8956,39--Ice_Skating/39_Ice_Skating_iceskiing_39_915.jpg,354.0,310.0,418.0,408.0,1.0,0.0,0.0,0.0,0.0,0.0,1024.0,915.0,0.0066939890710382,Male,White,True,Male_White,0.0
8973,39--Ice_Skating/39_Ice_Skating_iceskiing_39_773.jpg,276.0,174.0,384.0,292.0,0.0,0.0,0.0,0.0,0.0,0.0,1024.0,684.0,0.0181949013157894,Male,White,True,Male_White,0.0
8986,39--Ice_Skating/39_Ice_Skating_Ice_Skating_39_232.jpg,752.0,262.0,814.0,367.0,1.0,0.0,0.0,0.0,0.0,0.0,1024.0,1314.0,0.0048382206050228,Male,White,True,Male_White,0.0
9017,39--Ice_Skating/39_Ice_Skating_iceskiing_39_734.jpg,364.0,270.0,400.0,313.0,1.0,0.0,0.0,0.0,0.0,0.0,1024.0,820.0,0.0018435594512195,Male,White,True,Male_White,0.0
9026,39--Ice_Skating/39_Ice_Skating_iceskiing_39_157.jpg,140.0,222.0,424.0,608.0,0.0,0.0,0.0,0.0,0.0,0.0,1024.0,768.0,0.1393941243489583,Male,White,True,Male_White,5.0
9027,39--Ice_Skating/39_Ice_Skating_Ice_Skating_39_321.jpg,466.0,134.0,530.0,216.0,0.0,0.0,0.0,0.0,0.0,1.0,1024.0,687.0,0.0074599708879184,Male,White,True,Male_White,0.0
9028,39--Ice_Skating/39_Ice_Skating_Ice_Skating_39_101.jpg,443.0,168.0,544.0,290.0,0.0,0.0,0.0,0.0,1.0,0.0,1024.0,1176.0,0.0102323155824829,Male,White,True,Male_White,0.0
9032,39--Ice_Skating/39_Ice_Skating_Ice_Skating_39_179.jpg,306.0,134.0,370.0,206.0,0.0,0.0,0.0,0.0,0.0,0.0,1024.0,898.0,0.005011135857461,Male,White,True,Male_White,0.0
9038,39--Ice_Skating/39_Ice_Skating_iceskiing_39_45.jpg,364.0,102.0,420.0,176.0,0.0,0.0,0.0,0.0,0.0,0.0,1024.0,673.0,0.0060131872213967,Male,White,True,Male_White,0.0
9041,39--Ice_Skating/39_Ice_Skating_iceskiing_39_631.jpg,609.0,203.0,660.0,263.0,1.0,0.0,0.0,0.0,1.0,0.0,1024.0,682.0,0.0043816440615835,Male,White,True,Male_White,0.0
9056,39--Ice_Skating/39_Ice_Skating_iceskiing_39_888.jpg,430.0,981.0,506.0,1083.0,1.0,0.0,0.0,0.0,0.0,1.0,1024.0,1303.0,0.0058099098234842,Male,White,True,Male_White,0.0
9062,39--Ice_Skating/39_Ice_Skating_iceskiing_39_484.jpg,571.0,565.0,631.0,646.0,1.0,0.0,0.0,0.0,0.0,0.0,1024.0,1536.0,0.0030899047851562,Male,White,True,Male_White,0.0
9066,39--Ice_Skating/39_Ice_Skating_iceskiing_39_658.jpg,768.0,206.0,821.0,285.0,0.0,0.0,0.0,0.0,0.0,0.0,1024.0,683.0,0.0059866283857979,Male,Black,True,Male_Black,0.0
9067,39--Ice_Skating/39_Ice_Skating_iceskiing_39_658.jpg,558.0,200.0,613.0,273.0,1.0,0.0,0.0,0.0,0.0,0.0,1024.0,683.0,0.0057407004941434,Male,Black,True,Male_Black,0.0
9068,39--Ice_Skating/39_Ice_Skating_iceskiing_39_658.jpg,369.0,192.0,428.0,269.0,1.0,0.0,0.0,0.0,0.0,0.0,1024.0,683.0,0.0064956419289897,Male,Black,True,Male_Black,0.0
9069,39--Ice_Skating/39_Ice_Skating_iceskiing_39_658.jpg,198.0,242.0,250.0,320.0,1.0,0.0,0.0,0.0,0.0,0.0,1024.0,683.0,0.0057993228404099,Male,Black,True,Male_Black,0.0
9070,39--Ice_Skating/39_Ice_Skating_Ice_Skating_39_876.jpg,513.0,184.0,549.0,227.0,1.0,0.0,1.0,0.0,0.0,0.0,1024.0,684.0,0.0022101151315789,Male,White,True,Male_White,0.0
9114,39--Ice_Skating/39_Ice_Skating_Ice_Skating_39_109.jpg,434.0,532.0,552.0,700.0,0.0,0.0,0.0,0.0,0.0,1.0,1024.0,1229.0,0.0157521358828315,Male,Asian,True,Male_Asian,0.0
9122,39--Ice_Skating/39_Ice_Skating_iceskiing_39_723.jpg,471.0,78.0,511.0,129.0,1.0,0.0,0.0,0.0,0.0,0.0,1024.0,342.0,0.0058251096491228,Male,White,True,Male_White,0.0
9129,39--Ice_Skating/39_Ice_Skating_iceskiing_39_26.jpg,520.0,250.0,565.0,302.0,1.0,0.0,0.0,0.0,1.0,0.0,1024.0,684.0,0.0033408717105263,Male,White,True,Male_White,0.0
9131,39--Ice_Skating/39_Ice_Skating_Ice_Skating_39_208.jpg,422.0,212.0,488.0,296.0,1.0,0.0,0.0,0.0,0.0,0.0,1024.0,648.0,0.0083550347222222,Male,Asian,True,Male_Asian,0.0
9132,39--Ice_Skating/39_Ice_Skating_Ice_Skating_39_208.jpg,560.0,182.0,622.0,262.0,1.0,0.0,0.0,0.0,0.0,0.0,1024.0,648.0,0.0074749228395061,Male,White,True,Male_White,0.0
9133,39--Ice_Skating/39_Ice_Skating_Ice_Skating_39_208.jpg,732.0,126.0,798.0,194.0,1.0,0.0,0.0,0.0,0.0,0.0,1024.0,648.0,0.006763599537037,Male,Asian,True,Male_Asian,0.0
9137,39--Ice_Skating/39_Ice_Skating_Ice_Skating_39_20.jpg,588.0,133.0,757.0,360.0,0.0,0.0,0.0,0.0,0.0,0.0,1024.0,1847.0,0.0202836313955062,Male,White,True,Male_White,0.0
9138,39--Ice_Skating/39_Ice_Skating_iceskiing_39_803.jpg,446.0,373.0,490.0,434.0,1.0,0.0,0.0,0.0,0.0,1.0,1024.0,1119.0,0.0023423536639857,Male,White,True,Male_White,0.0
9155,39--Ice_Skating/39_Ice_Skating_iceskiing_39_264.jpg,502.0,687.0,584.0,796.0,0.0,0.0,0.0,0.0,0.0,0.0,1024.0,1504.0,0.0058035343251329,Male,White,True,Male_White,0.0
9156,39--Ice_Skating/39_Ice_Skating_iceskiing_39_281.jpg,378.0,284.0,664.0,670.0,0.0,0.0,0.0,0.0,0.0,0.0,1024.0,768.0,0.1403757731119791,Male,White,True,Male_White,5.0
9167,39--Ice_Skating/39_Ice_Skating_iceskiing_39_788.jpg,252.0,266.0,322.0,356.0,0.0,0.0,0.0,0.0,0.0,0.0,1024.0,721.0,0.0085330703883495,Male,White,True,Male_White,0.0
9168,39--Ice_Skating/39_Ice_Skating_Ice_Skating_39_284.jpg,232.0,623.0,371.0,749.0,1.0,0.0,0.0,0.0,0.0,1.0,1024.0,1540.0,0.0111061789772727,Male,Asian,True,Male_Asian,0.0
9195,4--Dancing/4_Dancing_Dancing_4_198.jpg,506.0,114.0,584.0,226.0,1.0,0.0,0.0,0.0,0.0,0.0,1024.0,768.0,0.0111083984375,Male,White,True,Male_White,0.0
9196,4--Dancing/4_Dancing_Dancing_4_871.jpg,126.0,8.0,404.0,320.0,0.0,0.0,0.0,0.0,0.0,0.0,1024.0,888.0,0.095386402027027,Male,White,True,Male_White,3.0
9205,4--Dancing/4_Dancing_Dancing_4_531.jpg,209.0,322.0,410.0,504.0,0.0,0.0,0.0,0.0,0.0,1.0,1024.0,1072.0,0.0333251953125,Male,Indian,True,Male_Indian,1.0
9238,4--Dancing/4_Dancing_Dancing_4_924.jpg,212.0,152.0,318.0,280.0,0.0,0.0,0.0,0.0,0.0,0.0,1024.0,768.0,0.0172526041666666,Male,White,True,Male_White,0.0
9239,4--Dancing/4_Dancing_Dancing_4_924.jpg,418.0,252.0,506.0,370.0,0.0,0.0,0.0,0.0,0.0,0.0,1024.0,768.0,0.0132039388020833,Male,White,True,Male_White,0.0
9240,4--Dancing/4_Dancing_Dancing_4_924.jpg,182.0,474.0,242.0,548.0,1.0,0.0,0.0,0.0,0.0,0.0,1024.0,768.0,0.005645751953125,Male,White,True,Male_White,0.0
9241,4--Dancing/4_Dancing_Dancing_4_924.jpg,362.0,458.0,448.0,550.0,0.0,0.0,0.0,0.0,0.0,1.0,1024.0,768.0,0.0100606282552083,Male,White,True,Male_White,0.0
9242,4--Dancing/4_Dancing_Dancing_4_924.jpg,692.0,98.0,834.0,270.0,0.0,0.0,0.0,0.0,0.0,0.0,1024.0,768.0,0.0310567220052083,Male,White,True,Male_White,1.0
9265,4--Dancing/4_Dancing_Dancing_4_944.jpg,362.0,184.0,858.0,924.0,0.0,0.0,1.0,0.0,0.0,0.0,1024.0,1020.0,0.3514093137254901,Male,White,True,Male_White,13.0
9275,4--Dancing/4_Dancing_Dancing_4_226.jpg,453.0,207.0,654.0,422.0,0.0,0.0,0.0,0.0,0.0,0.0,1024.0,1433.0,0.029450208260642,Male,White,True,Male_White,1.0
9278,4--Dancing/4_Dancing_Dancing_4_522.jpg,441.0,155.0,643.0,464.0,0.0,0.0,0.0,0.0,0.0,0.0,1024.0,1056.0,0.0577226118607954,Male,White,True,Male_White,2.0
9309,4--Dancing/4_Dancing_Dancing_4_419.jpg,529.0,159.0,867.0,610.0,0.0,0.0,1.0,0.0,0.0,0.0,1024.0,1031.0,0.1443891701018428,Male,White,True,Male_White,5.0
9310,4--Dancing/4_Dancing_Dancing_4_862.jpg,572.0,112.0,670.0,232.0,1.0,0.0,0.0,0.0,0.0,1.0,1024.0,768.0,0.01495361328125,Male,Indian,True,Male_Indian,0.0
9311,4--Dancing/4_Dancing_Dancing_4_95.jpg,251.0,211.0,291.0,261.0,0.0,0.0,0.0,0.0,0.0,0.0,1024.0,768.0,0.0025431315104166,Male,White,True,Male_White,0.0
9312,4--Dancing/4_Dancing_Dancing_4_95.jpg,308.0,215.0,347.0,273.0,0.0,0.0,0.0,0.0,0.0,0.0,1024.0,768.0,0.0028762817382812,Male,White,True,Male_White,0.0
9313,4--Dancing/4_Dancing_Dancing_4_95.jpg,608.0,228.0,644.0,277.0,0.0,0.0,0.0,0.0,0.0,0.0,1024.0,768.0,0.0022430419921875,Male,White,True,Male_White,0.0
9314,4--Dancing/4_Dancing_Dancing_4_95.jpg,808.0,221.0,840.0,267.0,0.0,0.0,0.0,0.0,0.0,0.0,1024.0,768.0,0.0018717447916666,Male,White,True,Male_White,0.0
9368,4--Dancing/4_Dancing_Dancing_4_702.jpg,256.0,344.0,320.0,426.0,1.0,1.0,0.0,0.0,0.0,0.0,1024.0,930.0,0.005510752688172,Male,White,True,Male_White,0.0
9369,4--Dancing/4_Dancing_Dancing_4_702.jpg,284.0,576.0,346.0,668.0,1.0,0.0,0.0,0.0,0.0,0.0,1024.0,930.0,0.0059895833333333,Male,Asian,True,Male_Asian,0.0
9370,4--Dancing/4_Dancing_Dancing_4_702.jpg,702.0,558.0,760.0,656.0,1.0,0.0,0.0,0.0,0.0,0.0,1024.0,930.0,0.0059685819892473,Male,White,True,Male_White,0.0
9371,4--Dancing/4_Dancing_Dancing_4_702.jpg,728.0,372.0,788.0,464.0,1.0,1.0,0.0,0.0,0.0,0.0,1024.0,930.0,0.0057963709677419,Male,White,True,Male_White,0.0
9407,40--Gymnastics/40_Gymnastics_Gymnastics_40_204.jpg,456.0,144.0,516.0,222.0,0.0,0.0,0.0,0.0,0.0,0.0,1024.0,468.0,0.009765625,Male,White,True,Male_White,0.0
9420,40--Gymnastics/40_Gymnastics_Gymnastics_40_904.jpg,529.0,169.0,566.0,220.0,0.0,0.0,0.0,0.0,0.0,0.0,1024.0,683.0,0.0026980577415812,Male,White,True,Male_White,0.0
9439,40--Gymnastics/40_Gymnastics_Gymnastics_40_26.jpg,400.0,773.0,507.0,952.0,1.0,0.0,0.0,0.0,0.0,1.0,1024.0,1366.0,0.0136926072931918,Male,Asian,True,Male_Asian,0.0
9441,40--Gymnastics/40_Gymnastics_Gymnastics_40_66.jpg,474.0,104.0,552.0,206.0,0.0,0.0,0.0,0.0,0.0,0.0,1024.0,683.0,0.0113755948023426,Male,White,True,Male_White,0.0
9514,40--Gymnastics/40_Gymnastics_Gymnastics_40_623.jpg,250.0,294.0,310.0,372.0,0.0,0.0,0.0,0.0,0.0,0.0,1024.0,768.0,0.005950927734375,Male,White,True,Male_White,0.0
9515,40--Gymnastics/40_Gymnastics_Gymnastics_40_623.jpg,336.0,360.0,406.0,446.0,0.0,0.0,0.0,0.0,0.0,0.0,1024.0,768.0,0.0076548258463541,Male,White,True,Male_White,0.0
9516,40--Gymnastics/40_Gymnastics_Gymnastics_40_623.jpg,330.0,48.0,392.0,144.0,0.0,0.0,0.0,0.0,0.0,0.0,1024.0,768.0,0.007568359375,Male,White,True,Male_White,0.0
9517,40--Gymnastics/40_Gymnastics_Gymnastics_40_623.jpg,388.0,162.0,446.0,238.0,0.0,0.0,0.0,0.0,0.0,0.0,1024.0,768.0,0.0056050618489583,Male,White,True,Male_White,0.0
9518,40--Gymnastics/40_Gymnastics_Gymnastics_40_623.jpg,510.0,288.0,580.0,382.0,0.0,0.0,0.0,0.0,0.0,0.0,1024.0,768.0,0.0083669026692708,Male,White,True,Male_White,0.0
9519,40--Gymnastics/40_Gymnastics_Gymnastics_40_623.jpg,460.0,66.0,514.0,150.0,0.0,0.0,0.0,0.0,0.0,0.0,1024.0,768.0,0.005767822265625,Male,Black,True,Male_Black,0.0
9520,40--Gymnastics/40_Gymnastics_Gymnastics_40_623.jpg,554.0,150.0,608.0,232.0,0.0,0.0,0.0,0.0,0.0,0.0,1024.0,768.0,0.0056304931640625,Male,White,True,Male_White,0.0
9521,40--Gymnastics/40_Gymnastics_Gymnastics_40_623.jpg,642.0,212.0,716.0,312.0,0.0,0.0,0.0,0.0,0.0,0.0,1024.0,768.0,0.0094095865885416,Male,White,True,Male_White,0.0
9566,40--Gymnastics/40_Gymnastics_Gymnastics_40_796.jpg,34.0,110.0,112.0,164.0,1.0,0.0,0.0,0.0,0.0,1.0,1024.0,563.0,0.0073060057726465,Male,White,True,Male_White,0.0
9626,40--Gymnastics/40_Gymnastics_Gymnastics_40_926.jpg,134.0,6.0,528.0,482.0,0.0,0.0,0.0,0.0,0.0,0.0,1024.0,576.0,0.3179660373263889,Male,Indian,True,Male_Indian,11.0
9743,40--Gymnastics/40_Gymnastics_Gymnastics_40_145.jpg,470.0,372.0,526.0,464.0,1.0,0.0,0.0,0.0,0.0,1.0,1024.0,678.0,0.0074207227138643,Male,Asian,True,Male_Asian,0.0
9744,40--Gymnastics/40_Gymnastics_Gymnastics_40_1007.jpg,691.0,462.0,814.0,666.0,0.0,0.0,0.0,0.0,0.0,0.0,1024.0,1536.0,0.0159530639648437,Male,White,True,Male_White,0.0
9754,40--Gymnastics/40_Gymnastics_Gymnastics_40_533.jpg,306.0,100.0,374.0,184.0,0.0,0.0,0.0,0.0,0.0,0.0,1024.0,683.0,0.0081670937042459,Male,White,True,Male_White,0.0
9761,40--Gymnastics/40_Gymnastics_Gymnastics_40_508.jpg,549.0,1272.0,699.0,1405.0,0.0,0.0,0.0,0.0,0.0,1.0,1024.0,1787.0,0.0109023065892557,Male,White,True,Male_White,0.0
9772,40--Gymnastics/40_Gymnastics_Gymnastics_40_667.jpg,255.0,174.0,486.0,473.0,0.0,1.0,0.0,0.0,0.0,0.0,1024.0,1532.0,0.0440275426321801,Male,Indian,True,Male_Indian,1.0
9812,40--Gymnastics/40_Gymnastics_Gymnastics_40_428.jpg,472.0,116.0,554.0,228.0,0.0,0.0,0.0,0.0,0.0,0.0,1024.0,622.0,0.0144192122186495,Male,White,True,Male_White,0.0
9852,40--Gymnastics/40_Gymnastics_Gymnastics_40_765.jpg,353.0,198.0,563.0,473.0,0.0,0.0,0.0,0.0,0.0,0.0,1024.0,1532.0,0.0368123266155352,Male,White,True,Male_White,1.0
9855,40--Gymnastics/40_Gymnastics_Gymnastics_40_382.jpg,688.0,84.0,776.0,200.0,0.0,0.0,0.0,0.0,0.0,0.0,1024.0,920.0,0.0108355978260869,Male,White,True,Male_White,0.0
9869,40--Gymnastics/40_Gymnastics_Gymnastics_40_313.jpg,562.0,48.0,634.0,164.0,0.0,0.0,0.0,0.0,0.0,0.0,1024.0,683.0,0.0119418008784773,Male,White,True,Male_White,0.0
9929,41--Swimming/41_Swimming_Swimmer_41_143.jpg,382.0,194.0,558.0,470.0,0.0,1.0,0.0,0.0,0.0,0.0,1024.0,754.0,0.0629144562334217,Male,White,True,Male_White,2.0
9930,41--Swimming/41_Swimming_Swimmer_41_565.jpg,291.0,258.0,677.0,796.0,0.0,0.0,0.0,0.0,0.0,0.0,1024.0,1392.0,0.1456902164152299,Male,White,True,Male_White,5.0
9932,41--Swimming/41_Swimming_Swimmer_41_128.jpg,394.0,186.0,550.0,434.0,0.0,1.0,0.0,0.0,0.0,0.0,1024.0,577.0,0.0654787694974003,Male,White,True,Male_White,2.0
9942,41--Swimming/41_Swimming_Swimming_41_367.jpg,410.0,164.0,606.0,362.0,0.0,0.0,0.0,0.0,0.0,0.0,1024.0,686.0,0.0552455357142857,Male,White,True,Male_White,2.0
9945,41--Swimming/41_Swimming_Swimmer_41_503.jpg,150.0,278.0,236.0,398.0,0.0,0.0,0.0,0.0,0.0,0.0,1024.0,765.0,0.0131740196078431,Male,White,True,Male_White,0.0
9946,41--Swimming/41_Swimming_Swimmer_41_503.jpg,372.0,294.0,450.0,402.0,0.0,0.0,0.0,0.0,0.0,0.0,1024.0,765.0,0.0107536764705882,Male,White,True,Male_White,0.0
9947,41--Swimming/41_Swimming_Swimmer_41_503.jpg,482.0,234.0,554.0,330.0,0.0,0.0,0.0,0.0,0.0,0.0,1024.0,765.0,0.0088235294117647,Male,White,True,Male_White,0.0
9948,41--Swimming/41_Swimming_Swimmer_41_503.jpg,628.0,252.0,702.0,350.0,0.0,0.0,0.0,0.0,0.0,0.0,1024.0,765.0,0.0092575571895424,Male,White,True,Male_White,0.0
9950,41--Swimming/41_Swimming_Swimming_41_64.jpg,460.0,176.0,574.0,344.0,0.0,1.0,0.0,0.0,0.0,0.0,1024.0,686.0,0.0272640306122449,Male,White,True,Male_White,0.0
9959,41--Swimming/41_Swimming_Swimmer_41_1022.jpg,485.0,199.0,750.0,622.0,0.0,0.0,0.0,0.0,0.0,0.0,1024.0,1758.0,0.0622683580418088,Male,White,True,Male_White,2.0
9961,41--Swimming/41_Swimming_Swimming_41_53.jpg,582.0,318.0,710.0,484.0,0.0,0.0,0.0,0.0,0.0,0.0,1024.0,922.0,0.0225054229934924,Male,White,True,Male_White,0.0
9968,41--Swimming/41_Swimming_Swimmer_41_783.jpg,106.0,295.0,697.0,929.0,0.0,0.0,0.0,0.0,0.0,0.0,1024.0,1387.0,0.2638155078406633,Male,White,True,Male_White,9.0
9969,41--Swimming/41_Swimming_Swimmer_41_661.jpg,305.0,282.0,864.0,1039.0,0.0,0.0,0.0,0.0,0.0,0.0,1024.0,1303.0,0.3171489771201074,Male,White,True,Male_White,11.0
9970,41--Swimming/41_Swimming_Swimming_41_917.jpg,260.0,538.0,320.0,606.0,1.0,0.0,0.0,0.0,0.0,1.0,1024.0,827.0,0.0048178657799274,Male,White,True,Male_White,0.0
9972,41--Swimming/41_Swimming_Swimmer_41_167.jpg,526.0,206.0,678.0,386.0,0.0,0.0,0.0,0.0,0.0,0.0,1024.0,681.0,0.0392345814977973,Male,White,True,Male_White,1.0
9975,41--Swimming/41_Swimming_Swimming_41_118.jpg,628.0,318.0,752.0,418.0,1.0,0.0,0.0,0.0,1.0,1.0,1024.0,682.0,0.0177556818181818,Male,White,True,Male_White,0.0
9979,41--Swimming/41_Swimming_Swimmer_41_104.jpg,578.0,833.0,679.0,947.0,0.0,0.0,0.0,0.0,0.0,1.0,1024.0,1359.0,0.0082738341611479,Male,White,True,Male_White,0.0
9980,41--Swimming/41_Swimming_Swimmer_41_811.jpg,170.0,178.0,217.0,238.0,1.0,0.0,0.0,0.0,0.0,0.0,1024.0,655.0,0.0042044370229007,Male,White,True,Male_White,0.0
9981,41--Swimming/41_Swimming_Swimmer_41_811.jpg,301.0,207.0,337.0,248.0,1.0,0.0,0.0,0.0,1.0,0.0,1024.0,655.0,0.0022006202290076,Male,White,True,Male_White,0.0
9982,41--Swimming/41_Swimming_Swimmer_41_811.jpg,287.0,256.0,329.0,308.0,1.0,0.0,0.0,0.0,0.0,0.0,1024.0,655.0,0.0032562022900763,Male,White,True,Male_White,0.0
9983,41--Swimming/41_Swimming_Swimmer_41_811.jpg,383.0,178.0,421.0,232.0,1.0,0.0,0.0,0.0,0.0,0.0,1024.0,655.0,0.0030593988549618,Male,White,True,Male_White,0.0
9984,41--Swimming/41_Swimming_Swimmer_41_811.jpg,418.0,214.0,463.0,274.0,1.0,0.0,0.0,0.0,0.0,0.0,1024.0,655.0,0.0040255248091603,Male,White,True,Male_White,0.0
9985,41--Swimming/41_Swimming_Swimmer_41_811.jpg,522.0,175.0,565.0,231.0,1.0,0.0,0.0,0.0,0.0,0.0,1024.0,655.0,0.0035901717557251,Male,White,True,Male_White,0.0
9986,41--Swimming/41_Swimming_Swimmer_41_811.jpg,663.0,187.0,702.0,246.0,1.0,0.0,0.0,0.0,0.0,0.0,1024.0,655.0,0.0034306416984732,Male,White,True,Male_White,0.0
9987,41--Swimming/41_Swimming_Swimmer_41_811.jpg,773.0,207.0,815.0,262.0,1.0,0.0,0.0,0.0,0.0,0.0,1024.0,655.0,0.0034440601145038,Male,White,True,Male_White,0.0
9988,41--Swimming/41_Swimming_Swimmer_41_811.jpg,647.0,333.0,697.0,400.0,1.0,0.0,0.0,0.0,0.0,0.0,1024.0,655.0,0.0049946326335877,Male,White,True,Male_White,0.0
9989,41--Swimming/41_Swimming_Swimmer_41_811.jpg,884.0,193.0,931.0,246.0,1.0,0.0,0.0,0.0,0.0,0.0,1024.0,655.0,0.003713919370229,Male,White,True,Male_White,0.0
9998,41--Swimming/41_Swimming_Swimmer_41_937.jpg,442.0,108.0,626.0,350.0,0.0,0.0,0.0,0.0,0.0,0.0,1024.0,683.0,0.0636667276720351,Male,White,True,Male_White,2.0
9999,41--Swimming/41_Swimming_Swimmer_41_121.jpg,348.0,120.0,690.0,564.0,0.0,0.0,0.0,0.0,0.0,0.0,1024.0,674.0,0.2200134458456973,Male,White,True,Male_White,8.0
10000,41--Swimming/41_Swimming_Swimmer_41_353.jpg,465.0,59.0,575.0,211.0,0.0,0.0,0.0,0.0,0.0,0.0,1024.0,1040.0,0.0157001201923076,Male,White,True,Male_White,0.0
10003,41--Swimming/41_Swimming_Swimmer_41_105.jpg,270.0,144.0,566.0,536.0,0.0,0.0,0.0,0.0,0.0,0.0,1024.0,641.0,0.1767745709828393,Male,White,True,Male_White,6.0
10004,41--Swimming/41_Swimming_Swimmer_41_241.jpg,223.0,315.0,712.0,942.0,0.0,0.0,0.0,0.0,0.0,0.0,1024.0,1392.0,0.2150984139278017,Male,White,True,Male_White,8.0
10005,41--Swimming/41_Swimming_Swimmer_41_273.jpg,459.0,489.0,642.0,720.0,0.0,1.0,0.0,0.0,0.0,0.0,1024.0,1536.0,0.0268764495849609,Male,White,True,Male_White,0.0
10008,41--Swimming/41_Swimming_Swimmer_41_186.jpg,460.0,168.0,748.0,488.0,0.0,0.0,0.0,0.0,0.0,0.0,1024.0,781.0,0.115236875800256,Male,White,True,Male_White,4.0
10010,41--Swimming/41_Swimming_Swimmer_41_888.jpg,425.0,546.0,490.0,624.0,1.0,0.0,0.0,0.0,0.0,0.0,1024.0,1376.0,0.0035982353742732,Male,White,True,Male_White,0.0
10011,41--Swimming/41_Swimming_Swimmer_41_745.jpg,454.0,468.0,542.0,556.0,1.0,1.0,0.0,0.0,0.0,1.0,1024.0,820.0,0.0092225609756097,Male,White,True,Male_White,0.0
10020,41--Swimming/41_Swimming_Swimmer_41_754.jpg,350.0,197.0,618.0,585.0,0.0,0.0,0.0,0.0,0.0,0.0,1024.0,1506.0,0.0674282038512616,Male,White,True,Male_White,2.0
10021,41--Swimming/41_Swimming_Swimmer_41_41.jpg,436.0,238.0,604.0,434.0,1.0,1.0,0.0,0.0,0.0,0.0,1024.0,768.0,0.0418701171875,Male,Black,True,Male_Black,1.0
10028,41--Swimming/41_Swimming_Swimming_41_62.jpg,474.0,276.0,596.0,416.0,0.0,0.0,0.0,0.0,0.0,0.0,1024.0,690.0,0.0241734601449275,Male,White,True,Male_White,0.0
10029,41--Swimming/41_Swimming_Swimmer_41_557.jpg,422.0,266.0,640.0,520.0,0.0,0.0,0.0,0.0,0.0,0.0,1024.0,808.0,0.0669235380569306,Male,White,True,Male_White,2.0
10030,41--Swimming/41_Swimming_Swimming_41_39.jpg,474.0,270.0,558.0,358.0,1.0,1.0,0.0,0.0,0.0,1.0,1024.0,710.0,0.0101672535211267,Male,White,True,Male_White,0.0
10035,41--Swimming/41_Swimming_Swimming_41_336.jpg,362.0,236.0,566.0,508.0,0.0,0.0,0.0,0.0,0.0,0.0,1024.0,685.0,0.0791058394160584,Male,White,True,Male_White,2.0
10036,41--Swimming/41_Swimming_Swimmer_41_391.jpg,366.0,309.0,771.0,829.0,0.0,0.0,0.0,0.0,0.0,0.0,1024.0,1539.0,0.1336348684210526,Male,White,True,Male_White,4.0
10039,41--Swimming/41_Swimming_Swimmer_41_515.jpg,258.0,60.0,364.0,198.0,0.0,0.0,0.0,0.0,0.0,0.0,1024.0,682.0,0.0209459769061583,Male,White,True,Male_White,0.0
10040,41--Swimming/41_Swimming_Swimmer_41_515.jpg,446.0,60.0,552.0,194.0,0.0,0.0,0.0,0.0,0.0,0.0,1024.0,682.0,0.0203388471407624,Male,White,True,Male_White,0.0
10041,41--Swimming/41_Swimming_Swimmer_41_515.jpg,652.0,58.0,760.0,196.0,0.0,0.0,0.0,0.0,0.0,0.0,1024.0,682.0,0.0213411840175953,Male,White,True,Male_White,0.0
10043,41--Swimming/41_Swimming_Swimming_41_291.jpg,508.0,220.0,602.0,360.0,0.0,1.0,0.0,0.0,0.0,0.0,1024.0,581.0,0.0221197289156626,Male,White,True,Male_White,0.0
10045,41--Swimming/41_Swimming_Swimmer_41_136.jpg,285.0,71.0,649.0,546.0,0.0,0.0,0.0,0.0,0.0,0.0,1024.0,1392.0,0.1212986036278735,Male,White,True,Male_White,4.0
10048,41--Swimming/41_Swimming_Swimming_41_633.jpg,364.0,360.0,428.0,456.0,1.0,0.0,0.0,0.0,0.0,0.0,1024.0,738.0,0.008130081300813,Male,White,True,Male_White,0.0
10053,41--Swimming/41_Swimming_Swimmer_41_190.jpg,374.0,220.0,486.0,322.0,1.0,0.0,0.0,0.0,0.0,1.0,1024.0,683.0,0.0163341874084919,Male,White,True,Male_White,0.0
10054,41--Swimming/41_Swimming_Swimmer_41_243.jpg,427.0,213.0,726.0,616.0,0.0,0.0,0.0,0.0,0.0,0.0,1024.0,1366.0,0.0861441080252562,Male,White,True,Male_White,3.0
10055,41--Swimming/41_Swimming_Swimming_41_137.jpg,420.0,294.0,496.0,388.0,0.0,0.0,0.0,0.0,1.0,0.0,1024.0,683.0,0.0102145863836017,Male,White,True,Male_White,0.0
10059,41--Swimming/41_Swimming_Swimmer_41_368.jpg,432.0,68.0,600.0,304.0,0.0,0.0,0.0,0.0,0.0,0.0,1024.0,683.0,0.0566892386530014,Male,White,True,Male_White,2.0
10060,41--Swimming/41_Swimming_Swimmer_41_511.jpg,291.0,209.0,641.0,679.0,0.0,0.0,0.0,0.0,0.0,0.0,1024.0,1392.0,0.115405554058908,Male,White,True,Male_White,4.0
10078,41--Swimming/41_Swimming_Swimmer_41_917.jpg,198.0,62.0,410.0,222.0,0.0,1.0,1.0,0.0,0.0,1.0,1024.0,721.0,0.0459431345353675,Male,White,True,Male_White,1.0
10080,41--Swimming/41_Swimming_Swimmer_41_827.jpg,288.0,302.0,388.0,416.0,0.0,0.0,0.0,0.0,0.0,0.0,1024.0,724.0,0.0153768128453038,Male,White,True,Male_White,0.0
10081,41--Swimming/41_Swimming_Swimmer_41_827.jpg,576.0,296.0,678.0,424.0,0.0,1.0,0.0,0.0,1.0,0.0,1024.0,724.0,0.017610497237569,Male,White,True,Male_White,0.0
10082,41--Swimming/41_Swimming_Swimmer_41_827.jpg,730.0,280.0,818.0,416.0,0.0,0.0,0.0,0.0,1.0,0.0,1024.0,724.0,0.0161429558011049,Male,Black,True,Male_Black,0.0
10084,41--Swimming/41_Swimming_Swimming_41_726.jpg,410.0,24.0,662.0,358.0,0.0,1.0,0.0,0.0,0.0,0.0,1024.0,684.0,0.1201685855263157,Male,White,True,Male_White,4.0
10086,41--Swimming/41_Swimming_Swimmer_41_650.jpg,556.0,208.0,796.0,534.0,0.0,1.0,0.0,0.0,0.0,0.0,1024.0,681.0,0.1121971365638766,Male,White,True,Male_White,4.0
10087,41--Swimming/41_Swimming_Swimmer_41_84.jpg,462.0,164.0,596.0,344.0,0.0,1.0,0.0,0.0,0.0,0.0,1024.0,713.0,0.0330360273492286,Male,White,True,Male_White,1.0
10093,41--Swimming/41_Swimming_Swimmer_41_406.jpg,171.0,173.0,474.0,558.0,0.0,0.0,0.0,0.0,0.0,0.0,1024.0,1387.0,0.0821347501351838,Male,White,True,Male_White,3.0
10095,41--Swimming/41_Swimming_Swimmer_41_339.jpg,474.0,106.0,660.0,342.0,0.0,0.0,0.0,0.0,0.0,0.0,1024.0,684.0,0.0626713267543859,Male,White,True,Male_White,2.0
10096,41--Swimming/41_Swimming_Swimming_41_320.jpg,410.0,100.0,604.0,368.0,1.0,1.0,0.0,0.0,0.0,0.0,1024.0,682.0,0.0744478555718475,Male,White,True,Male_White,2.0
10128,41--Swimming/41_Swimming_Swimmer_41_594.jpg,374.0,176.0,600.0,530.0,0.0,0.0,0.0,0.0,0.0,0.0,1024.0,1431.0,0.0545974187631027,Male,White,True,Male_White,1.0
10132,41--Swimming/41_Swimming_Swimmer_41_826.jpg,416.0,146.0,710.0,544.0,0.0,0.0,0.0,0.0,1.0,0.0,1024.0,640.0,0.178546142578125,Male,White,True,Male_White,6.0
10133,41--Swimming/41_Swimming_Swimming_41_308.jpg,456.0,322.0,594.0,512.0,1.0,1.0,0.0,0.0,0.0,0.0,1024.0,669.0,0.0382742432735426,Male,White,True,Male_White,1.0
10134,41--Swimming/41_Swimming_Swimmer_41_728.jpg,488.0,166.0,738.0,542.0,0.0,0.0,0.0,0.0,0.0,0.0,1024.0,871.0,0.1053925086107921,Male,White,True,Male_White,3.0
10135,41--Swimming/41_Swimming_Swimmer_41_53.jpg,686.0,154.0,830.0,376.0,0.0,1.0,0.0,0.0,0.0,0.0,1024.0,713.0,0.0437850631136044,Male,White,True,Male_White,1.0
10136,41--Swimming/41_Swimming_Swimmer_41_910.jpg,412.0,133.0,653.0,400.0,0.0,0.0,0.0,0.0,0.0,0.0,1024.0,1219.0,0.051549521892945,Male,White,True,Male_White,1.0
10137,41--Swimming/41_Swimming_Swimmer_41_683.jpg,596.0,348.0,770.0,512.0,1.0,0.0,0.0,0.0,0.0,0.0,1024.0,870.0,0.03203125,Male,White,True,Male_White,1.0
10139,41--Swimming/41_Swimming_Swimming_41_184.jpg,472.0,458.0,534.0,550.0,1.0,1.0,0.0,0.0,0.0,1.0,1024.0,820.0,0.0067930640243902,Male,White,True,Male_White,0.0
10141,41--Swimming/41_Swimming_Swimmer_41_5.jpg,668.0,310.0,810.0,454.0,0.0,1.0,0.0,0.0,0.0,1.0,1024.0,576.0,0.03466796875,Male,White,True,Male_White,1.0
10151,41--Swimming/41_Swimming_Swimmer_41_387.jpg,258.0,120.0,646.0,652.0,0.0,0.0,0.0,0.0,0.0,0.0,1024.0,1392.0,0.1448118714080459,Male,White,True,Male_White,5.0
10165,41--Swimming/41_Swimming_Swimmer_41_230.jpg,422.0,274.0,568.0,422.0,1.0,0.0,0.0,0.0,1.0,0.0,1024.0,684.0,0.0308502375730994,Male,White,True,Male_White,1.0
10169,41--Swimming/41_Swimming_Swimming_41_12.jpg,458.0,160.0,620.0,370.0,1.0,1.0,0.0,0.0,0.0,0.0,1024.0,739.0,0.0449562330852503,Male,White,True,Male_White,1.0
10172,41--Swimming/41_Swimming_Swimmer_41_307.jpg,428.0,274.0,586.0,476.0,0.0,0.0,0.0,0.0,0.0,0.0,1024.0,683.0,0.045633922035139,Male,White,True,Male_White,1.0
10173,41--Swimming/41_Swimming_Swimming_41_203.jpg,470.0,150.0,562.0,254.0,0.0,1.0,0.0,0.0,0.0,0.0,1024.0,583.0,0.0160270154373927,Male,White,True,Male_White,0.0
10174,41--Swimming/41_Swimming_Swimming_41_199.jpg,458.0,228.0,528.0,300.0,0.0,0.0,0.0,0.0,1.0,0.0,1024.0,683.0,0.0072062591508052,Male,Black,True,Male_Black,0.0
10176,41--Swimming/41_Swimming_Swimmer_41_268.jpg,508.0,370.0,596.0,448.0,0.0,0.0,1.0,0.0,0.0,1.0,1024.0,681.0,0.0098430616740088,Male,White,True,Male_White,0.0
10177,41--Swimming/41_Swimming_Swimmer_41_662.jpg,684.0,210.0,780.0,322.0,0.0,0.0,0.0,0.0,0.0,0.0,1024.0,668.0,0.0157185628742514,Male,White,True,Male_White,0.0
10187,41--Swimming/41_Swimming_Swimmer_41_448.jpg,420.0,222.0,598.0,428.0,0.0,0.0,0.0,0.0,0.0,0.0,1024.0,683.0,0.0524283949487554,Male,White,True,Male_White,1.0
10196,41--Swimming/41_Swimming_Swimmer_41_265.jpg,434.0,216.0,620.0,468.0,0.0,0.0,0.0,0.0,0.0,0.0,1024.0,683.0,0.067018210102489,Male,White,True,Male_White,2.0
10197,41--Swimming/41_Swimming_Swimmer_41_226.jpg,392.0,156.0,606.0,448.0,0.0,0.0,0.0,0.0,0.0,0.0,1024.0,989.0,0.0617021612740141,Male,White,True,Male_White,2.0
10201,41--Swimming/41_Swimming_Swimmer_41_367.jpg,404.0,104.0,768.0,542.0,0.0,0.0,0.0,0.0,0.0,0.0,1024.0,814.0,0.1912718826781326,Male,White,True,Male_White,7.0
10202,41--Swimming/41_Swimming_Swimming_41_285.jpg,470.0,182.0,598.0,330.0,0.0,1.0,0.0,0.0,0.0,0.0,1024.0,644.0,0.0287267080745341,Male,White,True,Male_White,1.0
10204,41--Swimming/41_Swimming_Swimming_41_346.jpg,368.0,324.0,628.0,556.0,0.0,1.0,0.0,0.0,0.0,1.0,1024.0,684.0,0.0861202485380117,Male,Indian,True,Male_Indian,3.0
10210,41--Swimming/41_Swimming_Swimming_41_40.jpg,484.0,186.0,580.0,334.0,1.0,1.0,0.0,0.0,0.0,0.0,1024.0,641.0,0.0216458658346333,Male,White,True,Male_White,0.0
10217,41--Swimming/41_Swimming_Swimmer_41_996.jpg,484.0,144.0,586.0,288.0,0.0,0.0,0.0,0.0,0.0,0.0,1024.0,768.0,0.0186767578125,Male,White,True,Male_White,0.0
10219,41--Swimming/41_Swimming_Swimmer_41_590.jpg,302.0,306.0,684.0,706.0,0.0,0.0,0.0,0.0,0.0,0.0,1024.0,768.0,0.1942952473958333,Male,White,True,Male_White,7.0
10220,41--Swimming/41_Swimming_Swimming_41_16.jpg,456.0,212.0,570.0,348.0,0.0,1.0,0.0,0.0,0.0,0.0,1024.0,608.0,0.02490234375,Male,White,True,Male_White,0.0
10221,41--Swimming/41_Swimming_Swimmer_41_12.jpg,470.0,174.0,608.0,356.0,1.0,1.0,0.0,0.0,0.0,0.0,1024.0,572.0,0.042879971590909,Male,White,True,Male_White,1.0
10222,41--Swimming/41_Swimming_Swimming_41_80.jpg,422.0,228.0,636.0,504.0,0.0,1.0,0.0,0.0,0.0,0.0,1024.0,633.0,0.0911211492890995,Male,White,True,Male_White,3.0
10225,41--Swimming/41_Swimming_Swimming_41_231.jpg,490.0,242.0,584.0,374.0,1.0,1.0,0.0,0.0,0.0,0.0,1024.0,577.0,0.0210003249566724,Male,White,True,Male_White,0.0
10226,41--Swimming/41_Swimming_Swimmer_41_61.jpg,210.0,140.0,404.0,362.0,0.0,0.0,0.0,0.0,0.0,0.0,1024.0,683.0,0.0615792002196193,Male,White,True,Male_White,2.0
10227,41--Swimming/41_Swimming_Swimmer_41_279.jpg,480.0,230.0,560.0,326.0,1.0,0.0,0.0,0.0,0.0,0.0,1024.0,683.0,0.0109809663250366,Male,White,True,Male_White,0.0
10232,41--Swimming/41_Swimming_Swimmer_41_129.jpg,520.0,236.0,870.0,622.0,0.0,0.0,0.0,0.0,0.0,0.0,1024.0,680.0,0.1940199908088235,Male,White,True,Male_White,7.0
10233,41--Swimming/41_Swimming_Swimmer_41_789.jpg,448.0,242.0,588.0,402.0,1.0,1.0,0.0,0.0,0.0,0.0,1024.0,615.0,0.0355691056910569,Male,White,True,Male_White,1.0
10234,41--Swimming/41_Swimming_Swimmer_41_938.jpg,158.0,66.0,222.0,146.0,1.0,0.0,0.0,0.0,0.0,0.0,1024.0,920.0,0.0054347826086956,Male,Black,True,Male_Black,0.0
10235,41--Swimming/41_Swimming_Swimmer_41_938.jpg,392.0,92.0,452.0,166.0,1.0,0.0,0.0,0.0,0.0,0.0,1024.0,920.0,0.0047129755434782,Male,White,True,Male_White,0.0
10236,41--Swimming/41_Swimming_Swimmer_41_938.jpg,574.0,84.0,626.0,162.0,1.0,0.0,0.0,0.0,0.0,0.0,1024.0,920.0,0.004305366847826,Male,White,True,Male_White,0.0
10237,41--Swimming/41_Swimming_Swimmer_41_938.jpg,854.0,64.0,918.0,144.0,1.0,0.0,0.0,0.0,0.0,0.0,1024.0,920.0,0.0054347826086956,Male,White,True,Male_White,0.0
10238,41--Swimming/41_Swimming_Swimmer_41_938.jpg,722.0,286.0,798.0,366.0,1.0,0.0,0.0,0.0,1.0,0.0,1024.0,920.0,0.006453804347826,Male,White,True,Male_White,0.0
10244,41--Swimming/41_Swimming_Swimming_41_849.jpg,198.0,64.0,292.0,196.0,0.0,0.0,0.0,0.0,0.0,0.0,1024.0,768.0,0.015777587890625,Male,White,True,Male_White,0.0
10245,41--Swimming/41_Swimming_Swimmer_41_519.jpg,364.0,234.0,544.0,472.0,0.0,0.0,0.0,0.0,0.0,0.0,1024.0,768.0,0.054473876953125,Male,White,True,Male_White,1.0
10247,41--Swimming/41_Swimming_Swimming_41_403.jpg,248.0,338.0,444.0,608.0,0.0,1.0,0.0,0.0,0.0,0.0,1024.0,768.0,0.067291259765625,Male,White,True,Male_White,2.0
10251,41--Swimming/41_Swimming_Swimming_41_112.jpg,482.0,328.0,584.0,464.0,1.0,1.0,0.0,0.0,0.0,0.0,1024.0,660.0,0.0205255681818181,Male,White,True,Male_White,0.0
10255,41--Swimming/41_Swimming_Swimmer_41_325.jpg,298.0,262.0,746.0,886.0,0.0,0.0,0.0,0.0,0.0,0.0,1024.0,939.0,0.2907348242811501,Male,White,True,Male_White,10.0
10263,41--Swimming/41_Swimming_Swimming_41_757.jpg,92.0,26.0,192.0,154.0,1.0,0.0,0.0,0.0,0.0,0.0,1024.0,1307.0,0.0095638867635807,Male,White,True,Male_White,0.0
10264,41--Swimming/41_Swimming_Swimming_41_757.jpg,13.0,120.0,95.0,258.0,1.0,0.0,0.0,0.0,0.0,0.0,1024.0,1307.0,0.008455073641928,Male,White,True,Male_White,0.0
10265,41--Swimming/41_Swimming_Swimming_41_757.jpg,483.0,174.0,585.0,304.0,1.0,0.0,0.0,0.0,0.0,0.0,1024.0,1307.0,0.0099075889441469,Male,White,True,Male_White,0.0
10268,41--Swimming/41_Swimming_Swimmer_41_78.jpg,436.0,236.0,634.0,502.0,0.0,0.0,0.0,0.0,0.0,0.0,1024.0,682.0,0.0754158266129032,Male,White,True,Male_White,2.0
10269,41--Swimming/41_Swimming_Swimmer_41_182.jpg,404.0,284.0,560.0,488.0,0.0,0.0,0.0,0.0,1.0,0.0,1024.0,615.0,0.0505335365853658,Male,White,True,Male_White,1.0
10273,41--Swimming/41_Swimming_Swimmer_41_784.jpg,168.0,351.0,781.0,1105.0,0.0,0.0,0.0,0.0,0.0,0.0,1024.0,1536.0,0.293860117594401,Male,White,True,Male_White,11.0
10277,41--Swimming/41_Swimming_Swimmer_41_62.jpg,430.0,202.0,634.0,512.0,0.0,0.0,0.0,0.0,0.0,0.0,1024.0,829.0,0.0744967581423401,Male,White,True,Male_White,2.0
10286,41--Swimming/41_Swimming_Swimmer_41_229.jpg,470.0,212.0,670.0,460.0,1.0,1.0,0.0,0.0,0.0,0.0,1024.0,576.0,0.0840928819444444,Male,White,True,Male_White,3.0
10287,41--Swimming/41_Swimming_Swimmer_41_34.jpg,458.0,374.0,596.0,552.0,1.0,1.0,0.0,0.0,0.0,0.0,1024.0,808.0,0.0296884668935643,Male,White,True,Male_White,1.0
10297,42--Car_Racing/42_Car_Racing_Car_Racing_42_220.jpg,797.0,348.0,876.0,433.0,1.0,0.0,0.0,0.0,0.0,0.0,1024.0,768.0,0.0085385640462239,Male,White,True,Male_White,0.0
10298,42--Car_Racing/42_Car_Racing_Car_Racing_42_220.jpg,596.0,152.0,629.0,241.0,1.0,0.0,0.0,0.0,0.0,1.0,1024.0,768.0,0.0037345886230468,Male,White,True,Male_White,0.0
10299,42--Car_Racing/42_Car_Racing_Car_Racing_42_220.jpg,471.0,192.0,514.0,251.0,1.0,0.0,0.0,0.0,0.0,0.0,1024.0,768.0,0.0032259623209635,Male,White,True,Male_White,0.0
10300,42--Car_Racing/42_Car_Racing_Car_Racing_42_220.jpg,388.0,215.0,430.0,264.0,1.0,0.0,0.0,0.0,0.0,0.0,1024.0,768.0,0.0026168823242187,Male,White,True,Male_White,0.0
10301,42--Car_Racing/42_Car_Racing_Car_Racing_42_220.jpg,89.0,313.0,130.0,360.0,1.0,0.0,0.0,0.0,0.0,0.0,1024.0,768.0,0.0024503072102864,Male,White,True,Male_White,0.0
10320,42--Car_Racing/42_Car_Racing_Nascar_42_390.jpg,478.0,290.0,564.0,410.0,1.0,0.0,0.0,0.0,0.0,0.0,1024.0,718.0,0.0140363857938718,Male,White,True,Male_White,0.0
10326,42--Car_Racing/42_Car_Racing_Car_Racing_42_822.jpg,510.0,76.0,562.0,150.0,0.0,0.0,0.0,0.0,0.0,0.0,1024.0,711.0,0.0052852496483825,Male,White,True,Male_White,0.0
10327,42--Car_Racing/42_Car_Racing_Car_Racing_42_536.jpg,887.0,47.0,927.0,104.0,0.0,0.0,0.0,0.0,0.0,0.0,1024.0,756.0,0.0029451884920634,Male,White,True,Male_White,0.0
10328,42--Car_Racing/42_Car_Racing_Nascar_42_410.jpg,310.0,164.0,705.0,710.0,0.0,0.0,0.0,0.0,0.0,0.0,1024.0,1359.0,0.154978097406181,Male,White,True,Male_White,5.0
10329,42--Car_Racing/42_Car_Racing_Nascar_42_673.jpg,624.0,60.0,760.0,242.0,0.0,0.0,0.0,0.0,0.0,0.0,1024.0,768.0,0.0314737955729166,Male,White,True,Male_White,1.0
10330,42--Car_Racing/42_Car_Racing_Nascar_42_551.jpg,694.0,162.0,802.0,290.0,1.0,0.0,0.0,0.0,0.0,0.0,1024.0,576.0,0.0234375,Male,White,True,Male_White,0.0
10335,42--Car_Racing/42_Car_Racing_Nascar_42_921.jpg,173.0,143.0,224.0,222.0,0.0,0.0,0.0,0.0,0.0,0.0,1024.0,686.0,0.0057355252368804,Male,White,True,Male_White,0.0
10336,42--Car_Racing/42_Car_Racing_Nascar_42_921.jpg,300.0,169.0,348.0,240.0,0.0,0.0,0.0,0.0,0.0,0.0,1024.0,686.0,0.0048514941690962,Male,White,True,Male_White,0.0
10337,42--Car_Racing/42_Car_Racing_Nascar_42_921.jpg,409.0,181.0,449.0,244.0,0.0,0.0,0.0,0.0,0.0,0.0,1024.0,686.0,0.0035873724489795,Male,White,True,Male_White,0.0
10338,42--Car_Racing/42_Car_Racing_Nascar_42_921.jpg,511.0,211.0,555.0,272.0,0.0,0.0,0.0,0.0,0.0,0.0,1024.0,686.0,0.0038208363702623,Male,White,True,Male_White,0.0
10339,42--Car_Racing/42_Car_Racing_Nascar_42_921.jpg,647.0,180.0,692.0,237.0,0.0,0.0,0.0,0.0,0.0,0.0,1024.0,686.0,0.0036514326712827,Male,White,True,Male_White,0.0
10340,42--Car_Racing/42_Car_Racing_Nascar_42_921.jpg,760.0,185.0,797.0,234.0,0.0,0.0,0.0,0.0,0.0,0.0,1024.0,686.0,0.0025809151785714,Male,White,True,Male_White,0.0
10341,42--Car_Racing/42_Car_Racing_Nascar_42_921.jpg,842.0,175.0,881.0,225.0,0.0,0.0,0.0,0.0,0.0,0.0,1024.0,686.0,0.0027759429664723,Male,White,True,Male_White,0.0
10344,42--Car_Racing/42_Car_Racing_Nascar_42_530.jpg,382.0,78.0,574.0,340.0,0.0,0.0,0.0,0.0,0.0,0.0,1024.0,577.0,0.0851386481802426,Male,White,True,Male_White,3.0
10347,42--Car_Racing/42_Car_Racing_Car_Racing_42_516.jpg,542.0,190.0,578.0,235.0,1.0,0.0,0.0,0.0,0.0,0.0,1024.0,834.0,0.0018969199640287,Male,White,True,Male_White,0.0
10352,42--Car_Racing/42_Car_Racing_Nascar_42_635.jpg,54.0,92.0,306.0,440.0,0.0,0.0,0.0,0.0,0.0,0.0,1024.0,768.0,0.11151123046875,Male,White,True,Male_White,4.0
10354,42--Car_Racing/42_Car_Racing_Car_Racing_42_839.jpg,433.0,150.0,609.0,349.0,1.0,0.0,0.0,0.0,0.0,0.0,1024.0,1967.0,0.0173884722928317,Male,White,True,Male_White,0.0
10355,42--Car_Racing/42_Car_Racing_Nascar_42_507.jpg,448.0,55.0,488.0,110.0,1.0,0.0,0.0,0.0,0.0,0.0,1024.0,576.0,0.0037299262152777,Male,White,True,Male_White,0.0
10357,42--Car_Racing/42_Car_Racing_Nascar_42_367.jpg,784.0,82.0,886.0,186.0,1.0,0.0,0.0,0.0,0.0,0.0,1024.0,682.0,0.0151896994134897,Male,White,True,Male_White,0.0
10359,42--Car_Racing/42_Car_Racing_Nascar_42_522.jpg,502.0,90.0,708.0,388.0,0.0,0.0,0.0,0.0,0.0,0.0,1024.0,577.0,0.1038981260831889,Male,White,True,Male_White,3.0
10361,42--Car_Racing/42_Car_Racing_Nascar_42_361.jpg,779.0,50.0,811.0,87.0,1.0,0.0,1.0,0.0,0.0,0.0,1024.0,768.0,0.0015055338541666,Male,White,True,Male_White,0.0
10362,42--Car_Racing/42_Car_Racing_Nascar_42_331.jpg,750.0,118.0,898.0,282.0,0.0,0.0,0.0,0.0,0.0,0.0,1024.0,683.0,0.034704428989751,Male,White,True,Male_White,1.0
10363,42--Car_Racing/42_Car_Racing_Nascar_42_208.jpg,321.0,318.0,654.0,729.0,0.0,0.0,0.0,0.0,0.0,0.0,1024.0,1539.0,0.0868455317982456,Male,White,True,Male_White,3.0
10364,42--Car_Racing/42_Car_Racing_Nascar_42_192.jpg,704.0,116.0,766.0,192.0,0.0,0.0,1.0,0.0,0.0,0.0,1024.0,682.0,0.006747159090909,Male,White,True,Male_White,0.0
10388,43--Row_Boat/43_Row_Boat_Canoe_43_1000.jpg,681.0,270.0,743.0,346.0,0.0,0.0,1.0,0.0,0.0,0.0,1024.0,577.0,0.0079749783362218,Male,White,True,Male_White,0.0
10389,43--Row_Boat/43_Row_Boat_Rowboat_43_183.jpg,476.0,564.0,525.0,627.0,1.0,0.0,0.0,0.0,0.0,0.0,1024.0,1544.0,0.0019524925113341,Male,White,True,Male_White,0.0
10390,43--Row_Boat/43_Row_Boat_Canoe_43_1028.jpg,348.0,44.0,578.0,380.0,0.0,0.0,0.0,0.0,0.0,0.0,1024.0,577.0,0.1307950606585788,Male,White,True,Male_White,4.0
10395,43--Row_Boat/43_Row_Boat_Canoe_43_919.jpg,452.0,266.0,532.0,388.0,1.0,0.0,0.0,0.0,0.0,0.0,1024.0,1024.0,0.009307861328125,Male,White,True,Male_White,0.0
10410,43--Row_Boat/43_Row_Boat_Canoe_43_891.jpg,628.0,6.0,896.0,276.0,0.0,0.0,0.0,0.0,0.0,0.0,1024.0,933.0,0.0757385450160771,Male,White,True,Male_White,2.0
10413,43--Row_Boat/43_Row_Boat_Canoe_43_385.jpg,548.0,163.0,589.0,214.0,1.0,0.0,0.0,0.0,0.0,0.0,1024.0,659.0,0.0030986224393019,Male,White,True,Male_White,0.0
10422,43--Row_Boat/43_Row_Boat_Canoe_43_455.jpg,565.0,400.0,602.0,455.0,0.0,0.0,0.0,0.0,0.0,0.0,1024.0,768.0,0.0025876363118489,Male,White,True,Male_White,0.0
10423,43--Row_Boat/43_Row_Boat_Canoe_43_525.jpg,576.0,232.0,644.0,286.0,1.0,0.0,0.0,0.0,0.0,1.0,1024.0,768.0,0.004669189453125,Male,White,True,Male_White,0.0
10424,43--Row_Boat/43_Row_Boat_Canoe_43_266.jpg,436.0,206.0,528.0,352.0,0.0,0.0,1.0,0.0,0.0,0.0,1024.0,768.0,0.0170796712239583,Male,White,True,Male_White,0.0
10425,43--Row_Boat/43_Row_Boat_Canoe_43_24.jpg,766.0,68.0,804.0,116.0,1.0,0.0,0.0,0.0,0.0,0.0,1024.0,680.0,0.0026194852941176,Male,White,True,Male_White,0.0
10426,43--Row_Boat/43_Row_Boat_Canoe_43_1024.jpg,398.0,413.0,430.0,451.0,1.0,0.0,0.0,0.0,0.0,1.0,1024.0,683.0,0.0017386530014641,Male,White,True,Male_White,0.0
10447,43--Row_Boat/43_Row_Boat_Canoe_43_77.jpg,301.0,119.0,342.0,174.0,1.0,0.0,0.0,0.0,0.0,0.0,1024.0,681.0,0.0032336981461086,Male,White,True,Male_White,0.0
10460,43--Row_Boat/43_Row_Boat_Canoe_43_779.jpg,675.0,571.0,734.0,664.0,1.0,0.0,0.0,0.0,0.0,0.0,1024.0,1366.0,0.003922692853221,Male,White,True,Male_White,0.0
10476,43--Row_Boat/43_Row_Boat_Canoe_43_941.jpg,530.0,4.0,716.0,286.0,0.0,0.0,0.0,0.0,0.0,0.0,1024.0,577.0,0.0887741009532062,Male,White,True,Male_White,3.0
10477,43--Row_Boat/43_Row_Boat_Canoe_43_844.jpg,480.0,46.0,548.0,142.0,1.0,0.0,0.0,0.0,0.0,0.0,1024.0,786.0,0.0081106870229007,Male,White,True,Male_White,0.0
10478,43--Row_Boat/43_Row_Boat_Rowboat_43_16.jpg,528.0,250.0,558.0,294.0,1.0,0.0,1.0,0.0,0.0,0.0,1024.0,740.0,0.0017419763513513,Male,White,True,Male_White,0.0
10485,43--Row_Boat/43_Row_Boat_Canoe_43_833.jpg,330.0,42.0,688.0,568.0,0.0,0.0,0.0,0.0,0.0,0.0,1024.0,577.0,0.3187080264298093,Male,White,True,Male_White,11.0
10490,43--Row_Boat/43_Row_Boat_Rowboat_43_18.jpg,464.0,94.0,508.0,146.0,1.0,0.0,0.0,0.0,0.0,0.0,1024.0,703.0,0.0031783428165007,Male,White,True,Male_White,0.0
10492,43--Row_Boat/43_Row_Boat_Canoe_43_221.jpg,154.0,287.0,189.0,332.0,1.0,0.0,0.0,0.0,0.0,0.0,1024.0,762.0,0.0020184854822834,Male,White,True,Male_White,0.0
10499,43--Row_Boat/43_Row_Boat_Canoe_43_273.jpg,614.0,202.0,670.0,294.0,1.0,0.0,0.0,0.0,0.0,0.0,1024.0,704.0,0.0071466619318181,Male,White,True,Male_White,0.0
10893,45--Balloonist/45_Balloonist_Balloonist_45_565.jpg,142.0,74.0,254.0,232.0,0.0,0.0,0.0,0.0,0.0,0.0,1024.0,625.0,0.02765,Male,Asian,True,Male_Asian,0.0
10894,45--Balloonist/45_Balloonist_Balloonist_45_565.jpg,368.0,86.0,480.0,234.0,0.0,0.0,0.0,0.0,0.0,0.0,1024.0,625.0,0.0259,Male,White,True,Male_White,0.0
10895,45--Balloonist/45_Balloonist_Balloonist_45_565.jpg,620.0,146.0,708.0,264.0,0.0,0.0,0.0,0.0,0.0,0.0,1024.0,625.0,0.016225,Male,White,True,Male_White,0.0
10896,45--Balloonist/45_Balloonist_Balloonist_45_565.jpg,872.0,56.0,984.0,214.0,0.0,0.0,0.0,0.0,0.0,0.0,1024.0,625.0,0.02765,Male,White,True,Male_White,0.0
11045,46--Jockey/46_Jockey_Jockey_46_803.jpg,171.0,262.0,236.0,352.0,0.0,0.0,0.0,0.0,0.0,0.0,1024.0,688.0,0.0083036200944767,Male,White,True,Male_White,0.0
11046,46--Jockey/46_Jockey_Jockey_46_803.jpg,366.0,238.0,432.0,324.0,0.0,0.0,0.0,0.0,0.0,0.0,1024.0,688.0,0.008056640625,Male,White,True,Male_White,0.0
11047,46--Jockey/46_Jockey_Jockey_46_803.jpg,555.0,227.0,618.0,304.0,1.0,0.0,0.0,0.0,0.0,0.0,1024.0,688.0,0.006885617278343,Male,White,True,Male_White,0.0
11048,46--Jockey/46_Jockey_Jockey_46_803.jpg,846.0,264.0,904.0,335.0,1.0,0.0,0.0,0.0,0.0,0.0,1024.0,688.0,0.0058451807776162,Male,White,True,Male_White,0.0
11078,47--Matador_Bullfighter/47_Matador_Bullfighter_Matador_Bullfighter_47_112.jpg,897.0,165.0,964.0,267.0,0.0,1.0,0.0,0.0,0.0,0.0,1024.0,420.0,0.0158900669642857,Male,White,True,Male_White,0.0
11079,47--Matador_Bullfighter/47_Matador_Bullfighter_Matador_Bullfighter_47_112.jpg,756.0,31.0,817.0,106.0,0.0,0.0,0.0,0.0,0.0,0.0,1024.0,420.0,0.0106375558035714,Male,White,True,Male_White,0.0
11080,47--Matador_Bullfighter/47_Matador_Bullfighter_Matador_Bullfighter_47_112.jpg,702.0,34.0,753.0,121.0,1.0,1.0,0.0,0.0,1.0,0.0,1024.0,420.0,0.0103166852678571,Male,White,True,Male_White,0.0
11081,47--Matador_Bullfighter/47_Matador_Bullfighter_Matador_Bullfighter_47_112.jpg,569.0,48.0,623.0,131.0,1.0,0.0,0.0,0.0,0.0,0.0,1024.0,420.0,0.0104213169642857,Male,White,True,Male_White,0.0
11082,47--Matador_Bullfighter/47_Matador_Bullfighter_Matador_Bullfighter_47_993.jpg,375.0,138.0,663.0,552.0,0.0,0.0,0.0,0.0,0.0,0.0,1024.0,1536.0,0.0758056640625,Male,White,True,Male_White,2.0
11092,47--Matador_Bullfighter/47_Matador_Bullfighter_matadorbullfighting_47_468.jpg,350.0,34.0,404.0,108.0,1.0,0.0,0.0,0.0,0.0,0.0,1024.0,617.0,0.0063247062398703,Male,White,True,Male_White,0.0
11097,47--Matador_Bullfighter/47_Matador_Bullfighter_matadorbullfighting_47_170.jpg,467.0,118.0,559.0,196.0,0.0,0.0,1.0,0.0,1.0,0.0,1024.0,1044.0,0.0067124640804597,Male,White,True,Male_White,0.0
11098,47--Matador_Bullfighter/47_Matador_Bullfighter_matadorbullfighting_47_372.jpg,716.0,196.0,758.0,258.0,1.0,0.0,0.0,0.0,0.0,0.0,1024.0,817.0,0.0031125688494492,Male,White,True,Male_White,0.0
11099,47--Matador_Bullfighter/47_Matador_Bullfighter_Matador_Bullfighter_47_896.jpg,836.0,256.0,922.0,420.0,0.0,0.0,0.0,0.0,0.0,1.0,1024.0,576.0,0.0239122178819444,Male,White,True,Male_White,0.0
11100,47--Matador_Bullfighter/47_Matador_Bullfighter_matadorbullfighting_47_298.jpg,577.0,75.0,628.0,144.0,0.0,0.0,1.0,0.0,0.0,0.0,1024.0,741.0,0.004637683451417,Male,White,True,Male_White,0.0
11101,47--Matador_Bullfighter/47_Matador_Bullfighter_matadorbullfighting_47_126.jpg,316.0,654.0,370.0,710.0,1.0,0.0,0.0,0.0,0.0,1.0,1024.0,1024.0,0.0028839111328125,Male,White,True,Male_White,0.0
11102,47--Matador_Bullfighter/47_Matador_Bullfighter_matadorbullfighting_47_628.jpg,412.0,150.0,584.0,350.0,0.0,0.0,0.0,0.0,0.0,0.0,1024.0,752.0,0.044672539893617,Male,White,True,Male_White,1.0
11103,47--Matador_Bullfighter/47_Matador_Bullfighter_matadorbullfighting_47_34.jpg,568.0,145.0,609.0,214.0,1.0,0.0,0.0,0.0,0.0,0.0,1024.0,739.0,0.0037384239682002,Male,White,True,Male_White,0.0
11107,47--Matador_Bullfighter/47_Matador_Bullfighter_matadorbullfighting_47_79.jpg,658.0,128.0,738.0,233.0,1.0,0.0,0.0,0.0,0.0,0.0,1024.0,1423.0,0.0057646697118763,Male,White,True,Male_White,0.0
11108,47--Matador_Bullfighter/47_Matador_Bullfighter_matadorbullfighting_47_125.jpg,269.0,216.0,309.0,249.0,1.0,0.0,0.0,0.0,0.0,0.0,1024.0,683.0,0.0018873535871156,Male,White,True,Male_White,0.0
11109,47--Matador_Bullfighter/47_Matador_Bullfighter_matadorbullfighting_47_719.jpg,466.0,124.0,552.0,238.0,0.0,0.0,0.0,0.0,0.0,0.0,1024.0,681.0,0.014059058370044,Male,White,True,Male_White,0.0
11115,47--Matador_Bullfighter/47_Matador_Bullfighter_matadorbullfighting_47_373.jpg,380.0,117.0,415.0,171.0,1.0,0.0,0.0,0.0,0.0,0.0,1024.0,683.0,0.0027023471815519,Male,White,True,Male_White,0.0
11116,47--Matador_Bullfighter/47_Matador_Bullfighter_matadorbullfighting_47_116.jpg,508.0,72.0,552.0,125.0,1.0,0.0,0.0,0.0,0.0,0.0,1024.0,689.0,0.0033052884615384,Male,White,True,Male_White,0.0
11124,47--Matador_Bullfighter/47_Matador_Bullfighter_matadorbullfighting_47_118.jpg,450.0,44.0,504.0,124.0,1.0,1.0,0.0,0.0,0.0,0.0,1024.0,683.0,0.006176793557833,Male,White,True,Male_White,0.0
11141,47--Matador_Bullfighter/47_Matador_Bullfighter_matadorbullfighting_47_111.jpg,442.0,18.0,494.0,66.0,1.0,0.0,0.0,0.0,0.0,0.0,1024.0,683.0,0.0035688140556368,Male,White,True,Male_White,0.0
11143,47--Matador_Bullfighter/47_Matador_Bullfighter_matadorbullfighting_47_571.jpg,650.0,50.0,710.0,124.0,1.0,0.0,0.0,0.0,0.0,0.0,1024.0,769.0,0.0056384102730819,Male,White,True,Male_White,0.0
11145,47--Matador_Bullfighter/47_Matador_Bullfighter_matadorbullfighting_47_781.jpg,368.0,306.0,460.0,440.0,0.0,0.0,0.0,0.0,0.0,0.0,1024.0,1024.0,0.0117568969726562,Male,White,True,Male_White,0.0
11149,47--Matador_Bullfighter/47_Matador_Bullfighter_matadorbullfighting_47_729.jpg,430.0,372.0,484.0,432.0,1.0,0.0,0.0,0.0,0.0,0.0,1024.0,682.0,0.004639387829912,Male,White,True,Male_White,0.0
11151,47--Matador_Bullfighter/47_Matador_Bullfighter_matadorbullfighting_47_37.jpg,341.0,145.0,395.0,190.0,1.0,0.0,0.0,0.0,0.0,0.0,1024.0,702.0,0.0033804086538461,Male,White,True,Male_White,0.0
11152,47--Matador_Bullfighter/47_Matador_Bullfighter_matadorbullfighting_47_607.jpg,498.0,48.0,549.0,104.0,1.0,0.0,0.0,0.0,0.0,0.0,1024.0,683.0,0.0040835468521229,Male,White,True,Male_White,0.0
11157,47--Matador_Bullfighter/47_Matador_Bullfighter_matadorbullfighting_47_33.jpg,517.0,97.0,549.0,165.0,1.0,0.0,0.0,0.0,0.0,0.0,1024.0,768.0,0.0027669270833333,Male,White,True,Male_White,0.0
11163,47--Matador_Bullfighter/47_Matador_Bullfighter_matadorbullfighting_47_397.jpg,654.0,42.0,708.0,116.0,0.0,0.0,0.0,0.0,1.0,0.0,1024.0,744.0,0.0052450856854838,Male,White,True,Male_White,0.0
11167,47--Matador_Bullfighter/47_Matador_Bullfighter_Matador_Bullfighter_47_963.jpg,424.0,192.0,546.0,326.0,1.0,0.0,0.0,0.0,0.0,0.0,1024.0,1561.0,0.0102273182254964,Male,White,True,Male_White,0.0
11168,47--Matador_Bullfighter/47_Matador_Bullfighter_matadorbullfighting_47_622.jpg,574.0,114.0,670.0,300.0,0.0,0.0,0.0,0.0,0.0,1.0,1024.0,682.0,0.0255681818181818,Male,White,True,Male_White,0.0
11169,47--Matador_Bullfighter/47_Matador_Bullfighter_matadorbullfighting_47_60.jpg,715.0,103.0,765.0,173.0,1.0,1.0,0.0,0.0,0.0,0.0,1024.0,700.0,0.0048828125,Male,White,True,Male_White,0.0
11170,47--Matador_Bullfighter/47_Matador_Bullfighter_matadorbullfighting_47_66.jpg,480.0,120.0,542.0,190.0,1.0,0.0,0.0,0.0,0.0,1.0,1024.0,768.0,0.0055185953776041,Male,White,True,Male_White,0.0
11171,47--Matador_Bullfighter/47_Matador_Bullfighter_matadorbullfighting_47_335.jpg,508.0,268.0,571.0,362.0,1.0,0.0,0.0,0.0,0.0,0.0,1024.0,1296.0,0.0044623480902777,Male,White,True,Male_White,0.0
11175,47--Matador_Bullfighter/47_Matador_Bullfighter_matadorbullfighting_47_201.jpg,532.0,86.0,584.0,176.0,1.0,1.0,0.0,0.0,0.0,0.0,1024.0,560.0,0.0081612723214285,Male,White,True,Male_White,0.0
11176,47--Matador_Bullfighter/47_Matador_Bullfighter_matadorbullfighting_47_312.jpg,662.0,112.0,784.0,266.0,0.0,0.0,0.0,0.0,1.0,0.0,1024.0,768.0,0.0238901774088541,Male,White,True,Male_White,0.0
11177,47--Matador_Bullfighter/47_Matador_Bullfighter_matadorbullfighting_47_661.jpg,139.0,153.0,249.0,304.0,1.0,0.0,0.0,0.0,0.0,0.0,1024.0,1047.0,0.0154925531279847,Male,White,True,Male_White,0.0
11178,47--Matador_Bullfighter/47_Matador_Bullfighter_matadorbullfighting_47_736.jpg,708.0,312.0,798.0,402.0,0.0,0.0,0.0,0.0,0.0,0.0,1024.0,658.0,0.0120215140577507,Male,White,True,Male_White,0.0
11180,47--Matador_Bullfighter/47_Matador_Bullfighter_matadorbullfighting_47_598.jpg,604.0,326.0,698.0,420.0,1.0,0.0,0.0,0.0,0.0,0.0,1024.0,1502.0,0.0057449442410119,Male,White,True,Male_White,0.0
11183,47--Matador_Bullfighter/47_Matador_Bullfighter_matadorbullfighting_47_153.jpg,226.0,155.0,261.0,187.0,1.0,0.0,0.0,0.0,0.0,0.0,1024.0,680.0,0.0016084558823529,Male,White,True,Male_White,0.0
11185,47--Matador_Bullfighter/47_Matador_Bullfighter_matadorbullfighting_47_556.jpg,476.0,208.0,530.0,280.0,0.0,0.0,0.0,0.0,0.0,0.0,1024.0,683.0,0.0055591142020497,Male,White,True,Male_White,0.0
11187,47--Matador_Bullfighter/47_Matador_Bullfighter_matadorbullfighting_47_636.jpg,116.0,228.0,176.0,288.0,1.0,0.0,0.0,0.0,0.0,1.0,1024.0,680.0,0.0051700367647058,Male,White,True,Male_White,0.0
11188,47--Matador_Bullfighter/47_Matador_Bullfighter_matadorbullfighting_47_165.jpg,176.0,452.0,274.0,510.0,1.0,0.0,0.0,0.0,0.0,1.0,1024.0,661.0,0.0083975510590015,Male,White,True,Male_White,0.0
11193,47--Matador_Bullfighter/47_Matador_Bullfighter_matadorbullfighting_47_595.jpg,411.0,204.0,519.0,289.0,1.0,0.0,0.0,0.0,0.0,1.0,1024.0,1451.0,0.0061783899035148,Male,White,True,Male_White,0.0
11194,47--Matador_Bullfighter/47_Matador_Bullfighter_matadorbullfighting_47_6.jpg,671.0,53.0,729.0,136.0,0.0,0.0,0.0,0.0,0.0,0.0,1024.0,825.0,0.0056983901515151,Male,White,True,Male_White,0.0
11196,47--Matador_Bullfighter/47_Matador_Bullfighter_matadorbullfighting_47_97.jpg,518.0,124.0,572.0,192.0,1.0,0.0,0.0,0.0,0.0,0.0,1024.0,668.0,0.0053681699101796,Male,White,True,Male_White,0.0
11198,47--Matador_Bullfighter/47_Matador_Bullfighter_matadorbullfighting_47_563.jpg,148.0,550.0,256.0,600.0,1.0,0.0,0.0,0.0,0.0,1.0,1024.0,661.0,0.0079779689863842,Male,White,True,Male_White,0.0
11202,47--Matador_Bullfighter/47_Matador_Bullfighter_matadorbullfighting_47_168.jpg,791.0,506.0,903.0,645.0,0.0,0.0,1.0,0.0,1.0,0.0,1024.0,1149.0,0.0132316144473455,Male,White,True,Male_White,0.0
11205,47--Matador_Bullfighter/47_Matador_Bullfighter_matadorbullfighting_47_74.jpg,216.0,72.0,310.0,174.0,0.0,0.0,0.0,0.0,0.0,0.0,1024.0,768.0,0.0121917724609375,Male,White,True,Male_White,0.0
11213,47--Matador_Bullfighter/47_Matador_Bullfighter_matadorbullfighting_47_57.jpg,564.0,71.0,608.0,126.0,1.0,1.0,0.0,0.0,0.0,1.0,1024.0,698.0,0.0033857897564469,Male,White,True,Male_White,0.0
11215,47--Matador_Bullfighter/47_Matador_Bullfighter_matadorbullfighting_47_102.jpg,76.0,550.0,152.0,634.0,1.0,0.0,0.0,0.0,0.0,1.0,1024.0,797.0,0.0078223023839397,Male,White,True,Male_White,0.0
11217,47--Matador_Bullfighter/47_Matador_Bullfighter_Matador_Bullfighter_47_976.jpg,372.0,50.0,720.0,534.0,0.0,0.0,0.0,0.0,0.0,0.0,1024.0,576.0,0.2855631510416667,Male,White,True,Male_White,10.0
11219,47--Matador_Bullfighter/47_Matador_Bullfighter_matadorbullfighting_47_528.jpg,422.0,22.0,528.0,158.0,0.0,0.0,0.0,0.0,0.0,0.0,1024.0,578.0,0.0243566176470588,Male,White,True,Male_White,0.0
11220,47--Matador_Bullfighter/47_Matador_Bullfighter_matadorbullfighting_47_526.jpg,236.0,224.0,420.0,356.0,1.0,0.0,0.0,0.0,0.0,1.0,1024.0,840.0,0.0282366071428571,Male,White,True,Male_White,1.0
11221,47--Matador_Bullfighter/47_Matador_Bullfighter_matadorbullfighting_47_517.jpg,483.0,207.0,565.0,319.0,1.0,1.0,0.0,0.0,0.0,1.0,1024.0,1557.0,0.0057602761721258,Male,White,True,Male_White,0.0
11223,47--Matador_Bullfighter/47_Matador_Bullfighter_matadorbullfighting_47_171.jpg,540.0,100.0,630.0,182.0,1.0,0.0,0.0,0.0,0.0,1.0,1024.0,804.0,0.0089639692164179,Male,White,True,Male_White,0.0
11224,47--Matador_Bullfighter/47_Matador_Bullfighter_matadorbullfighting_47_735.jpg,544.0,94.0,598.0,152.0,0.0,0.0,0.0,0.0,0.0,0.0,1024.0,774.0,0.0039516715116279,Male,White,True,Male_White,0.0
11225,47--Matador_Bullfighter/47_Matador_Bullfighter_Matador_Bullfighter_47_868.jpg,203.0,17.0,322.0,200.0,0.0,0.0,0.0,0.0,0.0,0.0,1024.0,688.0,0.030910758085029,Male,White,True,Male_White,1.0
11226,47--Matador_Bullfighter/47_Matador_Bullfighter_Matador_Bullfighter_47_868.jpg,740.0,211.0,815.0,303.0,0.0,0.0,0.0,0.0,0.0,0.0,1024.0,688.0,0.0097940134447674,Male,White,True,Male_White,0.0
11227,47--Matador_Bullfighter/47_Matador_Bullfighter_Matador_Bullfighter_47_868.jpg,855.0,295.0,903.0,365.0,0.0,0.0,0.0,0.0,0.0,0.0,1024.0,688.0,0.0047692587209302,Male,White,True,Male_White,0.0
11228,47--Matador_Bullfighter/47_Matador_Bullfighter_Matador_Bullfighter_47_868.jpg,936.0,290.0,978.0,360.0,0.0,0.0,0.0,0.0,0.0,0.0,1024.0,688.0,0.0041731013808139,Male,White,True,Male_White,0.0
11230,47--Matador_Bullfighter/47_Matador_Bullfighter_matadorbullfighting_47_626.jpg,347.0,103.0,464.0,256.0,0.0,0.0,0.0,0.0,0.0,0.0,1024.0,1422.0,0.0122935621044303,Male,White,True,Male_White,0.0
11240,47--Matador_Bullfighter/47_Matador_Bullfighter_matadorbullfighting_47_206.jpg,424.0,88.0,486.0,152.0,1.0,0.0,0.0,0.0,0.0,0.0,1024.0,816.0,0.0047487745098039,Male,White,True,Male_White,0.0
11243,47--Matador_Bullfighter/47_Matador_Bullfighter_matadorbullfighting_47_121.jpg,572.0,62.0,624.0,112.0,1.0,0.0,0.0,0.0,0.0,0.0,1024.0,640.0,0.00396728515625,Male,White,True,Male_White,0.0
11245,47--Matador_Bullfighter/47_Matador_Bullfighter_matadorbullfighting_47_141.jpg,666.0,67.0,797.0,353.0,0.0,0.0,0.0,0.0,0.0,1.0,1024.0,1369.0,0.0267259975346968,Male,White,True,Male_White,0.0
11249,47--Matador_Bullfighter/47_Matador_Bullfighter_matadorbullfighting_47_613.jpg,524.0,166.0,614.0,250.0,1.0,0.0,0.0,0.0,0.0,0.0,1024.0,768.0,0.009613037109375,Male,White,True,Male_White,0.0
11250,47--Matador_Bullfighter/47_Matador_Bullfighter_matadorbullfighting_47_869.jpg,449.0,141.0,661.0,431.0,0.0,0.0,0.0,0.0,0.0,0.0,1024.0,1339.0,0.0448387322628827,Male,White,True,Male_White,1.0
11270,48--Parachutist_Paratrooper/48_Parachutist_Paratrooper_Parachutist_Paratrooper_48_420.jpg,508.0,126.0,556.0,181.0,0.0,0.0,1.0,0.0,0.0,0.0,1024.0,768.0,0.00335693359375,Male,White,True,Male_White,0.0
11271,48--Parachutist_Paratrooper/48_Parachutist_Paratrooper_Parachutist_Paratrooper_48_772.jpg,130.0,124.0,210.0,246.0,0.0,0.0,0.0,0.0,0.0,0.0,1024.0,686.0,0.0138939504373177,Male,Black,True,Male_Black,0.0
11272,48--Parachutist_Paratrooper/48_Parachutist_Paratrooper_Parachutist_Paratrooper_48_772.jpg,42.0,184.0,124.0,294.0,0.0,0.0,0.0,0.0,0.0,0.0,1024.0,686.0,0.0128405156705539,Male,White,True,Male_White,0.0
11273,48--Parachutist_Paratrooper/48_Parachutist_Paratrooper_Parachutist_Paratrooper_48_772.jpg,236.0,218.0,340.0,376.0,0.0,0.0,0.0,0.0,0.0,0.0,1024.0,686.0,0.0233919460641399,Male,White,True,Male_White,0.0
11274,48--Parachutist_Paratrooper/48_Parachutist_Paratrooper_Parachutist_Paratrooper_48_772.jpg,390.0,214.0,512.0,392.0,0.0,0.0,0.0,0.0,0.0,0.0,1024.0,686.0,0.030914039723032,Male,White,True,Male_White,1.0
11275,48--Parachutist_Paratrooper/48_Parachutist_Paratrooper_Parachutist_Paratrooper_48_772.jpg,542.0,118.0,700.0,318.0,0.0,0.0,0.0,0.0,0.0,0.0,1024.0,686.0,0.0449845116618075,Male,White,True,Male_White,1.0
11276,48--Parachutist_Paratrooper/48_Parachutist_Paratrooper_Parachutist_Paratrooper_48_772.jpg,924.0,156.0,1024.0,288.0,0.0,0.0,0.0,0.0,0.0,0.0,1024.0,686.0,0.018790998542274,Male,White,True,Male_White,0.0
11282,48--Parachutist_Paratrooper/48_Parachutist_Paratrooper_Parachutist_Paratrooper_48_53.jpg,302.0,70.0,364.0,162.0,0.0,0.0,0.0,0.0,0.0,0.0,1024.0,726.0,0.0076726067493112,Male,White,True,Male_White,0.0
11296,48--Parachutist_Paratrooper/48_Parachutist_Paratrooper_Parachutist_Paratrooper_48_771.jpg,722.0,162.0,852.0,332.0,0.0,0.0,0.0,0.0,0.0,0.0,1024.0,679.0,0.0317850239322533,Male,White,True,Male_White,1.0
11297,48--Parachutist_Paratrooper/48_Parachutist_Paratrooper_Parachutist_Paratrooper_48_459.jpg,178.0,300.0,712.0,986.0,0.0,0.0,0.0,0.0,0.0,0.0,1024.0,1493.0,0.2396103692230408,Male,White,True,Male_White,8.0
11299,48--Parachutist_Paratrooper/48_Parachutist_Paratrooper_Parachutist_Paratrooper_48_756.jpg,415.0,300.0,581.0,508.0,1.0,0.0,0.0,0.0,0.0,0.0,1024.0,1438.0,0.0234483657858136,Male,White,True,Male_White,0.0
11303,48--Parachutist_Paratrooper/48_Parachutist_Paratrooper_Parachutist_Paratrooper_48_505.jpg,124.0,171.0,399.0,491.0,0.0,0.0,1.0,0.0,0.0,0.0,1024.0,1271.0,0.0676140833988985,Male,White,True,Male_White,2.0
11304,48--Parachutist_Paratrooper/48_Parachutist_Paratrooper_Parachutist_Paratrooper_48_146.jpg,236.0,304.0,298.0,384.0,0.0,0.0,0.0,0.0,0.0,0.0,1024.0,679.0,0.0071336524300441,Male,White,True,Male_White,0.0
11306,48--Parachutist_Paratrooper/48_Parachutist_Paratrooper_Parachutist_Paratrooper_48_626.jpg,439.0,172.0,485.0,224.0,1.0,0.0,0.0,0.0,0.0,0.0,1024.0,768.0,0.0030415852864583,Male,White,True,Male_White,0.0
11307,48--Parachutist_Paratrooper/48_Parachutist_Paratrooper_Parachutist_Paratrooper_48_805.jpg,346.0,88.0,398.0,170.0,0.0,0.0,0.0,0.0,0.0,0.0,1024.0,768.0,0.0054219563802083,Male,White,True,Male_White,0.0
11308,48--Parachutist_Paratrooper/48_Parachutist_Paratrooper_Parachutist_Paratrooper_48_329.jpg,289.0,461.0,609.0,858.0,0.0,0.0,1.0,0.0,0.0,0.0,1024.0,1575.0,0.0787698412698412,Male,White,True,Male_White,2.0
11309,48--Parachutist_Paratrooper/48_Parachutist_Paratrooper_Parachutist_Paratrooper_48_277.jpg,491.0,123.0,598.0,254.0,1.0,0.0,0.0,0.0,0.0,0.0,1024.0,1366.0,0.0100208466782576,Male,White,True,Male_White,0.0
11317,48--Parachutist_Paratrooper/48_Parachutist_Paratrooper_Parachutist_Paratrooper_48_83.jpg,894.0,306.0,1010.0,482.0,0.0,0.0,0.0,0.0,1.0,0.0,1024.0,682.0,0.0292338709677419,Male,White,True,Male_White,1.0
11322,48--Parachutist_Paratrooper/48_Parachutist_Paratrooper_Parachutist_Paratrooper_48_487.jpg,690.0,130.0,768.0,232.0,0.0,0.0,0.0,0.0,0.0,0.0,1024.0,544.0,0.0142822265625,Male,White,True,Male_White,0.0
11323,48--Parachutist_Paratrooper/48_Parachutist_Paratrooper_Parachutist_Paratrooper_48_802.jpg,324.0,284.0,424.0,396.0,1.0,0.0,1.0,0.0,0.0,0.0,1024.0,1275.0,0.008578431372549,Male,White,True,Male_White,0.0
11324,48--Parachutist_Paratrooper/48_Parachutist_Paratrooper_Parachutist_Paratrooper_48_347.jpg,457.0,199.0,574.0,358.0,1.0,0.0,0.0,0.0,0.0,0.0,1024.0,1572.0,0.0115566108062977,Male,White,True,Male_White,0.0
11325,48--Parachutist_Paratrooper/48_Parachutist_Paratrooper_Parachutist_Paratrooper_48_213.jpg,120.0,36.0,155.0,77.0,1.0,0.0,0.0,0.0,0.0,0.0,1024.0,522.0,0.0026846114703065,Male,White,True,Male_White,0.0
11326,48--Parachutist_Paratrooper/48_Parachutist_Paratrooper_Parachutist_Paratrooper_48_213.jpg,332.0,37.0,365.0,79.0,1.0,0.0,0.0,0.0,0.0,0.0,1024.0,522.0,0.0025929418103448,Male,White,True,Male_White,0.0
11327,48--Parachutist_Paratrooper/48_Parachutist_Paratrooper_Parachutist_Paratrooper_48_213.jpg,913.0,35.0,941.0,75.0,1.0,0.0,0.0,0.0,0.0,0.0,1024.0,522.0,0.0020953065134099,Male,White,True,Male_White,0.0
11329,48--Parachutist_Paratrooper/48_Parachutist_Paratrooper_Parachutist_Paratrooper_48_266.jpg,205.0,1074.0,285.0,1199.0,0.0,0.0,0.0,0.0,0.0,0.0,1024.0,1521.0,0.0064205292570677,Male,White,True,Male_White,0.0
11330,48--Parachutist_Paratrooper/48_Parachutist_Paratrooper_Parachutist_Paratrooper_48_266.jpg,362.0,911.0,439.0,1027.0,0.0,0.0,0.0,0.0,0.0,0.0,1024.0,1521.0,0.0057348167324128,Male,White,True,Male_White,0.0
11331,48--Parachutist_Paratrooper/48_Parachutist_Paratrooper_Parachutist_Paratrooper_48_266.jpg,540.0,908.0,617.0,1012.0,0.0,0.0,0.0,0.0,0.0,0.0,1024.0,1521.0,0.0051415598290598,Male,White,True,Male_White,0.0
11332,48--Parachutist_Paratrooper/48_Parachutist_Paratrooper_Parachutist_Paratrooper_48_266.jpg,700.0,1042.0,789.0,1167.0,0.0,0.0,0.0,0.0,0.0,0.0,1024.0,1521.0,0.0071428387984878,Male,White,True,Male_White,0.0
11333,48--Parachutist_Paratrooper/48_Parachutist_Paratrooper_Parachutist_Paratrooper_48_664.jpg,402.0,255.0,499.0,390.0,1.0,0.0,0.0,0.0,0.0,0.0,1024.0,1304.0,0.0098068143692484,Male,White,True,Male_White,0.0
11342,48--Parachutist_Paratrooper/48_Parachutist_Paratrooper_Parachutist_Paratrooper_48_895.jpg,325.0,167.0,541.0,421.0,0.0,0.0,0.0,0.0,0.0,0.0,1024.0,1397.0,0.0383522727272727,Male,White,True,Male_White,1.0
11345,48--Parachutist_Paratrooper/48_Parachutist_Paratrooper_Parachutist_Paratrooper_48_382.jpg,370.0,132.0,422.0,192.0,0.0,0.0,0.0,0.0,0.0,1.0,1024.0,695.0,0.0043839928057553,Male,White,True,Male_White,0.0
11346,48--Parachutist_Paratrooper/48_Parachutist_Paratrooper_Parachutist_Paratrooper_48_1026.jpg,62.0,18.0,150.0,152.0,0.0,0.0,0.0,0.0,0.0,0.0,1024.0,216.0,0.0533130787037037,Male,White,True,Male_White,1.0
11347,48--Parachutist_Paratrooper/48_Parachutist_Paratrooper_Parachutist_Paratrooper_48_531.jpg,527.0,138.0,646.0,296.0,0.0,0.0,0.0,0.0,0.0,0.0,1024.0,1687.0,0.0108840119294605,Male,White,True,Male_White,0.0
11348,48--Parachutist_Paratrooper/48_Parachutist_Paratrooper_Parachutist_Paratrooper_48_774.jpg,684.0,38.0,788.0,194.0,0.0,0.0,0.0,0.0,0.0,0.0,1024.0,578.0,0.0274113321799307,Male,White,True,Male_White,0.0
11349,48--Parachutist_Paratrooper/48_Parachutist_Paratrooper_Parachutist_Paratrooper_48_352.jpg,134.0,26.0,167.0,78.0,1.0,0.0,0.0,0.0,0.0,0.0,1024.0,522.0,0.0032103089080459,Male,White,True,Male_White,0.0
11350,48--Parachutist_Paratrooper/48_Parachutist_Paratrooper_Parachutist_Paratrooper_48_352.jpg,335.0,34.0,362.0,80.0,1.0,0.0,0.0,0.0,0.0,0.0,1024.0,522.0,0.0023235452586206,Male,White,True,Male_White,0.0
11351,48--Parachutist_Paratrooper/48_Parachutist_Paratrooper_Parachutist_Paratrooper_48_352.jpg,899.0,35.0,930.0,79.0,1.0,0.0,0.0,0.0,0.0,0.0,1024.0,522.0,0.0025517840038314,Male,White,True,Male_White,0.0
11361,49--Greeting/49_Greeting_peoplegreeting_49_115.jpg,595.0,341.0,684.0,440.0,0.0,0.0,0.0,0.0,0.0,0.0,1024.0,1058.0,0.0081327903473534,Male,White,True,Male_White,0.0
11369,49--Greeting/49_Greeting_peoplegreeting_49_637.jpg,486.0,164.0,730.0,446.0,0.0,0.0,0.0,0.0,0.0,0.0,1024.0,681.0,0.0986715308370044,Male,White,True,Male_White,3.0
11386,49--Greeting/49_Greeting_peoplegreeting_49_267.jpg,574.0,143.0,874.0,516.0,0.0,0.0,0.0,0.0,0.0,0.0,1024.0,1033.0,0.1057863927879961,Male,White,True,Male_White,3.0
11449,49--Greeting/49_Greeting_peoplegreeting_49_365.jpg,360.0,153.0,439.0,257.0,1.0,0.0,0.0,0.0,0.0,0.0,1024.0,1400.0,0.0057310267857142,Male,White,True,Male_White,0.0
11473,49--Greeting/49_Greeting_peoplegreeting_49_427.jpg,399.0,173.0,592.0,383.0,0.0,0.0,0.0,0.0,0.0,0.0,1024.0,2105.0,0.0188028874703087,Male,White,True,Male_White,0.0
11549,49--Greeting/49_Greeting_peoplegreeting_49_300.jpg,835.0,410.0,889.0,478.0,0.0,0.0,0.0,0.0,0.0,0.0,1024.0,768.0,0.004669189453125,Male,White,True,Male_White,0.0
11550,49--Greeting/49_Greeting_peoplegreeting_49_300.jpg,553.0,399.0,653.0,505.0,0.0,0.0,0.0,0.0,1.0,0.0,1024.0,768.0,0.0134785970052083,Male,White,True,Male_White,0.0
11551,49--Greeting/49_Greeting_peoplegreeting_49_300.jpg,377.0,277.0,483.0,408.0,0.0,0.0,0.0,0.0,0.0,0.0,1024.0,768.0,0.0176569620768229,Male,White,True,Male_White,0.0
11552,49--Greeting/49_Greeting_peoplegreeting_49_300.jpg,170.0,354.0,219.0,420.0,1.0,0.0,0.0,0.0,0.0,0.0,1024.0,768.0,0.0041122436523437,Male,White,True,Male_White,0.0
11553,49--Greeting/49_Greeting_peoplegreeting_49_300.jpg,34.0,325.0,87.0,384.0,1.0,0.0,0.0,0.0,0.0,0.0,1024.0,768.0,0.0039761861165364,Male,White,True,Male_White,0.0
11559,49--Greeting/49_Greeting_peoplegreeting_49_407.jpg,721.0,101.0,819.0,240.0,0.0,0.0,0.0,0.0,0.0,0.0,1024.0,1399.0,0.0095087450857755,Male,White,True,Male_White,0.0
11561,49--Greeting/49_Greeting_peoplegreeting_49_239.jpg,498.0,138.0,768.0,516.0,0.0,0.0,0.0,0.0,0.0,0.0,1024.0,1536.0,0.0648880004882812,Male,White,True,Male_White,2.0
11596,49--Greeting/49_Greeting_peoplegreeting_49_106.jpg,498.0,246.0,640.0,438.0,0.0,0.0,0.0,0.0,0.0,0.0,1024.0,768.0,0.03466796875,Male,White,True,Male_White,1.0
11607,49--Greeting/49_Greeting_peoplegreeting_49_484.jpg,592.0,90.0,804.0,398.0,0.0,0.0,0.0,0.0,0.0,0.0,1024.0,558.0,0.1142753136200716,Male,White,True,Male_White,4.0
11610,49--Greeting/49_Greeting_peoplegreeting_49_89.jpg,39.0,3.0,246.0,296.0,0.0,0.0,0.0,0.0,0.0,0.0,1024.0,1536.0,0.0385608673095703,Male,Black,True,Male_Black,1.0
11611,49--Greeting/49_Greeting_peoplegreeting_49_89.jpg,416.0,153.0,602.0,416.0,0.0,0.0,0.0,0.0,0.0,0.0,1024.0,1536.0,0.0311012268066406,Male,White,True,Male_White,1.0
11612,49--Greeting/49_Greeting_peoplegreeting_49_89.jpg,841.0,15.0,1018.0,317.0,0.0,0.0,0.0,0.0,0.0,0.0,1024.0,1536.0,0.0339851379394531,Male,White,True,Male_White,1.0
11614,5--Car_Accident/5_Car_Accident_Car_Crash_5_531.jpg,420.0,190.0,474.0,266.0,1.0,0.0,0.0,0.0,0.0,0.0,1024.0,719.0,0.0055741481223922,Male,White,True,Male_White,0.0
11615,5--Car_Accident/5_Car_Accident_Car_Crash_5_823.jpg,217.0,321.0,813.0,1096.0,0.0,0.0,0.0,0.0,0.0,0.0,1024.0,1370.0,0.3292512545620438,Male,Black,True,Male_Black,12.0
11620,5--Car_Accident/5_Car_Accident_Accident_5_283.jpg,678.0,376.0,730.0,452.0,1.0,0.0,0.0,0.0,1.0,1.0,1024.0,768.0,0.0050252278645833,Male,Black,True,Male_Black,0.0
11632,5--Car_Accident/5_Car_Accident_Accident_5_867.jpg,670.0,662.0,778.0,750.0,1.0,0.0,0.0,0.0,0.0,1.0,1024.0,1024.0,0.009063720703125,Male,White,True,Male_White,0.0
11634,5--Car_Accident/5_Car_Accident_Accident_5_784.jpg,484.0,105.0,671.0,361.0,0.0,0.0,1.0,0.0,0.0,0.0,1024.0,1409.0,0.033179559971611,Male,White,True,Male_White,1.0
11635,5--Car_Accident/5_Car_Accident_Accident_5_784.jpg,908.0,996.0,982.0,1103.0,0.0,0.0,0.0,0.0,0.0,0.0,1024.0,1409.0,0.0054878792583392,Male,White,True,Male_White,0.0
11636,5--Car_Accident/5_Car_Accident_Accident_5_784.jpg,140.0,69.0,280.0,245.0,0.0,0.0,1.0,0.0,0.0,0.0,1024.0,1409.0,0.0170777146912704,Male,White,True,Male_White,0.0
11637,5--Car_Accident/5_Car_Accident_Accident_5_784.jpg,47.0,336.0,149.0,501.0,1.0,0.0,0.0,0.0,1.0,0.0,1024.0,1409.0,0.0116646890525195,Male,White,True,Male_White,0.0
11639,5--Car_Accident/5_Car_Accident_Car_Crash_5_382.jpg,522.0,360.0,618.0,478.0,1.0,0.0,0.0,0.0,0.0,1.0,1024.0,795.0,0.0139150943396226,Male,White,True,Male_White,0.0
11641,5--Car_Accident/5_Car_Accident_Accident_5_482.jpg,88.0,158.0,130.0,202.0,1.0,0.0,0.0,0.0,0.0,0.0,1024.0,756.0,0.0023871527777777,Male,White,True,Male_White,0.0
11645,5--Car_Accident/5_Car_Accident_Car_Crash_5_739.jpg,704.0,162.0,758.0,246.0,1.0,0.0,0.0,0.0,0.0,1.0,1024.0,681.0,0.00650468061674,Male,White,True,Male_White,0.0
11649,5--Car_Accident/5_Car_Accident_Accident_5_265.jpg,639.0,159.0,683.0,210.0,0.0,0.0,0.0,0.0,0.0,0.0,1024.0,683.0,0.0032085010980966,Male,White,True,Male_White,0.0
11653,5--Car_Accident/5_Car_Accident_Car_Crash_5_315.jpg,644.0,78.0,756.0,228.0,1.0,0.0,0.0,0.0,0.0,0.0,1024.0,577.0,0.0284337088388214,Male,White,True,Male_White,1.0
11656,5--Car_Accident/5_Car_Accident_Car_Crash_5_520.jpg,178.0,26.0,350.0,292.0,0.0,0.0,0.0,0.0,0.0,0.0,1024.0,760.0,0.0587890625,Male,White,True,Male_White,2.0
11657,5--Car_Accident/5_Car_Accident_Accident_5_220.jpg,340.0,250.0,502.0,491.0,0.0,0.0,0.0,0.0,0.0,0.0,1024.0,1453.0,0.0262401604439091,Male,White,True,Male_White,0.0
11661,5--Car_Accident/5_Car_Accident_Car_Crash_5_263.jpg,779.0,99.0,826.0,146.0,1.0,0.0,0.0,0.0,0.0,0.0,1024.0,664.0,0.0032488351844879,Male,White,True,Male_White,0.0
11665,5--Car_Accident/5_Car_Accident_Accident_5_901.jpg,576.0,74.0,634.0,150.0,1.0,0.0,0.0,0.0,0.0,1.0,1024.0,682.0,0.0063118585043988,Male,Asian,True,Male_Asian,0.0
11668,5--Car_Accident/5_Car_Accident_Accident_5_540.jpg,196.0,14.0,476.0,489.0,0.0,0.0,0.0,0.0,0.0,0.0,1024.0,1392.0,0.0933066181752873,Male,White,True,Male_White,3.0
11669,5--Car_Accident/5_Car_Accident_Car_Crash_5_853.jpg,133.0,464.0,182.0,521.0,1.0,0.0,0.0,0.0,0.0,1.0,1024.0,768.0,0.0035514831542968,Male,White,True,Male_White,0.0
11671,5--Car_Accident/5_Car_Accident_Car_Crash_5_403.jpg,829.0,178.0,864.0,218.0,1.0,0.0,0.0,0.0,0.0,0.0,1024.0,569.0,0.0024027899824253,Male,White,True,Male_White,0.0
11681,5--Car_Accident/5_Car_Accident_Accident_5_936.jpg,232.0,134.0,360.0,322.0,0.0,0.0,0.0,0.0,0.0,0.0,1024.0,618.0,0.0380258899676375,Male,White,True,Male_White,1.0
11684,5--Car_Accident/5_Car_Accident_Accident_5_332.jpg,246.0,225.0,282.0,272.0,1.0,0.0,0.0,0.0,0.0,0.0,1024.0,683.0,0.0024192441434846,Male,White,True,Male_White,0.0
11686,5--Car_Accident/5_Car_Accident_Car_Crash_5_322.jpg,191.0,163.0,250.0,229.0,1.0,0.0,0.0,0.0,0.0,0.0,1024.0,685.0,0.0055514370437956,Male,White,True,Male_White,0.0
11688,5--Car_Accident/5_Car_Accident_Accident_5_210.jpg,128.0,336.0,304.0,462.0,1.0,0.0,0.0,0.0,1.0,1.0,1024.0,771.0,0.0280885214007782,Male,White,True,Male_White,1.0
11708,50--Celebration_Or_Party/50_Celebration_Or_Party_birthdayparty_50_483.jpg,182.0,46.0,292.0,202.0,0.0,0.0,0.0,0.0,0.0,0.0,1024.0,768.0,0.021820068359375,Male,White,True,Male_White,0.0
11709,50--Celebration_Or_Party/50_Celebration_Or_Party_birthdayparty_50_483.jpg,394.0,128.0,474.0,228.0,0.0,0.0,0.0,0.0,0.0,0.0,1024.0,768.0,0.0101725260416666,Male,White,True,Male_White,0.0
11710,50--Celebration_Or_Party/50_Celebration_Or_Party_birthdayparty_50_483.jpg,746.0,90.0,844.0,228.0,0.0,0.0,0.0,0.0,0.0,0.0,1024.0,768.0,0.0171966552734375,Male,White,True,Male_White,0.0
11711,50--Celebration_Or_Party/50_Celebration_Or_Party_birthdayparty_50_483.jpg,550.0,126.0,638.0,256.0,0.0,0.0,0.0,0.0,0.0,0.0,1024.0,768.0,0.0145467122395833,Male,White,True,Male_White,0.0
11730,50--Celebration_Or_Party/50_Celebration_Or_Party_houseparty_50_155.jpg,657.0,176.0,717.0,245.0,1.0,0.0,0.0,0.0,0.0,0.0,1024.0,732.0,0.005523181352459,Male,White,True,Male_White,0.0
11731,50--Celebration_Or_Party/50_Celebration_Or_Party_houseparty_50_155.jpg,370.0,216.0,436.0,288.0,1.0,0.0,0.0,0.0,0.0,0.0,1024.0,732.0,0.0063396516393442,Male,White,True,Male_White,0.0
11732,50--Celebration_Or_Party/50_Celebration_Or_Party_houseparty_50_155.jpg,173.0,164.0,227.0,241.0,1.0,0.0,0.0,0.0,0.0,0.0,1024.0,732.0,0.0055471951844262,Male,Black,True,Male_Black,0.0
11737,50--Celebration_Or_Party/50_Celebration_Or_Party_houseparty_50_390.jpg,277.0,208.0,774.0,850.0,0.0,0.0,1.0,0.0,0.0,0.0,1024.0,1542.0,0.2020724404182879,Male,White,True,Male_White,7.0
11741,50--Celebration_Or_Party/50_Celebration_Or_Party_houseparty_50_468.jpg,430.0,105.0,690.0,456.0,0.0,0.0,0.0,0.0,0.0,0.0,1024.0,1500.0,0.0594140625,Male,White,True,Male_White,2.0
11756,50--Celebration_Or_Party/50_Celebration_Or_Party_houseparty_50_72.jpg,92.0,2.0,606.0,602.0,0.0,0.0,0.0,0.0,0.0,0.0,1024.0,1024.0,0.2941131591796875,Male,Black,True,Male_Black,11.0
11764,50--Celebration_Or_Party/50_Celebration_Or_Party_houseparty_50_994.jpg,42.0,502.0,202.0,702.0,0.0,0.0,0.0,0.0,0.0,0.0,1024.0,745.0,0.0419463087248322,Male,White,True,Male_White,1.0
11775,50--Celebration_Or_Party/50_Celebration_Or_Party_houseparty_50_283.jpg,284.0,137.0,390.0,289.0,0.0,0.0,0.0,0.0,0.0,0.0,1024.0,1322.0,0.011901947806354,Male,White,True,Male_White,0.0
11783,50--Celebration_Or_Party/50_Celebration_Or_Party_birthdayparty_50_42.jpg,726.0,542.0,834.0,672.0,0.0,0.0,0.0,0.0,0.0,0.0,1024.0,1024.0,0.0133895874023437,Male,White,True,Male_White,0.0
11834,50--Celebration_Or_Party/50_Celebration_Or_Party_houseparty_50_347.jpg,434.0,256.0,729.0,590.0,0.0,0.0,0.0,0.0,0.0,0.0,1024.0,1541.0,0.0624404303212199,Male,Black,True,Male_Black,2.0
11854,50--Celebration_Or_Party/50_Celebration_Or_Party_houseparty_50_462.jpg,550.0,166.0,710.0,332.0,0.0,0.0,1.0,0.0,0.0,0.0,1024.0,683.0,0.0379758418740849,Male,White,True,Male_White,1.0
11880,50--Celebration_Or_Party/50_Celebration_Or_Party_houseparty_50_707.jpg,440.0,96.0,534.0,232.0,0.0,1.0,0.0,0.0,0.0,0.0,1024.0,785.0,0.0159036624203821,Male,Black,True,Male_Black,0.0
11888,50--Celebration_Or_Party/50_Celebration_Or_Party_houseparty_50_583.jpg,437.0,286.0,642.0,590.0,0.0,0.0,1.0,0.0,0.0,0.0,1024.0,1541.0,0.0394934295911745,Male,Black,True,Male_Black,1.0
11893,50--Celebration_Or_Party/50_Celebration_Or_Party_houseparty_50_663.jpg,206.0,300.0,276.0,386.0,1.0,0.0,0.0,0.0,0.0,0.0,1024.0,768.0,0.0076548258463541,Male,Indian,True,Male_Indian,0.0
11894,50--Celebration_Or_Party/50_Celebration_Or_Party_houseparty_50_663.jpg,388.0,50.0,446.0,122.0,1.0,0.0,0.0,0.0,0.0,0.0,1024.0,768.0,0.00531005859375,Male,Indian,True,Male_Indian,0.0
11895,50--Celebration_Or_Party/50_Celebration_Or_Party_houseparty_50_663.jpg,326.0,284.0,402.0,384.0,1.0,0.0,0.0,0.0,0.0,0.0,1024.0,768.0,0.0096638997395833,Male,Indian,True,Male_Indian,0.0
11896,50--Celebration_Or_Party/50_Celebration_Or_Party_houseparty_50_663.jpg,536.0,300.0,590.0,374.0,1.0,0.0,0.0,0.0,0.0,0.0,1024.0,768.0,0.0050811767578125,Male,Indian,True,Male_Indian,0.0
11897,50--Celebration_Or_Party/50_Celebration_Or_Party_houseparty_50_663.jpg,788.0,310.0,854.0,390.0,1.0,0.0,0.0,0.0,0.0,0.0,1024.0,768.0,0.0067138671875,Male,Indian,True,Male_Indian,0.0
11905,50--Celebration_Or_Party/50_Celebration_Or_Party_houseparty_50_225.jpg,737.0,199.0,788.0,268.0,1.0,0.0,0.0,0.0,0.0,0.0,1024.0,732.0,0.0046947041495901,Male,White,True,Male_White,0.0
11906,50--Celebration_Or_Party/50_Celebration_Or_Party_houseparty_50_225.jpg,611.0,311.0,684.0,404.0,1.0,0.0,0.0,0.0,0.0,0.0,1024.0,732.0,0.0090572169569672,Male,White,True,Male_White,0.0
11907,50--Celebration_Or_Party/50_Celebration_Or_Party_houseparty_50_225.jpg,554.0,222.0,613.0,279.0,1.0,0.0,0.0,0.0,0.0,0.0,1024.0,732.0,0.0044865842725409,Male,White,True,Male_White,0.0
11908,50--Celebration_Or_Party/50_Celebration_Or_Party_houseparty_50_225.jpg,313.0,201.0,359.0,264.0,1.0,0.0,0.0,0.0,0.0,0.0,1024.0,732.0,0.0038662269467213,Male,Black,True,Male_Black,0.0
11909,50--Celebration_Or_Party/50_Celebration_Or_Party_houseparty_50_225.jpg,187.0,196.0,237.0,260.0,1.0,0.0,0.0,0.0,0.0,0.0,1024.0,732.0,0.0042691256830601,Male,White,True,Male_White,0.0
12037,51--Dresses/51_Dresses_wearingdress_51_27.jpg,393.0,164.0,633.0,484.0,0.0,0.0,0.0,0.0,0.0,0.0,1024.0,1293.0,0.0580046403712296,Male,White,True,Male_White,2.0
12038,51--Dresses/51_Dresses_wearingdress_51_467.jpg,258.0,102.0,410.0,306.0,0.0,0.0,0.0,0.0,0.0,0.0,1024.0,768.0,0.0394287109375,Male,White,True,Male_White,1.0
12115,51--Dresses/51_Dresses_wearingdress_51_33.jpg,469.0,160.0,624.0,365.0,0.0,0.0,0.0,0.0,0.0,0.0,1024.0,1366.0,0.0227161591782576,Male,White,True,Male_White,0.0
12259,51--Dresses/51_Dresses_wearingdress_51_529.jpg,522.0,65.0,661.0,263.0,0.0,0.0,0.0,0.0,0.0,0.0,1024.0,1661.0,0.0161811879139072,Male,White,True,Male_White,0.0
12378,51--Dresses/51_Dresses_wearingdress_51_439.jpg,301.0,204.0,622.0,608.0,0.0,0.0,0.0,0.0,0.0,0.0,1024.0,1470.0,0.0861527423469387,Male,White,True,Male_White,3.0
12386,52--Photographers/52_Photographers_photographertakingphoto_52_660.jpg,441.0,71.0,635.0,367.0,0.0,0.0,0.0,0.0,0.0,0.0,1024.0,1032.0,0.0543392684108527,Male,White,True,Male_White,1.0
12393,52--Photographers/52_Photographers_photographertakingphoto_52_789.jpg,345.0,252.0,687.0,699.0,0.0,0.0,0.0,0.0,0.0,0.0,1024.0,1536.0,0.0971946716308593,Male,White,True,Male_White,3.0
12403,52--Photographers/52_Photographers_photographertakingphoto_52_431.jpg,248.0,245.0,659.0,729.0,0.0,0.0,0.0,0.0,0.0,0.0,1024.0,1134.0,0.1713066302910053,Male,White,True,Male_White,6.0
12406,52--Photographers/52_Photographers_photographertakingphoto_52_190.jpg,510.0,94.0,562.0,188.0,1.0,0.0,0.0,0.0,0.0,0.0,1024.0,684.0,0.0069787097953216,Male,White,True,Male_White,0.0
12407,52--Photographers/52_Photographers_photographertakingphoto_52_22.jpg,32.0,12.0,512.0,568.0,0.0,0.0,1.0,0.0,0.0,1.0,1024.0,751.0,0.3470372836218375,Male,White,True,Male_White,13.0
12412,52--Photographers/52_Photographers_photographertakingphoto_52_644.jpg,303.0,259.0,740.0,910.0,0.0,0.0,0.0,0.0,0.0,0.0,1024.0,1265.0,0.2196200284090909,Male,White,True,Male_White,8.0
12413,52--Photographers/52_Photographers_photographertakingphoto_52_590.jpg,790.0,144.0,926.0,322.0,1.0,0.0,0.0,0.0,1.0,0.0,1024.0,636.0,0.0371707940251572,Male,White,True,Male_White,1.0
12424,52--Photographers/52_Photographers_photographertakingphoto_52_153.jpg,369.0,125.0,584.0,447.0,0.0,0.0,0.0,0.0,1.0,0.0,1024.0,1052.0,0.0642656101473384,Male,White,True,Male_White,2.0
12436,52--Photographers/52_Photographers_photographertakingphoto_52_336.jpg,401.0,221.0,428.0,272.0,1.0,0.0,0.0,0.0,0.0,0.0,1024.0,684.0,0.0019659745065789,Male,White,True,Male_White,0.0
12439,52--Photographers/52_Photographers_photographertakingphoto_52_229.jpg,646.0,312.0,675.0,360.0,1.0,0.0,0.0,0.0,0.0,0.0,1024.0,672.0,0.0020228794642857,Male,White,True,Male_White,0.0
12441,52--Photographers/52_Photographers_photographertakingphoto_52_339.jpg,246.0,620.0,324.0,734.0,1.0,0.0,0.0,0.0,0.0,0.0,1024.0,1535.0,0.0056570643322475,Male,White,True,Male_White,0.0
12442,52--Photographers/52_Photographers_photographertakingphoto_52_339.jpg,485.0,644.0,560.0,761.0,1.0,0.0,0.0,0.0,0.0,0.0,1024.0,1535.0,0.0055826292752443,Male,White,True,Male_White,0.0
12443,52--Photographers/52_Photographers_photographertakingphoto_52_339.jpg,395.0,410.0,464.0,494.0,1.0,0.0,0.0,0.0,0.0,0.0,1024.0,1535.0,0.003687398208469,Male,White,True,Male_White,0.0
12444,52--Photographers/52_Photographers_photographertakingphoto_52_339.jpg,647.0,449.0,704.0,539.0,1.0,0.0,0.0,0.0,0.0,0.0,1024.0,1535.0,0.003263690960912,Male,White,True,Male_White,0.0
12445,52--Photographers/52_Photographers_photographertakingphoto_52_339.jpg,764.0,638.0,851.0,734.0,1.0,0.0,0.0,0.0,0.0,0.0,1024.0,1535.0,0.0053135179153094,Male,White,True,Male_White,0.0
12454,52--Photographers/52_Photographers_photographertakingphoto_52_6.jpg,636.0,172.0,694.0,256.0,1.0,0.0,0.0,0.0,1.0,1.0,1024.0,754.0,0.0063100961538461,Male,Asian,True,Male_Asian,0.0
12455,52--Photographers/52_Photographers_photographertakingphoto_52_551.jpg,350.0,88.0,548.0,388.0,0.0,0.0,0.0,0.0,0.0,0.0,1024.0,576.0,0.1007080078125,Male,White,True,Male_White,3.0
12458,52--Photographers/52_Photographers_photographertakingphoto_52_685.jpg,80.0,118.0,272.0,420.0,0.0,0.0,0.0,0.0,0.0,0.0,1024.0,683.0,0.0829062957540263,Male,White,True,Male_White,3.0
12467,52--Photographers/52_Photographers_photographertakingphoto_52_462.jpg,306.0,276.0,374.0,354.0,1.0,0.0,0.0,0.0,0.0,0.0,1024.0,843.0,0.0061443505338078,Male,White,True,Male_White,0.0
12470,52--Photographers/52_Photographers_photographertakingphoto_52_628.jpg,195.0,219.0,473.0,476.0,1.0,0.0,0.0,0.0,0.0,1.0,1024.0,1535.0,0.0454537357491856,Male,Asian,True,Male_Asian,1.0
12471,52--Photographers/52_Photographers_taketouristphotos_52_59.jpg,576.0,166.0,668.0,286.0,1.0,0.0,0.0,0.0,0.0,0.0,1024.0,684.0,0.0157620614035087,Male,White,True,Male_White,0.0
12474,52--Photographers/52_Photographers_photographertakingphoto_52_786.jpg,162.0,289.0,761.0,992.0,0.0,0.0,0.0,0.0,0.0,0.0,1024.0,1482.0,0.2774814703525641,Male,White,True,Male_White,10.0
12487,52--Photographers/52_Photographers_taketouristphotos_52_306.jpg,279.0,372.0,711.0,928.0,0.0,0.0,0.0,0.0,0.0,0.0,1024.0,1539.0,0.1524122807017544,Male,White,True,Male_White,5.0
12488,52--Photographers/52_Photographers_photographertakingphoto_52_64.jpg,369.0,254.0,525.0,445.0,0.0,0.0,0.0,0.0,1.0,0.0,1024.0,1397.0,0.0208286730493915,Male,White,True,Male_White,0.0
12494,52--Photographers/52_Photographers_photographertakingphoto_52_782.jpg,688.0,64.0,818.0,226.0,1.0,0.0,0.0,0.0,1.0,0.0,1024.0,717.0,0.0286839696652719,Male,White,True,Male_White,1.0
12497,52--Photographers/52_Photographers_photographertakingphoto_52_720.jpg,382.0,294.0,621.0,598.0,0.0,0.0,0.0,0.0,0.0,0.0,1024.0,1289.0,0.0550450930954228,Male,White,True,Male_White,2.0
12500,52--Photographers/52_Photographers_photographertakingphoto_52_246.jpg,457.0,263.0,496.0,313.0,1.0,0.0,0.0,0.0,0.0,0.0,1024.0,639.0,0.0029801203051643,Male,White,True,Male_White,0.0
12504,52--Photographers/52_Photographers_photographertakingphoto_52_473.jpg,397.0,329.0,519.0,476.0,0.0,0.0,0.0,0.0,0.0,0.0,1024.0,1392.0,0.0125816608297413,Male,White,True,Male_White,0.0
12506,52--Photographers/52_Photographers_photographertakingphoto_52_804.jpg,305.0,145.0,716.0,722.0,0.0,0.0,0.0,0.0,0.0,0.0,1024.0,1324.0,0.174916062830438,Male,White,True,Male_White,6.0
12523,52--Photographers/52_Photographers_photographertakingphoto_52_491.jpg,44.0,164.0,280.0,462.0,0.0,0.0,0.0,0.0,0.0,0.0,1024.0,474.0,0.144893855485232,Male,White,True,Male_White,5.0
12526,52--Photographers/52_Photographers_photographertakingphoto_52_363.jpg,286.0,112.0,586.0,506.0,0.0,0.0,0.0,0.0,0.0,0.0,1024.0,859.0,0.1343768189755529,Male,White,True,Male_White,5.0
12534,52--Photographers/52_Photographers_photographertakingphoto_52_514.jpg,232.0,312.0,808.0,953.0,0.0,0.0,0.0,0.0,0.0,0.0,1024.0,1519.0,0.2373683344305464,Male,White,True,Male_White,8.0
12537,52--Photographers/52_Photographers_photographertakingphoto_52_63.jpg,689.0,189.0,732.0,233.0,1.0,0.0,0.0,0.0,0.0,1.0,1024.0,754.0,0.0024504724801061,Male,Asian,True,Male_Asian,0.0
12548,52--Photographers/52_Photographers_photographertakingphoto_52_9.jpg,26.0,60.0,352.0,488.0,1.0,0.0,0.0,0.0,1.0,0.0,1024.0,751.0,0.1814351697736351,Male,White,True,Male_White,6.0
12552,52--Photographers/52_Photographers_taketouristphotos_52_87.jpg,948.0,156.0,1018.0,268.0,1.0,0.0,0.0,0.0,0.0,0.0,1024.0,768.0,0.0099690755208333,Male,White,True,Male_White,0.0
12553,52--Photographers/52_Photographers_photographertakingphoto_52_391.jpg,688.0,190.0,812.0,364.0,0.0,0.0,0.0,0.0,0.0,0.0,1024.0,662.0,0.0318282666163142,Male,White,True,Male_White,1.0
12560,52--Photographers/52_Photographers_photographertakingphoto_52_394.jpg,440.0,206.0,626.0,516.0,0.0,0.0,0.0,0.0,1.0,0.0,1024.0,1024.0,0.0549888610839843,Male,White,True,Male_White,2.0
12566,52--Photographers/52_Photographers_photographertakingphoto_52_787.jpg,506.0,117.0,717.0,430.0,0.0,0.0,0.0,0.0,0.0,0.0,1024.0,1540.0,0.0418799462256493,Male,White,True,Male_White,1.0
12574,52--Photographers/52_Photographers_photographertakingphoto_52_205.jpg,512.0,232.0,666.0,478.0,0.0,1.0,0.0,0.0,0.0,0.0,1024.0,683.0,0.0541670479502196,Male,Asian,True,Male_Asian,1.0
12582,52--Photographers/52_Photographers_photographertakingphoto_52_355.jpg,213.0,139.0,520.0,518.0,0.0,0.0,0.0,0.0,0.0,0.0,1024.0,1366.0,0.083181534818814,Male,White,True,Male_White,3.0
12586,52--Photographers/52_Photographers_photographertakingphoto_52_619.jpg,303.0,269.0,818.0,801.0,0.0,0.0,0.0,0.0,0.0,0.0,1024.0,1450.0,0.1845231681034482,Male,White,True,Male_White,6.0
12587,52--Photographers/52_Photographers_photographertakingphoto_52_484.jpg,176.0,146.0,232.0,226.0,1.0,0.0,0.0,0.0,0.0,0.0,1024.0,686.0,0.0063775510204081,Male,White,True,Male_White,0.0
12588,52--Photographers/52_Photographers_photographertakingphoto_52_484.jpg,486.0,134.0,544.0,216.0,1.0,0.0,0.0,0.0,0.0,0.0,1024.0,686.0,0.0067704537172011,Male,White,True,Male_White,0.0
12589,52--Photographers/52_Photographers_photographertakingphoto_52_484.jpg,802.0,122.0,856.0,198.0,1.0,0.0,0.0,0.0,0.0,0.0,1024.0,686.0,0.0058422922740524,Male,White,True,Male_White,0.0
12593,52--Photographers/52_Photographers_photographertakingphoto_52_8.jpg,538.0,473.0,614.0,573.0,1.0,0.0,0.0,0.0,1.0,1.0,1024.0,1393.0,0.0053279791816223,Male,Asian,True,Male_Asian,0.0
12597,52--Photographers/52_Photographers_photographertakingphoto_52_437.jpg,238.0,90.0,320.0,216.0,1.0,0.0,0.0,0.0,0.0,0.0,1024.0,668.0,0.015104556511976,Male,White,True,Male_White,0.0
12598,53--Raid/53_Raid_policeraid_53_352.jpg,854.0,398.0,974.0,576.0,0.0,0.0,0.0,0.0,0.0,0.0,1024.0,615.0,0.0339176829268292,Male,White,True,Male_White,1.0
12599,53--Raid/53_Raid_policeraid_53_352.jpg,794.0,6.0,894.0,94.0,1.0,0.0,0.0,0.0,0.0,0.0,1024.0,615.0,0.0139735772357723,Male,White,True,Male_White,0.0
12600,53--Raid/53_Raid_policeraid_53_352.jpg,434.0,0.0,520.0,104.0,1.0,0.0,0.0,0.0,0.0,0.0,1024.0,615.0,0.0142022357723577,Male,Black,True,Male_Black,0.0
12603,53--Raid/53_Raid_policeraid_53_657.jpg,398.0,66.0,456.0,122.0,0.0,0.0,0.0,0.0,0.0,0.0,1024.0,660.0,0.0048058712121212,Male,White,True,Male_White,0.0
12604,53--Raid/53_Raid_policeraid_53_561.jpg,260.0,62.0,340.0,192.0,0.0,0.0,1.0,0.0,0.0,0.0,1024.0,650.0,0.015625,Male,White,True,Male_White,0.0
12605,53--Raid/53_Raid_policeraid_53_561.jpg,630.0,100.0,700.0,202.0,0.0,0.0,1.0,0.0,0.0,0.0,1024.0,650.0,0.0107271634615384,Male,White,True,Male_White,0.0
12606,53--Raid/53_Raid_policeraid_53_561.jpg,804.0,42.0,880.0,152.0,0.0,0.0,1.0,0.0,0.0,0.0,1024.0,650.0,0.0125600961538461,Male,White,True,Male_White,0.0
12607,53--Raid/53_Raid_policeraid_53_909.jpg,400.0,159.0,609.0,446.0,0.0,0.0,0.0,0.0,0.0,0.0,1024.0,1288.0,0.0454791525135869,Male,White,True,Male_White,1.0
12611,53--Raid/53_Raid_policeraid_53_515.jpg,381.0,75.0,570.0,387.0,0.0,0.0,0.0,0.0,0.0,0.0,1024.0,1536.0,0.0374908447265625,Male,White,True,Male_White,1.0
12612,53--Raid/53_Raid_policeraid_53_662.jpg,527.0,122.0,565.0,171.0,1.0,0.0,0.0,0.0,0.0,0.0,1024.0,660.0,0.0027550899621212,Male,White,True,Male_White,0.0
12613,53--Raid/53_Raid_policeraid_53_740.jpg,348.0,58.0,468.0,244.0,0.0,0.0,0.0,0.0,0.0,0.0,1024.0,683.0,0.0319134333821376,Male,White,True,Male_White,1.0
12615,53--Raid/53_Raid_policeraid_53_537.jpg,620.0,404.0,687.0,501.0,0.0,0.0,1.0,0.0,0.0,0.0,1024.0,1500.0,0.0042311197916666,Male,White,True,Male_White,0.0
12616,53--Raid/53_Raid_policeraid_53_537.jpg,796.0,339.0,875.0,459.0,0.0,0.0,1.0,0.0,0.0,0.0,1024.0,1500.0,0.006171875,Male,White,True,Male_White,0.0
12617,53--Raid/53_Raid_policeraid_53_537.jpg,263.0,383.0,345.0,482.0,0.0,0.0,1.0,0.0,0.0,0.0,1024.0,1500.0,0.00528515625,Male,White,True,Male_White,0.0
12618,53--Raid/53_Raid_policeraid_53_370.jpg,300.0,42.0,442.0,212.0,0.0,0.0,0.0,0.0,0.0,1.0,1024.0,577.0,0.0408565316291161,Male,White,True,Male_White,1.0
12622,53--Raid/53_Raid_policeraid_53_984.jpg,364.0,106.0,590.0,464.0,0.0,0.0,0.0,0.0,0.0,0.0,1024.0,623.0,0.1268245886837881,Male,Indian,True,Male_Indian,4.0
12628,53--Raid/53_Raid_policeraid_53_964.jpg,472.0,72.0,556.0,188.0,1.0,0.0,1.0,0.0,0.0,0.0,1024.0,717.0,0.0132714435146443,Male,White,True,Male_White,0.0
12631,53--Raid/53_Raid_policeraid_53_419.jpg,494.0,264.0,582.0,378.0,0.0,0.0,1.0,0.0,0.0,0.0,1024.0,712.0,0.0137596558988764,Male,White,True,Male_White,0.0
12642,53--Raid/53_Raid_policeraid_53_942.jpg,332.0,265.0,562.0,595.0,0.0,0.0,0.0,0.0,0.0,0.0,1024.0,1385.0,0.0535170351985559,Male,White,True,Male_White,1.0
12643,53--Raid/53_Raid_policeraid_53_250.jpg,580.0,224.0,668.0,356.0,1.0,0.0,0.0,0.0,0.0,0.0,1024.0,768.0,0.0147705078125,Male,Asian,True,Male_Asian,0.0
12644,53--Raid/53_Raid_policeraid_53_250.jpg,330.0,206.0,392.0,292.0,1.0,0.0,0.0,0.0,0.0,0.0,1024.0,768.0,0.0067799886067708,Male,Black,True,Male_Black,0.0
12645,53--Raid/53_Raid_policeraid_53_250.jpg,36.0,196.0,160.0,378.0,1.0,0.0,0.0,0.0,0.0,0.0,1024.0,768.0,0.0286966959635416,Male,Black,True,Male_Black,1.0
12646,53--Raid/53_Raid_policeraid_53_323.jpg,248.0,146.0,310.0,198.0,1.0,0.0,0.0,0.0,0.0,1.0,1024.0,711.0,0.004428182137834,Male,White,True,Male_White,0.0
12651,53--Raid/53_Raid_policeraid_53_590.jpg,638.0,60.0,756.0,216.0,0.0,0.0,0.0,0.0,0.0,0.0,1024.0,683.0,0.0263200036603221,Male,White,True,Male_White,0.0
12661,53--Raid/53_Raid_policeraid_53_140.jpg,520.0,308.0,574.0,376.0,1.0,0.0,0.0,0.0,0.0,0.0,1024.0,679.0,0.0052812039764359,Male,White,True,Male_White,0.0
12662,53--Raid/53_Raid_policeraid_53_490.jpg,556.0,94.0,614.0,186.0,1.0,0.0,0.0,0.0,0.0,0.0,1024.0,686.0,0.0075961188046647,Male,White,True,Male_White,0.0
12663,53--Raid/53_Raid_policeraid_53_490.jpg,422.0,52.0,494.0,150.0,1.0,0.0,0.0,0.0,0.0,0.0,1024.0,686.0,0.0100446428571428,Male,White,True,Male_White,0.0
12664,53--Raid/53_Raid_policeraid_53_490.jpg,104.0,16.0,216.0,144.0,1.0,0.0,0.0,0.0,0.0,0.0,1024.0,686.0,0.0204081632653061,Male,White,True,Male_White,0.0
12665,53--Raid/53_Raid_policeraid_53_265.jpg,350.0,126.0,646.0,546.0,0.0,0.0,0.0,0.0,0.0,0.0,1024.0,747.0,0.1625251004016064,Male,White,True,Male_White,6.0
12666,53--Raid/53_Raid_policeraid_53_607.jpg,414.0,160.0,517.0,294.0,1.0,0.0,0.0,0.0,0.0,0.0,1024.0,1461.0,0.0092255411533196,Male,White,True,Male_White,0.0
12673,53--Raid/53_Raid_policeraid_53_524.jpg,161.0,200.0,204.0,271.0,1.0,0.0,0.0,0.0,0.0,1.0,1024.0,838.0,0.0035578106354415,Male,Black,True,Male_Black,0.0
12674,53--Raid/53_Raid_policeraid_53_524.jpg,500.0,149.0,560.0,227.0,1.0,0.0,0.0,0.0,0.0,0.0,1024.0,838.0,0.0054538335322195,Male,Black,True,Male_Black,0.0
12675,53--Raid/53_Raid_policeraid_53_524.jpg,734.0,135.0,796.0,217.0,1.0,0.0,0.0,0.0,0.0,0.0,1024.0,838.0,0.0059246345465393,Male,Black,True,Male_Black,0.0
12679,53--Raid/53_Raid_policeraid_53_425.jpg,811.0,169.0,850.0,215.0,1.0,0.0,0.0,0.0,0.0,0.0,1024.0,684.0,0.0025613349780701,Male,White,True,Male_White,0.0
12680,53--Raid/53_Raid_policeraid_53_907.jpg,764.0,100.0,900.0,302.0,0.0,0.0,0.0,0.0,0.0,0.0,1024.0,685.0,0.0391651459854014,Male,White,True,Male_White,1.0
12681,53--Raid/53_Raid_policeraid_53_609.jpg,94.0,144.0,188.0,284.0,0.0,0.0,0.0,0.0,0.0,1.0,1024.0,666.0,0.0192966403903903,Male,White,True,Male_White,0.0
12682,53--Raid/53_Raid_policeraid_53_845.jpg,318.0,140.0,756.0,762.0,1.0,0.0,0.0,0.0,0.0,0.0,1024.0,845.0,0.3148529955621302,Male,Black,True,Male_Black,11.0
12683,53--Raid/53_Raid_policeraid_53_947.jpg,545.0,89.0,575.0,141.0,1.0,0.0,0.0,0.0,0.0,0.0,1024.0,661.0,0.0023047465960665,Male,White,True,Male_White,0.0
12698,53--Raid/53_Raid_policeraid_53_707.jpg,7.0,505.0,113.0,649.0,1.0,0.0,1.0,0.0,0.0,0.0,1024.0,703.0,0.0212037695590327,Male,Indian,True,Male_Indian,0.0
12699,53--Raid/53_Raid_policeraid_53_707.jpg,157.0,466.0,236.0,603.0,1.0,0.0,0.0,0.0,0.0,0.0,1024.0,703.0,0.0150346172652916,Male,Indian,True,Male_Indian,0.0
12700,53--Raid/53_Raid_policeraid_53_707.jpg,74.0,341.0,115.0,397.0,1.0,0.0,1.0,0.0,0.0,0.0,1024.0,703.0,0.0031894559032716,Male,Indian,True,Male_Indian,0.0
12701,53--Raid/53_Raid_policeraid_53_707.jpg,403.0,401.0,508.0,517.0,1.0,0.0,0.0,0.0,0.0,0.0,1024.0,703.0,0.0169196746088193,Male,Indian,True,Male_Indian,0.0
12702,53--Raid/53_Raid_policeraid_53_707.jpg,332.0,383.0,401.0,485.0,1.0,0.0,0.0,0.0,0.0,0.0,1024.0,703.0,0.0097767380867709,Male,Indian,True,Male_Indian,0.0
12703,53--Raid/53_Raid_policeraid_53_707.jpg,647.0,347.0,756.0,481.0,1.0,0.0,0.0,0.0,0.0,0.0,1024.0,703.0,0.0202897181721194,Male,Indian,True,Male_Indian,0.0
12704,53--Raid/53_Raid_policeraid_53_707.jpg,784.0,330.0,864.0,420.0,1.0,0.0,0.0,0.0,0.0,0.0,1024.0,703.0,0.0100017780938833,Male,Indian,True,Male_Indian,0.0
12705,53--Raid/53_Raid_policeraid_53_707.jpg,553.0,344.0,634.0,446.0,1.0,0.0,0.0,0.0,0.0,0.0,1024.0,703.0,0.0114770403627311,Male,Indian,True,Male_Indian,0.0
12708,53--Raid/53_Raid_policeraid_53_778.jpg,339.0,489.0,579.0,786.0,0.0,0.0,0.0,0.0,0.0,0.0,1024.0,1536.0,0.045318603515625,Male,White,True,Male_White,1.0
12713,53--Raid/53_Raid_policeraid_53_955.jpg,466.0,180.0,564.0,332.0,0.0,0.0,0.0,0.0,0.0,0.0,1024.0,577.0,0.0252112218370883,Male,White,True,Male_White,0.0
12714,53--Raid/53_Raid_policeraid_53_424.jpg,445.0,67.0,527.0,147.0,1.0,0.0,0.0,0.0,0.0,1.0,1024.0,577.0,0.0111026863084922,Male,White,True,Male_White,0.0
12715,53--Raid/53_Raid_policeraid_53_424.jpg,498.0,170.0,567.0,246.0,1.0,0.0,0.0,0.0,0.0,1.0,1024.0,577.0,0.0088753791161178,Male,White,True,Male_White,0.0
12716,53--Raid/53_Raid_policeraid_53_424.jpg,820.0,103.0,861.0,156.0,1.0,0.0,0.0,0.0,1.0,0.0,1024.0,577.0,0.003677764839688,Male,White,True,Male_White,0.0
12724,53--Raid/53_Raid_policeraid_53_373.jpg,440.0,160.0,530.0,292.0,0.0,0.0,0.0,0.0,0.0,0.0,1024.0,663.0,0.0174985859728506,Male,White,True,Male_White,0.0
12725,53--Raid/53_Raid_policeraid_53_373.jpg,558.0,170.0,636.0,296.0,0.0,0.0,0.0,0.0,0.0,0.0,1024.0,663.0,0.0144761029411764,Male,White,True,Male_White,0.0
12726,53--Raid/53_Raid_policeraid_53_373.jpg,690.0,198.0,770.0,316.0,0.0,0.0,0.0,0.0,0.0,0.0,1024.0,663.0,0.0139046003016591,Male,White,True,Male_White,0.0
12730,54--Rescue/54_Rescue_rescuepeople_54_847.jpg,304.0,20.0,448.0,210.0,0.0,0.0,1.0,0.0,0.0,0.0,1024.0,768.0,0.0347900390625,Male,White,True,Male_White,1.0
12734,54--Rescue/54_Rescue_rescuepeople_54_631.jpg,154.0,184.0,224.0,242.0,1.0,0.0,0.0,0.0,0.0,1.0,1024.0,685.0,0.0057880930656934,Male,White,True,Male_White,0.0
12735,54--Rescue/54_Rescue_rescuepeople_54_631.jpg,294.0,74.0,352.0,162.0,1.0,0.0,0.0,0.0,0.0,0.0,1024.0,685.0,0.0072764598540145,Male,White,True,Male_White,0.0
12736,54--Rescue/54_Rescue_rescuepeople_54_631.jpg,498.0,74.0,566.0,152.0,1.0,0.0,1.0,0.0,1.0,0.0,1024.0,685.0,0.0075615875912408,Male,White,True,Male_White,0.0
12737,54--Rescue/54_Rescue_rescuepeople_54_631.jpg,444.0,288.0,520.0,360.0,0.0,0.0,0.0,0.0,0.0,1.0,1024.0,685.0,0.0078010948905109,Male,White,True,Male_White,0.0
12738,54--Rescue/54_Rescue_rescuepeople_54_631.jpg,584.0,168.0,642.0,250.0,0.0,0.0,0.0,0.0,0.0,0.0,1024.0,685.0,0.0067803375912408,Male,White,True,Male_White,0.0
12739,54--Rescue/54_Rescue_rescuepeople_54_631.jpg,792.0,110.0,848.0,184.0,0.0,0.0,0.0,0.0,0.0,0.0,1024.0,685.0,0.0059078467153284,Male,White,True,Male_White,0.0
12741,54--Rescue/54_Rescue_firemanrescue_54_511.jpg,497.0,221.0,694.0,476.0,0.0,0.0,0.0,0.0,0.0,0.0,1024.0,1743.0,0.0281455061316695,Male,White,True,Male_White,1.0
12745,54--Rescue/54_Rescue_firemanrescue_54_536.jpg,606.0,130.0,660.0,230.0,1.0,0.0,0.0,0.0,0.0,0.0,1024.0,862.0,0.0061176769141531,Male,White,True,Male_White,0.0
12749,54--Rescue/54_Rescue_rescuepeople_54_944.jpg,217.0,304.0,249.0,342.0,1.0,0.0,0.0,0.0,0.0,0.0,1024.0,684.0,0.0017361111111111,Male,White,True,Male_White,0.0
12750,54--Rescue/54_Rescue_rescuepeople_54_944.jpg,309.0,382.0,340.0,422.0,1.0,0.0,0.0,0.0,0.0,0.0,1024.0,684.0,0.0017703764619883,Male,White,True,Male_White,0.0
12751,54--Rescue/54_Rescue_rescuepeople_54_944.jpg,480.0,383.0,511.0,423.0,1.0,0.0,0.0,0.0,0.0,0.0,1024.0,684.0,0.0017703764619883,Male,White,True,Male_White,0.0
12752,54--Rescue/54_Rescue_rescuepeople_54_944.jpg,601.0,317.0,637.0,360.0,1.0,0.0,0.0,0.0,0.0,0.0,1024.0,684.0,0.0022101151315789,Male,White,True,Male_White,0.0
12756,54--Rescue/54_Rescue_firemanrescue_54_115.jpg,8.0,254.0,288.0,612.0,0.0,0.0,0.0,0.0,0.0,0.0,1024.0,1024.0,0.0955963134765625,Male,White,True,Male_White,3.0
12761,54--Rescue/54_Rescue_firemanrescue_54_184.jpg,174.0,0.0,635.0,350.0,0.0,0.0,0.0,0.0,0.0,1.0,1024.0,1059.0,0.1487897633380547,Male,White,True,Male_White,5.0
12762,54--Rescue/54_Rescue_firemanrescue_54_265.jpg,447.0,221.0,586.0,360.0,0.0,0.0,0.0,0.0,0.0,0.0,1024.0,1231.0,0.0153275093927701,Male,White,True,Male_White,0.0
12763,54--Rescue/54_Rescue_rescuepeople_54_719.jpg,388.0,220.0,562.0,458.0,0.0,0.0,0.0,0.0,0.0,0.0,1024.0,1024.0,0.0394935607910156,Male,White,True,Male_White,1.0
12774,54--Rescue/54_Rescue_firemanrescue_54_613.jpg,324.0,501.0,831.0,1123.0,0.0,0.0,0.0,0.0,0.0,0.0,1024.0,1540.0,0.1999759030032467,Male,White,True,Male_White,7.0
12775,54--Rescue/54_Rescue_firemanrescue_54_436.jpg,594.0,120.0,830.0,412.0,0.0,0.0,0.0,0.0,0.0,0.0,1024.0,768.0,0.0876261393229166,Male,White,True,Male_White,3.0
12783,54--Rescue/54_Rescue_rescuepeople_54_104.jpg,454.0,72.0,718.0,434.0,0.0,0.0,0.0,0.0,0.0,0.0,1024.0,590.0,0.1581832627118644,Male,White,True,Male_White,5.0
12784,54--Rescue/54_Rescue_firemanrescue_54_804.jpg,502.0,699.0,571.0,789.0,1.0,0.0,1.0,0.0,0.0,0.0,1024.0,1531.0,0.0039611058948399,Male,White,True,Male_White,0.0
12789,54--Rescue/54_Rescue_firemanrescue_54_684.jpg,222.0,114.0,304.0,236.0,0.0,0.0,0.0,0.0,0.0,0.0,1024.0,698.0,0.0139964631088825,Male,White,True,Male_White,0.0
12790,54--Rescue/54_Rescue_firemanrescue_54_684.jpg,378.0,220.0,438.0,302.0,0.0,0.0,0.0,0.0,0.0,0.0,1024.0,698.0,0.0068835064469914,Male,White,True,Male_White,0.0
12791,54--Rescue/54_Rescue_firemanrescue_54_684.jpg,476.0,276.0,534.0,352.0,0.0,0.0,0.0,0.0,0.0,0.0,1024.0,698.0,0.0061671740687679,Male,White,True,Male_White,0.0
12802,54--Rescue/54_Rescue_firemanrescue_54_228.jpg,586.0,18.0,692.0,150.0,1.0,0.0,0.0,0.0,0.0,0.0,1024.0,577.0,0.0236812175043327,Male,White,True,Male_White,0.0
12803,54--Rescue/54_Rescue_rescuepeople_54_696.jpg,338.0,75.0,387.0,123.0,0.0,0.0,0.0,0.0,0.0,0.0,1024.0,685.0,0.003353102189781,Male,White,True,Male_White,0.0
12804,54--Rescue/54_Rescue_rescuepeople_54_696.jpg,197.0,77.0,238.0,126.0,1.0,0.0,0.0,0.0,0.0,0.0,1024.0,685.0,0.0028641081204379,Male,White,True,Male_White,0.0
12805,54--Rescue/54_Rescue_rescuepeople_54_696.jpg,119.0,163.0,165.0,219.0,1.0,0.0,0.0,0.0,0.0,0.0,1024.0,685.0,0.0036724452554744,Male,White,True,Male_White,0.0
12806,54--Rescue/54_Rescue_rescuepeople_54_696.jpg,275.0,193.0,323.0,243.0,1.0,0.0,0.0,0.0,0.0,0.0,1024.0,685.0,0.0034215328467153,Male,White,True,Male_White,0.0
12807,54--Rescue/54_Rescue_rescuepeople_54_696.jpg,420.0,190.0,462.0,245.0,1.0,0.0,0.0,0.0,0.0,0.0,1024.0,685.0,0.0032932253649635,Male,White,True,Male_White,0.0
12808,54--Rescue/54_Rescue_rescuepeople_54_696.jpg,553.0,196.0,599.0,251.0,1.0,0.0,0.0,0.0,0.0,0.0,1024.0,685.0,0.0036068658759124,Male,White,True,Male_White,0.0
12809,54--Rescue/54_Rescue_rescuepeople_54_696.jpg,687.0,193.0,731.0,239.0,1.0,0.0,0.0,0.0,0.0,0.0,1024.0,685.0,0.0028854927007299,Male,White,True,Male_White,0.0
12810,54--Rescue/54_Rescue_rescuepeople_54_696.jpg,852.0,203.0,899.0,258.0,1.0,0.0,0.0,0.0,0.0,0.0,1024.0,685.0,0.0036852760036496,Male,White,True,Male_White,0.0
12811,54--Rescue/54_Rescue_rescuepeople_54_696.jpg,781.0,89.0,824.0,138.0,1.0,0.0,0.0,0.0,0.0,0.0,1024.0,685.0,0.0030038207116788,Male,White,True,Male_White,0.0
12812,54--Rescue/54_Rescue_rescuepeople_54_696.jpg,629.0,78.0,678.0,126.0,1.0,0.0,0.0,0.0,0.0,0.0,1024.0,685.0,0.003353102189781,Male,White,True,Male_White,0.0
12813,54--Rescue/54_Rescue_rescuepeople_54_696.jpg,486.0,57.0,534.0,106.0,1.0,0.0,0.0,0.0,0.0,0.0,1024.0,685.0,0.003353102189781,Male,White,True,Male_White,0.0
12847,54--Rescue/54_Rescue_rescuepeople_54_83.jpg,407.0,238.0,493.0,364.0,0.0,0.0,0.0,0.0,0.0,0.0,1024.0,1470.0,0.0071986607142857,Male,White,True,Male_White,0.0
12851,54--Rescue/54_Rescue_firemanrescue_54_176.jpg,510.0,78.0,900.0,540.0,1.0,0.0,0.0,0.0,1.0,0.0,1024.0,959.0,0.1834796989051094,Male,White,True,Male_White,6.0
12852,54--Rescue/54_Rescue_firemanrescue_54_806.jpg,296.0,293.0,619.0,709.0,0.0,0.0,0.0,0.0,0.0,0.0,1024.0,1536.0,0.0854288736979166,Male,White,True,Male_White,3.0
12856,54--Rescue/54_Rescue_rescuepeople_54_898.jpg,211.0,85.0,255.0,140.0,1.0,0.0,0.0,0.0,0.0,0.0,1024.0,661.0,0.0035753120272314,Male,White,True,Male_White,0.0
12857,54--Rescue/54_Rescue_rescuepeople_54_898.jpg,360.0,80.0,399.0,131.0,1.0,0.0,0.0,0.0,0.0,0.0,1024.0,661.0,0.0029385519099848,Male,White,True,Male_White,0.0
12858,54--Rescue/54_Rescue_rescuepeople_54_898.jpg,684.0,55.0,730.0,117.0,1.0,0.0,0.0,0.0,0.0,0.0,1024.0,661.0,0.0042135495461422,Male,White,True,Male_White,0.0
12859,54--Rescue/54_Rescue_rescuepeople_54_898.jpg,847.0,41.0,899.0,103.0,1.0,0.0,0.0,0.0,0.0,0.0,1024.0,661.0,0.0047631429652042,Male,White,True,Male_White,0.0
12884,54--Rescue/54_Rescue_rescuepeople_54_957.jpg,272.0,100.0,490.0,410.0,0.0,0.0,0.0,0.0,0.0,0.0,1024.0,554.0,0.1191265230144404,Male,White,True,Male_White,4.0
12885,54--Rescue/54_Rescue_firemanrescue_54_849.jpg,526.0,94.0,666.0,276.0,0.0,0.0,0.0,0.0,0.0,0.0,1024.0,576.0,0.0431993272569444,Male,White,True,Male_White,1.0
12886,54--Rescue/54_Rescue_rescuepeople_54_621.jpg,312.0,76.0,486.0,346.0,0.0,0.0,1.0,0.0,0.0,0.0,1024.0,576.0,0.07965087890625,Male,White,True,Male_White,2.0
12888,54--Rescue/54_Rescue_rescuepeople_54_596.jpg,249.0,467.0,431.0,587.0,1.0,0.0,0.0,0.0,0.0,1.0,1024.0,1227.0,0.0173823349633251,Male,White,True,Male_White,0.0
12889,54--Rescue/54_Rescue_firemanrescue_54_187.jpg,552.0,212.0,654.0,342.0,0.0,0.0,0.0,0.0,0.0,0.0,1024.0,807.0,0.0160461198884758,Male,White,True,Male_White,0.0
12890,54--Rescue/54_Rescue_rescuepeople_54_124.jpg,652.0,232.0,750.0,320.0,1.0,0.0,0.0,0.0,0.0,1.0,1024.0,808.0,0.0104231126237623,Male,Indian,True,Male_Indian,0.0
12891,54--Rescue/54_Rescue_rescuepeople_54_124.jpg,60.0,54.0,186.0,202.0,1.0,0.0,0.0,0.0,0.0,0.0,1024.0,808.0,0.0225382889851485,Male,Indian,True,Male_Indian,0.0
12892,54--Rescue/54_Rescue_rescuepeople_54_124.jpg,394.0,12.0,508.0,166.0,1.0,0.0,0.0,0.0,0.0,0.0,1024.0,808.0,0.0212184792698019,Male,Indian,True,Male_Indian,0.0
12893,54--Rescue/54_Rescue_rescuepeople_54_163.jpg,371.0,125.0,648.0,540.0,0.0,0.0,0.0,0.0,1.0,0.0,1024.0,1418.0,0.0791683654354725,Male,White,True,Male_White,2.0
12894,54--Rescue/54_Rescue_firemanrescue_54_671.jpg,253.0,265.0,552.0,620.0,0.0,0.0,0.0,0.0,0.0,0.0,1024.0,1579.0,0.0656473885766307,Male,White,True,Male_White,2.0
12895,54--Rescue/54_Rescue_firemanrescue_54_315.jpg,410.0,68.0,558.0,246.0,0.0,0.0,0.0,0.0,0.0,0.0,1024.0,832.0,0.0309213491586538,Male,White,True,Male_White,1.0
12896,54--Rescue/54_Rescue_firemanrescue_54_329.jpg,320.0,44.0,470.0,244.0,0.0,0.0,0.0,0.0,0.0,0.0,1024.0,768.0,0.03814697265625,Male,White,True,Male_White,1.0
12899,54--Rescue/54_Rescue_rescuepeople_54_675.jpg,140.0,29.0,189.0,93.0,0.0,0.0,0.0,0.0,0.0,0.0,1024.0,671.0,0.004564083457526,Male,White,True,Male_White,0.0
12900,54--Rescue/54_Rescue_rescuepeople_54_675.jpg,278.0,156.0,330.0,221.0,1.0,0.0,0.0,0.0,0.0,0.0,1024.0,671.0,0.0049191970938897,Male,White,True,Male_White,0.0
12901,54--Rescue/54_Rescue_rescuepeople_54_675.jpg,483.0,158.0,536.0,221.0,0.0,0.0,0.0,0.0,0.0,0.0,1024.0,671.0,0.0048595263599105,Male,White,True,Male_White,0.0
12902,54--Rescue/54_Rescue_rescuepeople_54_675.jpg,490.0,16.0,540.0,81.0,1.0,0.0,0.0,0.0,0.0,0.0,1024.0,671.0,0.0047299972056631,Male,White,True,Male_White,0.0
12903,54--Rescue/54_Rescue_rescuepeople_54_675.jpg,707.0,153.0,756.0,215.0,1.0,0.0,0.0,0.0,0.0,0.0,1024.0,671.0,0.0044214558494783,Male,White,True,Male_White,0.0
12904,54--Rescue/54_Rescue_rescuepeople_54_675.jpg,802.0,41.0,849.0,99.0,1.0,0.0,0.0,0.0,0.0,0.0,1024.0,671.0,0.0039673761177347,Male,White,True,Male_White,0.0
12907,54--Rescue/54_Rescue_firemanrescue_54_728.jpg,183.0,322.0,474.0,679.0,0.0,0.0,0.0,0.0,0.0,0.0,1024.0,1462.0,0.0693927143895348,Male,White,True,Male_White,2.0
12908,54--Rescue/54_Rescue_rescuepeople_54_258.jpg,280.0,190.0,364.0,314.0,0.0,0.0,1.0,0.0,0.0,0.0,1024.0,577.0,0.0176288994800693,Male,White,True,Male_White,0.0
12909,54--Rescue/54_Rescue_rescuepeople_54_258.jpg,510.0,238.0,606.0,380.0,0.0,0.0,1.0,0.0,0.0,0.0,1024.0,577.0,0.0230719237435008,Male,White,True,Male_White,0.0
12910,54--Rescue/54_Rescue_rescuepeople_54_258.jpg,706.0,250.0,808.0,366.0,0.0,0.0,0.0,0.0,0.0,0.0,1024.0,577.0,0.0200254549393414,Male,White,True,Male_White,0.0
12913,54--Rescue/54_Rescue_firemanrescue_54_556.jpg,816.0,50.0,926.0,198.0,0.0,0.0,0.0,0.0,0.0,0.0,1024.0,400.0,0.03974609375,Male,White,True,Male_White,1.0
12914,54--Rescue/54_Rescue_rescuepeople_54_520.jpg,362.0,152.0,438.0,276.0,0.0,1.0,0.0,0.0,0.0,0.0,1024.0,578.0,0.0159223615916955,Male,White,True,Male_White,0.0
12917,54--Rescue/54_Rescue_firemanrescue_54_569.jpg,338.0,334.0,728.0,768.0,0.0,0.0,0.0,0.0,0.0,0.0,1024.0,947.0,0.1745437895987328,Male,White,True,Male_White,6.0
12919,54--Rescue/54_Rescue_rescuepeople_54_643.jpg,292.0,134.0,438.0,308.0,0.0,0.0,0.0,0.0,0.0,0.0,1024.0,768.0,0.0323028564453125,Male,Asian,True,Male_Asian,1.0
12920,54--Rescue/54_Rescue_rescuepeople_54_643.jpg,574.0,210.0,700.0,358.0,0.0,0.0,0.0,0.0,0.0,1.0,1024.0,768.0,0.023712158203125,Male,Asian,True,Male_Asian,0.0
12921,54--Rescue/54_Rescue_rescuepeople_54_643.jpg,426.0,256.0,556.0,360.0,0.0,0.0,1.0,0.0,0.0,1.0,1024.0,768.0,0.0171915690104166,Male,Asian,True,Male_Asian,0.0
12928,54--Rescue/54_Rescue_firemanrescue_54_669.jpg,286.0,502.0,734.0,1095.0,0.0,0.0,0.0,0.0,0.0,0.0,1024.0,1260.0,0.2059027777777777,Male,White,True,Male_White,7.0
12929,54--Rescue/54_Rescue_firemanrescue_54_159.jpg,678.0,301.0,777.0,433.0,0.0,0.0,0.0,0.0,0.0,0.0,1024.0,1205.0,0.0105906379668049,Male,White,True,Male_White,0.0
12936,54--Rescue/54_Rescue_firemanrescue_54_734.jpg,942.0,230.0,996.0,312.0,1.0,0.0,0.0,0.0,0.0,0.0,1024.0,1024.0,0.0042228698730468,Male,White,True,Male_White,0.0
12937,54--Rescue/54_Rescue_rescuepeople_54_439.jpg,472.0,56.0,538.0,138.0,1.0,0.0,0.0,0.0,0.0,0.0,1024.0,610.0,0.0086641905737704,Male,Indian,True,Male_Indian,0.0
12938,54--Rescue/54_Rescue_rescuepeople_54_439.jpg,578.0,126.0,632.0,182.0,1.0,0.0,0.0,0.0,0.0,1.0,1024.0,610.0,0.0048411885245901,Male,Indian,True,Male_Indian,0.0
12939,54--Rescue/54_Rescue_rescuepeople_54_439.jpg,712.0,54.0,782.0,138.0,1.0,0.0,0.0,0.0,0.0,0.0,1024.0,610.0,0.0094134221311475,Male,Indian,True,Male_Indian,0.0
12940,54--Rescue/54_Rescue_firemanrescue_54_723.jpg,292.0,80.0,406.0,240.0,1.0,0.0,1.0,0.0,0.0,0.0,1024.0,917.0,0.0194247546346783,Male,White,True,Male_White,0.0
12942,54--Rescue/54_Rescue_rescuepeople_54_460.jpg,198.0,264.0,266.0,362.0,1.0,0.0,0.0,0.0,0.0,0.0,1024.0,672.0,0.0096842447916666,Male,Asian,True,Male_Asian,0.0
12943,54--Rescue/54_Rescue_rescuepeople_54_460.jpg,322.0,218.0,380.0,296.0,1.0,0.0,0.0,0.0,0.0,0.0,1024.0,672.0,0.0065743582589285,Male,Asian,True,Male_Asian,0.0
12944,54--Rescue/54_Rescue_rescuepeople_54_460.jpg,516.0,244.0,568.0,302.0,1.0,0.0,0.0,0.0,0.0,0.0,1024.0,672.0,0.0043829055059523,Male,Asian,True,Male_Asian,0.0
12945,54--Rescue/54_Rescue_rescuepeople_54_460.jpg,664.0,290.0,720.0,364.0,1.0,0.0,0.0,0.0,0.0,0.0,1024.0,672.0,0.0060221354166666,Male,Asian,True,Male_Asian,0.0
12968,55--Sports_Coach_Trainer/55_Sports_Coach_Trainer_sportcoaching_55_714.jpg,458.0,18.0,608.0,230.0,0.0,1.0,0.0,0.0,0.0,0.0,1024.0,576.0,0.0539143880208333,Male,White,True,Male_White,1.0
12976,55--Sports_Coach_Trainer/55_Sports_Coach_Trainer_sportcoaching_55_797.jpg,326.0,126.0,628.0,558.0,0.0,0.0,0.0,0.0,0.0,0.0,1024.0,1024.0,0.124420166015625,Male,White,True,Male_White,4.0
12977,55--Sports_Coach_Trainer/55_Sports_Coach_Trainer_sportcoaching_55_23.jpg,464.0,56.0,520.0,132.0,1.0,0.0,0.0,0.0,0.0,0.0,1024.0,512.0,0.00811767578125,Male,White,True,Male_White,0.0
12978,55--Sports_Coach_Trainer/55_Sports_Coach_Trainer_sportcoaching_55_23.jpg,526.0,186.0,640.0,326.0,0.0,0.0,1.0,0.0,0.0,0.0,1024.0,512.0,0.0304412841796875,Male,White,True,Male_White,1.0
12979,55--Sports_Coach_Trainer/55_Sports_Coach_Trainer_sportcoaching_55_23.jpg,816.0,28.0,914.0,210.0,0.0,0.0,1.0,0.0,0.0,0.0,1024.0,512.0,0.0340194702148437,Male,White,True,Male_White,1.0
13008,55--Sports_Coach_Trainer/55_Sports_Coach_Trainer_sportcoaching_55_753.jpg,540.0,38.0,642.0,158.0,0.0,0.0,0.0,0.0,1.0,0.0,1024.0,576.0,0.020751953125,Male,White,True,Male_White,0.0
13026,55--Sports_Coach_Trainer/55_Sports_Coach_Trainer_sportcoaching_55_1043.jpg,428.0,56.0,568.0,238.0,0.0,0.0,0.0,0.0,0.0,0.0,1024.0,576.0,0.0431993272569444,Male,White,True,Male_White,1.0
13028,55--Sports_Coach_Trainer/55_Sports_Coach_Trainer_sportcoaching_55_782.jpg,358.0,162.0,682.0,610.0,0.0,0.0,0.0,0.0,0.0,0.0,1024.0,863.0,0.164252607184241,Male,White,True,Male_White,6.0
13036,55--Sports_Coach_Trainer/55_Sports_Coach_Trainer_sportcoaching_55_739.jpg,208.0,62.0,414.0,318.0,0.0,1.0,0.0,0.0,0.0,0.0,1024.0,576.0,0.0894097222222222,Male,White,True,Male_White,3.0
13040,55--Sports_Coach_Trainer/55_Sports_Coach_Trainer_sportcoaching_55_607.jpg,401.0,125.0,643.0,475.0,0.0,0.0,0.0,0.0,0.0,0.0,1024.0,1049.0,0.0788511379885605,Male,White,True,Male_White,2.0
13041,55--Sports_Coach_Trainer/55_Sports_Coach_Trainer_sportcoaching_55_761.jpg,415.0,130.0,787.0,692.0,0.0,0.0,0.0,0.0,0.0,0.0,1024.0,1280.0,0.159503173828125,Male,White,True,Male_White,5.0
13043,55--Sports_Coach_Trainer/55_Sports_Coach_Trainer_sportcoaching_55_615.jpg,571.0,195.0,613.0,248.0,1.0,0.0,0.0,0.0,0.0,0.0,1024.0,768.0,0.0028305053710937,Male,White,True,Male_White,0.0
13044,55--Sports_Coach_Trainer/55_Sports_Coach_Trainer_sportcoaching_55_615.jpg,731.0,129.0,774.0,183.0,1.0,0.0,0.0,0.0,0.0,0.0,1024.0,768.0,0.0029525756835937,Male,White,True,Male_White,0.0
13045,55--Sports_Coach_Trainer/55_Sports_Coach_Trainer_sportcoaching_55_615.jpg,851.0,100.0,895.0,159.0,1.0,0.0,0.0,0.0,0.0,0.0,1024.0,768.0,0.0033009847005208,Male,White,True,Male_White,0.0
13046,55--Sports_Coach_Trainer/55_Sports_Coach_Trainer_sportcoaching_55_615.jpg,237.0,67.0,275.0,127.0,1.0,0.0,0.0,0.0,0.0,0.0,1024.0,768.0,0.002899169921875,Male,White,True,Male_White,0.0
13047,55--Sports_Coach_Trainer/55_Sports_Coach_Trainer_sportcoaching_55_615.jpg,126.0,200.0,158.0,245.0,1.0,0.0,0.0,0.0,0.0,0.0,1024.0,768.0,0.0018310546875,Male,White,True,Male_White,0.0
13048,55--Sports_Coach_Trainer/55_Sports_Coach_Trainer_sportcoaching_55_615.jpg,21.0,206.0,57.0,247.0,1.0,0.0,0.0,0.0,0.0,0.0,1024.0,768.0,0.0018768310546875,Male,White,True,Male_White,0.0
13054,55--Sports_Coach_Trainer/55_Sports_Coach_Trainer_sportcoaching_55_822.jpg,246.0,120.0,340.0,256.0,0.0,0.0,0.0,0.0,0.0,0.0,1024.0,683.0,0.0182787335285505,Male,White,True,Male_White,0.0
13055,55--Sports_Coach_Trainer/55_Sports_Coach_Trainer_sportcoaching_55_822.jpg,478.0,60.0,568.0,182.0,0.0,0.0,0.0,0.0,0.0,0.0,1024.0,683.0,0.0156993502928257,Male,White,True,Male_White,0.0
13056,55--Sports_Coach_Trainer/55_Sports_Coach_Trainer_sportcoaching_55_822.jpg,712.0,148.0,802.0,274.0,0.0,0.0,0.0,0.0,0.0,0.0,1024.0,683.0,0.0162140830893118,Male,White,True,Male_White,0.0
13057,55--Sports_Coach_Trainer/55_Sports_Coach_Trainer_sportcoaching_55_15.jpg,123.0,101.0,176.0,178.0,1.0,0.0,0.0,0.0,0.0,0.0,1024.0,524.0,0.0076056327528625,Male,White,True,Male_White,0.0
13058,55--Sports_Coach_Trainer/55_Sports_Coach_Trainer_sportcoaching_55_15.jpg,271.0,105.0,326.0,174.0,1.0,0.0,0.0,0.0,0.0,0.0,1024.0,524.0,0.0070726234494274,Male,White,True,Male_White,0.0
13059,55--Sports_Coach_Trainer/55_Sports_Coach_Trainer_sportcoaching_55_15.jpg,568.0,93.0,623.0,155.0,1.0,0.0,0.0,0.0,0.0,0.0,1024.0,524.0,0.0063551109255725,Male,White,True,Male_White,0.0
13060,55--Sports_Coach_Trainer/55_Sports_Coach_Trainer_sportcoaching_55_15.jpg,974.0,79.0,1024.0,153.0,1.0,0.0,0.0,0.0,0.0,0.0,1024.0,524.0,0.0068955749045801,Male,White,True,Male_White,0.0
13066,55--Sports_Coach_Trainer/55_Sports_Coach_Trainer_sportcoaching_55_290.jpg,500.0,4.0,760.0,324.0,0.0,0.0,1.0,0.0,0.0,0.0,1024.0,1024.0,0.079345703125,Male,White,True,Male_White,2.0
13067,55--Sports_Coach_Trainer/55_Sports_Coach_Trainer_sportcoaching_55_691.jpg,56.0,52.0,166.0,208.0,0.0,0.0,0.0,0.0,0.0,0.0,1024.0,683.0,0.0245355966325036,Male,White,True,Male_White,0.0
13068,55--Sports_Coach_Trainer/55_Sports_Coach_Trainer_sportcoaching_55_691.jpg,342.0,116.0,458.0,276.0,0.0,0.0,0.0,0.0,0.0,0.0,1024.0,683.0,0.0265373352855051,Male,White,True,Male_White,0.0
13069,55--Sports_Coach_Trainer/55_Sports_Coach_Trainer_sportcoaching_55_691.jpg,786.0,98.0,916.0,276.0,0.0,0.0,0.0,0.0,0.0,0.0,1024.0,683.0,0.033085880307467,Male,White,True,Male_White,1.0
13070,55--Sports_Coach_Trainer/55_Sports_Coach_Trainer_sportcoaching_55_537.jpg,400.0,138.0,474.0,204.0,0.0,0.0,0.0,0.0,0.0,1.0,1024.0,603.0,0.0079096703980099,Male,White,True,Male_White,0.0
13080,55--Sports_Coach_Trainer/55_Sports_Coach_Trainer_sportcoaching_55_771.jpg,460.0,92.0,678.0,352.0,0.0,0.0,0.0,0.0,0.0,0.0,1024.0,576.0,0.0960964626736111,Male,White,True,Male_White,3.0
13083,55--Sports_Coach_Trainer/55_Sports_Coach_Trainer_sportcoaching_55_242.jpg,177.0,285.0,228.0,340.0,1.0,0.0,0.0,0.0,0.0,0.0,1024.0,709.0,0.0038635512165021,Male,White,True,Male_White,0.0
13084,55--Sports_Coach_Trainer/55_Sports_Coach_Trainer_sportcoaching_55_242.jpg,684.0,75.0,728.0,129.0,1.0,0.0,0.0,0.0,0.0,0.0,1024.0,709.0,0.0032726551480959,Male,White,True,Male_White,0.0
13085,55--Sports_Coach_Trainer/55_Sports_Coach_Trainer_sportcoaching_55_242.jpg,544.0,173.0,585.0,228.0,1.0,0.0,0.0,0.0,0.0,0.0,1024.0,709.0,0.0031059921544428,Male,White,True,Male_White,0.0
13087,55--Sports_Coach_Trainer/55_Sports_Coach_Trainer_sportcoaching_55_574.jpg,444.0,90.0,610.0,284.0,0.0,0.0,0.0,0.0,0.0,0.0,1024.0,1024.0,0.0307121276855468,Male,White,True,Male_White,1.0
13088,55--Sports_Coach_Trainer/55_Sports_Coach_Trainer_sportcoaching_55_214.jpg,390.0,108.0,632.0,440.0,0.0,0.0,0.0,0.0,0.0,0.0,1024.0,1024.0,0.0766220092773437,Male,White,True,Male_White,2.0
13095,55--Sports_Coach_Trainer/55_Sports_Coach_Trainer_sportcoaching_55_545.jpg,404.0,16.0,580.0,268.0,0.0,0.0,0.0,0.0,0.0,0.0,1024.0,576.0,0.0751953125,Male,White,True,Male_White,2.0
13096,55--Sports_Coach_Trainer/55_Sports_Coach_Trainer_sportcoaching_55_746.jpg,283.0,238.0,804.0,1033.0,0.0,0.0,0.0,0.0,0.0,0.0,1024.0,1543.0,0.2621434249432923,Male,White,True,Male_White,9.0
13100,55--Sports_Coach_Trainer/55_Sports_Coach_Trainer_sportcoaching_55_682.jpg,712.0,280.0,842.0,472.0,0.0,0.0,0.0,0.0,0.0,0.0,1024.0,921.0,0.0264657980456026,Male,White,True,Male_White,0.0
13101,55--Sports_Coach_Trainer/55_Sports_Coach_Trainer_sportcoaching_55_433.jpg,484.0,12.0,568.0,132.0,0.0,0.0,0.0,0.0,0.0,0.0,1024.0,366.0,0.0268954918032786,Male,White,True,Male_White,0.0
13116,55--Sports_Coach_Trainer/55_Sports_Coach_Trainer_sportcoaching_55_448.jpg,452.0,106.0,481.0,144.0,1.0,0.0,0.0,0.0,0.0,0.0,1024.0,535.0,0.0020115362149532,Male,White,True,Male_White,0.0
13118,55--Sports_Coach_Trainer/55_Sports_Coach_Trainer_sportcoaching_55_388.jpg,298.0,228.0,628.0,712.0,0.0,0.0,0.0,0.0,0.0,0.0,1024.0,874.0,0.1784628861556064,Male,White,True,Male_White,6.0
13119,55--Sports_Coach_Trainer/55_Sports_Coach_Trainer_sportcoaching_55_734.jpg,490.0,60.0,548.0,142.0,0.0,0.0,0.0,0.0,0.0,0.0,1024.0,724.0,0.0064150984116022,Male,White,True,Male_White,0.0
13120,55--Sports_Coach_Trainer/55_Sports_Coach_Trainer_sportcoaching_55_713.jpg,474.0,76.0,690.0,396.0,0.0,0.0,1.0,0.0,0.0,0.0,1024.0,576.0,0.1171875,Male,White,True,Male_White,4.0
13122,55--Sports_Coach_Trainer/55_Sports_Coach_Trainer_sportcoaching_55_849.jpg,450.0,166.0,506.0,271.0,1.0,0.0,0.0,0.0,0.0,0.0,1024.0,1372.0,0.0041852678571428,Male,White,True,Male_White,0.0
13123,55--Sports_Coach_Trainer/55_Sports_Coach_Trainer_sportcoaching_55_952.jpg,358.0,354.0,840.0,1063.0,0.0,0.0,0.0,0.0,0.0,0.0,1024.0,1817.0,0.1836700691386901,Male,White,True,Male_White,6.0
13124,55--Sports_Coach_Trainer/55_Sports_Coach_Trainer_sportcoaching_55_715.jpg,376.0,22.0,598.0,314.0,0.0,0.0,0.0,0.0,0.0,0.0,1024.0,576.0,0.1099039713541666,Male,White,True,Male_White,4.0
13130,55--Sports_Coach_Trainer/55_Sports_Coach_Trainer_sportcoaching_55_845.jpg,528.0,64.0,776.0,378.0,0.0,0.0,0.0,0.0,0.0,0.0,1024.0,512.0,0.148529052734375,Male,White,True,Male_White,5.0
13132,55--Sports_Coach_Trainer/55_Sports_Coach_Trainer_sportcoaching_55_461.jpg,256.0,244.0,624.0,434.0,0.0,0.0,0.0,0.0,0.0,1.0,1024.0,1024.0,0.066680908203125,Male,White,True,Male_White,2.0
13149,55--Sports_Coach_Trainer/55_Sports_Coach_Trainer_sportcoaching_55_872.jpg,142.0,90.0,214.0,196.0,1.0,0.0,0.0,0.0,0.0,0.0,1024.0,670.0,0.0111240671641791,Male,White,True,Male_White,0.0
13150,55--Sports_Coach_Trainer/55_Sports_Coach_Trainer_sportcoaching_55_872.jpg,90.0,296.0,144.0,376.0,1.0,0.0,0.0,0.0,0.0,0.0,1024.0,670.0,0.0062966417910447,Male,White,True,Male_White,0.0
13151,55--Sports_Coach_Trainer/55_Sports_Coach_Trainer_sportcoaching_55_872.jpg,436.0,90.0,528.0,200.0,1.0,0.0,0.0,0.0,0.0,0.0,1024.0,670.0,0.0147504664179104,Male,White,True,Male_White,0.0
13152,55--Sports_Coach_Trainer/55_Sports_Coach_Trainer_sportcoaching_55_872.jpg,616.0,94.0,676.0,178.0,1.0,0.0,0.0,0.0,0.0,0.0,1024.0,670.0,0.0073460820895522,Male,White,True,Male_White,0.0
13153,55--Sports_Coach_Trainer/55_Sports_Coach_Trainer_sportcoaching_55_872.jpg,748.0,68.0,810.0,152.0,1.0,0.0,0.0,0.0,0.0,0.0,1024.0,670.0,0.0075909514925373,Male,White,True,Male_White,0.0
13154,55--Sports_Coach_Trainer/55_Sports_Coach_Trainer_sportcoaching_55_872.jpg,676.0,288.0,742.0,378.0,1.0,0.0,0.0,0.0,0.0,0.0,1024.0,670.0,0.0086578824626865,Male,White,True,Male_White,0.0
13155,55--Sports_Coach_Trainer/55_Sports_Coach_Trainer_sportcoaching_55_924.jpg,578.0,88.0,712.0,256.0,0.0,0.0,0.0,0.0,0.0,0.0,1024.0,740.0,0.0297086148648648,Male,White,True,Male_White,1.0
13164,55--Sports_Coach_Trainer/55_Sports_Coach_Trainer_sportcoaching_55_900.jpg,362.0,297.0,657.0,719.0,0.0,0.0,0.0,0.0,0.0,0.0,1024.0,1280.0,0.0949783325195312,Male,White,True,Male_White,3.0
13166,55--Sports_Coach_Trainer/55_Sports_Coach_Trainer_sportcoaching_55_703.jpg,686.0,663.0,817.0,834.0,0.0,0.0,0.0,0.0,0.0,0.0,1024.0,1457.0,0.0150143970916266,Male,White,True,Male_White,0.0
13172,55--Sports_Coach_Trainer/55_Sports_Coach_Trainer_sportcoaching_55_692.jpg,464.0,155.0,510.0,224.0,0.0,0.0,0.0,0.0,0.0,0.0,1024.0,576.0,0.0053812662760416,Male,White,True,Male_White,0.0
13176,55--Sports_Coach_Trainer/55_Sports_Coach_Trainer_sportcoaching_55_800.jpg,317.0,257.0,447.0,408.0,0.0,0.0,0.0,0.0,0.0,0.0,1024.0,1547.0,0.012391675420168,Male,White,True,Male_White,0.0
13181,55--Sports_Coach_Trainer/55_Sports_Coach_Trainer_sportcoaching_55_185.jpg,396.0,116.0,634.0,446.0,0.0,0.0,0.0,0.0,0.0,0.0,1024.0,1024.0,0.0749015808105468,Male,White,True,Male_White,2.0
13200,55--Sports_Coach_Trainer/55_Sports_Coach_Trainer_sportcoaching_55_1032.jpg,272.0,247.0,398.0,408.0,1.0,0.0,0.0,0.0,0.0,0.0,1024.0,1616.0,0.0122590017790841,Male,White,True,Male_White,0.0
13201,55--Sports_Coach_Trainer/55_Sports_Coach_Trainer_sportcoaching_55_1032.jpg,550.0,180.0,667.0,363.0,1.0,0.0,0.0,0.0,0.0,0.0,1024.0,1616.0,0.0129388488165222,Male,White,True,Male_White,0.0
13202,55--Sports_Coach_Trainer/55_Sports_Coach_Trainer_sportcoaching_55_1032.jpg,936.0,427.0,1021.0,528.0,1.0,0.0,0.0,0.0,0.0,0.0,1024.0,1616.0,0.00518798828125,Male,White,True,Male_White,0.0
13204,55--Sports_Coach_Trainer/55_Sports_Coach_Trainer_sportcoaching_55_874.jpg,446.0,70.0,644.0,344.0,0.0,0.0,0.0,0.0,0.0,0.0,1024.0,576.0,0.09197998046875,Male,White,True,Male_White,3.0
13217,55--Sports_Coach_Trainer/55_Sports_Coach_Trainer_sportcoaching_55_498.jpg,320.0,131.0,387.0,240.0,1.0,0.0,0.0,0.0,0.0,0.0,1024.0,1366.0,0.0052209633510248,Male,White,True,Male_White,0.0
13218,55--Sports_Coach_Trainer/55_Sports_Coach_Trainer_sportcoaching_55_498.jpg,501.0,157.0,560.0,250.0,1.0,0.0,0.0,0.0,0.0,0.0,1024.0,1366.0,0.003922692853221,Male,White,True,Male_White,0.0
13219,55--Sports_Coach_Trainer/55_Sports_Coach_Trainer_sportcoaching_55_498.jpg,653.0,139.0,717.0,235.0,1.0,0.0,0.0,0.0,0.0,0.0,1024.0,1366.0,0.0043923865300146,Male,White,True,Male_White,0.0
13220,55--Sports_Coach_Trainer/55_Sports_Coach_Trainer_sportcoaching_55_672.jpg,553.0,198.0,582.0,232.0,1.0,0.0,0.0,0.0,0.0,1.0,1024.0,619.0,0.0015555583602584,Male,White,True,Male_White,0.0
13221,55--Sports_Coach_Trainer/55_Sports_Coach_Trainer_sportcoaching_55_672.jpg,530.0,132.0,562.0,168.0,1.0,0.0,0.0,0.0,0.0,0.0,1024.0,619.0,0.0018174474959612,Male,White,True,Male_White,0.0
13222,55--Sports_Coach_Trainer/55_Sports_Coach_Trainer_sportcoaching_55_672.jpg,457.0,114.0,496.0,143.0,1.0,0.0,0.0,0.0,0.0,1.0,1024.0,619.0,0.0017843169426494,Male,White,True,Male_White,0.0
13225,55--Sports_Coach_Trainer/55_Sports_Coach_Trainer_sportcoaching_55_925.jpg,334.0,98.0,582.0,428.0,0.0,0.0,0.0,0.0,0.0,0.0,1024.0,581.0,0.137559165232358,Male,White,True,Male_White,5.0
13229,55--Sports_Coach_Trainer/55_Sports_Coach_Trainer_sportcoaching_55_621.jpg,142.0,218.0,644.0,950.0,0.0,0.0,1.0,0.0,0.0,0.0,1024.0,958.0,0.3745840944676409,Male,White,True,Male_White,14.0
13232,55--Sports_Coach_Trainer/55_Sports_Coach_Trainer_sportcoaching_55_821.jpg,432.0,232.0,646.0,544.0,0.0,1.0,0.0,0.0,0.0,0.0,1024.0,768.0,0.08489990234375,Male,White,True,Male_White,3.0
13233,55--Sports_Coach_Trainer/55_Sports_Coach_Trainer_sportcoaching_55_416.jpg,27.0,342.0,73.0,405.0,0.0,0.0,0.0,0.0,0.0,0.0,1024.0,752.0,0.003763401761968,Male,White,True,Male_White,0.0
13234,55--Sports_Coach_Trainer/55_Sports_Coach_Trainer_sportcoaching_55_416.jpg,116.0,311.0,170.0,376.0,0.0,0.0,0.0,0.0,0.0,0.0,1024.0,752.0,0.0045581574135638,Male,Asian,True,Male_Asian,0.0
13235,55--Sports_Coach_Trainer/55_Sports_Coach_Trainer_sportcoaching_55_416.jpg,270.0,312.0,327.0,377.0,0.0,0.0,0.0,0.0,1.0,0.0,1024.0,752.0,0.004811388380984,Male,White,True,Male_White,0.0
13236,55--Sports_Coach_Trainer/55_Sports_Coach_Trainer_sportcoaching_55_416.jpg,389.0,350.0,452.0,418.0,0.0,0.0,0.0,0.0,0.0,0.0,1024.0,752.0,0.0055632895611702,Male,White,True,Male_White,0.0
13237,55--Sports_Coach_Trainer/55_Sports_Coach_Trainer_sportcoaching_55_416.jpg,638.0,43.0,696.0,124.0,0.0,0.0,0.0,0.0,0.0,0.0,1024.0,752.0,0.0061009183843085,Male,White,True,Male_White,0.0
13238,55--Sports_Coach_Trainer/55_Sports_Coach_Trainer_sportcoaching_55_416.jpg,786.0,293.0,843.0,360.0,0.0,0.0,0.0,0.0,0.0,0.0,1024.0,752.0,0.0049594311003989,Male,White,True,Male_White,0.0
13239,55--Sports_Coach_Trainer/55_Sports_Coach_Trainer_sportcoaching_55_416.jpg,926.0,334.0,980.0,402.0,0.0,0.0,0.0,0.0,0.0,0.0,1024.0,752.0,0.0047685339095744,Male,White,True,Male_White,0.0
13242,55--Sports_Coach_Trainer/55_Sports_Coach_Trainer_sportcoaching_55_372.jpg,412.0,162.0,674.0,520.0,0.0,0.0,0.0,0.0,0.0,0.0,1024.0,681.0,0.1345046347283406,Male,White,True,Male_White,5.0
13243,55--Sports_Coach_Trainer/55_Sports_Coach_Trainer_sportcoaching_55_95.jpg,338.0,3.0,393.0,69.0,1.0,0.0,0.0,0.0,0.0,0.0,1024.0,820.0,0.004323075457317,Male,White,True,Male_White,0.0
13244,55--Sports_Coach_Trainer/55_Sports_Coach_Trainer_sportcoaching_55_95.jpg,464.0,145.0,532.0,218.0,1.0,0.0,0.0,0.0,0.0,0.0,1024.0,820.0,0.0059117759146341,Male,White,True,Male_White,0.0
13245,55--Sports_Coach_Trainer/55_Sports_Coach_Trainer_sportcoaching_55_95.jpg,760.0,7.0,810.0,69.0,1.0,0.0,0.0,0.0,0.0,0.0,1024.0,820.0,0.0036918826219512,Male,White,True,Male_White,0.0
13246,55--Sports_Coach_Trainer/55_Sports_Coach_Trainer_sportcoaching_55_95.jpg,877.0,51.0,926.0,132.0,1.0,0.0,0.0,0.0,0.0,1.0,1024.0,820.0,0.0047268006859756,Male,White,True,Male_White,0.0
13247,55--Sports_Coach_Trainer/55_Sports_Coach_Trainer_sportcoaching_55_95.jpg,791.0,191.0,849.0,261.0,1.0,0.0,0.0,0.0,0.0,0.0,1024.0,820.0,0.004835175304878,Male,White,True,Male_White,0.0
13249,55--Sports_Coach_Trainer/55_Sports_Coach_Trainer_sportcoaching_55_402.jpg,40.0,130.0,196.0,318.0,0.0,0.0,0.0,0.0,0.0,0.0,1024.0,419.0,0.0683547136038186,Male,White,True,Male_White,2.0
13250,55--Sports_Coach_Trainer/55_Sports_Coach_Trainer_sportcoaching_55_402.jpg,408.0,90.0,570.0,308.0,0.0,0.0,0.0,0.0,0.0,0.0,1024.0,419.0,0.082310933770883,Male,White,True,Male_White,3.0
13251,55--Sports_Coach_Trainer/55_Sports_Coach_Trainer_sportcoaching_55_402.jpg,702.0,134.0,872.0,376.0,0.0,0.0,0.0,0.0,0.0,0.0,1024.0,419.0,0.0958849194510739,Male,Indian,True,Male_Indian,3.0
13252,56--Voter/56_Voter_peoplevoting_56_853.jpg,364.0,156.0,722.0,660.0,0.0,0.0,0.0,0.0,0.0,0.0,1024.0,922.0,0.1911096800433839,Male,White,True,Male_White,7.0
13268,56--Voter/56_Voter_peoplevoting_56_933.jpg,417.0,251.0,703.0,643.0,0.0,1.0,0.0,0.0,0.0,0.0,1024.0,1396.0,0.078427202722063,Male,Black,True,Male_Black,2.0
13269,56--Voter/56_Voter_peoplevoting_56_840.jpg,655.0,132.0,925.0,493.0,0.0,0.0,0.0,0.0,0.0,0.0,1024.0,1412.0,0.0674118603930594,Male,Black,True,Male_Black,2.0
13273,56--Voter/56_Voter_peoplevoting_56_1041.jpg,395.0,330.0,642.0,605.0,0.0,0.0,0.0,0.0,0.0,0.0,1024.0,1280.0,0.0518226623535156,Male,White,True,Male_White,1.0
13274,56--Voter/56_Voter_peoplevoting_56_629.jpg,338.0,158.0,754.0,746.0,0.0,0.0,0.0,0.0,0.0,0.0,1024.0,820.0,0.2913109756097561,Male,White,True,Male_White,10.0
13276,56--Voter/56_Voter_peoplevoting_56_856.jpg,134.0,38.0,538.0,642.0,0.0,0.0,0.0,0.0,0.0,0.0,1024.0,683.0,0.3488973279648609,Male,Indian,True,Male_Indian,13.0
13277,56--Voter/56_Voter_peoplevoting_56_347.jpg,583.0,148.0,651.0,231.0,1.0,0.0,0.0,0.0,0.0,1.0,1024.0,684.0,0.0080580683479532,Male,Indian,True,Male_Indian,0.0
13278,56--Voter/56_Voter_peoplevoting_56_347.jpg,765.0,136.0,860.0,255.0,1.0,0.0,0.0,0.0,0.0,1.0,1024.0,684.0,0.0161404079861111,Male,Indian,True,Male_Indian,0.0
13279,56--Voter/56_Voter_peoplevoting_56_347.jpg,357.0,261.0,391.0,313.0,1.0,0.0,0.0,0.0,0.0,1.0,1024.0,684.0,0.0025242141812865,Male,Indian,True,Male_Indian,0.0
13280,56--Voter/56_Voter_peoplevoting_56_347.jpg,2.0,309.0,39.0,414.0,1.0,0.0,0.0,0.0,0.0,0.0,1024.0,684.0,0.0055467036732456,Male,Indian,True,Male_Indian,0.0
13282,56--Voter/56_Voter_peoplevoting_56_633.jpg,380.0,26.0,518.0,204.0,0.0,0.0,0.0,0.0,0.0,0.0,1024.0,682.0,0.0351734329178885,Male,White,True,Male_White,1.0
13298,56--Voter/56_Voter_peoplevoting_56_804.jpg,76.0,4.0,372.0,346.0,0.0,0.0,0.0,0.0,0.0,0.0,1024.0,575.0,0.1719293478260869,Male,White,True,Male_White,6.0
13299,56--Voter/56_Voter_peoplevoting_56_97.jpg,456.0,290.0,598.0,432.0,0.0,1.0,0.0,0.0,0.0,1.0,1024.0,512.0,0.0384597778320312,Male,White,True,Male_White,1.0
13303,56--Voter/56_Voter_peoplevoting_56_406.jpg,386.0,88.0,666.0,478.0,0.0,0.0,0.0,0.0,0.0,0.0,1024.0,577.0,0.1848191074523396,Male,White,True,Male_White,6.0
13307,56--Voter/56_Voter_peoplevoting_56_512.jpg,644.0,26.0,750.0,184.0,1.0,0.0,0.0,0.0,0.0,0.0,1024.0,641.0,0.0255155518720748,Male,White,True,Male_White,0.0
13316,56--Voter/56_Voter_peoplevoting_56_162.jpg,401.0,178.0,639.0,536.0,0.0,0.0,0.0,0.0,0.0,0.0,1024.0,1541.0,0.0539954777741726,Male,White,True,Male_White,1.0
13321,56--Voter/56_Voter_peoplevoting_56_425.jpg,40.0,1101.0,92.0,1168.0,1.0,0.0,0.0,0.0,0.0,0.0,1024.0,1280.0,0.0026580810546875,Male,White,True,Male_White,0.0
13328,56--Voter/56_Voter_peoplevoting_56_174.jpg,203.0,210.0,236.0,250.0,1.0,0.0,0.0,0.0,0.0,0.0,1024.0,603.0,0.0021377487562189,Male,White,True,Male_White,0.0
13329,56--Voter/56_Voter_peoplevoting_56_174.jpg,380.0,207.0,411.0,247.0,1.0,0.0,0.0,0.0,0.0,0.0,1024.0,603.0,0.0020081882255389,Male,White,True,Male_White,0.0
13330,56--Voter/56_Voter_peoplevoting_56_174.jpg,653.0,212.0,685.0,256.0,1.0,0.0,0.0,0.0,0.0,0.0,1024.0,603.0,0.0022802653399668,Male,White,True,Male_White,0.0
13331,56--Voter/56_Voter_peoplevoting_56_174.jpg,820.0,217.0,852.0,263.0,1.0,0.0,0.0,0.0,0.0,0.0,1024.0,603.0,0.0023839137645107,Male,White,True,Male_White,0.0
13332,56--Voter/56_Voter_peoplevoting_56_174.jpg,134.0,198.0,157.0,249.0,1.0,0.0,0.0,0.0,1.0,1.0,1024.0,603.0,0.0018996812810945,Male,White,True,Male_White,0.0
13338,56--Voter/56_Voter_peoplevoting_56_381.jpg,170.0,0.0,516.0,398.0,0.0,0.0,0.0,0.0,0.0,0.0,1024.0,428.0,0.3142067026869158,Male,White,True,Male_White,11.0
13351,56--Voter/56_Voter_peoplevoting_56_1009.jpg,384.0,124.0,686.0,556.0,0.0,0.0,0.0,0.0,0.0,0.0,1024.0,767.0,0.1661098435462842,Male,White,True,Male_White,6.0
13360,56--Voter/56_Voter_peoplevoting_56_373.jpg,212.0,54.0,480.0,444.0,0.0,0.0,0.0,0.0,0.0,0.0,1024.0,555.0,0.1839104729729729,Male,White,True,Male_White,6.0
13361,56--Voter/56_Voter_peoplevoting_56_384.jpg,326.0,68.0,678.0,588.0,0.0,0.0,0.0,0.0,0.0,0.0,1024.0,683.0,0.2617130307467057,Male,White,True,Male_White,9.0
13370,56--Voter/56_Voter_peoplevoting_56_1014.jpg,232.0,204.0,732.0,878.0,0.0,0.0,0.0,0.0,0.0,0.0,1024.0,1099.0,0.2994554708826206,Male,Black,True,Male_Black,11.0
13373,56--Voter/56_Voter_peoplevoting_56_259.jpg,250.0,68.0,372.0,206.0,1.0,0.0,0.0,0.0,0.0,0.0,1024.0,768.0,0.0214080810546875,Male,Black,True,Male_Black,0.0
13374,56--Voter/56_Voter_peoplevoting_56_259.jpg,652.0,172.0,720.0,246.0,1.0,0.0,0.0,0.0,0.0,0.0,1024.0,768.0,0.0063985188802083,Male,Black,True,Male_Black,0.0
13375,56--Voter/56_Voter_peoplevoting_56_259.jpg,858.0,150.0,934.0,250.0,1.0,0.0,0.0,0.0,0.0,0.0,1024.0,768.0,0.0096638997395833,Male,Black,True,Male_Black,0.0
13383,56--Voter/56_Voter_peoplevoting_56_1005.jpg,70.0,114.0,716.0,870.0,0.0,0.0,0.0,0.0,0.0,0.0,1024.0,1716.0,0.2779310533216783,Male,White,True,Male_White,10.0
13384,56--Voter/56_Voter_peoplevoting_56_584.jpg,588.0,148.0,780.0,384.0,1.0,0.0,0.0,0.0,0.0,1.0,1024.0,885.0,0.05,Male,Indian,True,Male_Indian,1.0
13385,56--Voter/56_Voter_peoplevoting_56_605.jpg,507.0,260.0,789.0,658.0,0.0,1.0,0.0,0.0,0.0,0.0,1024.0,1802.0,0.0608243444783573,Male,Black,True,Male_Black,2.0
13390,56--Voter/56_Voter_peoplevoting_56_7.jpg,428.0,318.0,604.0,476.0,0.0,0.0,0.0,0.0,0.0,1.0,1024.0,797.0,0.0340730865746549,Male,White,True,Male_White,1.0
13394,56--Voter/56_Voter_peoplevoting_56_472.jpg,278.0,146.0,394.0,304.0,1.0,0.0,0.0,0.0,0.0,0.0,1024.0,683.0,0.0262056185944363,Male,White,True,Male_White,0.0
13395,56--Voter/56_Voter_peoplevoting_56_581.jpg,444.0,82.0,584.0,238.0,1.0,0.0,0.0,0.0,0.0,0.0,1024.0,683.0,0.0312271229868228,Male,Black,True,Male_Black,1.0
13403,56--Voter/56_Voter_peoplevoting_56_188.jpg,458.0,132.0,744.0,492.0,0.0,0.0,0.0,0.0,0.0,0.0,1024.0,615.0,0.1634908536585365,Male,White,True,Male_White,6.0
13404,56--Voter/56_Voter_peoplevoting_56_468.jpg,302.0,794.0,414.0,957.0,1.0,0.0,0.0,0.0,0.0,0.0,1024.0,1547.0,0.0115243212669683,Male,Black,True,Male_Black,0.0
13405,56--Voter/56_Voter_peoplevoting_56_468.jpg,589.0,788.0,689.0,960.0,1.0,0.0,0.0,0.0,0.0,0.0,1024.0,1547.0,0.0108577084680025,Male,White,True,Male_White,0.0
13406,56--Voter/56_Voter_peoplevoting_56_468.jpg,462.0,662.0,565.0,798.0,1.0,0.0,0.0,0.0,0.0,0.0,1024.0,1547.0,0.0088427197802197,Male,White,True,Male_White,0.0
13419,56--Voter/56_Voter_peoplevoting_56_678.jpg,456.0,464.0,526.0,564.0,1.0,0.0,0.0,0.0,0.0,0.0,1024.0,734.0,0.0093132663487738,Male,White,True,Male_White,0.0
13420,56--Voter/56_Voter_peoplevoting_56_678.jpg,848.0,480.0,900.0,586.0,1.0,0.0,0.0,0.0,0.0,0.0,1024.0,734.0,0.0073335320163487,Male,Black,True,Male_Black,0.0
13421,56--Voter/56_Voter_peoplevoting_56_678.jpg,634.0,24.0,712.0,132.0,1.0,0.0,0.0,0.0,0.0,0.0,1024.0,734.0,0.0112078508174386,Male,Black,True,Male_Black,0.0
13422,56--Voter/56_Voter_peoplevoting_56_678.jpg,718.0,12.0,790.0,98.0,1.0,0.0,0.0,0.0,0.0,0.0,1024.0,734.0,0.008238249318801,Male,Black,True,Male_Black,0.0
13437,56--Voter/56_Voter_peoplevoting_56_894.jpg,102.0,106.0,256.0,270.0,1.0,0.0,0.0,0.0,0.0,0.0,1024.0,371.0,0.0664799528301886,Male,White,True,Male_White,2.0
13438,56--Voter/56_Voter_peoplevoting_56_894.jpg,466.0,72.0,634.0,276.0,1.0,0.0,0.0,0.0,0.0,0.0,1024.0,371.0,0.0902122641509434,Male,White,True,Male_White,3.0
13439,56--Voter/56_Voter_peoplevoting_56_894.jpg,818.0,82.0,940.0,252.0,1.0,0.0,0.0,0.0,0.0,0.0,1024.0,371.0,0.0545927392183288,Male,White,True,Male_White,1.0
13440,56--Voter/56_Voter_peoplevoting_56_894.jpg,952.0,158.0,1022.0,266.0,1.0,0.0,0.0,0.0,1.0,0.0,1024.0,371.0,0.0198997641509433,Male,White,True,Male_White,0.0
13443,56--Voter/56_Voter_peoplevoting_56_226.jpg,438.0,42.0,550.0,210.0,0.0,0.0,0.0,0.0,0.0,0.0,1024.0,579.0,0.0317357512953367,Male,White,True,Male_White,1.0
13456,56--Voter/56_Voter_peoplevoting_56_278.jpg,128.0,10.0,214.0,84.0,1.0,0.0,0.0,0.0,1.0,1.0,1024.0,684.0,0.009086028874269,Male,Black,True,Male_Black,0.0
13457,57--Angler/57_Angler_peoplefishing_57_343.jpg,586.0,114.0,676.0,220.0,1.0,0.0,0.0,0.0,0.0,0.0,1024.0,693.0,0.0134435876623376,Male,White,True,Male_White,0.0
13474,57--Angler/57_Angler_peoplefishing_57_83.jpg,727.0,213.0,758.0,260.0,0.0,0.0,1.0,0.0,0.0,0.0,1024.0,683.0,0.002083238012445,Male,White,True,Male_White,0.0
13475,57--Angler/57_Angler_peoplefishing_57_782.jpg,770.0,410.0,870.0,552.0,0.0,0.0,0.0,0.0,0.0,0.0,1024.0,898.0,0.01544230233853,Male,White,True,Male_White,0.0
13480,57--Angler/57_Angler_peoplefishing_57_716.jpg,592.0,216.0,702.0,362.0,1.0,0.0,0.0,0.0,0.0,0.0,1024.0,768.0,0.0204213460286458,Male,White,True,Male_White,0.0
13483,57--Angler/57_Angler_peoplefishing_57_380.jpg,446.0,134.0,542.0,276.0,0.0,0.0,0.0,0.0,0.0,0.0,1024.0,768.0,0.017333984375,Male,White,True,Male_White,0.0
13484,57--Angler/57_Angler_peoplefishing_57_616.jpg,802.0,202.0,854.0,272.0,1.0,0.0,0.0,0.0,0.0,0.0,1024.0,788.0,0.0045110247461928,Male,White,True,Male_White,0.0
13488,57--Angler/57_Angler_peoplefishing_57_1020.jpg,489.0,209.0,950.0,1062.0,0.0,0.0,0.0,0.0,0.0,0.0,1024.0,1593.0,0.2410650355069052,Male,White,True,Male_White,9.0
13489,57--Angler/57_Angler_peoplefishing_57_699.jpg,876.0,158.0,960.0,256.0,1.0,0.0,0.0,0.0,0.0,0.0,1024.0,768.0,0.010467529296875,Male,White,True,Male_White,0.0
13491,57--Angler/57_Angler_peoplefishing_57_725.jpg,600.0,76.0,728.0,240.0,0.0,0.0,0.0,0.0,0.0,0.0,1024.0,683.0,0.0300146412884333,Male,White,True,Male_White,1.0
13493,57--Angler/57_Angler_peoplefishing_57_440.jpg,852.0,140.0,922.0,222.0,1.0,0.0,0.0,0.0,1.0,0.0,1024.0,699.0,0.0080192685979971,Male,White,True,Male_White,0.0
13495,57--Angler/57_Angler_peoplefishing_57_45.jpg,348.0,218.0,466.0,342.0,1.0,0.0,0.0,0.0,0.0,0.0,1024.0,768.0,0.0186055501302083,Male,White,True,Male_White,0.0
13498,57--Angler/57_Angler_peoplefishing_57_676.jpg,182.0,140.0,264.0,228.0,0.0,0.0,0.0,0.0,0.0,0.0,1024.0,768.0,0.0091756184895833,Male,White,True,Male_White,0.0
13499,57--Angler/57_Angler_peoplefishing_57_676.jpg,456.0,64.0,576.0,216.0,0.0,0.0,0.0,0.0,0.0,0.0,1024.0,768.0,0.023193359375,Male,White,True,Male_White,0.0
13500,57--Angler/57_Angler_peoplefishing_57_676.jpg,778.0,110.0,862.0,226.0,0.0,0.0,0.0,0.0,0.0,0.0,1024.0,768.0,0.01239013671875,Male,White,True,Male_White,0.0
13504,57--Angler/57_Angler_peoplefishing_57_1048.jpg,159.0,289.0,203.0,343.0,1.0,0.0,0.0,0.0,0.0,0.0,1024.0,682.0,0.0034022177419354,Male,White,True,Male_White,0.0
13505,57--Angler/57_Angler_peoplefishing_57_1048.jpg,289.0,316.0,327.0,366.0,1.0,0.0,0.0,0.0,0.0,0.0,1024.0,682.0,0.0027206286656891,Male,Black,True,Male_Black,0.0
13506,57--Angler/57_Angler_peoplefishing_57_1048.jpg,396.0,292.0,427.0,332.0,1.0,0.0,0.0,0.0,0.0,0.0,1024.0,682.0,0.0017755681818181,Male,Black,True,Male_Black,0.0
13507,57--Angler/57_Angler_peoplefishing_57_1048.jpg,497.0,292.0,530.0,333.0,1.0,0.0,0.0,0.0,0.0,0.0,1024.0,682.0,0.0019373739919354,Male,Black,True,Male_Black,0.0
13508,57--Angler/57_Angler_peoplefishing_57_1048.jpg,640.0,503.0,674.0,542.0,1.0,0.0,0.0,0.0,0.0,0.0,1024.0,682.0,0.0018987124266862,Male,Black,True,Male_Black,0.0
13509,57--Angler/57_Angler_peoplefishing_57_1048.jpg,504.0,435.0,539.0,478.0,1.0,0.0,0.0,0.0,0.0,0.0,1024.0,682.0,0.0021550242851906,Male,Black,True,Male_Black,0.0
13510,57--Angler/57_Angler_peoplefishing_57_1048.jpg,620.0,303.0,651.0,340.0,1.0,0.0,0.0,0.0,0.0,0.0,1024.0,682.0,0.0016424005681818,Male,Black,True,Male_Black,0.0
13511,57--Angler/57_Angler_peoplefishing_57_1048.jpg,690.0,390.0,727.0,434.0,1.0,0.0,0.0,0.0,0.0,0.0,1024.0,682.0,0.0023311491935483,Male,Black,True,Male_Black,0.0
13512,57--Angler/57_Angler_peoplefishing_57_1048.jpg,763.0,419.0,807.0,467.0,1.0,0.0,0.0,0.0,0.0,0.0,1024.0,682.0,0.003024193548387,Male,Black,True,Male_Black,0.0
13522,57--Angler/57_Angler_peoplefishing_57_980.jpg,526.0,122.0,742.0,362.0,0.0,0.0,0.0,0.0,0.0,0.0,1024.0,716.0,0.0707053072625698,Male,White,True,Male_White,2.0
13523,57--Angler/57_Angler_peoplefishing_57_504.jpg,698.0,276.0,772.0,372.0,1.0,0.0,1.0,0.0,0.0,1.0,1024.0,768.0,0.009033203125,Male,Asian,True,Male_Asian,0.0
13531,57--Angler/57_Angler_peoplefishing_57_736.jpg,410.0,81.0,477.0,178.0,1.0,0.0,0.0,0.0,0.0,0.0,1024.0,1179.0,0.0053831040606446,Male,White,True,Male_White,0.0
13533,57--Angler/57_Angler_peoplefishing_57_464.jpg,460.0,210.0,550.0,304.0,1.0,0.0,0.0,0.0,0.0,0.0,1024.0,766.0,0.0107855336161879,Male,White,True,Male_White,0.0
13536,57--Angler/57_Angler_peoplefishing_57_360.jpg,246.0,52.0,304.0,118.0,1.0,0.0,0.0,0.0,0.0,1.0,1024.0,777.0,0.0048111727799227,Male,White,True,Male_White,0.0
13537,57--Angler/57_Angler_peoplefishing_57_163.jpg,340.0,102.0,466.0,244.0,1.0,0.0,0.0,0.0,0.0,0.0,1024.0,992.0,0.0176135647681451,Male,White,True,Male_White,0.0
13538,57--Angler/57_Angler_peoplefishing_57_34.jpg,390.0,62.0,526.0,238.0,0.0,0.0,0.0,0.0,0.0,0.0,1024.0,768.0,0.0304361979166666,Male,White,True,Male_White,1.0
13540,57--Angler/57_Angler_peoplefishing_57_570.jpg,565.0,165.0,690.0,344.0,1.0,0.0,0.0,0.0,0.0,0.0,1024.0,1366.0,0.015996036557467,Male,White,True,Male_White,0.0
13541,57--Angler/57_Angler_peoplefishing_57_596.jpg,240.0,180.0,330.0,284.0,1.0,0.0,0.0,0.0,0.0,0.0,1024.0,684.0,0.0133634868421052,Male,White,True,Male_White,0.0
13543,57--Angler/57_Angler_peoplefishing_57_151.jpg,450.0,315.0,686.0,548.0,0.0,0.0,0.0,0.0,0.0,0.0,1024.0,1440.0,0.0372911241319444,Male,White,True,Male_White,1.0
13544,57--Angler/57_Angler_peoplefishing_57_808.jpg,280.0,82.0,346.0,174.0,0.0,0.0,0.0,0.0,0.0,0.0,1024.0,768.0,0.007720947265625,Male,White,True,Male_White,0.0
13545,57--Angler/57_Angler_peoplefishing_57_808.jpg,480.0,154.0,550.0,234.0,0.0,0.0,0.0,0.0,0.0,0.0,1024.0,768.0,0.0071207682291666,Male,White,True,Male_White,0.0
13546,57--Angler/57_Angler_peoplefishing_57_808.jpg,666.0,120.0,742.0,210.0,0.0,0.0,0.0,0.0,0.0,0.0,1024.0,768.0,0.008697509765625,Male,White,True,Male_White,0.0
13549,57--Angler/57_Angler_peoplefishing_57_943.jpg,378.0,88.0,668.0,488.0,0.0,0.0,0.0,0.0,0.0,0.0,1024.0,682.0,0.1661015395894428,Male,Black,True,Male_Black,6.0
13557,57--Angler/57_Angler_peoplefishing_57_501.jpg,483.0,261.0,558.0,370.0,1.0,0.0,0.0,0.0,0.0,0.0,1024.0,1366.0,0.0058443619601024,Male,White,True,Male_White,0.0
13562,57--Angler/57_Angler_peoplefishing_57_922.jpg,410.0,194.0,628.0,438.0,0.0,0.0,0.0,0.0,0.0,0.0,1024.0,920.0,0.0564622961956521,Male,White,True,Male_White,2.0
13563,57--Angler/57_Angler_peoplefishing_57_294.jpg,396.0,46.0,431.0,91.0,1.0,0.0,0.0,0.0,0.0,0.0,1024.0,680.0,0.0022618910845588,Male,Asian,True,Male_Asian,0.0
13564,57--Angler/57_Angler_peoplefishing_57_294.jpg,559.0,95.0,593.0,141.0,1.0,0.0,0.0,0.0,0.0,0.0,1024.0,680.0,0.00224609375,Male,Asian,True,Male_Asian,0.0
13565,57--Angler/57_Angler_peoplefishing_57_294.jpg,525.0,297.0,562.0,343.0,1.0,0.0,0.0,0.0,1.0,0.0,1024.0,680.0,0.002444278492647,Male,White,True,Male_White,0.0
13567,57--Angler/57_Angler_peoplefishing_57_844.jpg,371.0,400.0,590.0,635.0,0.0,0.0,0.0,0.0,0.0,0.0,1024.0,1366.0,0.0367926713488286,Male,White,True,Male_White,1.0
13569,57--Angler/57_Angler_peoplefishing_57_179.jpg,34.0,250.0,102.0,326.0,1.0,0.0,0.0,0.0,0.0,0.0,1024.0,768.0,0.0065714518229166,Male,White,True,Male_White,0.0
13570,57--Angler/57_Angler_peoplefishing_57_179.jpg,222.0,222.0,296.0,304.0,1.0,0.0,0.0,0.0,0.0,0.0,1024.0,768.0,0.0077158610026041,Male,White,True,Male_White,0.0
13571,57--Angler/57_Angler_peoplefishing_57_179.jpg,362.0,224.0,418.0,296.0,1.0,0.0,0.0,0.0,0.0,0.0,1024.0,768.0,0.005126953125,Male,White,True,Male_White,0.0
13572,57--Angler/57_Angler_peoplefishing_57_179.jpg,538.0,224.0,592.0,286.0,1.0,0.0,0.0,0.0,0.0,0.0,1024.0,768.0,0.0042572021484375,Male,White,True,Male_White,0.0
13573,57--Angler/57_Angler_peoplefishing_57_179.jpg,832.0,256.0,906.0,332.0,0.0,0.0,0.0,0.0,0.0,0.0,1024.0,768.0,0.0071512858072916,Male,White,True,Male_White,0.0
13575,57--Angler/57_Angler_peoplefishing_57_28.jpg,762.0,134.0,818.0,190.0,1.0,0.0,0.0,0.0,0.0,0.0,1024.0,839.0,0.0036501787842669,Male,White,True,Male_White,0.0
13580,57--Angler/57_Angler_peoplefishing_57_965.jpg,464.0,104.0,558.0,220.0,0.0,0.0,0.0,0.0,0.0,0.0,1024.0,706.0,0.0150827726628895,Male,White,True,Male_White,0.0
13584,57--Angler/57_Angler_peoplefishing_57_929.jpg,470.0,84.0,584.0,214.0,0.0,0.0,0.0,0.0,0.0,0.0,1024.0,768.0,0.0188446044921875,Male,White,True,Male_White,0.0
13585,58--Hockey/58_Hockey_icehockey_puck_58_286.jpg,554.0,551.0,656.0,650.0,0.0,0.0,0.0,0.0,1.0,0.0,1024.0,1543.0,0.0063910098023331,Male,White,True,Male_White,0.0
13590,58--Hockey/58_Hockey_icehockey_puck_58_112.jpg,420.0,184.0,460.0,233.0,0.0,0.0,0.0,0.0,0.0,0.0,1024.0,666.0,0.0028739677177177,Male,White,True,Male_White,0.0
13599,58--Hockey/58_Hockey_icehockey_puck_58_370.jpg,294.0,52.0,422.0,242.0,0.0,0.0,0.0,0.0,0.0,0.0,1024.0,640.0,0.037109375,Male,White,True,Male_White,1.0
13600,58--Hockey/58_Hockey_icehockey_puck_58_73.jpg,406.0,36.0,488.0,174.0,1.0,0.0,0.0,0.0,0.0,0.0,1024.0,768.0,0.0143890380859375,Male,White,True,Male_White,0.0
13601,58--Hockey/58_Hockey_icehockey_puck_58_283.jpg,577.0,147.0,700.0,348.0,0.0,0.0,0.0,0.0,0.0,0.0,1024.0,1536.0,0.0157184600830078,Male,White,True,Male_White,0.0
13603,58--Hockey/58_Hockey_icehockey_puck_58_560.jpg,20.0,54.0,80.0,122.0,1.0,0.0,0.0,0.0,0.0,0.0,1024.0,683.0,0.0058336383601756,Male,White,True,Male_White,0.0
13604,58--Hockey/58_Hockey_icehockey_puck_58_560.jpg,224.0,80.0,278.0,136.0,1.0,0.0,0.0,0.0,0.0,0.0,1024.0,683.0,0.0043237554904831,Male,White,True,Male_White,0.0
13605,58--Hockey/58_Hockey_icehockey_puck_58_560.jpg,372.0,32.0,434.0,98.0,1.0,0.0,0.0,0.0,0.0,0.0,1024.0,683.0,0.0058507961200585,Male,White,True,Male_White,0.0
13606,58--Hockey/58_Hockey_icehockey_puck_58_560.jpg,620.0,74.0,674.0,142.0,1.0,0.0,0.0,0.0,0.0,0.0,1024.0,683.0,0.0052502745241581,Male,White,True,Male_White,0.0
13607,58--Hockey/58_Hockey_icehockey_puck_58_560.jpg,738.0,28.0,802.0,100.0,1.0,0.0,0.0,0.0,0.0,0.0,1024.0,683.0,0.0065885797950219,Male,White,True,Male_White,0.0
13608,58--Hockey/58_Hockey_icehockey_puck_58_560.jpg,820.0,106.0,886.0,176.0,1.0,0.0,0.0,0.0,0.0,0.0,1024.0,683.0,0.0066057375549048,Male,White,True,Male_White,0.0
13609,58--Hockey/58_Hockey_icehockey_puck_58_560.jpg,928.0,242.0,990.0,314.0,1.0,0.0,0.0,0.0,0.0,0.0,1024.0,683.0,0.0063826866764275,Male,White,True,Male_White,0.0
13610,58--Hockey/58_Hockey_icehockey_puck_58_560.jpg,690.0,244.0,748.0,326.0,1.0,0.0,0.0,0.0,0.0,0.0,1024.0,683.0,0.0068001921669106,Male,White,True,Male_White,0.0
13611,58--Hockey/58_Hockey_icehockey_puck_58_560.jpg,464.0,160.0,524.0,236.0,1.0,0.0,0.0,0.0,0.0,0.0,1024.0,683.0,0.0065199487554904,Male,White,True,Male_White,0.0
13612,58--Hockey/58_Hockey_icehockey_puck_58_560.jpg,300.0,176.0,362.0,262.0,1.0,0.0,0.0,0.0,0.0,0.0,1024.0,683.0,0.0076237646412884,Male,White,True,Male_White,0.0
13613,58--Hockey/58_Hockey_icehockey_puck_58_560.jpg,150.0,202.0,214.0,272.0,1.0,0.0,0.0,0.0,0.0,0.0,1024.0,683.0,0.0064055636896046,Male,White,True,Male_White,0.0
13614,58--Hockey/58_Hockey_icehockey_puck_58_560.jpg,504.0,4.0,566.0,52.0,1.0,0.0,0.0,0.0,0.0,0.0,1024.0,683.0,0.0042551244509516,Male,White,True,Male_White,0.0
13615,58--Hockey/58_Hockey_icehockey_puck_58_763.jpg,461.0,258.0,578.0,437.0,1.0,0.0,0.0,0.0,0.0,0.0,1024.0,1501.0,0.0136256818371085,Male,White,True,Male_White,0.0
13616,58--Hockey/58_Hockey_icehockey_puck_58_747.jpg,112.0,634.0,220.0,768.0,1.0,0.0,1.0,0.0,0.0,0.0,1024.0,768.0,0.018402099609375,Male,White,True,Male_White,0.0
13622,58--Hockey/58_Hockey_icehockey_puck_58_536.jpg,648.0,118.0,724.0,220.0,1.0,0.0,0.0,0.0,0.0,0.0,1024.0,654.0,0.0115754013761467,Male,White,True,Male_White,0.0
13623,58--Hockey/58_Hockey_icehockey_puck_58_536.jpg,538.0,72.0,612.0,186.0,1.0,0.0,0.0,0.0,0.0,0.0,1024.0,654.0,0.0125967603211009,Male,White,True,Male_White,0.0
13624,58--Hockey/58_Hockey_icehockey_puck_58_536.jpg,406.0,126.0,492.0,234.0,1.0,0.0,0.0,0.0,0.0,0.0,1024.0,654.0,0.0138689793577981,Male,White,True,Male_White,0.0
13625,58--Hockey/58_Hockey_icehockey_puck_58_748.jpg,190.0,225.0,603.0,651.0,0.0,0.0,0.0,0.0,0.0,0.0,1024.0,1392.0,0.1234299232219827,Male,White,True,Male_White,4.0
13628,58--Hockey/58_Hockey_icehockey_puck_58_540.jpg,318.0,258.0,514.0,528.0,0.0,0.0,0.0,0.0,0.0,0.0,1024.0,911.0,0.0567285263446761,Male,White,True,Male_White,2.0
13649,58--Hockey/58_Hockey_icehockey_puck_58_12.jpg,503.0,145.0,541.0,188.0,1.0,0.0,0.0,0.0,0.0,0.0,1024.0,565.0,0.002824253318584,Male,White,True,Male_White,0.0
13650,58--Hockey/58_Hockey_icehockey_puck_58_12.jpg,435.0,151.0,469.0,200.0,1.0,0.0,0.0,0.0,0.0,0.0,1024.0,565.0,0.0028795630530973,Male,White,True,Male_White,0.0
13651,58--Hockey/58_Hockey_icehockey_puck_58_12.jpg,172.0,64.0,201.0,98.0,1.0,0.0,0.0,0.0,0.0,0.0,1024.0,565.0,0.0017042311946902,Male,White,True,Male_White,0.0
13652,58--Hockey/58_Hockey_icehockey_puck_58_12.jpg,21.0,149.0,55.0,193.0,1.0,0.0,0.0,0.0,0.0,0.0,1024.0,565.0,0.0025857300884955,Male,White,True,Male_White,0.0
13653,58--Hockey/58_Hockey_icehockey_puck_58_12.jpg,931.0,80.0,963.0,116.0,1.0,0.0,0.0,0.0,0.0,0.0,1024.0,565.0,0.0019911504424778,Male,White,True,Male_White,0.0
13672,58--Hockey/58_Hockey_icehockey_puck_58_901.jpg,262.0,98.0,430.0,268.0,0.0,0.0,0.0,0.0,0.0,0.0,1024.0,768.0,0.03631591796875,Male,White,True,Male_White,1.0
13674,58--Hockey/58_Hockey_icehockey_puck_58_590.jpg,531.0,269.0,790.0,616.0,0.0,0.0,0.0,0.0,0.0,0.0,1024.0,1366.0,0.0642508064147144,Male,White,True,Male_White,2.0
13675,58--Hockey/58_Hockey_icehockey_puck_58_260.jpg,430.0,80.0,486.0,156.0,1.0,0.0,0.0,0.0,0.0,0.0,1024.0,683.0,0.0060852855051244,Male,White,True,Male_White,0.0
13680,58--Hockey/58_Hockey_icehockey_puck_58_354.jpg,766.0,82.0,812.0,139.0,1.0,1.0,0.0,0.0,0.0,0.0,1024.0,581.0,0.0044071374784853,Male,White,True,Male_White,0.0
13681,58--Hockey/58_Hockey_icehockey_puck_58_354.jpg,593.0,80.0,638.0,128.0,1.0,1.0,0.0,0.0,0.0,0.0,1024.0,581.0,0.0036305938037865,Male,White,True,Male_White,0.0
13682,58--Hockey/58_Hockey_icehockey_puck_58_354.jpg,353.0,52.0,393.0,117.0,1.0,1.0,0.0,0.0,0.0,0.0,1024.0,581.0,0.0043701592082616,Male,White,True,Male_White,0.0
13683,58--Hockey/58_Hockey_icehockey_puck_58_354.jpg,192.0,4.0,234.0,60.0,1.0,1.0,0.0,0.0,0.0,0.0,1024.0,581.0,0.003953313253012,Male,White,True,Male_White,0.0
13687,58--Hockey/58_Hockey_icehockey_puck_58_406.jpg,440.0,168.0,665.0,511.0,0.0,0.0,0.0,0.0,0.0,0.0,1024.0,1211.0,0.0622346911127167,Male,White,True,Male_White,2.0
13688,58--Hockey/58_Hockey_icehockey_puck_58_9.jpg,650.0,94.0,758.0,228.0,0.0,0.0,0.0,0.0,1.0,0.0,1024.0,1024.0,0.0138015747070312,Male,White,True,Male_White,0.0
13699,58--Hockey/58_Hockey_icehockey_puck_58_736.jpg,553.0,186.0,763.0,477.0,0.0,0.0,0.0,0.0,0.0,0.0,1024.0,1539.0,0.0387769554093567,Male,White,True,Male_White,1.0
13704,58--Hockey/58_Hockey_icehockey_puck_58_732.jpg,717.0,107.0,818.0,246.0,1.0,0.0,0.0,0.0,0.0,0.0,1024.0,1366.0,0.0100365746248169,Male,White,True,Male_White,0.0
13705,58--Hockey/58_Hockey_icehockey_puck_58_890.jpg,566.0,106.0,758.0,356.0,0.0,0.0,0.0,0.0,0.0,0.0,1024.0,768.0,0.06103515625,Male,White,True,Male_White,2.0
13706,58--Hockey/58_Hockey_icehockey_puck_58_577.jpg,232.0,274.0,312.0,382.0,0.0,0.0,0.0,0.0,0.0,0.0,1024.0,768.0,0.010986328125,Male,White,True,Male_White,0.0
13707,58--Hockey/58_Hockey_icehockey_puck_58_577.jpg,454.0,262.0,538.0,372.0,0.0,0.0,0.0,0.0,0.0,0.0,1024.0,768.0,0.011749267578125,Male,White,True,Male_White,0.0
13708,58--Hockey/58_Hockey_icehockey_puck_58_577.jpg,742.0,314.0,820.0,418.0,0.0,0.0,0.0,0.0,0.0,0.0,1024.0,768.0,0.01031494140625,Male,White,True,Male_White,0.0
13709,58--Hockey/58_Hockey_icehockey_puck_58_420.jpg,475.0,130.0,576.0,265.0,1.0,0.0,0.0,0.0,0.0,0.0,1024.0,1359.0,0.0097979615066225,Male,White,True,Male_White,0.0
13716,58--Hockey/58_Hockey_icehockey_puck_58_35.jpg,529.0,66.0,585.0,129.0,1.0,0.0,0.0,0.0,1.0,0.0,1024.0,691.0,0.0049859804630969,Male,White,True,Male_White,0.0
13717,58--Hockey/58_Hockey_icehockey_puck_58_35.jpg,350.0,32.0,396.0,70.0,1.0,0.0,0.0,0.0,0.0,0.0,1024.0,691.0,0.0024703780752532,Male,White,True,Male_White,0.0
13718,58--Hockey/58_Hockey_icehockey_puck_58_35.jpg,662.0,0.0,709.0,54.0,1.0,0.0,0.0,0.0,0.0,0.0,1024.0,691.0,0.0035868532923299,Male,White,True,Male_White,0.0
13719,58--Hockey/58_Hockey_icehockey_puck_58_35.jpg,783.0,0.0,823.0,45.0,1.0,0.0,0.0,0.0,1.0,0.0,1024.0,691.0,0.0025438675832127,Male,White,True,Male_White,0.0
13720,58--Hockey/58_Hockey_icehockey_puck_58_723.jpg,809.0,37.0,861.0,112.0,0.0,0.0,0.0,0.0,0.0,1.0,1024.0,324.0,0.0117549189814814,Male,Black,True,Male_Black,0.0
13721,58--Hockey/58_Hockey_icehockey_puck_58_723.jpg,419.0,37.0,465.0,112.0,0.0,0.0,0.0,0.0,0.0,1.0,1024.0,324.0,0.0103985821759259,Male,Black,True,Male_Black,0.0
13722,58--Hockey/58_Hockey_icehockey_puck_58_723.jpg,100.0,35.0,146.0,112.0,0.0,0.0,0.0,0.0,0.0,1.0,1024.0,324.0,0.0106758777006172,Male,Black,True,Male_Black,0.0
13726,58--Hockey/58_Hockey_icehockey_puck_58_596.jpg,722.0,82.0,788.0,168.0,1.0,0.0,0.0,0.0,1.0,0.0,1024.0,577.0,0.0096065316291161,Male,White,True,Male_White,0.0
13729,58--Hockey/58_Hockey_icehockey_puck_58_1033.jpg,383.0,132.0,606.0,469.0,0.0,0.0,0.0,0.0,0.0,0.0,1024.0,1224.0,0.0599588631025326,Male,White,True,Male_White,2.0
13730,58--Hockey/58_Hockey_icehockey_puck_58_223.jpg,312.0,116.0,394.0,222.0,1.0,0.0,0.0,0.0,0.0,0.0,1024.0,811.0,0.0104664380394574,Male,White,True,Male_White,0.0
13733,58--Hockey/58_Hockey_icehockey_puck_58_215.jpg,685.0,74.0,724.0,120.0,1.0,0.0,0.0,0.0,0.0,0.0,1024.0,1147.0,0.0015274220793374,Male,White,True,Male_White,0.0
13734,58--Hockey/58_Hockey_icehockey_puck_58_643.jpg,299.0,160.0,527.0,486.0,0.0,0.0,0.0,0.0,0.0,0.0,1024.0,1391.0,0.0521825575125808,Male,White,True,Male_White,1.0
13735,58--Hockey/58_Hockey_icehockey_puck_58_594.jpg,168.0,470.0,442.0,771.0,0.0,0.0,0.0,0.0,0.0,0.0,1024.0,1392.0,0.0578599250179597,Male,White,True,Male_White,2.0
13737,58--Hockey/58_Hockey_icehockey_puck_58_364.jpg,640.0,18.0,766.0,188.0,0.0,0.0,0.0,0.0,0.0,0.0,1024.0,577.0,0.0362529787694974,Male,White,True,Male_White,1.0
13740,58--Hockey/58_Hockey_icehockey_puck_58_794.jpg,480.0,140.0,550.0,230.0,1.0,0.0,0.0,0.0,0.0,0.0,1024.0,768.0,0.0080108642578125,Male,White,True,Male_White,0.0
13741,58--Hockey/58_Hockey_icehockey_puck_58_794.jpg,58.0,92.0,126.0,184.0,1.0,0.0,0.0,0.0,0.0,0.0,1024.0,768.0,0.0079549153645833,Male,White,True,Male_White,0.0
13742,58--Hockey/58_Hockey_icehockey_puck_58_794.jpg,682.0,166.0,746.0,260.0,1.0,0.0,0.0,0.0,0.0,0.0,1024.0,768.0,0.0076497395833333,Male,White,True,Male_White,0.0
13743,58--Hockey/58_Hockey_icehockey_puck_58_794.jpg,954.0,178.0,1022.0,262.0,1.0,0.0,0.0,0.0,1.0,0.0,1024.0,768.0,0.00726318359375,Male,White,True,Male_White,0.0
13744,58--Hockey/58_Hockey_icehockey_puck_58_794.jpg,942.0,502.0,1020.0,614.0,1.0,0.0,0.0,0.0,0.0,0.0,1024.0,768.0,0.0111083984375,Male,White,True,Male_White,0.0
13745,58--Hockey/58_Hockey_icehockey_puck_58_533.jpg,514.0,232.0,612.0,352.0,1.0,0.0,0.0,0.0,0.0,0.0,1024.0,768.0,0.01495361328125,Male,White,True,Male_White,0.0
13746,58--Hockey/58_Hockey_icehockey_puck_58_240.jpg,774.0,76.0,834.0,162.0,0.0,0.0,0.0,0.0,1.0,0.0,1024.0,683.0,0.0073778367496339,Male,White,True,Male_White,0.0
13747,58--Hockey/58_Hockey_icehockey_puck_58_240.jpg,508.0,128.0,564.0,210.0,0.0,0.0,0.0,0.0,1.0,0.0,1024.0,683.0,0.0065657027818448,Male,White,True,Male_White,0.0
13748,58--Hockey/58_Hockey_icehockey_puck_58_240.jpg,280.0,102.0,344.0,168.0,0.0,0.0,0.0,0.0,1.0,0.0,1024.0,683.0,0.0060395314787701,Male,White,True,Male_White,0.0
13749,58--Hockey/58_Hockey_icehockey_puck_58_918.jpg,895.0,392.0,936.0,437.0,1.0,0.0,0.0,0.0,1.0,0.0,1024.0,681.0,0.0026457530286343,Male,Asian,True,Male_Asian,0.0
13750,58--Hockey/58_Hockey_icehockey_puck_58_918.jpg,818.0,225.0,861.0,281.0,1.0,0.0,0.0,0.0,0.0,0.0,1024.0,681.0,0.0034531020558002,Male,Asian,True,Male_Asian,0.0
13751,58--Hockey/58_Hockey_icehockey_puck_58_918.jpg,879.0,122.0,923.0,181.0,1.0,0.0,0.0,0.0,1.0,0.0,1024.0,681.0,0.0037226964023494,Male,Asian,True,Male_Asian,0.0
13752,58--Hockey/58_Hockey_icehockey_puck_58_918.jpg,701.0,142.0,742.0,196.0,1.0,0.0,0.0,0.0,0.0,0.0,1024.0,681.0,0.0031749036343612,Male,Asian,True,Male_Asian,0.0
13753,58--Hockey/58_Hockey_icehockey_puck_58_918.jpg,529.0,176.0,573.0,221.0,1.0,0.0,0.0,0.0,1.0,0.0,1024.0,681.0,0.0028393447136563,Male,Asian,True,Male_Asian,0.0
13754,58--Hockey/58_Hockey_icehockey_puck_58_918.jpg,715.0,393.0,755.0,440.0,1.0,0.0,0.0,0.0,1.0,0.0,1024.0,681.0,0.0026959434654919,Male,Asian,True,Male_Asian,0.0
13755,58--Hockey/58_Hockey_icehockey_puck_58_918.jpg,504.0,476.0,553.0,527.0,1.0,0.0,0.0,0.0,1.0,0.0,1024.0,681.0,0.0035835971916299,Male,Asian,True,Male_Asian,0.0
13756,58--Hockey/58_Hockey_icehockey_puck_58_918.jpg,446.0,178.0,491.0,245.0,1.0,0.0,0.0,0.0,1.0,0.0,1024.0,681.0,0.0043235476321585,Male,White,True,Male_White,0.0
13757,58--Hockey/58_Hockey_icehockey_puck_58_918.jpg,363.0,493.0,401.0,544.0,1.0,0.0,0.0,0.0,1.0,0.0,1024.0,681.0,0.0027791161894273,Male,Asian,True,Male_Asian,0.0
13758,58--Hockey/58_Hockey_icehockey_puck_58_918.jpg,220.0,383.0,268.0,434.0,1.0,0.0,0.0,0.0,1.0,0.0,1024.0,681.0,0.003510462555066,Male,Asian,True,Male_Asian,0.0
13759,58--Hockey/58_Hockey_icehockey_puck_58_918.jpg,105.0,382.0,148.0,433.0,1.0,0.0,0.0,0.0,1.0,0.0,1024.0,681.0,0.0031447893722466,Male,Asian,True,Male_Asian,0.0
13760,58--Hockey/58_Hockey_icehockey_puck_58_918.jpg,101.0,173.0,145.0,242.0,1.0,0.0,0.0,0.0,0.0,0.0,1024.0,681.0,0.0043536618942731,Male,Asian,True,Male_Asian,0.0
13761,58--Hockey/58_Hockey_icehockey_puck_58_918.jpg,489.0,2.0,535.0,51.0,1.0,0.0,0.0,0.0,0.0,0.0,1024.0,681.0,0.003232264133627,Male,Asian,True,Male_Asian,0.0
13765,58--Hockey/58_Hockey_icehockey_puck_58_101.jpg,864.0,207.0,910.0,264.0,1.0,0.0,0.0,0.0,0.0,0.0,1024.0,682.0,0.003754467558651,Male,White,True,Male_White,0.0
13766,58--Hockey/58_Hockey_icehockey_puck_58_101.jpg,517.0,292.0,558.0,343.0,1.0,0.0,0.0,0.0,0.0,0.0,1024.0,682.0,0.0029941234420821,Male,White,True,Male_White,0.0
13767,58--Hockey/58_Hockey_icehockey_puck_58_101.jpg,158.0,90.0,203.0,144.0,1.0,0.0,0.0,0.0,0.0,0.0,1024.0,682.0,0.003479540872434,Male,White,True,Male_White,0.0
13774,58--Hockey/58_Hockey_icehockey_puck_58_917.jpg,301.0,200.0,712.0,816.0,0.0,0.0,0.0,0.0,0.0,0.0,1024.0,1366.0,0.1809972090043924,Male,White,True,Male_White,6.0
13776,58--Hockey/58_Hockey_icehockey_puck_58_196.jpg,582.0,24.0,654.0,114.0,1.0,0.0,0.0,0.0,0.0,0.0,1024.0,679.0,0.0093197717231222,Male,White,True,Male_White,0.0
13777,58--Hockey/58_Hockey_icehockey_puck_58_470.jpg,322.0,236.0,442.0,402.0,0.0,0.0,0.0,0.0,0.0,0.0,1024.0,577.0,0.0337142547660311,Male,White,True,Male_White,1.0
13779,59--people--driving--car/59_peopledrivingcar_peopledrivingcar_59_15.jpg,626.0,219.0,657.0,259.0,1.0,0.0,0.0,0.0,0.0,0.0,1024.0,582.0,0.0020806486254295,Male,White,True,Male_White,0.0
13782,59--people--driving--car/59_peopledrivingcar_peopledrivingcar_59_50.jpg,252.0,28.0,418.0,324.0,0.0,1.0,0.0,0.0,0.0,0.0,1024.0,682.0,0.0703583211143695,Male,White,True,Male_White,2.0
13785,59--people--driving--car/59_peopledrivingcar_peopledrivingcar_59_230.jpg,358.0,4.0,462.0,88.0,1.0,0.0,0.0,0.0,0.0,1.0,1024.0,632.0,0.0134988132911392,Male,Asian,True,Male_Asian,0.0
13796,59--people--driving--car/59_peopledrivingcar_peopledrivingcar_59_368.jpg,148.0,154.0,318.0,330.0,1.0,1.0,0.0,0.0,0.0,1.0,1024.0,704.0,0.04150390625,Male,Black,True,Male_Black,1.0
13801,59--people--driving--car/59_peopledrivingcar_peopledrivingcar_59_914.jpg,618.0,148.0,670.0,220.0,1.0,0.0,0.0,0.0,0.0,0.0,1024.0,768.0,0.0047607421875,Male,White,True,Male_White,0.0
13804,59--people--driving--car/59_peopledrivingcar_peopledrivingcar_59_42.jpg,398.0,146.0,638.0,474.0,0.0,0.0,0.0,0.0,0.0,0.0,1024.0,719.0,0.1069193324061196,Male,White,True,Male_White,3.0
13807,59--people--driving--car/59_peopledrivingcar_peopledrivingcar_59_190.jpg,236.0,124.0,444.0,428.0,0.0,0.0,0.0,0.0,0.0,0.0,1024.0,710.0,0.0869718309859154,Male,White,True,Male_White,3.0
13811,59--people--driving--car/59_peopledrivingcar_peopledrivingcar_59_36.jpg,246.0,208.0,364.0,376.0,0.0,0.0,0.0,0.0,0.0,0.0,1024.0,683.0,0.0283446193265007,Male,White,True,Male_White,1.0
13813,59--people--driving--car/59_peopledrivingcar_peopledrivingcar_59_92.jpg,552.0,142.0,636.0,202.0,1.0,0.0,0.0,0.0,1.0,1.0,1024.0,576.0,0.008544921875,Male,White,True,Male_White,0.0
13816,59--people--driving--car/59_peopledrivingcar_peopledrivingcar_59_206.jpg,422.0,169.0,465.0,222.0,1.0,0.0,1.0,0.0,0.0,0.0,1024.0,768.0,0.0028978983561197,Male,White,True,Male_White,0.0
13822,59--people--driving--car/59_peopledrivingcar_peopledrivingcar_59_2.jpg,622.0,126.0,764.0,332.0,0.0,0.0,0.0,0.0,0.0,0.0,1024.0,685.0,0.0417027828467153,Male,White,True,Male_White,1.0
13823,59--people--driving--car/59_peopledrivingcar_peopledrivingcar_59_440.jpg,460.0,172.0,546.0,278.0,1.0,0.0,0.0,0.0,0.0,0.0,1024.0,714.0,0.0124682685574229,Male,White,True,Male_White,0.0
13838,59--people--driving--car/59_peopledrivingcar_peopledrivingcar_59_177.jpg,488.0,156.0,706.0,442.0,0.0,0.0,0.0,0.0,0.0,0.0,1024.0,713.0,0.0853951174614305,Male,White,True,Male_White,3.0
13847,59--people--driving--car/59_peopledrivingcar_peopledrivingcar_59_493.jpg,448.0,130.0,516.0,212.0,1.0,0.0,0.0,0.0,0.0,0.0,1024.0,672.0,0.0081031436011904,Male,White,True,Male_White,0.0
13855,59--people--driving--car/59_peopledrivingcar_peopledrivingcar_59_903.jpg,298.0,135.0,804.0,878.0,0.0,0.0,0.0,0.0,0.0,0.0,1024.0,1211.0,0.3031762876754748,Male,Black,True,Male_Black,11.0
13856,59--people--driving--car/59_peopledrivingcar_peopledrivingcar_59_882.jpg,502.0,122.0,684.0,366.0,0.0,0.0,0.0,0.0,0.0,0.0,1024.0,576.0,0.0752902560763889,Male,White,True,Male_White,2.0
13866,59--people--driving--car/59_peopledrivingcar_peopledrivingcar_59_233.jpg,684.0,182.0,792.0,372.0,0.0,0.0,0.0,0.0,0.0,0.0,1024.0,768.0,0.026092529296875,Male,White,True,Male_White,0.0
13869,59--people--driving--car/59_peopledrivingcar_peopledrivingcar_59_439.jpg,122.0,106.0,198.0,210.0,0.0,0.0,0.0,0.0,0.0,0.0,1024.0,776.0,0.0099468427835051,Male,White,True,Male_White,0.0
13873,59--people--driving--car/59_peopledrivingcar_peopledrivingcar_59_874.jpg,728.0,100.0,844.0,236.0,0.0,0.0,0.0,0.0,0.0,0.0,1024.0,652.0,0.023629217791411,Male,White,True,Male_White,0.0
13874,59--people--driving--car/59_peopledrivingcar_peopledrivingcar_59_955.jpg,596.0,120.0,686.0,268.0,1.0,0.0,0.0,0.0,0.0,0.0,1024.0,669.0,0.0194436659192825,Male,White,True,Male_White,0.0
13877,59--people--driving--car/59_peopledrivingcar_peopledrivingcar_59_115.jpg,366.0,318.0,472.0,454.0,1.0,0.0,0.0,0.0,0.0,1.0,1024.0,714.0,0.0197172619047619,Male,White,True,Male_White,0.0
13889,59--people--driving--car/59_peopledrivingcar_peopledrivingcar_59_908.jpg,175.0,164.0,212.0,215.0,1.0,0.0,0.0,0.0,0.0,0.0,1024.0,712.0,0.0025881649403089,Male,White,True,Male_White,0.0
13895,59--people--driving--car/59_peopledrivingcar_peopledrivingcar_59_416.jpg,722.0,204.0,844.0,368.0,0.0,0.0,0.0,0.0,0.0,0.0,1024.0,661.0,0.0295598524962178,Male,White,True,Male_White,1.0
13898,59--people--driving--car/59_peopledrivingcar_peopledrivingcar_59_56.jpg,592.0,60.0,782.0,358.0,1.0,1.0,0.0,0.0,0.0,0.0,1024.0,678.0,0.0815530512536873,Male,White,True,Male_White,3.0
13905,59--people--driving--car/59_peopledrivingcar_peopledrivingcar_59_529.jpg,666.0,58.0,770.0,216.0,0.0,0.0,0.0,0.0,0.0,0.0,1024.0,478.0,0.0335708682008368,Male,White,True,Male_White,1.0
13913,59--people--driving--car/59_peopledrivingcar_peopledrivingcar_59_83.jpg,182.0,146.0,254.0,288.0,0.0,0.0,0.0,0.0,0.0,0.0,1024.0,683.0,0.0146184114202049,Male,White,True,Male_White,0.0
13915,6--Funeral/6_Funeral_Funeral_6_896.jpg,334.0,132.0,606.0,600.0,0.0,0.0,0.0,0.0,0.0,0.0,1024.0,975.0,0.1275,Male,White,True,Male_White,4.0
13917,6--Funeral/6_Funeral_Funeral_6_237.jpg,322.0,384.0,404.0,450.0,1.0,0.0,0.0,0.0,0.0,1.0,1024.0,651.0,0.0081185195852534,Male,Indian,True,Male_Indian,0.0
13918,6--Funeral/6_Funeral_Funeral_6_233.jpg,366.0,396.0,454.0,464.0,1.0,0.0,0.0,0.0,0.0,1.0,1024.0,684.0,0.0085434941520467,Male,Black,True,Male_Black,0.0
13926,6--Funeral/6_Funeral_Funeral_6_417.jpg,360.0,76.0,446.0,204.0,0.0,0.0,0.0,0.0,0.0,0.0,1024.0,683.0,0.0157393850658858,Male,White,True,Male_White,0.0
13934,6--Funeral/6_Funeral_Funeral_6_383.jpg,214.0,102.0,312.0,238.0,0.0,0.0,0.0,0.0,0.0,0.0,1024.0,576.0,0.0225965711805555,Male,White,True,Male_White,0.0
13935,6--Funeral/6_Funeral_Funeral_6_383.jpg,362.0,130.0,436.0,230.0,0.0,0.0,0.0,0.0,0.0,0.0,1024.0,576.0,0.0125461154513888,Male,White,True,Male_White,0.0
13936,6--Funeral/6_Funeral_Funeral_6_383.jpg,460.0,58.0,552.0,208.0,0.0,0.0,1.0,0.0,0.0,0.0,1024.0,576.0,0.0233968098958333,Male,White,True,Male_White,0.0
13937,6--Funeral/6_Funeral_Funeral_6_383.jpg,710.0,146.0,788.0,250.0,0.0,0.0,0.0,0.0,0.0,0.0,1024.0,576.0,0.0137532552083333,Male,White,True,Male_White,0.0
13938,6--Funeral/6_Funeral_Funeral_6_383.jpg,556.0,134.0,644.0,246.0,0.0,0.0,0.0,0.0,0.0,0.0,1024.0,576.0,0.0167100694444444,Male,White,True,Male_White,0.0
13973,6--Funeral/6_Funeral_Funeral_6_1010.jpg,143.0,55.0,197.0,124.0,1.0,0.0,0.0,0.0,0.0,0.0,1024.0,733.0,0.0049640816848567,Male,White,True,Male_White,0.0
13974,6--Funeral/6_Funeral_Funeral_6_1010.jpg,349.0,68.0,401.0,131.0,1.0,0.0,0.0,0.0,0.0,0.0,1024.0,733.0,0.0043645549113233,Male,White,True,Male_White,0.0
13975,6--Funeral/6_Funeral_Funeral_6_1010.jpg,883.0,87.0,932.0,149.0,1.0,0.0,0.0,0.0,0.0,0.0,1024.0,733.0,0.00404747186221,Male,White,True,Male_White,0.0
13976,6--Funeral/6_Funeral_Funeral_6_1010.jpg,699.0,175.0,741.0,223.0,1.0,0.0,0.0,0.0,0.0,0.0,1024.0,733.0,0.0026858799454297,Male,White,True,Male_White,0.0
13977,6--Funeral/6_Funeral_Funeral_6_1010.jpg,552.0,46.0,606.0,108.0,1.0,0.0,0.0,0.0,0.0,0.0,1024.0,733.0,0.0044604791950886,Male,White,True,Male_White,0.0
13978,6--Funeral/6_Funeral_Funeral_6_812.jpg,628.0,118.0,764.0,298.0,0.0,0.0,1.0,0.0,0.0,0.0,1024.0,1056.0,0.0226384943181818,Male,White,True,Male_White,0.0
13985,6--Funeral/6_Funeral_Funeral_6_753.jpg,264.0,323.0,779.0,998.0,0.0,0.0,0.0,0.0,0.0,0.0,1024.0,1366.0,0.2485194283034407,Male,White,True,Male_White,9.0
13986,6--Funeral/6_Funeral_Funeral_6_540.jpg,630.0,54.0,778.0,252.0,0.0,0.0,1.0,0.0,0.0,0.0,1024.0,428.0,0.0668625876168224,Male,White,True,Male_White,2.0
13991,6--Funeral/6_Funeral_Funeral_6_677.jpg,510.0,860.0,693.0,1036.0,0.0,0.0,0.0,0.0,0.0,1.0,1024.0,1586.0,0.0198317307692307,Male,Black,True,Male_Black,0.0
13998,6--Funeral/6_Funeral_Funeral_6_749.jpg,400.0,119.0,556.0,369.0,0.0,0.0,0.0,0.0,0.0,0.0,1024.0,1454.0,0.0261939047455295,Male,White,True,Male_White,0.0
14000,6--Funeral/6_Funeral_Funeral_6_227.jpg,274.0,362.0,390.0,446.0,1.0,0.0,0.0,0.0,0.0,1.0,1024.0,686.0,0.0138711734693877,Male,Indian,True,Male_Indian,0.0
14013,6--Funeral/6_Funeral_Funeral_6_787.jpg,274.0,246.0,408.0,370.0,1.0,0.0,0.0,0.0,0.0,1.0,1024.0,768.0,0.0211283365885416,Male,White,True,Male_White,0.0
14026,6--Funeral/6_Funeral_Funeral_6_947.jpg,366.0,174.0,644.0,566.0,0.0,0.0,1.0,0.0,0.0,0.0,1024.0,711.0,0.1496791490857946,Male,White,True,Male_White,5.0
14027,6--Funeral/6_Funeral_Funeral_6_876.jpg,294.0,151.0,703.0,675.0,0.0,0.0,0.0,0.0,0.0,0.0,1024.0,1406.0,0.1488570190256045,Male,White,True,Male_White,5.0
14034,6--Funeral/6_Funeral_Funeral_6_624.jpg,576.0,212.0,864.0,672.0,0.0,0.0,0.0,0.0,0.0,0.0,1024.0,1488.0,0.086945564516129,Male,White,True,Male_White,3.0
14035,6--Funeral/6_Funeral_Funeral_6_624.jpg,361.0,890.0,672.0,1329.0,0.0,0.0,0.0,0.0,0.0,0.0,1024.0,1488.0,0.0896028908350134,Male,White,True,Male_White,3.0
14036,6--Funeral/6_Funeral_Funeral_6_624.jpg,49.0,433.0,372.0,913.0,0.0,0.0,0.0,0.0,0.0,0.0,1024.0,1488.0,0.1017515120967741,Male,White,True,Male_White,3.0
14092,6--Funeral/6_Funeral_Funeral_6_657.jpg,320.0,68.0,729.0,674.0,0.0,0.0,0.0,0.0,0.0,0.0,1024.0,1086.0,0.2228774602900552,Male,White,True,Male_White,8.0
14095,6--Funeral/6_Funeral_Funeral_6_1003.jpg,392.0,246.0,642.0,568.0,0.0,0.0,0.0,0.0,0.0,0.0,1024.0,992.0,0.0792472593245967,Male,White,True,Male_White,2.0
14112,61--Street_Battle/61_Street_Battle_streetfight_61_554.jpg,734.0,270.0,822.0,390.0,1.0,0.0,0.0,0.0,0.0,0.0,1024.0,576.0,0.0179036458333333,Male,White,True,Male_White,0.0
14113,61--Street_Battle/61_Street_Battle_streetfight_61_770.jpg,430.0,56.0,716.0,462.0,0.0,0.0,0.0,0.0,0.0,0.0,1024.0,576.0,0.1968655056423611,Male,White,True,Male_White,7.0
14122,61--Street_Battle/61_Street_Battle_streetfight_61_209.jpg,194.0,154.0,294.0,334.0,0.0,0.0,0.0,0.0,0.0,0.0,1024.0,642.0,0.0273802570093457,Male,White,True,Male_White,0.0
14123,61--Street_Battle/61_Street_Battle_streetfight_61_209.jpg,286.0,308.0,358.0,406.0,0.0,0.0,0.0,0.0,0.0,0.0,1024.0,642.0,0.0107330607476635,Male,White,True,Male_White,0.0
14124,61--Street_Battle/61_Street_Battle_streetfight_61_209.jpg,530.0,92.0,656.0,278.0,0.0,0.0,0.0,0.0,0.0,0.0,1024.0,642.0,0.0356490946261682,Male,White,True,Male_White,1.0
14125,61--Street_Battle/61_Street_Battle_streetfight_61_209.jpg,718.0,222.0,834.0,374.0,0.0,0.0,0.0,0.0,0.0,0.0,1024.0,642.0,0.0268204828660436,Male,White,True,Male_White,0.0
14126,61--Street_Battle/61_Street_Battle_streetfight_61_645.jpg,580.0,115.0,635.0,191.0,1.0,0.0,0.0,0.0,0.0,0.0,1024.0,902.0,0.0045255335365853,Male,White,True,Male_White,0.0
14127,61--Street_Battle/61_Street_Battle_streetfight_61_645.jpg,741.0,163.0,786.0,222.0,1.0,0.0,0.0,0.0,0.0,0.0,1024.0,902.0,0.0028744716601995,Male,White,True,Male_White,0.0
14128,61--Street_Battle/61_Street_Battle_streetfight_61_645.jpg,909.0,168.0,953.0,223.0,1.0,0.0,0.0,0.0,0.0,0.0,1024.0,902.0,0.0026200457317073,Male,White,True,Male_White,0.0
14129,61--Street_Battle/61_Street_Battle_streetfight_61_645.jpg,305.0,73.0,361.0,188.0,0.0,0.0,0.0,0.0,0.0,1.0,1024.0,902.0,0.0069723531042128,Male,White,True,Male_White,0.0
14130,61--Street_Battle/61_Street_Battle_streetfight_61_290.jpg,326.0,36.0,374.0,96.0,1.0,0.0,0.0,0.0,0.0,0.0,1024.0,576.0,0.0048828125,Male,White,True,Male_White,0.0
14131,61--Street_Battle/61_Street_Battle_streetfight_61_42.jpg,144.0,254.0,256.0,402.0,0.0,0.0,0.0,0.0,0.0,0.0,1024.0,768.0,0.0210774739583333,Male,White,True,Male_White,0.0
14132,61--Street_Battle/61_Street_Battle_streetfight_61_42.jpg,502.0,368.0,578.0,474.0,1.0,0.0,0.0,0.0,0.0,0.0,1024.0,768.0,0.0102437337239583,Male,White,True,Male_White,0.0
14133,61--Street_Battle/61_Street_Battle_streetfight_61_42.jpg,236.0,362.0,290.0,430.0,1.0,0.0,0.0,0.0,0.0,0.0,1024.0,768.0,0.004669189453125,Male,White,True,Male_White,0.0
14134,61--Street_Battle/61_Street_Battle_streetfight_61_42.jpg,812.0,330.0,910.0,496.0,0.0,0.0,0.0,0.0,0.0,0.0,1024.0,768.0,0.0206858317057291,Male,White,True,Male_White,0.0
14135,61--Street_Battle/61_Street_Battle_streetfight_61_716.jpg,868.0,246.0,940.0,320.0,0.0,0.0,0.0,0.0,0.0,1.0,1024.0,680.0,0.0076516544117647,Male,White,True,Male_White,0.0
14139,61--Street_Battle/61_Street_Battle_streetfight_61_832.jpg,352.0,54.0,694.0,526.0,0.0,0.0,0.0,0.0,0.0,0.0,1024.0,1024.0,0.1539459228515625,Male,White,True,Male_White,5.0
14140,61--Street_Battle/61_Street_Battle_streetfight_61_868.jpg,288.0,30.0,506.0,320.0,0.0,0.0,0.0,0.0,0.0,0.0,1024.0,606.0,0.1018783518976897,Male,White,True,Male_White,3.0
14147,61--Street_Battle/61_Street_Battle_streetfight_61_729.jpg,303.0,192.0,730.0,778.0,0.0,0.0,0.0,0.0,0.0,0.0,1024.0,1449.0,0.1686386624396135,Male,White,True,Male_White,6.0
14148,61--Street_Battle/61_Street_Battle_streetfight_61_613.jpg,353.0,177.0,718.0,632.0,0.0,0.0,0.0,0.0,0.0,0.0,1024.0,1534.0,0.1057253045550847,Male,White,True,Male_White,3.0
14159,61--Street_Battle/61_Street_Battle_streetfight_61_415.jpg,602.0,176.0,714.0,335.0,1.0,0.0,0.0,0.0,0.0,0.0,1024.0,1434.0,0.0121273535564853,Male,White,True,Male_White,0.0
14167,61--Street_Battle/61_Street_Battle_streetfight_61_570.jpg,430.0,376.0,604.0,596.0,0.0,0.0,0.0,0.0,0.0,0.0,1024.0,1326.0,0.0281921662895927,Male,White,True,Male_White,1.0
14188,61--Street_Battle/61_Street_Battle_streetfight_61_201.jpg,178.0,100.0,362.0,350.0,0.0,0.0,1.0,0.0,0.0,0.0,1024.0,577.0,0.0778542027729636,Male,White,True,Male_White,2.0
14208,61--Street_Battle/61_Street_Battle_streetfight_61_326.jpg,373.0,315.0,568.0,574.0,0.0,0.0,0.0,0.0,0.0,0.0,1024.0,1366.0,0.0361063609535139,Male,White,True,Male_White,1.0
14213,61--Street_Battle/61_Street_Battle_streetfight_61_1036.jpg,906.0,184.0,972.0,284.0,1.0,0.0,0.0,0.0,1.0,0.0,1024.0,640.0,0.01007080078125,Male,White,True,Male_White,0.0
14214,61--Street_Battle/61_Street_Battle_streetfight_61_277.jpg,78.0,60.0,134.0,146.0,0.0,0.0,0.0,0.0,0.0,0.0,1024.0,577.0,0.0081509965337954,Male,White,True,Male_White,0.0
14215,61--Street_Battle/61_Street_Battle_streetfight_61_277.jpg,168.0,60.0,238.0,144.0,0.0,0.0,0.0,0.0,0.0,0.0,1024.0,577.0,0.0099517980935875,Male,White,True,Male_White,0.0
14216,61--Street_Battle/61_Street_Battle_streetfight_61_277.jpg,322.0,70.0,386.0,148.0,0.0,0.0,0.0,0.0,0.0,0.0,1024.0,577.0,0.0084488734835355,Male,White,True,Male_White,0.0
14217,61--Street_Battle/61_Street_Battle_streetfight_61_277.jpg,424.0,46.0,502.0,142.0,0.0,0.0,1.0,0.0,0.0,0.0,1024.0,577.0,0.0126733102253032,Male,White,True,Male_White,0.0
14218,61--Street_Battle/61_Street_Battle_streetfight_61_277.jpg,546.0,64.0,612.0,148.0,0.0,0.0,0.0,0.0,0.0,0.0,1024.0,577.0,0.009383123916811,Male,White,True,Male_White,0.0
14219,61--Street_Battle/61_Street_Battle_streetfight_61_277.jpg,670.0,62.0,742.0,162.0,0.0,1.0,0.0,0.0,0.0,0.0,1024.0,577.0,0.0121858752166377,Male,White,True,Male_White,0.0
14220,61--Street_Battle/61_Street_Battle_streetfight_61_277.jpg,840.0,38.0,900.0,138.0,0.0,1.0,0.0,0.0,0.0,0.0,1024.0,577.0,0.0101548960138648,Male,White,True,Male_White,0.0
14221,61--Street_Battle/61_Street_Battle_streetfight_61_277.jpg,902.0,160.0,978.0,248.0,0.0,0.0,1.0,0.0,0.0,0.0,1024.0,577.0,0.0113193240901213,Male,White,True,Male_White,0.0
14233,7--Cheering/7_Cheering_Cheering_7_775.jpg,276.0,28.0,776.0,630.0,0.0,1.0,0.0,0.0,0.0,0.0,1024.0,822.0,0.3575977037712895,Male,White,True,Male_White,13.0
14255,7--Cheering/7_Cheering_Cheering_7_674.jpg,472.0,360.0,611.0,527.0,0.0,1.0,0.0,0.0,0.0,1.0,1024.0,1400.0,0.0161921037946428,Male,White,True,Male_White,0.0
14260,7--Cheering/7_Cheering_Cheering_7_321.jpg,419.0,434.0,599.0,711.0,0.0,1.0,0.0,0.0,0.0,0.0,1024.0,1460.0,0.0333502782534246,Male,Black,True,Male_Black,1.0
14261,7--Cheering/7_Cheering_Cheering_7_210.jpg,480.0,136.0,634.0,282.0,0.0,1.0,0.0,0.0,0.0,1.0,1024.0,754.0,0.0291207311007957,Male,White,True,Male_White,1.0
14296,7--Cheering/7_Cheering_Cheering_7_735.jpg,302.0,38.0,720.0,568.0,0.0,1.0,0.0,0.0,0.0,0.0,1024.0,576.0,0.3756035698784722,Male,White,True,Male_White,14.0
14308,7--Cheering/7_Cheering_Cheering_7_344.jpg,334.0,52.0,504.0,300.0,0.0,0.0,0.0,0.0,0.0,0.0,1024.0,768.0,0.0536092122395833,Male,White,True,Male_White,1.0
14387,7--Cheering/7_Cheering_Cheering_7_88.jpg,454.0,74.0,598.0,290.0,0.0,0.0,0.0,0.0,0.0,0.0,1024.0,757.0,0.0401254953764861,Male,White,True,Male_White,1.0
14390,7--Cheering/7_Cheering_Cheering_7_869.jpg,312.0,178.0,486.0,374.0,0.0,0.0,0.0,0.0,0.0,0.0,1024.0,768.0,0.043365478515625,Male,White,True,Male_White,1.0
14428,7--Cheering/7_Cheering_Cheering_7_779.jpg,207.0,122.0,249.0,179.0,0.0,0.0,0.0,0.0,0.0,0.0,1024.0,693.0,0.0033735795454545,Male,White,True,Male_White,0.0
14429,7--Cheering/7_Cheering_Cheering_7_779.jpg,307.0,120.0,349.0,176.0,0.0,0.0,0.0,0.0,0.0,0.0,1024.0,693.0,0.0033143939393939,Male,White,True,Male_White,0.0
14430,7--Cheering/7_Cheering_Cheering_7_779.jpg,441.0,137.0,483.0,192.0,0.0,0.0,0.0,0.0,0.0,0.0,1024.0,693.0,0.0032552083333333,Male,White,True,Male_White,0.0
14431,7--Cheering/7_Cheering_Cheering_7_779.jpg,144.0,258.0,191.0,315.0,0.0,0.0,0.0,0.0,0.0,0.0,1024.0,693.0,0.0037751961580086,Male,White,True,Male_White,0.0
14432,7--Cheering/7_Cheering_Cheering_7_779.jpg,305.0,266.0,347.0,321.0,0.0,0.0,0.0,0.0,0.0,0.0,1024.0,693.0,0.0032552083333333,Male,White,True,Male_White,0.0
14433,7--Cheering/7_Cheering_Cheering_7_779.jpg,466.0,263.0,510.0,313.0,0.0,0.0,0.0,0.0,0.0,0.0,1024.0,693.0,0.0031001984126984,Male,White,True,Male_White,0.0
14434,7--Cheering/7_Cheering_Cheering_7_779.jpg,573.0,144.0,615.0,193.0,0.0,0.0,0.0,0.0,0.0,0.0,1024.0,693.0,0.0029000946969696,Male,White,True,Male_White,0.0
14435,7--Cheering/7_Cheering_Cheering_7_779.jpg,687.0,115.0,729.0,168.0,0.0,0.0,0.0,0.0,0.0,0.0,1024.0,693.0,0.0031368371212121,Male,White,True,Male_White,0.0
14436,7--Cheering/7_Cheering_Cheering_7_779.jpg,810.0,126.0,854.0,178.0,0.0,0.0,0.0,0.0,0.0,0.0,1024.0,693.0,0.0032242063492063,Male,White,True,Male_White,0.0
14437,7--Cheering/7_Cheering_Cheering_7_779.jpg,628.0,292.0,673.0,348.0,0.0,0.0,0.0,0.0,0.0,0.0,1024.0,693.0,0.0035511363636363,Male,White,True,Male_White,0.0
14438,7--Cheering/7_Cheering_Cheering_7_779.jpg,784.0,293.0,828.0,345.0,0.0,0.0,0.0,0.0,0.0,0.0,1024.0,693.0,0.0032242063492063,Male,White,True,Male_White,0.0
14440,7--Cheering/7_Cheering_Cheering_7_287.jpg,452.0,122.0,576.0,348.0,0.0,1.0,0.0,0.0,0.0,0.0,1024.0,681.0,0.0401867657856093,Male,White,True,Male_White,1.0
14462,7--Cheering/7_Cheering_Cheering_7_151.jpg,228.0,367.0,470.0,641.0,0.0,1.0,0.0,0.0,0.0,0.0,1024.0,1392.0,0.0465186108117816,Male,White,True,Male_White,1.0
14468,7--Cheering/7_Cheering_Cheering_7_840.jpg,362.0,184.0,733.0,597.0,0.0,0.0,0.0,0.0,0.0,0.0,1024.0,1518.0,0.0985716969285243,Male,White,True,Male_White,3.0
14492,7--Cheering/7_Cheering_Cheering_7_308.jpg,504.0,94.0,636.0,286.0,0.0,1.0,0.0,0.0,0.0,1.0,1024.0,710.0,0.0348591549295774,Male,White,True,Male_White,1.0
14505,8--Election_Campain/8_Election_Campain_Election_Campaign_8_499.jpg,334.0,142.0,638.0,578.0,0.0,0.0,0.0,0.0,0.0,0.0,1024.0,593.0,0.2182757166947723,Male,Black,True,Male_Black,8.0
14508,8--Election_Campain/8_Election_Campain_Election_Campaign_8_314.jpg,182.0,588.0,868.0,1430.0,0.0,0.0,0.0,0.0,0.0,0.0,1024.0,1662.0,0.3393948367930204,Male,Asian,True,Male_Asian,12.0
14514,8--Election_Campain/8_Election_Campain_Election_Campaign_8_104.jpg,578.0,68.0,754.0,306.0,0.0,0.0,0.0,0.0,0.0,0.0,1024.0,683.0,0.0598920204978038,Male,Indian,True,Male_Indian,2.0
14515,8--Election_Campain/8_Election_Campain_Election_Campaign_8_152.jpg,356.0,94.0,568.0,400.0,0.0,0.0,0.0,0.0,0.0,0.0,1024.0,816.0,0.07763671875,Male,Black,True,Male_Black,2.0
14518,8--Election_Campain/8_Election_Campain_Election_Campaign_8_511.jpg,371.0,575.0,671.0,946.0,0.0,0.0,0.0,0.0,0.0,0.0,1024.0,1584.0,0.0686183120265151,Male,Black,True,Male_Black,2.0
14527,8--Election_Campain/8_Election_Campain_Election_Campaign_8_116.jpg,298.0,113.0,481.0,363.0,0.0,0.0,0.0,0.0,0.0,0.0,1024.0,1230.0,0.0363233612804878,Male,Black,True,Male_Black,1.0
14528,8--Election_Campain/8_Election_Campain_Election_Campaign_8_455.jpg,498.0,72.0,594.0,220.0,0.0,0.0,1.0,0.0,0.0,0.0,1024.0,576.0,0.0240885416666666,Male,Black,True,Male_Black,0.0
14529,8--Election_Campain/8_Election_Campain_Election_Campaign_8_163.jpg,912.0,834.0,975.0,910.0,1.0,0.0,0.0,0.0,0.0,0.0,1024.0,1401.0,0.003337459850107,Male,White,True,Male_White,0.0
14530,8--Election_Campain/8_Election_Campain_Election_Campaign_8_163.jpg,668.0,81.0,823.0,230.0,0.0,0.0,1.0,0.0,0.0,0.0,1024.0,1401.0,0.0160982947448251,Male,White,True,Male_White,0.0
14531,8--Election_Campain/8_Election_Campain_Election_Campaign_8_163.jpg,195.0,371.0,244.0,425.0,1.0,0.0,0.0,0.0,0.0,0.0,1024.0,1401.0,0.0018443857066381,Male,White,True,Male_White,0.0
14541,8--Election_Campain/8_Election_Campain_Election_Campaign_8_393.jpg,370.0,142.0,692.0,490.0,0.0,0.0,0.0,0.0,0.0,0.0,1024.0,681.0,0.1606897026431718,Male,White,True,Male_White,5.0
14566,8--Election_Campain/8_Election_Campain_Election_Campaign_8_250.jpg,374.0,256.0,638.0,612.0,0.0,0.0,0.0,0.0,0.0,0.0,1024.0,1024.0,0.089630126953125,Male,White,True,Male_White,3.0
14577,8--Election_Campain/8_Election_Campain_Election_Campaign_8_508.jpg,439.0,403.0,696.0,785.0,0.0,0.0,0.0,0.0,1.0,0.0,1024.0,1316.0,0.0728518593275076,Male,White,True,Male_White,2.0
14584,8--Election_Campain/8_Election_Campain_Election_Campaign_8_15.jpg,132.0,111.0,564.0,582.0,0.0,0.0,0.0,0.0,0.0,0.0,1024.0,1536.0,0.129364013671875,Male,Indian,True,Male_Indian,4.0
14585,8--Election_Campain/8_Election_Campain_Election_Campaign_8_23.jpg,454.0,146.0,536.0,256.0,0.0,0.0,1.0,0.0,0.0,0.0,1024.0,1024.0,0.0086021423339843,Male,White,True,Male_White,0.0
14599,8--Election_Campain/8_Election_Campain_Election_Campaign_8_38.jpg,268.0,633.0,740.0,1231.0,0.0,0.0,0.0,0.0,0.0,0.0,1024.0,1654.0,0.1666509220072551,Male,White,True,Male_White,6.0
14601,8--Election_Campain/8_Election_Campain_Election_Campaign_8_399.jpg,348.0,106.0,682.0,612.0,0.0,1.0,0.0,0.0,0.0,0.0,1024.0,794.0,0.20786268104534,Male,Indian,True,Male_Indian,7.0
14604,8--Election_Campain/8_Election_Campain_Election_Campaign_8_112.jpg,597.0,152.0,639.0,200.0,1.0,0.0,0.0,0.0,0.0,0.0,1024.0,681.0,0.0028909691629955,Male,White,True,Male_White,0.0
14605,8--Election_Campain/8_Election_Campain_Election_Campaign_8_112.jpg,722.0,147.0,766.0,202.0,1.0,0.0,1.0,0.0,0.0,0.0,1024.0,681.0,0.00347031020558,Male,White,True,Male_White,0.0
14606,8--Election_Campain/8_Election_Campain_Election_Campaign_8_112.jpg,838.0,117.0,877.0,159.0,1.0,0.0,0.0,0.0,0.0,0.0,1024.0,681.0,0.0023489124449339,Male,White,True,Male_White,0.0
14607,8--Election_Campain/8_Election_Campain_Election_Campaign_8_112.jpg,340.0,91.0,384.0,142.0,1.0,0.0,0.0,0.0,0.0,0.0,1024.0,681.0,0.0032179240088105,Male,White,True,Male_White,0.0
14608,8--Election_Campain/8_Election_Campain_Election_Campaign_8_112.jpg,504.0,140.0,547.0,192.0,1.0,0.0,0.0,0.0,0.0,0.0,1024.0,681.0,0.0032064519089574,Male,White,True,Male_White,0.0
14609,8--Election_Campain/8_Election_Campain_Election_Campaign_8_112.jpg,109.0,165.0,154.0,209.0,1.0,0.0,0.0,0.0,0.0,0.0,1024.0,681.0,0.0028393447136563,Male,White,True,Male_White,0.0
14626,9--Press_Conference/9_Press_Conference_Press_Conference_9_474.jpg,492.0,92.0,704.0,374.0,0.0,0.0,0.0,0.0,0.0,0.0,1024.0,680.0,0.0858570772058823,Male,White,True,Male_White,3.0
14632,9--Press_Conference/9_Press_Conference_Press_Conference_9_235.jpg,278.0,253.0,656.0,854.0,0.0,0.0,0.0,0.0,0.0,0.0,1024.0,1427.0,0.1554684762613875,Male,White,True,Male_White,5.0
14634,9--Press_Conference/9_Press_Conference_Press_Conference_9_54.jpg,390.0,110.0,574.0,358.0,0.0,0.0,0.0,0.0,0.0,0.0,1024.0,683.0,0.0652452415812591,Male,White,True,Male_White,2.0
14646,9--Press_Conference/9_Press_Conference_Press_Conference_9_149.jpg,427.0,291.0,703.0,654.0,0.0,0.0,0.0,0.0,0.0,0.0,1024.0,1264.0,0.0774049396756329,Male,White,True,Male_White,2.0
14647,9--Press_Conference/9_Press_Conference_Press_Conference_9_682.jpg,351.0,162.0,588.0,522.0,0.0,0.0,1.0,0.0,0.0,0.0,1024.0,1536.0,0.0542449951171875,Male,Indian,True,Male_Indian,1.0
14649,9--Press_Conference/9_Press_Conference_Press_Conference_9_821.jpg,176.0,304.0,334.0,484.0,0.0,0.0,1.0,0.0,0.0,0.0,1024.0,814.0,0.034119702088452,Male,White,True,Male_White,1.0
14650,9--Press_Conference/9_Press_Conference_Press_Conference_9_821.jpg,412.0,136.0,576.0,340.0,0.0,0.0,1.0,0.0,0.0,0.0,1024.0,814.0,0.0401374385749385,Male,White,True,Male_White,1.0
14651,9--Press_Conference/9_Press_Conference_Press_Conference_9_821.jpg,498.0,414.0,666.0,606.0,0.0,0.0,0.0,0.0,0.0,0.0,1024.0,814.0,0.0386977886977887,Male,White,True,Male_White,1.0
14652,9--Press_Conference/9_Press_Conference_Press_Conference_9_821.jpg,692.0,166.0,870.0,372.0,0.0,0.0,0.0,0.0,0.0,0.0,1024.0,814.0,0.0439909014127764,Male,White,True,Male_White,1.0
14654,9--Press_Conference/9_Press_Conference_Press_Conference_9_631.jpg,299.0,205.0,770.0,945.0,0.0,0.0,0.0,0.0,0.0,0.0,1024.0,1547.0,0.2200200993859082,Male,White,True,Male_White,8.0
14656,9--Press_Conference/9_Press_Conference_Press_Conference_9_19.jpg,313.0,191.0,551.0,470.0,0.0,0.0,0.0,0.0,1.0,0.0,1024.0,1164.0,0.0557093669458762,Male,White,True,Male_White,2.0
14670,9--Press_Conference/9_Press_Conference_Press_Conference_9_697.jpg,157.0,258.0,726.0,1036.0,0.0,0.0,0.0,0.0,0.0,0.0,1024.0,1573.0,0.2748293964558169,Male,White,True,Male_White,10.0
14676,9--Press_Conference/9_Press_Conference_Press_Conference_9_47.jpg,771.0,124.0,814.0,194.0,1.0,0.0,1.0,0.0,0.0,0.0,1024.0,682.0,0.0043100485703812,Male,White,True,Male_White,0.0
14677,9--Press_Conference/9_Press_Conference_Press_Conference_9_47.jpg,437.0,187.0,473.0,240.0,0.0,0.0,0.0,0.0,0.0,0.0,1024.0,682.0,0.0027320839442815,Male,White,True,Male_White,0.0
14678,9--Press_Conference/9_Press_Conference_Press_Conference_9_47.jpg,306.0,175.0,343.0,221.0,0.0,0.0,0.0,0.0,0.0,0.0,1024.0,682.0,0.0024371105205278,Male,White,True,Male_White,0.0
14679,9--Press_Conference/9_Press_Conference_Press_Conference_9_47.jpg,180.0,183.0,212.0,229.0,0.0,0.0,0.0,0.0,0.0,0.0,1024.0,682.0,0.002107771260997,Male,White,True,Male_White,0.0
14680,9--Press_Conference/9_Press_Conference_Press_Conference_9_47.jpg,568.0,138.0,600.0,179.0,0.0,0.0,0.0,0.0,0.0,0.0,1024.0,682.0,0.0018786656891495,Male,White,True,Male_White,0.0
14681,9--Press_Conference/9_Press_Conference_Press_Conference_9_47.jpg,399.0,137.0,429.0,175.0,1.0,0.0,0.0,0.0,0.0,0.0,1024.0,682.0,0.0016323771994134,Male,Black,True,Male_Black,0.0
14696,9--Press_Conference/9_Press_Conference_Press_Conference_9_329.jpg,407.0,207.0,622.0,523.0,0.0,0.0,1.0,0.0,0.0,0.0,1024.0,1470.0,0.0451344600340136,Male,Indian,True,Male_Indian,1.0
14705,9--Press_Conference/9_Press_Conference_Press_Conference_9_254.jpg,253.0,294.0,748.0,938.0,0.0,0.0,0.0,0.0,0.0,0.0,1024.0,1335.0,0.2331899578651685,Male,White,True,Male_White,8.0
14710,9--Press_Conference/9_Press_Conference_Press_Conference_9_339.jpg,210.0,330.0,717.0,1099.0,0.0,0.0,0.0,0.0,0.0,0.0,1024.0,1536.0,0.2478809356689453,Male,Indian,True,Male_Indian,9.0
14719,9--Press_Conference/9_Press_Conference_Press_Conference_9_782.jpg,324.0,198.0,878.0,970.0,0.0,0.0,0.0,0.0,0.0,0.0,1024.0,1469.0,0.284318626616746,Male,White,True,Male_White,10.0
14721,9--Press_Conference/9_Press_Conference_Press_Conference_9_846.jpg,291.0,132.0,690.0,730.0,0.0,0.0,0.0,0.0,0.0,0.0,1024.0,1379.0,0.1689700983502538,Male,Black,True,Male_Black,6.0
14723,9--Press_Conference/9_Press_Conference_Press_Conference_9_287.jpg,650.0,114.0,812.0,328.0,0.0,0.0,0.0,0.0,0.0,0.0,1024.0,654.0,0.0517667717889908,Male,White,True,Male_White,1.0
14725,9--Press_Conference/9_Press_Conference_Press_Conference_9_448.jpg,370.0,134.0,678.0,542.0,0.0,0.0,0.0,0.0,0.0,0.0,1024.0,821.0,0.1494747259439707,Male,Indian,True,Male_Indian,5.0
14731,9--Press_Conference/9_Press_Conference_Press_Conference_9_525.jpg,391.0,191.0,690.0,625.0,0.0,0.0,0.0,0.0,0.0,0.0,1024.0,1380.0,0.0918294270833333,Male,White,True,Male_White,3.0
14733,9--Press_Conference/9_Press_Conference_Press_Conference_9_327.jpg,518.0,170.0,850.0,580.0,0.0,0.0,0.0,0.0,0.0,0.0,1024.0,699.0,0.1901712267525035,Male,White,True,Male_White,7.0
14740,9--Press_Conference/9_Press_Conference_Press_Conference_9_347.jpg,400.0,148.0,532.0,338.0,0.0,0.0,0.0,0.0,0.0,0.0,1024.0,683.0,0.0358597181551976,Male,White,True,Male_White,1.0
14752,9--Press_Conference/9_Press_Conference_Press_Conference_9_815.jpg,357.0,192.0,640.0,584.0,0.0,0.0,0.0,0.0,0.0,0.0,1024.0,1512.0,0.0716507523148148,Male,White,True,Male_White,2.0
14763,9--Press_Conference/9_Press_Conference_Press_Conference_9_356.jpg,312.0,297.0,644.0,775.0,0.0,0.0,0.0,0.0,0.0,0.0,1024.0,1463.0,0.1059306647300068,Male,Indian,True,Male_Indian,3.0
14765,9--Press_Conference/9_Press_Conference_Press_Conference_9_659.jpg,483.0,195.0,735.0,543.0,0.0,0.0,0.0,0.0,0.0,0.0,1024.0,1538.0,0.055683111183355,Male,White,True,Male_White,2.0
14773,9--Press_Conference/9_Press_Conference_Press_Conference_9_144.jpg,316.0,120.0,608.0,494.0,0.0,0.0,0.0,0.0,0.0,0.0,1024.0,707.0,0.150846446251768,Male,White,True,Male_White,5.0
14779,9--Press_Conference/9_Press_Conference_Press_Conference_9_854.jpg,362.0,101.0,625.0,492.0,0.0,0.0,0.0,0.0,0.0,0.0,1024.0,1236.0,0.0812482617819579,Male,Black,True,Male_Black,3.0
14783,9--Press_Conference/9_Press_Conference_Press_Conference_9_230.jpg,361.0,184.0,694.0,649.0,0.0,0.0,0.0,0.0,0.0,0.0,1024.0,1470.0,0.1028679049744897,Male,Black,True,Male_Black,3.0
14784,9--Press_Conference/9_Press_Conference_Press_Conference_9_624.jpg,409.0,158.0,734.0,686.0,0.0,0.0,0.0,0.0,0.0,0.0,1024.0,1530.0,0.1095281862745098,Male,Indian,True,Male_Indian,4.0
14788,9--Press_Conference/9_Press_Conference_Press_Conference_9_670.jpg,169.0,341.0,936.0,1355.0,0.0,0.0,1.0,0.0,0.0,0.0,1024.0,1732.0,0.4385160309613164,Male,White,True,Male_White,
14793,9--Press_Conference/9_Press_Conference_Press_Conference_9_36.jpg,404.0,144.0,596.0,428.0,0.0,0.0,0.0,0.0,0.0,0.0,1024.0,877.0,0.0607183580387685,Male,Black,True,Male_Black,2.0
14794,9--Press_Conference/9_Press_Conference_Press_Conference_9_457.jpg,326.0,417.0,649.0,810.0,0.0,0.0,0.0,0.0,0.0,0.0,1024.0,1547.0,0.0801317822802197,Male,White,True,Male_White,2.0
14798,9--Press_Conference/9_Press_Conference_Press_Conference_9_908.jpg,429.0,149.0,679.0,478.0,0.0,0.0,1.0,0.0,0.0,0.0,1024.0,1391.0,0.0577442599748382,Male,White,True,Male_White,2.0
14799,9--Press_Conference/9_Press_Conference_Press_Conference_9_112.jpg,178.0,361.0,827.0,1236.0,0.0,0.0,0.0,0.0,0.0,0.0,1024.0,1340.0,0.4138547982742537,Male,White,True,Male_White,
14809,9--Press_Conference/9_Press_Conference_Press_Conference_9_191.jpg,302.0,320.0,616.0,767.0,0.0,0.0,0.0,0.0,0.0,0.0,1024.0,1547.0,0.0886026886716224,Male,White,True,Male_White,3.0
14828,9--Press_Conference/9_Press_Conference_Press_Conference_9_379.jpg,426.0,158.0,744.0,578.0,0.0,0.0,0.0,0.0,0.0,0.0,1024.0,683.0,0.1909658674963396,Male,White,True,Male_White,7.0
14833,9--Press_Conference/9_Press_Conference_Press_Conference_9_420.jpg,350.0,118.0,602.0,446.0,0.0,0.0,0.0,0.0,0.0,0.0,1024.0,576.0,0.14013671875,Male,White,True,Male_White,5.0
14836,9--Press_Conference/9_Press_Conference_Press_Conference_9_855.jpg,326.0,118.0,610.0,546.0,0.0,0.0,1.0,0.0,0.0,0.0,1024.0,813.0,0.1460063038130381,Male,White,True,Male_White,5.0
14837,9--Press_Conference/9_Press_Conference_Press_Conference_9_369.jpg,450.0,78.0,698.0,454.0,0.0,0.0,0.0,0.0,0.0,0.0,1024.0,971.0,0.0937821833161689,Male,White,True,Male_White,3.0
14838,9--Press_Conference/9_Press_Conference_Press_Conference_9_70.jpg,412.0,126.0,662.0,478.0,0.0,0.0,0.0,0.0,0.0,0.0,1024.0,680.0,0.1263786764705882,Male,White,True,Male_White,4.0
14839,9--Press_Conference/9_Press_Conference_Press_Conference_9_487.jpg,364.0,108.0,618.0,458.0,0.0,0.0,0.0,0.0,0.0,0.0,1024.0,576.0,0.1507229275173611,Male,White,True,Male_White,5.0
14847,9--Press_Conference/9_Press_Conference_Press_Conference_9_88.jpg,523.0,147.0,764.0,499.0,0.0,0.0,0.0,0.0,0.0,0.0,1024.0,1094.0,0.0757255484460694,Male,White,True,Male_White,2.0
14848,9--Press_Conference/9_Press_Conference_Press_Conference_9_67.jpg,504.0,102.0,694.0,378.0,0.0,0.0,0.0,0.0,0.0,0.0,1024.0,576.0,0.0889078776041666,Male,White,True,Male_White,3.0
14862,9--Press_Conference/9_Press_Conference_Press_Conference_9_115.jpg,490.0,74.0,650.0,314.0,0.0,0.0,0.0,0.0,0.0,0.0,1024.0,714.0,0.0525210084033613,Male,White,True,Male_White,1.0
14866,9--Press_Conference/9_Press_Conference_Press_Conference_9_232.jpg,456.0,84.0,632.0,340.0,0.0,0.0,0.0,0.0,0.0,0.0,1024.0,640.0,0.06875,Male,Black,True,Male_Black,2.0
14867,9--Press_Conference/9_Press_Conference_Press_Conference_9_502.jpg,355.0,191.0,785.0,782.0,0.0,0.0,1.0,0.0,0.0,0.0,1024.0,1530.0,0.1622051164215686,Male,Indian,True,Male_Indian,6.0
14870,9--Press_Conference/9_Press_Conference_Press_Conference_9_121.jpg,338.0,72.0,472.0,232.0,0.0,0.0,0.0,0.0,0.0,0.0,1024.0,683.0,0.0306551976573938,Male,White,True,Male_White,1.0
14874,9--Press_Conference/9_Press_Conference_Press_Conference_9_490.jpg,308.0,219.0,595.0,560.0,0.0,0.0,0.0,0.0,0.0,0.0,1024.0,1534.0,0.0623032869540417,Male,White,True,Male_White,2.0
14877,9--Press_Conference/9_Press_Conference_Press_Conference_9_863.jpg,120.0,343.0,623.0,1036.0,0.0,0.0,0.0,0.0,0.0,0.0,1024.0,1541.0,0.2209014793559377,Male,White,True,Male_White,8.0
14878,9--Press_Conference/9_Press_Conference_Press_Conference_9_493.jpg,283.0,428.0,780.0,1057.0,0.0,0.0,0.0,0.0,0.0,0.0,1024.0,1540.0,0.1982377485795454,Male,White,True,Male_White,7.0
14879,9--Press_Conference/9_Press_Conference_Press_Conference_9_170.jpg,346.0,434.0,668.0,832.0,0.0,0.0,0.0,0.0,0.0,0.0,1024.0,1540.0,0.0812677556818181,Male,White,True,Male_White,3.0
14881,9--Press_Conference/9_Press_Conference_Press_Conference_9_156.jpg,321.0,197.0,587.0,516.0,0.0,0.0,0.0,0.0,0.0,0.0,1024.0,1118.0,0.0741191720706618,Male,Indian,True,Male_Indian,2.0
14892,9--Press_Conference/9_Press_Conference_Press_Conference_9_928.jpg,276.0,217.0,735.0,858.0,0.0,0.0,0.0,0.0,0.0,0.0,1024.0,1443.0,0.1991152059511434,Male,White,True,Male_White,7.0
14893,9--Press_Conference/9_Press_Conference_Press_Conference_9_286.jpg,336.0,255.0,648.0,715.0,0.0,0.0,0.0,0.0,0.0,0.0,1024.0,1377.0,0.1017837690631808,Male,White,True,Male_White,3.0
14894,9--Press_Conference/9_Press_Conference_Press_Conference_9_692.jpg,232.0,94.0,462.0,398.0,0.0,0.0,0.0,0.0,0.0,0.0,1024.0,632.0,0.1080399525316455,Male,White,True,Male_White,4.0
14901,9--Press_Conference/9_Press_Conference_Press_Conference_9_581.jpg,280.0,260.0,615.0,741.0,0.0,0.0,0.0,0.0,0.0,0.0,1024.0,1466.0,0.1073386073925648,Male,White,True,Male_White,3.0
14923,9--Press_Conference/9_Press_Conference_Press_Conference_9_564.jpg,311.0,238.0,760.0,872.0,0.0,0.0,0.0,0.0,0.0,0.0,1024.0,1437.0,0.1934545167884481,Male,White,True,Male_White,7.0
14924,9--Press_Conference/9_Press_Conference_Press_Conference_9_898.jpg,267.0,326.0,790.0,993.0,0.0,0.0,0.0,0.0,0.0,0.0,1024.0,1440.0,0.2365729437934027,Male,Asian,True,Male_Asian,8.0
14945,9--Press_Conference/9_Press_Conference_Press_Conference_9_73.jpg,338.0,296.0,733.0,865.0,0.0,0.0,0.0,0.0,0.0,0.0,1024.0,1455.0,0.1508503812285223,Male,White,True,Male_White,5.0
14949,9--Press_Conference/9_Press_Conference_Press_Conference_9_608.jpg,354.0,360.0,744.0,913.0,0.0,0.0,0.0,0.0,0.0,0.0,1024.0,1536.0,0.1371192932128906,Male,Indian,True,Male_Indian,5.0
14968,9--Press_Conference/9_Press_Conference_Press_Conference_9_260.jpg,314.0,178.0,366.0,262.0,1.0,0.0,0.0,0.0,1.0,1.0,1024.0,663.0,0.0064338235294117,Male,Black,True,Male_Black,0.0
14970,9--Press_Conference/9_Press_Conference_Press_Conference_9_844.jpg,333.0,240.0,774.0,901.0,0.0,0.0,0.0,0.0,0.0,0.0,1024.0,1538.0,0.1850903415555916,Male,White,True,Male_White,6.0
14977,9--Press_Conference/9_Press_Conference_Press_Conference_9_516.jpg,349.0,178.0,557.0,458.0,0.0,0.0,0.0,0.0,0.0,0.0,1024.0,1543.0,0.0368600129617628,Male,Indian,True,Male_Indian,1.0
14978,9--Press_Conference/9_Press_Conference_Press_Conference_9_516.jpg,849.0,343.0,924.0,430.0,1.0,0.0,0.0,0.0,0.0,0.0,1024.0,1543.0,0.0041296631966947,Male,Indian,True,Male_Indian,0.0
14979,9--Press_Conference/9_Press_Conference_Press_Conference_9_516.jpg,295.0,307.0,349.0,388.0,1.0,0.0,0.0,0.0,0.0,0.0,1024.0,1543.0,0.0027682983635774,Male,Indian,True,Male_Indian,0.0
14980,9--Press_Conference/9_Press_Conference_Press_Conference_9_616.jpg,189.0,246.0,823.0,1054.0,0.0,0.0,0.0,0.0,0.0,0.0,1024.0,1536.0,0.3256937662760417,Male,White,True,Male_White,12.0
14986,9--Press_Conference/9_Press_Conference_Press_Conference_9_826.jpg,387.0,264.0,765.0,799.0,0.0,0.0,0.0,0.0,0.0,0.0,1024.0,1536.0,0.1285743713378906,Male,Indian,True,Male_Indian,4.0
14988,9--Press_Conference/9_Press_Conference_Press_Conference_9_281.jpg,260.0,126.0,542.0,504.0,0.0,0.0,0.0,0.0,0.0,0.0,1024.0,673.0,0.1546770523774145,Male,White,True,Male_White,5.0
14995,9--Press_Conference/9_Press_Conference_Press_Conference_9_925.jpg,345.0,171.0,600.0,496.0,0.0,0.0,0.0,0.0,0.0,0.0,1024.0,1438.0,0.0562813749565368,Male,White,True,Male_White,2.0
15001,9--Press_Conference/9_Press_Conference_Press_Conference_9_266.jpg,400.0,150.0,608.0,440.0,0.0,0.0,0.0,0.0,0.0,0.0,1024.0,683.0,0.0862463396778916,Male,White,True,Male_White,3.0
15002,0--Parade/0_Parade_Parade_0_194.jpg,111.0,425.0,233.0,552.0,0.0,1.0,0.0,0.0,0.0,1.0,1024.0,1388.0,0.0109011955151296,Male,White,True,Male_White,0.0
15003,0--Parade/0_Parade_Parade_0_194.jpg,209.0,347.0,279.0,450.0,0.0,1.0,0.0,0.0,0.0,0.0,1024.0,1388.0,0.0050727778278097,Male,White,True,Male_White,0.0
15004,0--Parade/0_Parade_Parade_0_194.jpg,368.0,252.0,457.0,385.0,0.0,1.0,0.0,0.0,0.0,0.0,1024.0,1388.0,0.0083282206862391,Male,White,True,Male_White,0.0
15005,0--Parade/0_Parade_Parade_0_194.jpg,555.0,282.0,644.0,382.0,0.0,1.0,0.0,0.0,0.0,1.0,1024.0,1388.0,0.0062618200648414,Male,White,True,Male_White,0.0
15006,0--Parade/0_Parade_Parade_0_194.jpg,707.0,252.0,799.0,385.0,0.0,1.0,0.0,0.0,0.0,0.0,1024.0,1388.0,0.0086089472262247,Male,White,True,Male_White,0.0
15008,0--Parade/0_Parade_Parade_0_960.jpg,48.0,210.0,160.0,368.0,0.0,1.0,0.0,0.0,0.0,0.0,1024.0,813.0,0.0212561500615006,Male,White,True,Male_White,0.0
15009,0--Parade/0_Parade_Parade_0_960.jpg,232.0,24.0,300.0,124.0,0.0,0.0,0.0,0.0,0.0,0.0,1024.0,813.0,0.0081680504305043,Male,White,True,Male_White,0.0
15010,0--Parade/0_Parade_Parade_0_960.jpg,712.0,240.0,778.0,340.0,0.0,0.0,0.0,0.0,0.0,0.0,1024.0,813.0,0.0079278136531365,Male,White,True,Male_White,0.0
15011,0--Parade/0_Parade_Parade_0_960.jpg,878.0,192.0,958.0,300.0,0.0,0.0,0.0,0.0,0.0,0.0,1024.0,813.0,0.0103782287822878,Male,White,True,Male_White,0.0
15018,0--Parade/0_Parade_Parade_0_616.jpg,114.0,162.0,184.0,268.0,0.0,0.0,0.0,0.0,0.0,0.0,1024.0,820.0,0.0088366996951219,Male,White,True,Male_White,0.0
15019,0--Parade/0_Parade_Parade_0_616.jpg,254.0,118.0,338.0,230.0,0.0,0.0,0.0,0.0,0.0,0.0,1024.0,820.0,0.0112042682926829,Male,White,True,Male_White,0.0
15020,0--Parade/0_Parade_Parade_0_616.jpg,472.0,42.0,556.0,154.0,0.0,0.0,0.0,0.0,0.0,0.0,1024.0,820.0,0.0112042682926829,Male,White,True,Male_White,0.0
15021,0--Parade/0_Parade_Parade_0_616.jpg,666.0,136.0,736.0,232.0,0.0,0.0,0.0,0.0,0.0,0.0,1024.0,820.0,0.0080030487804878,Male,White,True,Male_White,0.0
15022,0--Parade/0_Parade_Parade_0_616.jpg,764.0,112.0,856.0,222.0,0.0,0.0,0.0,0.0,0.0,0.0,1024.0,820.0,0.0120522103658536,Male,White,True,Male_White,0.0
15032,0--Parade/0_Parade_Parade_0_906.jpg,240.0,264.0,336.0,382.0,0.0,0.0,0.0,0.0,0.0,0.0,1024.0,768.0,0.014404296875,Male,White,True,Male_White,0.0
15033,0--Parade/0_Parade_Parade_0_906.jpg,352.0,284.0,418.0,382.0,0.0,0.0,0.0,0.0,0.0,0.0,1024.0,768.0,0.0082244873046875,Male,White,True,Male_White,0.0
15034,0--Parade/0_Parade_Parade_0_906.jpg,440.0,260.0,544.0,394.0,0.0,0.0,0.0,0.0,0.0,0.0,1024.0,768.0,0.0177205403645833,Male,White,True,Male_White,0.0
15035,0--Parade/0_Parade_Parade_0_906.jpg,562.0,256.0,634.0,364.0,0.0,0.0,0.0,0.0,0.0,0.0,1024.0,768.0,0.0098876953125,Male,White,True,Male_White,0.0
15036,0--Parade/0_Parade_Parade_0_906.jpg,644.0,226.0,770.0,396.0,0.0,0.0,0.0,0.0,0.0,0.0,1024.0,768.0,0.0272369384765625,Male,White,True,Male_White,0.0
15059,0--Parade/0_Parade_Parade_0_757.jpg,238.0,52.0,442.0,362.0,0.0,0.0,0.0,0.0,0.0,0.0,1024.0,745.0,0.0828963926174496,Male,White,True,Male_White,3.0
15060,0--Parade/0_Parade_Parade_0_364.jpg,206.0,130.0,348.0,310.0,0.0,0.0,0.0,0.0,0.0,0.0,1024.0,682.0,0.0365996151026392,Male,White,True,Male_White,1.0
15061,0--Parade/0_Parade_Parade_0_364.jpg,358.0,106.0,450.0,244.0,0.0,0.0,0.0,0.0,0.0,0.0,1024.0,682.0,0.0181795271260997,Male,White,True,Male_White,0.0
15062,0--Parade/0_Parade_Parade_0_364.jpg,566.0,134.0,656.0,248.0,0.0,0.0,1.0,0.0,0.0,0.0,1024.0,682.0,0.0146913947947214,Male,White,True,Male_White,0.0
15063,0--Parade/0_Parade_Parade_0_364.jpg,654.0,118.0,728.0,208.0,1.0,0.0,1.0,0.0,0.0,0.0,1024.0,682.0,0.0095365194281524,Male,White,True,Male_White,0.0
15064,0--Parade/0_Parade_Parade_0_364.jpg,800.0,172.0,860.0,258.0,1.0,0.0,1.0,0.0,0.0,0.0,1024.0,682.0,0.0073886546920821,Male,White,True,Male_White,0.0
15065,0--Parade/0_Parade_marchingband_1_932.jpg,42.0,330.0,77.0,374.0,1.0,0.0,0.0,0.0,1.0,0.0,1024.0,683.0,0.0022019125183016,Male,White,True,Male_White,0.0
15066,0--Parade/0_Parade_marchingband_1_932.jpg,437.0,332.0,464.0,373.0,1.0,0.0,0.0,0.0,1.0,0.0,1024.0,683.0,0.0015828033491947,Male,White,True,Male_White,0.0
15067,0--Parade/0_Parade_marchingband_1_932.jpg,723.0,344.0,753.0,380.0,1.0,0.0,0.0,0.0,0.0,0.0,1024.0,683.0,0.0015441983894582,Male,White,True,Male_White,0.0
15068,0--Parade/0_Parade_marchingband_1_932.jpg,848.0,354.0,880.0,396.0,1.0,0.0,0.0,0.0,0.0,0.0,1024.0,683.0,0.0019216691068814,Male,White,True,Male_White,0.0
15074,1--Handshaking/1_Handshaking_Handshaking_1_362.jpg,104.0,10.0,586.0,518.0,0.0,0.0,1.0,0.0,0.0,0.0,1024.0,551.0,0.4339694872958258,Male,White,True,Male_White,
15094,1--Handshaking/1_Handshaking_Handshaking_1_465.jpg,388.0,172.0,788.0,680.0,0.0,0.0,0.0,0.0,0.0,0.0,1024.0,768.0,0.2583821614583333,Male,Asian,True,Male_Asian,9.0
15096,1--Handshaking/1_Handshaking_Handshaking_1_781.jpg,410.0,219.0,575.0,447.0,0.0,0.0,0.0,0.0,0.0,0.0,1024.0,1532.0,0.0239806013381201,Male,Black,True,Male_Black,0.0
15097,1--Handshaking/1_Handshaking_Handshaking_1_781.jpg,713.0,362.0,893.0,590.0,0.0,0.0,0.0,0.0,0.0,0.0,1024.0,1532.0,0.0261606560052219,Male,Black,True,Male_Black,0.0
15098,1--Handshaking/1_Handshaking_Handshaking_1_781.jpg,30.0,272.0,120.0,443.0,1.0,0.0,1.0,0.0,1.0,0.0,1024.0,1532.0,0.0098102460019582,Male,Black,True,Male_Black,0.0
15102,1--Handshaking/1_Handshaking_Handshaking_1_107.jpg,391.0,177.0,565.0,435.0,0.0,0.0,0.0,0.0,0.0,0.0,1024.0,1392.0,0.031494140625,Male,White,True,Male_White,1.0
15103,1--Handshaking/1_Handshaking_Handshaking_1_827.jpg,190.0,60.0,262.0,228.0,0.0,0.0,0.0,0.0,0.0,0.0,1024.0,684.0,0.0172697368421052,Male,White,True,Male_White,0.0
15104,1--Handshaking/1_Handshaking_Handshaking_1_827.jpg,412.0,170.0,484.0,294.0,0.0,0.0,0.0,0.0,0.0,0.0,1024.0,684.0,0.0127467105263157,Male,White,True,Male_White,0.0
15105,1--Handshaking/1_Handshaking_Handshaking_1_827.jpg,760.0,132.0,834.0,272.0,0.0,0.0,0.0,0.0,0.0,0.0,1024.0,684.0,0.0147912097953216,Male,White,True,Male_White,0.0
15118,10--People_Marching/10_People_Marching_People_Marching_2_307.jpg,514.0,114.0,608.0,276.0,0.0,0.0,0.0,0.0,0.0,0.0,1024.0,768.0,0.0193634033203125,Male,White,True,Male_White,0.0
15119,10--People_Marching/10_People_Marching_People_Marching_2_307.jpg,254.0,172.0,336.0,284.0,1.0,0.0,0.0,0.0,0.0,0.0,1024.0,768.0,0.0116780598958333,Male,White,True,Male_White,0.0
15120,10--People_Marching/10_People_Marching_People_Marching_2_307.jpg,78.0,182.0,146.0,274.0,1.0,0.0,0.0,0.0,0.0,0.0,1024.0,768.0,0.0079549153645833,Male,White,True,Male_White,0.0
15121,10--People_Marching/10_People_Marching_People_Marching_2_307.jpg,662.0,210.0,714.0,294.0,1.0,0.0,0.0,0.0,0.0,0.0,1024.0,768.0,0.00555419921875,Male,White,True,Male_White,0.0
15123,10--People_Marching/10_People_Marching_People_Marching_10_People_Marching_People_Marching_10_524.jpg,70.0,145.0,133.0,215.0,0.0,0.0,1.0,0.0,0.0,0.0,1024.0,715.0,0.0060232736013986,Male,White,True,Male_White,0.0
15124,10--People_Marching/10_People_Marching_People_Marching_10_People_Marching_People_Marching_10_524.jpg,280.0,205.0,324.0,254.0,1.0,0.0,1.0,0.0,1.0,0.0,1024.0,715.0,0.0029447115384615,Male,White,True,Male_White,0.0
15125,10--People_Marching/10_People_Marching_People_Marching_10_People_Marching_People_Marching_10_524.jpg,589.0,171.0,649.0,234.0,0.0,0.0,1.0,0.0,0.0,0.0,1024.0,715.0,0.0051628059440559,Male,White,True,Male_White,0.0
15126,10--People_Marching/10_People_Marching_People_Marching_10_People_Marching_People_Marching_10_524.jpg,843.0,141.0,891.0,198.0,1.0,0.0,1.0,0.0,1.0,0.0,1024.0,715.0,0.0037368881118881,Male,White,True,Male_White,0.0
15137,10--People_Marching/10_People_Marching_People_Marching_2_934.jpg,446.0,196.0,560.0,348.0,0.0,0.0,1.0,0.0,0.0,0.0,1024.0,1006.0,0.0168209493041749,Male,White,True,Male_White,0.0
15206,12--Group/12_Group_Group_12_Group_Group_12_912.jpg,216.0,83.0,260.0,136.0,1.0,0.0,0.0,0.0,0.0,0.0,1024.0,623.0,0.0036554474317817,Male,White,True,Male_White,0.0
15207,12--Group/12_Group_Group_12_Group_Group_12_912.jpg,302.0,113.0,342.0,164.0,1.0,0.0,0.0,0.0,0.0,0.0,1024.0,623.0,0.0031977327447833,Male,White,True,Male_White,0.0
15208,12--Group/12_Group_Group_12_Group_Group_12_912.jpg,408.0,137.0,443.0,186.0,1.0,0.0,0.0,0.0,0.0,0.0,1024.0,623.0,0.0026882900280898,Male,White,True,Male_White,0.0
15209,12--Group/12_Group_Group_12_Group_Group_12_912.jpg,532.0,139.0,572.0,187.0,1.0,0.0,0.0,0.0,0.0,0.0,1024.0,623.0,0.0030096308186195,Male,White,True,Male_White,0.0
15210,12--Group/12_Group_Group_12_Group_Group_12_912.jpg,646.0,103.0,682.0,149.0,1.0,0.0,0.0,0.0,0.0,0.0,1024.0,623.0,0.0025958065810593,Male,White,True,Male_White,0.0
15211,12--Group/12_Group_Group_12_Group_Group_12_912.jpg,698.0,174.0,734.0,226.0,1.0,0.0,0.0,0.0,0.0,0.0,1024.0,623.0,0.002934390048154,Male,White,True,Male_White,0.0
15212,12--Group/12_Group_Group_12_Group_Group_12_912.jpg,829.0,66.0,868.0,123.0,1.0,0.0,0.0,0.0,0.0,0.0,1024.0,623.0,0.0034845881821829,Male,White,True,Male_White,0.0
15213,12--Group/12_Group_Group_12_Group_Group_12_912.jpg,617.0,235.0,657.0,291.0,1.0,0.0,0.0,0.0,0.0,0.0,1024.0,623.0,0.0035112359550561,Male,White,True,Male_White,0.0
15214,12--Group/12_Group_Group_12_Group_Group_12_912.jpg,489.0,240.0,527.0,296.0,1.0,0.0,0.0,0.0,0.0,0.0,1024.0,623.0,0.0033356741573033,Male,White,True,Male_White,0.0
15215,12--Group/12_Group_Group_12_Group_Group_12_912.jpg,381.0,239.0,420.0,298.0,1.0,0.0,0.0,0.0,0.0,0.0,1024.0,623.0,0.0036068544341894,Male,White,True,Male_White,0.0
15216,12--Group/12_Group_Group_12_Group_Group_12_912.jpg,287.0,187.0,326.0,244.0,1.0,0.0,0.0,0.0,0.0,0.0,1024.0,623.0,0.0034845881821829,Male,White,True,Male_White,0.0
15298,12--Group/12_Group_Group_12_Group_Group_12_759.jpg,68.0,114.0,126.0,234.0,0.0,0.0,0.0,0.0,0.0,0.0,1024.0,681.0,0.0099807268722466,Male,White,True,Male_White,0.0
15299,12--Group/12_Group_Group_12_Group_Group_12_759.jpg,248.0,184.0,312.0,290.0,0.0,0.0,0.0,0.0,0.0,0.0,1024.0,681.0,0.0097283406754772,Male,White,True,Male_White,0.0
15300,12--Group/12_Group_Group_12_Group_Group_12_759.jpg,378.0,114.0,440.0,210.0,0.0,0.0,0.0,0.0,0.0,0.0,1024.0,681.0,0.0085352422907488,Male,White,True,Male_White,0.0
15301,12--Group/12_Group_Group_12_Group_Group_12_759.jpg,542.0,190.0,616.0,292.0,0.0,0.0,0.0,0.0,0.0,0.0,1024.0,681.0,0.0108239262114537,Male,White,True,Male_White,0.0
15302,12--Group/12_Group_Group_12_Group_Group_12_759.jpg,832.0,130.0,902.0,250.0,0.0,0.0,0.0,0.0,0.0,0.0,1024.0,681.0,0.0120457048458149,Male,White,True,Male_White,0.0
15303,12--Group/12_Group_Team_Organized_Group_12_Group_Team_Organized_Group_12_644.jpg,148.0,152.0,358.0,426.0,0.0,0.0,1.0,0.0,0.0,0.0,1024.0,684.0,0.0821511787280701,Male,White,True,Male_White,3.0
15320,12--Group/12_Group_Group_12_Group_Group_12_578.jpg,525.0,250.0,602.0,335.0,1.0,0.0,0.0,0.0,0.0,1.0,1024.0,768.0,0.0083223978678385,Male,Asian,True,Male_Asian,0.0
15321,12--Group/12_Group_Group_12_Group_Group_12_578.jpg,746.0,372.0,831.0,437.0,1.0,0.0,0.0,0.0,0.0,1.0,1024.0,768.0,0.007025400797526,Male,Asian,True,Male_Asian,0.0
15322,12--Group/12_Group_Group_12_Group_Group_12_578.jpg,300.0,258.0,354.0,311.0,1.0,0.0,0.0,0.0,1.0,0.0,1024.0,768.0,0.0036392211914062,Male,Asian,True,Male_Asian,0.0
15384,12--Group/12_Group_Group_12_Group_Group_12_823.jpg,214.0,335.0,259.0,399.0,0.0,0.0,0.0,0.0,0.0,0.0,1024.0,848.0,0.0033166273584905,Male,White,True,Male_White,0.0
15385,12--Group/12_Group_Group_12_Group_Group_12_823.jpg,358.0,324.0,401.0,374.0,0.0,0.0,0.0,0.0,0.0,0.0,1024.0,848.0,0.0024759544516509,Male,White,True,Male_White,0.0
15386,12--Group/12_Group_Group_12_Group_Group_12_823.jpg,483.0,305.0,522.0,358.0,0.0,0.0,0.0,0.0,0.0,0.0,1024.0,848.0,0.00238037109375,Male,White,True,Male_White,0.0
15387,12--Group/12_Group_Group_12_Group_Group_12_823.jpg,612.0,310.0,653.0,364.0,0.0,0.0,0.0,0.0,0.0,0.0,1024.0,848.0,0.0025496572818396,Male,White,True,Male_White,0.0
15388,12--Group/12_Group_Group_12_Group_Group_12_823.jpg,713.0,296.0,750.0,357.0,0.0,0.0,0.0,0.0,0.0,0.0,1024.0,848.0,0.0025991763708726,Male,White,True,Male_White,0.0
15389,12--Group/12_Group_Large_Group_12_Group_Large_Group_12_550.jpg,64.0,60.0,106.0,120.0,1.0,0.0,1.0,0.0,0.0,0.0,1024.0,915.0,0.0026895491803278,Male,Black,True,Male_Black,0.0
15390,12--Group/12_Group_Large_Group_12_Group_Large_Group_12_550.jpg,224.0,53.0,267.0,110.0,1.0,0.0,1.0,0.0,0.0,0.0,1024.0,915.0,0.002615906762295,Male,Black,True,Male_Black,0.0
15391,12--Group/12_Group_Large_Group_12_Group_Large_Group_12_550.jpg,398.0,57.0,442.0,112.0,1.0,0.0,1.0,0.0,0.0,0.0,1024.0,915.0,0.0025828210382513,Male,Black,True,Male_Black,0.0
15392,12--Group/12_Group_Large_Group_12_Group_Large_Group_12_550.jpg,589.0,58.0,631.0,119.0,1.0,0.0,1.0,0.0,0.0,0.0,1024.0,915.0,0.002734375,Male,Black,True,Male_Black,0.0
15393,12--Group/12_Group_Large_Group_12_Group_Large_Group_12_550.jpg,753.0,60.0,792.0,118.0,1.0,0.0,1.0,0.0,0.0,0.0,1024.0,915.0,0.0024141905737704,Male,White,True,Male_White,0.0
15394,12--Group/12_Group_Large_Group_12_Group_Large_Group_12_550.jpg,945.0,52.0,981.0,115.0,1.0,0.0,1.0,0.0,0.0,0.0,1024.0,915.0,0.002420594262295,Male,Black,True,Male_Black,0.0
15395,12--Group/12_Group_Large_Group_12_Group_Large_Group_12_550.jpg,904.0,514.0,940.0,570.0,1.0,0.0,1.0,0.0,0.0,0.0,1024.0,915.0,0.0021516393442622,Male,Black,True,Male_Black,0.0
15396,12--Group/12_Group_Large_Group_12_Group_Large_Group_12_550.jpg,737.0,517.0,782.0,568.0,1.0,0.0,1.0,0.0,0.0,0.0,1024.0,915.0,0.0024494108606557,Male,Black,True,Male_Black,0.0
15397,12--Group/12_Group_Large_Group_12_Group_Large_Group_12_550.jpg,579.0,518.0,621.0,581.0,1.0,0.0,1.0,0.0,0.0,0.0,1024.0,915.0,0.0028240266393442,Male,White,True,Male_White,0.0
15398,12--Group/12_Group_Large_Group_12_Group_Large_Group_12_550.jpg,417.0,517.0,455.0,568.0,1.0,0.0,1.0,0.0,0.0,0.0,1024.0,915.0,0.0020683913934426,Male,Black,True,Male_Black,0.0
15399,12--Group/12_Group_Large_Group_12_Group_Large_Group_12_550.jpg,231.0,516.0,271.0,573.0,1.0,0.0,1.0,0.0,0.0,0.0,1024.0,915.0,0.0024334016393442,Male,White,True,Male_White,0.0
15400,12--Group/12_Group_Large_Group_12_Group_Large_Group_12_550.jpg,69.0,522.0,110.0,580.0,1.0,0.0,1.0,0.0,0.0,0.0,1024.0,915.0,0.0025379952185792,Male,Black,True,Male_Black,0.0
15483,12--Group/12_Group_Group_12_Group_Group_12_411.jpg,318.0,611.0,425.0,797.0,1.0,0.0,0.0,0.0,0.0,0.0,1024.0,1072.0,0.018130174323694,Male,Black,True,Male_Black,0.0
15484,12--Group/12_Group_Group_12_Group_Group_12_411.jpg,216.0,201.0,323.0,335.0,1.0,0.0,0.0,0.0,0.0,0.0,1024.0,1072.0,0.0130615234375,Male,Black,True,Male_Black,0.0
15485,12--Group/12_Group_Group_12_Group_Group_12_411.jpg,348.0,165.0,444.0,295.0,1.0,0.0,0.0,0.0,0.0,0.0,1024.0,1072.0,0.0113689365671641,Male,Black,True,Male_Black,0.0
15486,12--Group/12_Group_Group_12_Group_Group_12_411.jpg,530.0,130.0,633.0,277.0,0.0,0.0,0.0,0.0,0.0,0.0,1024.0,1072.0,0.0137930343400186,Male,Black,True,Male_Black,0.0
15487,12--Group/12_Group_Group_12_Group_Group_12_411.jpg,739.0,157.0,858.0,304.0,0.0,0.0,0.0,0.0,0.0,0.0,1024.0,1072.0,0.015935641616138,Male,Black,True,Male_Black,0.0
15532,12--Group/12_Group_Large_Group_12_Group_Large_Group_12_942.jpg,272.0,234.0,793.0,951.0,0.0,0.0,0.0,0.0,0.0,0.0,1024.0,1497.0,0.2436885489729459,Male,White,True,Male_White,9.0
15581,12--Group/12_Group_Team_Organized_Group_12_Group_Team_Organized_Group_12_270.jpg,444.0,16.0,506.0,96.0,0.0,0.0,0.0,0.0,0.0,1.0,1024.0,606.0,0.0079929867986798,Male,Black,True,Male_Black,0.0
15582,12--Group/12_Group_Team_Organized_Group_12_Group_Team_Organized_Group_12_319.jpg,448.0,202.0,548.0,338.0,0.0,0.0,0.0,0.0,1.0,0.0,1024.0,684.0,0.0194170321637426,Male,White,True,Male_White,0.0
15593,12--Group/12_Group_Team_Organized_Group_12_Group_Team_Organized_Group_12_364.jpg,843.0,119.0,882.0,170.0,1.0,0.0,0.0,0.0,0.0,0.0,1024.0,773.0,0.0025127850097024,Male,White,True,Male_White,0.0
15594,12--Group/12_Group_Team_Organized_Group_12_Group_Team_Organized_Group_12_364.jpg,613.0,153.0,646.0,199.0,1.0,0.0,0.0,0.0,0.0,0.0,1024.0,773.0,0.0019177514553686,Male,White,True,Male_White,0.0
15595,12--Group/12_Group_Team_Organized_Group_12_Group_Team_Organized_Group_12_364.jpg,307.0,127.0,342.0,179.0,1.0,0.0,0.0,0.0,0.0,0.0,1024.0,773.0,0.0022992804010349,Male,White,True,Male_White,0.0
15596,12--Group/12_Group_Team_Organized_Group_12_Group_Team_Organized_Group_12_364.jpg,159.0,118.0,194.0,162.0,1.0,0.0,0.0,0.0,0.0,0.0,1024.0,773.0,0.0019455449547218,Male,White,True,Male_White,0.0
15597,12--Group/12_Group_Large_Group_12_Group_Large_Group_12_557.jpg,124.0,200.0,228.0,338.0,0.0,0.0,0.0,0.0,0.0,0.0,1024.0,687.0,0.0204012008733624,Male,White,True,Male_White,0.0
15598,12--Group/12_Group_Large_Group_12_Group_Large_Group_12_557.jpg,286.0,228.0,398.0,356.0,0.0,0.0,0.0,0.0,0.0,0.0,1024.0,687.0,0.0203784570596797,Male,White,True,Male_White,0.0
15599,12--Group/12_Group_Large_Group_12_Group_Large_Group_12_557.jpg,486.0,92.0,582.0,216.0,0.0,0.0,0.0,0.0,0.0,0.0,1024.0,687.0,0.0169213973799126,Male,White,True,Male_White,0.0
15600,12--Group/12_Group_Large_Group_12_Group_Large_Group_12_557.jpg,638.0,188.0,752.0,320.0,0.0,0.0,0.0,0.0,0.0,0.0,1024.0,687.0,0.0213905567685589,Male,White,True,Male_White,0.0
15601,12--Group/12_Group_Large_Group_12_Group_Large_Group_12_557.jpg,834.0,158.0,940.0,284.0,0.0,0.0,1.0,0.0,0.0,0.0,1024.0,687.0,0.0189853984716157,Male,White,True,Male_White,0.0
15602,12--Group/12_Group_Team_Organized_Group_12_Group_Team_Organized_Group_12_50.jpg,92.0,212.0,292.0,432.0,0.0,0.0,0.0,0.0,0.0,0.0,1024.0,651.0,0.0660042242703533,Male,Asian,True,Male_Asian,2.0
15603,12--Group/12_Group_Team_Organized_Group_12_Group_Team_Organized_Group_12_50.jpg,528.0,204.0,772.0,456.0,0.0,0.0,0.0,0.0,0.0,0.0,1024.0,651.0,0.0922379032258064,Male,Asian,True,Male_Asian,3.0
15604,12--Group/12_Group_Team_Organized_Group_12_Group_Team_Organized_Group_12_50.jpg,342.0,168.0,478.0,334.0,0.0,0.0,0.0,0.0,0.0,1.0,1024.0,651.0,0.0338661674347158,Male,Asian,True,Male_Asian,1.0
15605,12--Group/12_Group_Team_Organized_Group_12_Group_Team_Organized_Group_12_50.jpg,4.0,190.0,92.0,342.0,0.0,0.0,0.0,0.0,1.0,0.0,1024.0,651.0,0.0200652841781874,Male,Asian,True,Male_Asian,0.0
15626,13--Interview/13_Interview_Interview_Sequences_13_609.jpg,486.0,92.0,654.0,328.0,0.0,0.0,0.0,0.0,0.0,0.0,1024.0,589.0,0.0657364176570458,Male,White,True,Male_White,2.0
15635,13--Interview/13_Interview_Interview_On_Location_13_334.jpg,211.0,267.0,298.0,383.0,0.0,0.0,0.0,0.0,0.0,0.0,1024.0,1138.0,0.0086603416080843,Male,White,True,Male_White,0.0
15636,13--Interview/13_Interview_Interview_On_Location_13_334.jpg,513.0,255.0,591.0,373.0,0.0,0.0,0.0,0.0,0.0,0.0,1024.0,1138.0,0.0078983139279437,Male,White,True,Male_White,0.0
15637,13--Interview/13_Interview_Interview_On_Location_13_334.jpg,746.0,260.0,822.0,369.0,0.0,0.0,0.0,0.0,0.0,0.0,1024.0,1138.0,0.0071088257908611,Male,White,True,Male_White,0.0
15640,13--Interview/13_Interview_Interview_On_Location_13_512.jpg,345.0,133.0,546.0,402.0,0.0,0.0,0.0,0.0,0.0,0.0,1024.0,1510.0,0.0349680515314569,Male,White,True,Male_White,1.0
15651,13--Interview/13_Interview_Interview_Sequences_13_477.jpg,378.0,114.0,606.0,476.0,0.0,0.0,0.0,0.0,0.0,0.0,1024.0,840.0,0.0959542410714285,Male,White,True,Male_White,3.0
15653,13--Interview/13_Interview_Interview_Sequences_13_134.jpg,342.0,100.0,546.0,376.0,0.0,0.0,0.0,0.0,0.0,0.0,1024.0,576.0,0.095458984375,Male,White,True,Male_White,3.0
15656,13--Interview/13_Interview_Interview_2_People_Visible_13_409.jpg,304.0,38.0,689.0,642.0,0.0,0.0,0.0,0.0,0.0,0.0,1024.0,1288.0,0.1763119904891304,Male,White,True,Male_White,6.0
15659,13--Interview/13_Interview_Interview_2_People_Visible_13_381.jpg,390.0,180.0,574.0,424.0,1.0,0.0,0.0,0.0,0.0,0.0,1024.0,852.0,0.0514598004694835,Male,Indian,True,Male_Indian,1.0
15660,13--Interview/13_Interview_Interview_Sequences_13_937.jpg,241.0,275.0,738.0,997.0,0.0,0.0,0.0,0.0,0.0,0.0,1024.0,1369.0,0.2559706560445581,Male,White,True,Male_White,9.0
15661,13--Interview/13_Interview_Interview_Sequences_13_807.jpg,418.0,110.0,588.0,376.0,0.0,0.0,0.0,0.0,0.0,0.0,1024.0,634.0,0.0696532432965299,Male,White,True,Male_White,2.0
15669,13--Interview/13_Interview_Interview_Sequences_13_11.jpg,284.0,48.0,470.0,256.0,0.0,0.0,0.0,0.0,0.0,1.0,1024.0,576.0,0.0655924479166666,Male,White,True,Male_White,2.0
15674,13--Interview/13_Interview_Interview_Sequences_13_513.jpg,350.0,118.0,496.0,292.0,0.0,0.0,0.0,0.0,0.0,0.0,1024.0,641.0,0.0387029543681747,Male,White,True,Male_White,1.0
15676,13--Interview/13_Interview_Interview_Sequences_13_3.jpg,182.0,30.0,502.0,512.0,0.0,0.0,1.0,0.0,0.0,0.0,1024.0,576.0,0.2615017361111111,Male,White,True,Male_White,9.0
15680,13--Interview/13_Interview_Interview_Sequences_13_135.jpg,376.0,98.0,508.0,278.0,0.0,0.0,0.0,0.0,0.0,0.0,1024.0,576.0,0.040283203125,Male,White,True,Male_White,1.0
15684,13--Interview/13_Interview_Interview_Sequences_13_15.jpg,782.0,280.0,852.0,370.0,1.0,0.0,0.0,0.0,0.0,1.0,1024.0,684.0,0.0089946546052631,Male,White,True,Male_White,0.0
15685,13--Interview/13_Interview_Interview_On_Location_13_433.jpg,432.0,84.0,560.0,274.0,0.0,0.0,0.0,0.0,0.0,0.0,1024.0,576.0,0.0412326388888888,Male,White,True,Male_White,1.0
15690,13--Interview/13_Interview_Interview_On_Location_13_491.jpg,664.0,34.0,802.0,230.0,0.0,0.0,0.0,0.0,0.0,0.0,1024.0,401.0,0.0658704800498753,Male,White,True,Male_White,2.0
15695,13--Interview/13_Interview_Interview_On_Location_13_849.jpg,292.0,218.0,646.0,636.0,0.0,0.0,0.0,0.0,0.0,0.0,1024.0,1024.0,0.1411170959472656,Male,White,True,Male_White,5.0
15702,13--Interview/13_Interview_Interview_Sequences_13_237.jpg,552.0,74.0,732.0,314.0,0.0,0.0,0.0,0.0,0.0,0.0,1024.0,492.0,0.0857469512195122,Male,White,True,Male_White,3.0
15705,13--Interview/13_Interview_Interview_On_Location_13_225.jpg,412.0,124.0,573.0,374.0,0.0,0.0,0.0,0.0,0.0,0.0,1024.0,1060.0,0.0370817364386792,Male,White,True,Male_White,1.0
15709,13--Interview/13_Interview_Interview_Sequences_13_189.jpg,290.0,2.0,706.0,544.0,0.0,0.0,0.0,0.0,0.0,0.0,1024.0,576.0,0.3822699652777778,Male,White,True,Male_White,14.0
15710,13--Interview/13_Interview_Interview_On_Location_13_301.jpg,149.0,95.0,666.0,729.0,0.0,0.0,0.0,0.0,0.0,0.0,1024.0,1155.0,0.2771391369047619,Male,White,True,Male_White,10.0
15714,13--Interview/13_Interview_Interview_On_Location_13_912.jpg,301.0,270.0,704.0,902.0,0.0,0.0,0.0,0.0,0.0,0.0,1024.0,1424.0,0.1746675298455056,Male,White,True,Male_White,6.0
15715,13--Interview/13_Interview_Interview_Sequences_13_1032.jpg,414.0,151.0,595.0,414.0,0.0,0.0,0.0,0.0,0.0,0.0,1024.0,1545.0,0.0300888703478964,Male,White,True,Male_White,1.0
15716,13--Interview/13_Interview_Interview_On_Location_13_246.jpg,228.0,312.0,754.0,1039.0,0.0,0.0,0.0,0.0,0.0,0.0,1024.0,1536.0,0.2431246439615885,Male,White,True,Male_White,9.0
15732,13--Interview/13_Interview_Interview_On_Location_13_282.jpg,666.0,76.0,824.0,312.0,0.0,0.0,0.0,0.0,0.0,0.0,1024.0,566.0,0.0643357994699646,Male,White,True,Male_White,2.0
15734,13--Interview/13_Interview_Interview_Sequences_13_691.jpg,274.0,50.0,654.0,574.0,0.0,0.0,0.0,0.0,0.0,0.0,1024.0,576.0,0.3375922309027778,Male,White,True,Male_White,12.0
15735,13--Interview/13_Interview_Interview_Sequences_13_270.jpg,311.0,119.0,678.0,601.0,0.0,0.0,0.0,0.0,0.0,0.0,1024.0,1106.0,0.1561917241184448,Male,White,True,Male_White,5.0
15738,13--Interview/13_Interview_Interview_On_Location_13_513.jpg,492.0,100.0,628.0,316.0,0.0,0.0,0.0,0.0,0.0,0.0,1024.0,480.0,0.059765625,Male,White,True,Male_White,2.0
15746,13--Interview/13_Interview_Interview_On_Location_13_179.jpg,328.0,172.0,576.0,560.0,0.0,0.0,0.0,0.0,0.0,0.0,1024.0,769.0,0.122196033810143,Male,White,True,Male_White,4.0
15747,13--Interview/13_Interview_Interview_On_Location_13_179.jpg,678.0,300.0,824.0,508.0,0.0,0.0,0.0,0.0,0.0,0.0,1024.0,769.0,0.0385646944083225,Male,White,True,Male_White,1.0
15748,13--Interview/13_Interview_Interview_On_Location_13_179.jpg,12.0,246.0,160.0,540.0,0.0,0.0,0.0,0.0,0.0,0.0,1024.0,769.0,0.0552564206762028,Male,White,True,Male_White,2.0
15749,13--Interview/13_Interview_Interview_Sequences_13_764.jpg,418.0,100.0,620.0,386.0,0.0,0.0,1.0,0.0,0.0,0.0,1024.0,634.0,0.0889873324132492,Male,White,True,Male_White,3.0
15750,13--Interview/13_Interview_Interview_Sequences_13_121.jpg,418.0,144.0,662.0,494.0,0.0,0.0,0.0,0.0,0.0,0.0,1024.0,684.0,0.1219275402046783,Male,White,True,Male_White,4.0
15753,13--Interview/13_Interview_Interview_Sequences_13_347.jpg,334.0,160.0,414.0,278.0,1.0,0.0,0.0,0.0,0.0,0.0,1024.0,684.0,0.0134777046783625,Male,White,True,Male_White,0.0
15754,13--Interview/13_Interview_Interview_Sequences_13_373.jpg,488.0,190.0,564.0,280.0,1.0,0.0,0.0,0.0,0.0,0.0,1024.0,684.0,0.009765625,Male,White,True,Male_White,0.0
15762,13--Interview/13_Interview_Interview_2_People_Visible_13_217.jpg,336.0,120.0,618.0,546.0,0.0,0.0,0.0,0.0,0.0,0.0,1024.0,1539.0,0.0762289839181286,Male,White,True,Male_White,2.0
15797,15--Stock_Market/15_Stock_Market_Stock_Market_15_303.jpg,652.0,102.0,954.0,550.0,0.0,0.0,0.0,0.0,1.0,0.0,1024.0,682.0,0.1937316715542522,Male,White,True,Male_White,7.0
15800,15--Stock_Market/15_Stock_Market_Stock_Market_15_846.jpg,277.0,217.0,708.0,904.0,0.0,0.0,0.0,0.0,0.0,0.0,1024.0,1544.0,0.1872779964783031,Male,White,True,Male_White,6.0
15802,15--Stock_Market/15_Stock_Market_Stock_Market_15_382.jpg,290.0,88.0,394.0,256.0,0.0,0.0,0.0,0.0,0.0,0.0,1024.0,512.0,0.0333251953125,Male,White,True,Male_White,1.0
15838,16--Award_Ceremony/16_Award_Ceremony_Awards_Ceremony_16_85.jpg,165.0,180.0,219.0,258.0,0.0,0.0,0.0,0.0,0.0,0.0,1024.0,768.0,0.0053558349609375,Male,White,True,Male_White,0.0
15839,16--Award_Ceremony/16_Award_Ceremony_Awards_Ceremony_16_85.jpg,271.0,235.0,322.0,301.0,0.0,0.0,0.0,0.0,0.0,0.0,1024.0,768.0,0.0042800903320312,Male,Asian,True,Male_Asian,0.0
15840,16--Award_Ceremony/16_Award_Ceremony_Awards_Ceremony_16_85.jpg,409.0,227.0,458.0,300.0,0.0,0.0,0.0,0.0,0.0,0.0,1024.0,768.0,0.0045483907063802,Male,Asian,True,Male_Asian,0.0
15841,16--Award_Ceremony/16_Award_Ceremony_Awards_Ceremony_16_85.jpg,523.0,229.0,575.0,305.0,0.0,0.0,0.0,0.0,0.0,0.0,1024.0,768.0,0.0050252278645833,Male,Asian,True,Male_Asian,0.0
15842,16--Award_Ceremony/16_Award_Ceremony_Awards_Ceremony_16_85.jpg,681.0,229.0,739.0,307.0,0.0,0.0,0.0,0.0,0.0,0.0,1024.0,768.0,0.0057525634765625,Male,White,True,Male_White,0.0
15843,16--Award_Ceremony/16_Award_Ceremony_Awards_Ceremony_16_85.jpg,823.0,245.0,885.0,333.0,0.0,0.0,0.0,0.0,0.0,0.0,1024.0,768.0,0.0069376627604166,Male,Asian,True,Male_Asian,0.0
15850,16--Award_Ceremony/16_Award_Ceremony_Awards_Ceremony_16_124.jpg,442.0,67.0,702.0,471.0,0.0,0.0,0.0,0.0,0.0,0.0,1024.0,1233.0,0.0831939375506893,Male,White,True,Male_White,3.0
15851,16--Award_Ceremony/16_Award_Ceremony_Awards_Ceremony_16_135.jpg,351.0,81.0,621.0,459.0,0.0,0.0,0.0,0.0,0.0,0.0,1024.0,1536.0,0.0648880004882812,Male,White,True,Male_White,2.0
15864,16--Award_Ceremony/16_Award_Ceremony_Awards_Ceremony_16_637.jpg,396.0,65.0,640.0,459.0,0.0,0.0,0.0,0.0,0.0,0.0,1024.0,1276.0,0.0735758718652037,Male,White,True,Male_White,2.0
15865,16--Award_Ceremony/16_Award_Ceremony_Awards_Ceremony_16_64.jpg,428.0,182.0,660.0,521.0,0.0,0.0,0.0,0.0,0.0,0.0,1024.0,1415.0,0.0542789310954063,Male,White,True,Male_White,1.0
15871,16--Award_Ceremony/16_Award_Ceremony_Awards_Ceremony_16_311.jpg,390.0,106.0,581.0,387.0,0.0,0.0,0.0,0.0,0.0,0.0,1024.0,1358.0,0.0385957922956553,Male,White,True,Male_White,1.0
15926,18--Concerts/18_Concerts_Concerts_18_27.jpg,365.0,99.0,814.0,770.0,0.0,0.0,0.0,0.0,0.0,0.0,1024.0,1536.0,0.1915480295817057,Male,White,True,Male_White,7.0
15947,18--Concerts/18_Concerts_Concerts_18_612.jpg,192.0,306.0,571.0,909.0,0.0,0.0,0.0,0.0,0.0,1.0,1024.0,1245.0,0.1792615775602409,Male,Black,True,Male_Black,6.0
15952,18--Concerts/18_Concerts_Concerts_18_486.jpg,277.0,196.0,503.0,458.0,0.0,0.0,0.0,0.0,0.0,1.0,1024.0,1542.0,0.0374994933527885,Male,White,True,Male_White,1.0
15955,18--Concerts/18_Concerts_Concerts_18_872.jpg,518.0,107.0,611.0,252.0,1.0,0.0,0.0,0.0,0.0,0.0,1024.0,1480.0,0.0088979360219594,Male,White,True,Male_White,0.0
15960,18--Concerts/18_Concerts_Concerts_18_1004.jpg,318.0,54.0,568.0,362.0,0.0,0.0,1.0,0.0,0.0,0.0,1024.0,682.0,0.1102570564516129,Male,White,True,Male_White,4.0
15961,18--Concerts/18_Concerts_Concerts_18_655.jpg,234.0,150.0,578.0,584.0,0.0,0.0,0.0,0.0,0.0,0.0,1024.0,614.0,0.2374541938110749,Male,Black,True,Male_Black,8.0
15962,18--Concerts/18_Concerts_Concerts_18_402.jpg,313.0,197.0,785.0,860.0,0.0,0.0,0.0,0.0,0.0,0.0,1024.0,1293.0,0.236350783062645,Male,Black,True,Male_Black,8.0
15966,18--Concerts/18_Concerts_Concerts_18_102.jpg,504.0,148.0,619.0,329.0,0.0,0.0,0.0,0.0,1.0,0.0,1024.0,1546.0,0.0131482202053686,Male,White,True,Male_White,0.0
15972,18--Concerts/18_Concerts_Concerts_18_350.jpg,122.0,82.0,508.0,532.0,0.0,0.0,0.0,0.0,0.0,0.0,1024.0,682.0,0.2487227364369501,Male,White,True,Male_White,9.0
15973,18--Concerts/18_Concerts_Concerts_18_403.jpg,538.0,98.0,696.0,344.0,1.0,0.0,0.0,0.0,1.0,0.0,1024.0,989.0,0.0383792024772497,Male,Black,True,Male_Black,1.0
16073,2--Demonstration/2_Demonstration_Demonstration_Or_Protest_2_487.jpg,16.0,394.0,119.0,568.0,1.0,0.0,0.0,0.0,1.0,0.0,1024.0,1392.0,0.0125732421875,Male,Asian,True,Male_Asian,0.0
16074,2--Demonstration/2_Demonstration_Demonstration_Or_Protest_2_487.jpg,454.0,1067.0,593.0,1230.0,1.0,0.0,0.0,0.0,0.0,0.0,1024.0,1392.0,0.0158950981052442,Male,Asian,True,Male_Asian,0.0
16075,2--Demonstration/2_Demonstration_Demonstration_Or_Protest_2_487.jpg,630.0,1010.0,717.0,1143.0,1.0,0.0,0.0,0.0,0.0,0.0,1024.0,1392.0,0.00811767578125,Male,Asian,True,Male_Asian,0.0
16076,2--Demonstration/2_Demonstration_Demonstration_Or_Protest_2_487.jpg,723.0,1222.0,807.0,1385.0,1.0,0.0,0.0,0.0,0.0,0.0,1024.0,1392.0,0.0096056707974137,Male,Asian,True,Male_Asian,0.0
16077,2--Demonstration/2_Demonstration_Demonstration_Or_Protest_2_487.jpg,198.0,92.0,499.0,524.0,0.0,0.0,0.0,0.0,0.0,0.0,1024.0,1392.0,0.0912244073275862,Male,Asian,True,Male_Asian,3.0
16078,2--Demonstration/2_Demonstration_Protesters_2_519.jpg,549.0,120.0,608.0,195.0,0.0,0.0,0.0,0.0,0.0,0.0,1024.0,751.0,0.0057540466877496,Male,White,True,Male_White,0.0
16079,2--Demonstration/2_Demonstration_Protesters_2_519.jpg,796.0,100.0,847.0,166.0,0.0,0.0,0.0,0.0,0.0,0.0,1024.0,751.0,0.0043769765312916,Male,White,True,Male_White,0.0
16080,2--Demonstration/2_Demonstration_Protesters_2_519.jpg,898.0,176.0,937.0,221.0,0.0,0.0,0.0,0.0,0.0,0.0,1024.0,751.0,0.0022821134320905,Male,White,True,Male_White,0.0
16081,2--Demonstration/2_Demonstration_Protesters_2_519.jpg,161.0,138.0,226.0,211.0,0.0,0.0,0.0,0.0,1.0,0.0,1024.0,751.0,0.0061701585386151,Male,White,True,Male_White,0.0
16082,2--Demonstration/2_Demonstration_Protesters_2_519.jpg,364.0,250.0,398.0,285.0,0.0,0.0,0.0,0.0,0.0,0.0,1024.0,751.0,0.0015474159454061,Male,White,True,Male_White,0.0
16083,2--Demonstration/2_Demonstration_Political_Rally_2_584.jpg,651.0,489.0,777.0,633.0,0.0,0.0,0.0,0.0,0.0,0.0,1024.0,1392.0,0.0127289870689655,Male,White,True,Male_White,0.0
16084,2--Demonstration/2_Demonstration_Political_Rally_2_584.jpg,232.0,416.0,286.0,472.0,1.0,0.0,0.0,0.0,0.0,0.0,1024.0,1392.0,0.0021214978448275,Male,White,True,Male_White,0.0
16085,2--Demonstration/2_Demonstration_Political_Rally_2_584.jpg,204.0,193.0,246.0,245.0,1.0,0.0,0.0,0.0,0.0,0.0,1024.0,1392.0,0.001532192887931,Male,White,True,Male_White,0.0
16187,20--Family_Group/20_Family_Group_Family_Group_20_453.jpg,450.0,444.0,583.0,594.0,1.0,0.0,0.0,0.0,0.0,0.0,1024.0,1450.0,0.0134361530172413,Male,White,True,Male_White,0.0
16224,20--Family_Group/20_Family_Group_Family_Group_20_87.jpg,465.0,384.0,555.0,516.0,1.0,0.0,0.0,0.0,0.0,0.0,1024.0,1536.0,0.0075531005859375,Male,White,True,Male_White,0.0
16225,20--Family_Group/20_Family_Group_Family_Group_20_87.jpg,321.0,435.0,393.0,513.0,1.0,0.0,0.0,0.0,0.0,0.0,1024.0,1536.0,0.003570556640625,Male,White,True,Male_White,0.0
16226,20--Family_Group/20_Family_Group_Family_Group_20_87.jpg,198.0,517.0,258.0,598.0,1.0,0.0,0.0,0.0,0.0,0.0,1024.0,1536.0,0.0030899047851562,Male,White,True,Male_White,0.0
16227,20--Family_Group/20_Family_Group_Family_Group_20_87.jpg,628.0,507.0,706.0,618.0,1.0,0.0,0.0,0.0,0.0,0.0,1024.0,1536.0,0.0055046081542968,Male,White,True,Male_White,0.0
16228,20--Family_Group/20_Family_Group_Family_Group_20_87.jpg,730.0,541.0,814.0,646.0,1.0,0.0,0.0,0.0,0.0,0.0,1024.0,1536.0,0.0056076049804687,Male,White,True,Male_White,0.0
16302,20--Family_Group/20_Family_Group_Family_Group_20_702.jpg,754.0,344.0,814.0,408.0,0.0,0.0,0.0,0.0,0.0,0.0,1024.0,736.0,0.0050951086956521,Male,White,True,Male_White,0.0
16303,20--Family_Group/20_Family_Group_Family_Group_20_702.jpg,658.0,248.0,730.0,335.0,1.0,0.0,0.0,0.0,0.0,0.0,1024.0,736.0,0.0083113960597826,Male,White,True,Male_White,0.0
16304,20--Family_Group/20_Family_Group_Family_Group_20_702.jpg,518.0,399.0,572.0,456.0,0.0,0.0,0.0,0.0,0.0,0.0,1024.0,736.0,0.0040840480638586,Male,White,True,Male_White,0.0
16305,20--Family_Group/20_Family_Group_Family_Group_20_702.jpg,275.0,239.0,350.0,324.0,1.0,0.0,0.0,0.0,0.0,0.0,1024.0,736.0,0.0084586765455163,Male,White,True,Male_White,0.0
16310,21--Festival/21_Festival_Festival_21_354.jpg,272.0,142.0,727.0,703.0,0.0,0.0,0.0,0.0,0.0,0.0,1024.0,1105.0,0.2255859375,Male,Asian,True,Male_Asian,8.0
16379,24--Soldier_Firing/24_Soldier_Firing_Soldier_Firing_24_405.jpg,321.0,378.0,384.0,462.0,1.0,0.0,1.0,0.0,0.0,0.0,1024.0,1540.0,0.0033558238636363,Male,White,True,Male_White,0.0
16380,24--Soldier_Firing/24_Soldier_Firing_Soldier_Firing_24_887.jpg,615.0,538.0,697.0,629.0,1.0,0.0,0.0,0.0,0.0,0.0,1024.0,1509.0,0.0048290983267064,Male,White,True,Male_White,0.0
16382,24--Soldier_Firing/24_Soldier_Firing_Soldier_Firing_24_129.jpg,345.0,318.0,441.0,462.0,0.0,0.0,0.0,0.0,1.0,0.0,1024.0,1538.0,0.0087776332899869,Male,White,True,Male_White,0.0
16384,24--Soldier_Firing/24_Soldier_Firing_Soldier_Firing_24_10.jpg,168.0,164.0,220.0,228.0,1.0,0.0,0.0,0.0,0.0,0.0,1024.0,708.0,0.0045903954802259,Male,White,True,Male_White,0.0
16385,24--Soldier_Firing/24_Soldier_Firing_Soldier_Firing_24_523.jpg,324.0,178.0,496.0,272.0,0.0,0.0,0.0,0.0,0.0,1.0,1024.0,576.0,0.0274115668402777,Male,White,True,Male_White,0.0
16388,24--Soldier_Firing/24_Soldier_Firing_Soldier_Firing_24_901.jpg,104.0,246.0,192.0,330.0,0.0,0.0,0.0,0.0,0.0,0.0,1024.0,746.0,0.0096766085790884,Male,White,True,Male_White,0.0
16389,24--Soldier_Firing/24_Soldier_Firing_Soldier_Firing_24_901.jpg,454.0,110.0,552.0,214.0,0.0,0.0,0.0,0.0,0.0,0.0,1024.0,746.0,0.0133419906166219,Male,White,True,Male_White,0.0
16390,24--Soldier_Firing/24_Soldier_Firing_Soldier_Firing_24_901.jpg,700.0,156.0,770.0,244.0,0.0,0.0,0.0,0.0,0.0,0.0,1024.0,746.0,0.0080638404825737,Male,White,True,Male_White,0.0
16391,24--Soldier_Firing/24_Soldier_Firing_Soldier_Firing_24_901.jpg,844.0,234.0,908.0,312.0,0.0,0.0,0.0,0.0,1.0,0.0,1024.0,746.0,0.0065348525469168,Male,White,True,Male_White,0.0
16392,24--Soldier_Firing/24_Soldier_Firing_Soldier_Firing_24_901.jpg,928.0,182.0,1010.0,282.0,0.0,0.0,0.0,0.0,0.0,0.0,1024.0,746.0,0.0107343331099195,Male,White,True,Male_White,0.0
16403,25--Soldier_Patrol/25_Soldier_Patrol_Soldier_Patrol_25_640.jpg,440.0,12.0,680.0,346.0,0.0,0.0,0.0,0.0,0.0,0.0,1024.0,768.0,0.1019287109375,Male,Black,True,Male_Black,3.0
16414,25--Soldier_Patrol/25_Soldier_Patrol_Soldier_Patrol_25_469.jpg,272.0,100.0,344.0,198.0,0.0,0.0,0.0,0.0,0.0,0.0,1024.0,711.0,0.0096914556962025,Male,Black,True,Male_Black,0.0
16415,25--Soldier_Patrol/25_Soldier_Patrol_Soldier_Patrol_25_469.jpg,606.0,182.0,660.0,256.0,1.0,0.0,0.0,0.0,0.0,0.0,1024.0,711.0,0.0054885284810126,Male,Black,True,Male_Black,0.0
16416,25--Soldier_Patrol/25_Soldier_Patrol_Soldier_Patrol_25_469.jpg,914.0,176.0,978.0,250.0,1.0,0.0,0.0,0.0,0.0,0.0,1024.0,711.0,0.0065049226441631,Male,White,True,Male_White,0.0
16425,25--Soldier_Patrol/25_Soldier_Patrol_Soldier_Patrol_25_683.jpg,676.0,410.0,880.0,614.0,0.0,0.0,0.0,0.0,0.0,1.0,1024.0,685.0,0.0593293795620437,Male,Indian,True,Male_Indian,2.0
16427,25--Soldier_Patrol/25_Soldier_Patrol_Soldier_Patrol_25_173.jpg,302.0,116.0,386.0,248.0,0.0,0.0,1.0,0.0,1.0,0.0,1024.0,679.0,0.0159471649484536,Male,White,True,Male_White,0.0
16431,25--Soldier_Patrol/25_Soldier_Patrol_Soldier_Patrol_25_986.jpg,399.0,128.0,542.0,297.0,1.0,0.0,0.0,0.0,0.0,0.0,1024.0,1925.0,0.0122600446428571,Male,White,True,Male_White,0.0
16452,26--Soldier_Drilling/26_Soldier_Drilling_Soldiers_Drilling_26_832.jpg,440.0,206.0,498.0,304.0,0.0,0.0,0.0,0.0,0.0,0.0,1024.0,682.0,0.0081389754398826,Male,White,True,Male_White,0.0
16453,26--Soldier_Drilling/26_Soldier_Drilling_Soldiers_Drilling_26_832.jpg,540.0,250.0,596.0,334.0,1.0,0.0,0.0,0.0,0.0,0.0,1024.0,682.0,0.0067357038123167,Male,White,True,Male_White,0.0
16454,26--Soldier_Drilling/26_Soldier_Drilling_Soldiers_Drilling_26_832.jpg,788.0,214.0,856.0,306.0,0.0,0.0,0.0,0.0,0.0,0.0,1024.0,682.0,0.0089580278592375,Male,White,True,Male_White,0.0
16484,28--Sports_Fan/28_Sports_Fan_Sports_Fan_28_868.jpg,684.0,31.0,727.0,95.0,1.0,0.0,0.0,0.0,0.0,0.0,1024.0,615.0,0.0043699186991869,Male,Black,True,Male_Black,0.0
16485,28--Sports_Fan/28_Sports_Fan_Sports_Fan_28_868.jpg,511.0,246.0,546.0,290.0,1.0,0.0,0.0,0.0,0.0,0.0,1024.0,615.0,0.0024453760162601,Male,Black,True,Male_Black,0.0
16486,28--Sports_Fan/28_Sports_Fan_Sports_Fan_28_868.jpg,864.0,176.0,904.0,222.0,1.0,0.0,0.0,0.0,1.0,0.0,1024.0,615.0,0.0029217479674796,Male,Black,True,Male_Black,0.0
16579,29--Students_Schoolkids/29_Students_Schoolkids_Students_Schoolkids_29_525.jpg,356.0,98.0,436.0,196.0,0.0,0.0,0.0,0.0,0.0,0.0,1024.0,577.0,0.0132690641247833,Male,White,True,Male_White,0.0
16580,29--Students_Schoolkids/29_Students_Schoolkids_Students_Schoolkids_29_525.jpg,196.0,26.0,260.0,112.0,0.0,0.0,0.0,0.0,0.0,0.0,1024.0,577.0,0.0093154246100519,Male,White,True,Male_White,0.0
16581,29--Students_Schoolkids/29_Students_Schoolkids_Students_Schoolkids_29_525.jpg,608.0,156.0,790.0,390.0,0.0,0.0,0.0,0.0,0.0,0.0,1024.0,577.0,0.0720794519064124,Male,White,True,Male_White,2.0
16602,3--Riot/3_Riot_Riot_3_521.jpg,48.0,236.0,126.0,316.0,0.0,0.0,0.0,0.0,0.0,1.0,1024.0,768.0,0.0079345703125,Male,Asian,True,Male_Asian,0.0
16603,3--Riot/3_Riot_Riot_3_521.jpg,152.0,234.0,224.0,310.0,1.0,0.0,0.0,0.0,0.0,0.0,1024.0,768.0,0.0069580078125,Male,Asian,True,Male_Asian,0.0
16604,3--Riot/3_Riot_Riot_3_521.jpg,266.0,202.0,338.0,276.0,1.0,0.0,0.0,0.0,0.0,0.0,1024.0,768.0,0.00677490234375,Male,Asian,True,Male_Asian,0.0
16605,3--Riot/3_Riot_Riot_3_521.jpg,374.0,242.0,460.0,344.0,0.0,0.0,0.0,0.0,0.0,1.0,1024.0,768.0,0.0111541748046875,Male,Asian,True,Male_Asian,0.0
16606,3--Riot/3_Riot_Riot_3_521.jpg,480.0,304.0,578.0,400.0,1.0,0.0,0.0,0.0,0.0,1.0,1024.0,768.0,0.011962890625,Male,Asian,True,Male_Asian,0.0
16607,3--Riot/3_Riot_Riot_3_521.jpg,554.0,178.0,682.0,330.0,0.0,0.0,0.0,0.0,0.0,0.0,1024.0,768.0,0.0247395833333333,Male,Asian,True,Male_Asian,0.0
16608,3--Riot/3_Riot_Riot_3_521.jpg,872.0,170.0,1012.0,354.0,0.0,0.0,0.0,0.0,0.0,0.0,1024.0,768.0,0.0327555338541666,Male,Asian,True,Male_Asian,1.0
16624,3--Riot/3_Riot_Riot_3_716.jpg,104.0,66.0,192.0,210.0,0.0,0.0,0.0,0.0,0.0,0.0,1024.0,682.0,0.0181451612903225,Male,White,True,Male_White,0.0
16625,3--Riot/3_Riot_Riot_3_716.jpg,352.0,138.0,438.0,258.0,0.0,0.0,0.0,0.0,0.0,0.0,1024.0,682.0,0.0147773093841642,Male,White,True,Male_White,0.0
16626,3--Riot/3_Riot_Riot_3_716.jpg,736.0,80.0,818.0,210.0,0.0,0.0,0.0,0.0,0.0,0.0,1024.0,682.0,0.0152641587243401,Male,White,True,Male_White,0.0
16631,3--Riot/3_Riot_Riot_3_993.jpg,280.0,50.0,386.0,192.0,0.0,0.0,0.0,0.0,0.0,0.0,1024.0,806.0,0.0182372441066997,Male,White,True,Male_White,0.0
16632,3--Riot/3_Riot_Riot_3_993.jpg,544.0,28.0,636.0,166.0,0.0,0.0,0.0,0.0,0.0,0.0,1024.0,806.0,0.0153826767990074,Male,White,True,Male_White,0.0
16633,3--Riot/3_Riot_Riot_3_993.jpg,556.0,346.0,658.0,496.0,0.0,0.0,0.0,0.0,0.0,0.0,1024.0,806.0,0.0185377248759305,Male,White,True,Male_White,0.0
16634,3--Riot/3_Riot_Riot_3_993.jpg,250.0,358.0,362.0,528.0,0.0,0.0,0.0,0.0,0.0,0.0,1024.0,806.0,0.0230691687344913,Male,White,True,Male_White,0.0
16635,3--Riot/3_Riot_Riot_3_750.jpg,526.0,124.0,862.0,526.0,0.0,0.0,0.0,0.0,0.0,0.0,1024.0,862.0,0.1530234918793503,Male,White,True,Male_White,5.0
16646,30--Surgeons/30_Surgeons_Surgeons_30_819.jpg,357.0,21.0,411.0,98.0,0.0,0.0,0.0,0.0,0.0,0.0,1024.0,218.0,0.0186263618119266,Male,White,True,Male_White,0.0
16647,30--Surgeons/30_Surgeons_Surgeons_30_819.jpg,465.0,23.0,510.0,86.0,0.0,0.0,0.0,0.0,0.0,0.0,1024.0,218.0,0.0126997921444954,Male,White,True,Male_White,0.0
16648,30--Surgeons/30_Surgeons_Surgeons_30_819.jpg,579.0,39.0,631.0,112.0,0.0,0.0,0.0,0.0,0.0,0.0,1024.0,218.0,0.0170047305045871,Male,White,True,Male_White,0.0
16652,30--Surgeons/30_Surgeons_Surgeons_30_988.jpg,324.0,168.0,859.0,934.0,0.0,0.0,0.0,0.0,0.0,0.0,1024.0,1536.0,0.2605501810709635,Male,White,True,Male_White,9.0
16666,30--Surgeons/30_Surgeons_Surgeons_30_914.jpg,215.0,147.0,727.0,840.0,0.0,0.0,0.0,0.0,0.0,0.0,1024.0,1343.0,0.2580044676098287,Male,White,True,Male_White,9.0
16691,30--Surgeons/30_Surgeons_Surgeons_30_778.jpg,193.0,62.0,232.0,115.0,0.0,0.0,1.0,0.0,0.0,0.0,1024.0,683.0,0.0029554241398243,Male,White,True,Male_White,0.0
16692,30--Surgeons/30_Surgeons_Surgeons_30_778.jpg,320.0,92.0,366.0,152.0,0.0,0.0,1.0,0.0,0.0,0.0,1024.0,683.0,0.00394628477306,Male,White,True,Male_White,0.0
16693,30--Surgeons/30_Surgeons_Surgeons_30_778.jpg,677.0,149.0,727.0,220.0,0.0,0.0,0.0,0.0,0.0,0.0,1024.0,683.0,0.0050758372986822,Male,White,True,Male_White,0.0
16694,30--Surgeons/30_Surgeons_Surgeons_30_778.jpg,785.0,166.0,832.0,231.0,1.0,0.0,1.0,0.0,0.0,0.0,1024.0,683.0,0.0043680797035139,Male,White,True,Male_White,0.0
16699,30--Surgeons/30_Surgeons_Surgeons_30_823.jpg,448.0,132.0,536.0,270.0,1.0,0.0,0.0,0.0,0.0,1.0,1024.0,965.0,0.0122895077720207,Male,White,True,Male_White,0.0
16700,30--Surgeons/30_Surgeons_Surgeons_30_823.jpg,662.0,140.0,748.0,240.0,1.0,0.0,0.0,0.0,0.0,0.0,1024.0,965.0,0.0087030440414507,Male,White,True,Male_White,0.0
16701,30--Surgeons/30_Surgeons_Surgeons_30_823.jpg,946.0,246.0,1020.0,332.0,1.0,0.0,0.0,0.0,0.0,0.0,1024.0,965.0,0.0064402525906735,Male,White,True,Male_White,0.0
16730,31--Waiter_Waitress/31_Waiter_Waitress_Waiter_Waitress_31_34.jpg,420.0,57.0,588.0,324.0,0.0,0.0,1.0,0.0,0.0,0.0,1024.0,1536.0,0.0285186767578125,Male,White,True,Male_White,1.0
16732,31--Waiter_Waitress/31_Waiter_Waitress_Waiter_Waitress_31_927.jpg,420.0,222.0,657.0,522.0,0.0,0.0,0.0,0.0,0.0,0.0,1024.0,1538.0,0.0451453795513654,Male,White,True,Male_White,1.0
16740,31--Waiter_Waitress/31_Waiter_Waitress_Waiter_Waitress_31_276.jpg,199.0,259.0,763.0,1064.0,0.0,0.0,0.0,0.0,0.0,0.0,1024.0,1143.0,0.3879080544619422,Male,White,True,Male_White,14.0
16767,31--Waiter_Waitress/31_Waiter_Waitress_Waiter_Waitress_31_888.jpg,293.0,217.0,472.0,456.0,0.0,0.0,0.0,0.0,0.0,0.0,1024.0,1392.0,0.0300131611440373,Male,White,True,Male_White,1.0
16772,32--Worker_Laborer/32_Worker_Laborer_Worker_Laborer_32_529.jpg,481.0,268.0,546.0,370.0,1.0,0.0,0.0,0.0,0.0,0.0,1024.0,1579.0,0.0041004492558581,Male,White,True,Male_White,0.0
16779,32--Worker_Laborer/32_Worker_Laborer_Worker_Laborer_32_723.jpg,299.0,83.0,350.0,154.0,0.0,0.0,0.0,0.0,0.0,0.0,1024.0,328.0,0.0107808927210365,Male,Black,True,Male_Black,0.0
16780,32--Worker_Laborer/32_Worker_Laborer_Worker_Laborer_32_723.jpg,432.0,143.0,481.0,236.0,0.0,0.0,0.0,0.0,0.0,0.0,1024.0,328.0,0.0135676686356707,Male,White,True,Male_White,0.0
16781,32--Worker_Laborer/32_Worker_Laborer_Worker_Laborer_32_723.jpg,169.0,0.0,226.0,40.0,1.0,0.0,0.0,0.0,0.0,1.0,1024.0,328.0,0.006788300304878,Male,White,True,Male_White,0.0
16782,32--Worker_Laborer/32_Worker_Laborer_Worker_Laborer_32_723.jpg,6.0,202.0,48.0,288.0,1.0,0.0,0.0,0.0,0.0,0.0,1024.0,328.0,0.0107540967987804,Male,White,True,Male_White,0.0
16783,32--Worker_Laborer/32_Worker_Laborer_Worker_Laborer_32_723.jpg,782.0,49.0,821.0,126.0,1.0,0.0,0.0,0.0,0.0,0.0,1024.0,328.0,0.0089409060594512,Male,Black,True,Male_Black,0.0
16784,32--Worker_Laborer/32_Worker_Laborer_Worker_Laborer_32_723.jpg,936.0,134.0,983.0,224.0,1.0,0.0,0.0,0.0,0.0,0.0,1024.0,328.0,0.0125940834603658,Male,White,True,Male_White,0.0
16785,32--Worker_Laborer/32_Worker_Laborer_Worker_Laborer_32_723.jpg,498.0,185.0,538.0,269.0,1.0,0.0,0.0,0.0,0.0,0.0,1024.0,328.0,0.0100038109756097,Male,White,True,Male_White,0.0
16786,32--Worker_Laborer/32_Worker_Laborer_Worker_Laborer_32_135.jpg,316.0,87.0,643.0,529.0,0.0,0.0,0.0,0.0,0.0,0.0,1024.0,1433.0,0.0984971977494766,Male,White,True,Male_White,3.0
16792,32--Worker_Laborer/32_Worker_Laborer_Worker_Laborer_32_692.jpg,202.0,66.0,314.0,220.0,1.0,0.0,0.0,0.0,0.0,0.0,1024.0,685.0,0.0245894160583941,Male,Asian,True,Male_Asian,0.0
16793,32--Worker_Laborer/32_Worker_Laborer_Worker_Laborer_32_692.jpg,440.0,132.0,510.0,250.0,1.0,0.0,0.0,0.0,1.0,0.0,1024.0,685.0,0.0117757755474452,Male,Asian,True,Male_Asian,0.0
16794,32--Worker_Laborer/32_Worker_Laborer_Worker_Laborer_32_692.jpg,686.0,128.0,740.0,216.0,1.0,0.0,0.0,0.0,0.0,0.0,1024.0,685.0,0.0067746350364963,Male,Asian,True,Male_Asian,0.0
16795,32--Worker_Laborer/32_Worker_Laborer_Worker_Laborer_32_692.jpg,862.0,154.0,928.0,236.0,1.0,0.0,0.0,0.0,0.0,0.0,1024.0,685.0,0.007715556569343,Male,Asian,True,Male_Asian,0.0
16798,32--Worker_Laborer/32_Worker_Laborer_Worker_Laborer_32_44.jpg,513.0,263.0,734.0,591.0,0.0,0.0,0.0,0.0,0.0,0.0,1024.0,1510.0,0.0468801738410596,Male,White,True,Male_White,1.0
16799,32--Worker_Laborer/32_Worker_Laborer_Worker_Laborer_32_870.jpg,483.0,305.0,555.0,414.0,1.0,0.0,0.0,0.0,0.0,0.0,1024.0,1473.0,0.0052030295315682,Male,White,True,Male_White,0.0
16800,32--Worker_Laborer/32_Worker_Laborer_Worker_Laborer_32_494.jpg,286.0,181.0,749.0,823.0,0.0,0.0,0.0,0.0,0.0,0.0,1024.0,1221.0,0.2377389818796068,Male,Black,True,Male_Black,8.0
16801,32--Worker_Laborer/32_Worker_Laborer_Worker_Laborer_32_169.jpg,390.0,84.0,620.0,424.0,0.0,0.0,0.0,0.0,0.0,0.0,1024.0,754.0,0.1012827420424403,Male,White,True,Male_White,3.0
16808,32--Worker_Laborer/32_Worker_Laborer_Worker_Laborer_32_209.jpg,736.0,136.0,816.0,234.0,1.0,0.0,0.0,0.0,0.0,1.0,1024.0,576.0,0.0132921006944444,Male,White,True,Male_White,0.0
16811,32--Worker_Laborer/32_Worker_Laborer_Worker_Laborer_32_860.jpg,352.0,330.0,716.0,872.0,0.0,0.0,0.0,0.0,0.0,0.0,1024.0,1259.0,0.1530294380460683,Male,White,True,Male_White,5.0
16812,32--Worker_Laborer/32_Worker_Laborer_Worker_Laborer_32_400.jpg,697.0,182.0,744.0,234.0,1.0,0.0,0.0,0.0,1.0,0.0,1024.0,768.0,0.0031077067057291,Male,Asian,True,Male_Asian,0.0
16813,32--Worker_Laborer/32_Worker_Laborer_Worker_Laborer_32_443.jpg,516.0,24.0,920.0,686.0,0.0,0.0,0.0,0.0,1.0,0.0,1024.0,1024.0,0.2550582885742187,Male,White,True,Male_White,9.0
16814,32--Worker_Laborer/32_Worker_Laborer_Worker_Laborer_32_170.jpg,474.0,576.0,608.0,680.0,1.0,0.0,0.0,0.0,0.0,1.0,1024.0,1024.0,0.0132904052734375,Male,White,True,Male_White,0.0
16817,32--Worker_Laborer/32_Worker_Laborer_Worker_Laborer_32_204.jpg,396.0,232.0,526.0,458.0,0.0,0.0,0.0,0.0,0.0,1.0,1024.0,754.0,0.0380522629310344,Male,White,True,Male_White,1.0
16823,32--Worker_Laborer/32_Worker_Laborer_Worker_Laborer_32_738.jpg,285.0,324.0,408.0,492.0,0.0,0.0,0.0,0.0,1.0,0.0,1024.0,1538.0,0.0131207330949284,Male,White,True,Male_White,0.0
16824,32--Worker_Laborer/32_Worker_Laborer_Worker_Laborer_32_434.jpg,448.0,152.0,682.0,481.0,0.0,0.0,0.0,0.0,0.0,0.0,1024.0,1392.0,0.0540097992995689,Male,White,True,Male_White,1.0
16828,33--Running/33_Running_Running_33_332.jpg,592.0,38.0,734.0,254.0,0.0,0.0,0.0,0.0,0.0,0.0,1024.0,683.0,0.0438552342606149,Male,White,True,Male_White,1.0
16830,33--Running/33_Running_Running_33_107.jpg,458.0,160.0,493.0,210.0,0.0,0.0,0.0,0.0,0.0,0.0,1024.0,769.0,0.0022223463914174,Male,White,True,Male_White,0.0
16831,33--Running/33_Running_Running_33_107.jpg,598.0,189.0,630.0,235.0,0.0,0.0,0.0,0.0,0.0,0.0,1024.0,769.0,0.0018693107932379,Male,Black,True,Male_Black,0.0
16832,33--Running/33_Running_Running_33_107.jpg,744.0,167.0,779.0,217.0,0.0,0.0,0.0,0.0,0.0,0.0,1024.0,769.0,0.0022223463914174,Male,White,True,Male_White,0.0
16833,33--Running/33_Running_Running_33_760.jpg,422.0,341.0,529.0,479.0,0.0,0.0,0.0,0.0,0.0,0.0,1024.0,1223.0,0.0117906147792313,Male,White,True,Male_White,0.0
16835,33--Running/33_Running_Running_33_119.jpg,287.0,164.0,338.0,229.0,1.0,0.0,1.0,0.0,0.0,0.0,1024.0,768.0,0.0042152404785156,Male,White,True,Male_White,0.0
16836,33--Running/33_Running_Running_33_119.jpg,555.0,145.0,602.0,219.0,1.0,0.0,1.0,0.0,0.0,0.0,1024.0,768.0,0.0044225056966145,Male,White,True,Male_White,0.0
16837,33--Running/33_Running_Running_33_119.jpg,894.0,183.0,952.0,253.0,1.0,0.0,1.0,0.0,0.0,0.0,1024.0,768.0,0.0051625569661458,Male,White,True,Male_White,0.0
16840,33--Running/33_Running_Running_33_569.jpg,492.0,110.0,888.0,648.0,0.0,0.0,0.0,0.0,0.0,0.0,1024.0,768.0,0.270904541015625,Male,White,True,Male_White,10.0
16862,34--Baseball/34_Baseball_Baseball_34_560.jpg,579.0,133.0,603.0,165.0,0.0,0.0,0.0,0.0,0.0,0.0,1024.0,435.0,0.0017241379310344,Male,White,True,Male_White,0.0
16863,34--Baseball/34_Baseball_Baseball_34_608.jpg,315.0,354.0,663.0,837.0,0.0,0.0,0.0,0.0,0.0,0.0,1024.0,1537.0,0.1067954009433962,Male,White,True,Male_White,3.0
16869,34--Baseball/34_Baseball_Baseball_34_867.jpg,406.0,78.0,698.0,486.0,0.0,0.0,0.0,0.0,1.0,0.0,1024.0,768.0,0.1514892578125,Male,White,True,Male_White,5.0
16871,34--Baseball/34_Baseball_Baseball_34_886.jpg,736.0,78.0,844.0,242.0,0.0,0.0,0.0,0.0,0.0,0.0,1024.0,768.0,0.02252197265625,Male,White,True,Male_White,0.0
16872,34--Baseball/34_Baseball_Baseball_34_171.jpg,420.0,82.0,514.0,180.0,0.0,0.0,0.0,0.0,0.0,0.0,1024.0,721.0,0.012477245145631,Male,White,True,Male_White,0.0
16873,34--Baseball/34_Baseball_Baseball_34_66.jpg,481.0,143.0,556.0,231.0,0.0,0.0,0.0,0.0,0.0,0.0,1024.0,1104.0,0.0058381453804347,Male,White,True,Male_White,0.0
16874,34--Baseball/34_Baseball_Baseball_34_66.jpg,320.0,201.0,363.0,258.0,0.0,0.0,0.0,0.0,0.0,0.0,1024.0,1104.0,0.0021680748980978,Male,White,True,Male_White,0.0
16875,34--Baseball/34_Baseball_Baseball_34_66.jpg,877.0,294.0,917.0,343.0,1.0,0.0,0.0,0.0,1.0,0.0,1024.0,1104.0,0.0017337522644927,Male,White,True,Male_White,0.0
16876,34--Baseball/34_Baseball_Baseball_34_356.jpg,575.0,245.0,710.0,413.0,0.0,0.0,1.0,0.0,0.0,0.0,1024.0,1409.0,0.0157192601135557,Male,White,True,Male_White,0.0
16877,34--Baseball/34_Baseball_Baseball_34_127.jpg,551.0,241.0,580.0,286.0,1.0,1.0,0.0,0.0,0.0,0.0,1024.0,683.0,0.001865906387262,Male,White,True,Male_White,0.0
16878,34--Baseball/34_Baseball_Baseball_34_829.jpg,348.0,529.0,549.0,925.0,0.0,1.0,0.0,0.0,0.0,0.0,1024.0,1536.0,0.0506057739257812,Male,White,True,Male_White,1.0
16889,35--Basketball/35_Basketball_playingbasketball_35_134.jpg,314.0,326.0,408.0,440.0,0.0,0.0,1.0,0.0,0.0,0.0,1024.0,757.0,0.0138241000660501,Male,White,True,Male_White,0.0
16910,35--Basketball/35_Basketball_playingbasketball_35_582.jpg,679.0,108.0,719.0,168.0,0.0,0.0,0.0,0.0,0.0,1.0,1024.0,677.0,0.003461964549483,Male,Black,True,Male_Black,0.0
16911,35--Basketball/35_Basketball_playingbasketball_35_582.jpg,513.0,138.0,562.0,182.0,0.0,0.0,0.0,0.0,0.0,0.0,1024.0,677.0,0.0031099981536189,Male,White,True,Male_White,0.0
16912,35--Basketball/35_Basketball_playingbasketball_35_582.jpg,427.0,123.0,463.0,171.0,0.0,0.0,0.0,0.0,0.0,1.0,1024.0,677.0,0.0024926144756277,Male,White,True,Male_White,0.0
16919,35--Basketball/35_Basketball_playingbasketball_35_199.jpg,586.0,202.0,846.0,430.0,0.0,0.0,0.0,0.0,0.0,1.0,1024.0,754.0,0.0767780172413793,Male,White,True,Male_White,2.0
16920,35--Basketball/35_Basketball_playingbasketball_35_556.jpg,374.0,507.0,563.0,764.0,0.0,0.0,1.0,0.0,0.0,0.0,1024.0,1584.0,0.0299460671164772,Male,Indian,True,Male_Indian,1.0
16944,35--Basketball/35_Basketball_playingbasketball_35_3.jpg,281.0,16.0,352.0,120.0,0.0,0.0,0.0,0.0,0.0,0.0,1024.0,683.0,0.0105577415812591,Male,White,True,Male_White,0.0
16945,35--Basketball/35_Basketball_playingbasketball_35_3.jpg,513.0,101.0,563.0,163.0,0.0,0.0,0.0,0.0,0.0,0.0,1024.0,683.0,0.0044324213030746,Male,White,True,Male_White,0.0
16946,35--Basketball/35_Basketball_playingbasketball_35_3.jpg,812.0,114.0,887.0,204.0,0.0,0.0,0.0,0.0,0.0,0.0,1024.0,683.0,0.0096512399341142,Male,White,True,Male_White,0.0
16947,35--Basketball/35_Basketball_playingbasketball_35_279.jpg,386.0,1005.0,661.0,1128.0,0.0,0.0,0.0,0.0,0.0,1.0,1024.0,1579.0,0.0209197128324889,Male,White,True,Male_White,0.0
16956,35--Basketball/35_Basketball_basketballgame_ball_35_446.jpg,466.0,307.0,586.0,486.0,0.0,1.0,0.0,0.0,0.0,0.0,1024.0,1431.0,0.0146586740041928,Male,Black,True,Male_Black,0.0
16966,35--Basketball/35_Basketball_basketballgame_ball_35_736.jpg,388.0,128.0,458.0,264.0,0.0,1.0,0.0,0.0,0.0,0.0,1024.0,684.0,0.0135919225146198,Male,Black,True,Male_Black,0.0
16967,35--Basketball/35_Basketball_basketballgame_ball_35_736.jpg,480.0,186.0,542.0,282.0,0.0,0.0,0.0,0.0,0.0,0.0,1024.0,684.0,0.0084978070175438,Male,Black,True,Male_Black,0.0
16968,35--Basketball/35_Basketball_basketballgame_ball_35_736.jpg,716.0,142.0,788.0,270.0,0.0,0.0,0.0,0.0,0.0,0.0,1024.0,684.0,0.0131578947368421,Male,Black,True,Male_Black,0.0
16969,35--Basketball/35_Basketball_basketballgame_ball_35_423.jpg,392.0,98.0,690.0,538.0,0.0,0.0,0.0,0.0,0.0,0.0,1024.0,620.0,0.2065272177419354,Male,White,True,Male_White,7.0
16972,35--Basketball/35_Basketball_Basketball_35_653.jpg,872.0,33.0,927.0,106.0,0.0,0.0,1.0,0.0,0.0,0.0,1024.0,640.0,0.0061264038085937,Male,Black,True,Male_Black,0.0
16973,35--Basketball/35_Basketball_Basketball_35_653.jpg,734.0,48.0,791.0,118.0,0.0,0.0,1.0,0.0,0.0,0.0,1024.0,640.0,0.0060882568359375,Male,White,True,Male_White,0.0
16974,35--Basketball/35_Basketball_Basketball_35_653.jpg,599.0,28.0,658.0,96.0,0.0,0.0,1.0,0.0,0.0,0.0,1024.0,640.0,0.006121826171875,Male,Black,True,Male_Black,0.0
16975,35--Basketball/35_Basketball_Basketball_35_653.jpg,460.0,76.0,516.0,145.0,0.0,0.0,1.0,0.0,0.0,0.0,1024.0,640.0,0.00589599609375,Male,Black,True,Male_Black,0.0
16976,35--Basketball/35_Basketball_Basketball_35_653.jpg,369.0,54.0,427.0,128.0,0.0,0.0,1.0,0.0,0.0,0.0,1024.0,640.0,0.006549072265625,Male,Black,True,Male_Black,0.0
16977,35--Basketball/35_Basketball_Basketball_35_653.jpg,268.0,49.0,324.0,117.0,0.0,0.0,1.0,0.0,0.0,0.0,1024.0,640.0,0.005810546875,Male,Black,True,Male_Black,0.0
16978,35--Basketball/35_Basketball_Basketball_35_653.jpg,99.0,38.0,152.0,109.0,0.0,0.0,1.0,0.0,0.0,0.0,1024.0,640.0,0.0057418823242187,Male,Black,True,Male_Black,0.0
16979,35--Basketball/35_Basketball_Basketball_35_653.jpg,90.0,276.0,149.0,345.0,0.0,0.0,1.0,0.0,0.0,0.0,1024.0,640.0,0.0062118530273437,Male,Black,True,Male_Black,0.0
16980,35--Basketball/35_Basketball_Basketball_35_653.jpg,209.0,314.0,255.0,383.0,0.0,0.0,1.0,0.0,0.0,0.0,1024.0,640.0,0.0048431396484375,Male,Black,True,Male_Black,0.0
16981,35--Basketball/35_Basketball_Basketball_35_653.jpg,380.0,301.0,433.0,364.0,0.0,0.0,1.0,0.0,0.0,0.0,1024.0,640.0,0.0050949096679687,Male,Black,True,Male_Black,0.0
16982,35--Basketball/35_Basketball_Basketball_35_653.jpg,536.0,299.0,594.0,368.0,0.0,0.0,1.0,0.0,0.0,0.0,1024.0,640.0,0.0061065673828125,Male,Black,True,Male_Black,0.0
16983,35--Basketball/35_Basketball_Basketball_35_653.jpg,653.0,276.0,707.0,340.0,0.0,0.0,1.0,0.0,0.0,0.0,1024.0,640.0,0.0052734375,Male,Black,True,Male_Black,0.0
16984,35--Basketball/35_Basketball_Basketball_35_653.jpg,813.0,283.0,864.0,349.0,0.0,0.0,1.0,0.0,0.0,0.0,1024.0,640.0,0.0051361083984375,Male,White,True,Male_White,0.0
16985,35--Basketball/35_Basketball_Basketball_35_653.jpg,921.0,278.0,982.0,354.0,0.0,0.0,1.0,0.0,0.0,0.0,1024.0,640.0,0.007073974609375,Male,Black,True,Male_Black,0.0
16987,35--Basketball/35_Basketball_Basketball_35_304.jpg,706.0,250.0,731.0,289.0,0.0,0.0,1.0,0.0,0.0,0.0,1024.0,576.0,0.0016530354817708,Male,Black,True,Male_Black,0.0
16988,35--Basketball/35_Basketball_Basketball_35_304.jpg,765.0,269.0,798.0,305.0,0.0,0.0,1.0,0.0,0.0,0.0,1024.0,576.0,0.00201416015625,Male,Black,True,Male_Black,0.0
16989,35--Basketball/35_Basketball_Basketball_35_304.jpg,861.0,342.0,921.0,411.0,0.0,0.0,0.0,0.0,1.0,1.0,1024.0,576.0,0.00701904296875,Male,Black,True,Male_Black,0.0
16993,35--Basketball/35_Basketball_basketballgame_ball_35_254.jpg,627.0,312.0,719.0,390.0,0.0,1.0,0.0,0.0,0.0,1.0,1024.0,1203.0,0.0058252805486284,Male,Black,True,Male_Black,0.0
16994,35--Basketball/35_Basketball_basketballgame_ball_35_254.jpg,312.0,237.0,373.0,343.0,0.0,0.0,0.0,0.0,0.0,1.0,1024.0,1203.0,0.0052489219659185,Male,Black,True,Male_Black,0.0
16995,35--Basketball/35_Basketball_basketballgame_ball_35_254.jpg,12.0,143.0,92.0,235.0,0.0,0.0,0.0,0.0,0.0,1.0,1024.0,1203.0,0.0059746467165419,Male,Black,True,Male_Black,0.0
17001,35--Basketball/35_Basketball_playingbasketball_35_366.jpg,410.0,324.0,450.0,369.0,1.0,0.0,0.0,0.0,0.0,1.0,1024.0,960.0,0.0018310546875,Male,Black,True,Male_Black,0.0
17002,35--Basketball/35_Basketball_basketballgame_ball_35_309.jpg,396.0,70.0,478.0,180.0,0.0,0.0,0.0,0.0,0.0,0.0,1024.0,745.0,0.011823615771812,Male,Black,True,Male_Black,0.0
17003,35--Basketball/35_Basketball_basketballgame_ball_35_309.jpg,214.0,6.0,298.0,64.0,1.0,0.0,0.0,0.0,0.0,1.0,1024.0,745.0,0.0063863255033557,Male,White,True,Male_White,0.0
17004,35--Basketball/35_Basketball_basketballgame_ball_35_309.jpg,136.0,30.0,204.0,146.0,0.0,0.0,0.0,0.0,0.0,0.0,1024.0,745.0,0.0103397651006711,Male,Black,True,Male_Black,0.0
17005,35--Basketball/35_Basketball_basketballgame_ball_35_309.jpg,766.0,42.0,946.0,300.0,0.0,0.0,0.0,0.0,0.0,0.0,1024.0,745.0,0.0608745805369127,Male,Black,True,Male_Black,2.0
17009,35--Basketball/35_Basketball_playingbasketball_35_449.jpg,339.0,153.0,438.0,288.0,0.0,0.0,0.0,0.0,0.0,0.0,1024.0,1536.0,0.0084972381591796,Male,White,True,Male_White,0.0
17016,35--Basketball/35_Basketball_playingbasketball_35_818.jpg,423.0,89.0,520.0,230.0,0.0,0.0,1.0,0.0,0.0,0.0,1024.0,1338.0,0.0099823955997757,Male,White,True,Male_White,0.0
17017,35--Basketball/35_Basketball_Basketball_35_791.jpg,770.0,42.0,854.0,162.0,0.0,0.0,1.0,0.0,0.0,0.0,1024.0,768.0,0.0128173828125,Male,Black,True,Male_Black,0.0
17031,36--Football/36_Football_americanfootball_ball_36_162.jpg,402.0,272.0,598.0,556.0,0.0,0.0,0.0,0.0,1.0,0.0,1024.0,684.0,0.0794727704678362,Male,White,True,Male_White,2.0
17032,36--Football/36_Football_americanfootball_ball_36_301.jpg,454.0,116.0,641.0,351.0,0.0,0.0,0.0,0.0,0.0,0.0,1024.0,1454.0,0.029515157539546,Male,Black,True,Male_Black,1.0
17038,36--Football/36_Football_americanfootball_ball_36_396.jpg,252.0,200.0,378.0,366.0,1.0,0.0,0.0,0.0,1.0,0.0,1024.0,727.0,0.0280959852132049,Male,White,True,Male_White,1.0
17039,36--Football/36_Football_americanfootball_ball_36_526.jpg,624.0,160.0,732.0,304.0,0.0,0.0,0.0,0.0,1.0,0.0,1024.0,820.0,0.0185213414634146,Male,White,True,Male_White,0.0
17045,36--Football/36_Football_americanfootball_ball_36_265.jpg,368.0,91.0,590.0,371.0,0.0,0.0,1.0,0.0,0.0,0.0,1024.0,1406.0,0.0431743421052631,Male,Black,True,Male_Black,1.0
17047,36--Football/36_Football_americanfootball_ball_36_38.jpg,370.0,22.0,434.0,100.0,1.0,0.0,0.0,0.0,1.0,0.0,1024.0,683.0,0.0071376281112737,Male,White,True,Male_White,0.0
17048,36--Football/36_Football_americanfootball_ball_36_38.jpg,518.0,52.0,578.0,126.0,1.0,0.0,0.0,0.0,1.0,0.0,1024.0,683.0,0.0063483711566617,Male,White,True,Male_White,0.0
17049,36--Football/36_Football_americanfootball_ball_36_38.jpg,714.0,72.0,792.0,154.0,0.0,0.0,0.0,0.0,1.0,0.0,1024.0,683.0,0.0091450860175695,Male,White,True,Male_White,0.0
17050,36--Football/36_Football_americanfootball_ball_36_327.jpg,762.0,428.0,854.0,510.0,1.0,0.0,0.0,0.0,1.0,1.0,1024.0,665.0,0.011078477443609,Male,White,True,Male_White,0.0
17051,36--Football/36_Football_Football_36_110.jpg,78.0,159.0,110.0,199.0,1.0,0.0,0.0,0.0,0.0,0.0,1024.0,641.0,0.0019500780031201,Male,White,True,Male_White,0.0
17052,36--Football/36_Football_Football_36_110.jpg,183.0,156.0,215.0,196.0,1.0,0.0,0.0,0.0,0.0,0.0,1024.0,641.0,0.0019500780031201,Male,White,True,Male_White,0.0
17053,36--Football/36_Football_Football_36_110.jpg,131.0,314.0,165.0,363.0,1.0,0.0,0.0,0.0,0.0,0.0,1024.0,641.0,0.002538148400936,Male,White,True,Male_White,0.0
17054,36--Football/36_Football_Football_36_110.jpg,222.0,309.0,257.0,360.0,1.0,0.0,0.0,0.0,0.0,0.0,1024.0,641.0,0.0027194447152886,Male,White,True,Male_White,0.0
17055,36--Football/36_Football_Football_36_110.jpg,289.0,158.0,323.0,207.0,1.0,0.0,0.0,0.0,0.0,0.0,1024.0,641.0,0.002538148400936,Male,White,True,Male_White,0.0
17056,36--Football/36_Football_Football_36_110.jpg,398.0,151.0,432.0,195.0,1.0,0.0,0.0,0.0,0.0,0.0,1024.0,641.0,0.0022791536661466,Male,White,True,Male_White,0.0
17057,36--Football/36_Football_Football_36_110.jpg,383.0,303.0,418.0,353.0,1.0,0.0,0.0,0.0,0.0,0.0,1024.0,641.0,0.0026661222698907,Male,White,True,Male_White,0.0
17058,36--Football/36_Football_Football_36_110.jpg,507.0,144.0,538.0,187.0,1.0,0.0,0.0,0.0,0.0,0.0,1024.0,641.0,0.0020308234204368,Male,White,True,Male_White,0.0
17059,36--Football/36_Football_Football_36_110.jpg,506.0,330.0,538.0,377.0,1.0,0.0,0.0,0.0,0.0,0.0,1024.0,641.0,0.0022913416536661,Male,White,True,Male_White,0.0
17060,36--Football/36_Football_Football_36_110.jpg,603.0,144.0,635.0,182.0,1.0,0.0,0.0,0.0,0.0,0.0,1024.0,641.0,0.0018525741029641,Male,White,True,Male_White,0.0
17061,36--Football/36_Football_Football_36_110.jpg,637.0,297.0,672.0,339.0,1.0,0.0,0.0,0.0,0.0,0.0,1024.0,641.0,0.0022395427067082,Male,White,True,Male_White,0.0
17062,36--Football/36_Football_Football_36_110.jpg,715.0,123.0,746.0,164.0,1.0,0.0,0.0,0.0,0.0,0.0,1024.0,641.0,0.0019363665171606,Male,White,True,Male_White,0.0
17063,36--Football/36_Football_Football_36_110.jpg,814.0,159.0,847.0,203.0,1.0,0.0,0.0,0.0,0.0,0.0,1024.0,641.0,0.0022121197347893,Male,White,True,Male_White,0.0
17064,36--Football/36_Football_Football_36_110.jpg,779.0,273.0,817.0,318.0,1.0,0.0,0.0,0.0,0.0,0.0,1024.0,641.0,0.0026051823322932,Male,White,True,Male_White,0.0
17067,36--Football/36_Football_americanfootball_ball_36_631.jpg,418.0,126.0,580.0,316.0,0.0,0.0,0.0,0.0,0.0,0.0,1024.0,559.0,0.053772081842576,Male,White,True,Male_White,1.0
17078,36--Football/36_Football_Football_36_23.jpg,228.0,60.0,282.0,134.0,1.0,1.0,0.0,0.0,0.0,0.0,1024.0,677.0,0.0057641709748892,Male,Black,True,Male_Black,0.0
17079,36--Football/36_Football_Football_36_23.jpg,378.0,96.0,440.0,166.0,1.0,0.0,0.0,0.0,0.0,0.0,1024.0,677.0,0.0062603858936484,Male,White,True,Male_White,0.0
17080,36--Football/36_Football_Football_36_23.jpg,604.0,44.0,656.0,126.0,1.0,0.0,0.0,0.0,0.0,0.0,1024.0,677.0,0.0061507570162481,Male,Black,True,Male_Black,0.0
17081,36--Football/36_Football_Football_36_23.jpg,738.0,52.0,790.0,130.0,0.0,0.0,0.0,0.0,0.0,0.0,1024.0,677.0,0.0058507200886262,Male,White,True,Male_White,0.0
17082,36--Football/36_Football_americanfootball_ball_36_273.jpg,322.0,226.0,396.0,300.0,0.0,0.0,0.0,0.0,0.0,1.0,1024.0,768.0,0.0069630940755208,Male,White,True,Male_White,0.0
17085,36--Football/36_Football_americanfootball_ball_36_111.jpg,466.0,142.0,596.0,293.0,0.0,0.0,1.0,0.0,1.0,0.0,1024.0,1581.0,0.0121251877767235,Male,Black,True,Male_Black,0.0
17088,37--Soccer/37_Soccer_Soccer_37_263.jpg,687.0,144.0,722.0,192.0,1.0,0.0,0.0,0.0,0.0,0.0,1024.0,768.0,0.00213623046875,Male,White,True,Male_White,0.0
17089,37--Soccer/37_Soccer_soccer_ball_37_150.jpg,350.0,42.0,414.0,136.0,0.0,1.0,1.0,0.0,0.0,0.0,1024.0,740.0,0.0079391891891891,Male,White,True,Male_White,0.0
17090,37--Soccer/37_Soccer_soccer_ball_37_994.jpg,242.0,68.0,322.0,178.0,0.0,0.0,0.0,0.0,0.0,0.0,1024.0,576.0,0.0149197048611111,Male,White,True,Male_White,0.0
17095,37--Soccer/37_Soccer_soccer_ball_37_32.jpg,370.0,130.0,428.0,208.0,0.0,0.0,0.0,0.0,0.0,0.0,1024.0,722.0,0.0061190702908587,Male,White,True,Male_White,0.0
17099,37--Soccer/37_Soccer_soccer_ball_37_867.jpg,687.0,108.0,733.0,175.0,0.0,1.0,0.0,0.0,0.0,0.0,1024.0,820.0,0.0036704458841463,Male,Asian,True,Male_Asian,0.0
17100,37--Soccer/37_Soccer_soccer_ball_37_867.jpg,508.0,59.0,557.0,132.0,0.0,1.0,0.0,0.0,0.0,0.0,1024.0,820.0,0.0042599561737804,Male,Asian,True,Male_Asian,0.0
17101,37--Soccer/37_Soccer_soccer_ball_37_867.jpg,518.0,219.0,568.0,291.0,0.0,1.0,0.0,0.0,0.0,0.0,1024.0,820.0,0.0042873475609756,Male,Asian,True,Male_Asian,0.0
17102,37--Soccer/37_Soccer_soccer_ball_37_867.jpg,900.0,231.0,941.0,282.0,0.0,1.0,0.0,0.0,0.0,0.0,1024.0,820.0,0.002490234375,Male,Asian,True,Male_Asian,0.0
17103,37--Soccer/37_Soccer_soccer_ball_37_867.jpg,385.0,206.0,418.0,256.0,0.0,1.0,0.0,0.0,0.0,0.0,1024.0,820.0,0.0019650342987804,Male,Asian,True,Male_Asian,0.0
17104,37--Soccer/37_Soccer_soccer_ball_37_867.jpg,252.0,238.0,296.0,305.0,0.0,1.0,0.0,0.0,0.0,0.0,1024.0,820.0,0.0035108612804878,Male,Asian,True,Male_Asian,0.0
17105,37--Soccer/37_Soccer_soccer_ball_37_867.jpg,85.0,287.0,114.0,333.0,0.0,1.0,0.0,0.0,0.0,0.0,1024.0,820.0,0.001588700457317,Male,Asian,True,Male_Asian,0.0
17108,37--Soccer/37_Soccer_soccer_ball_37_1001.jpg,344.0,190.0,586.0,429.0,0.0,0.0,0.0,0.0,0.0,0.0,1024.0,1545.0,0.0365582018608414,Male,White,True,Male_White,1.0
17109,37--Soccer/37_Soccer_soccer_ball_37_506.jpg,692.0,254.0,721.0,293.0,1.0,0.0,0.0,0.0,0.0,0.0,1024.0,576.0,0.0019175211588541,Male,White,True,Male_White,0.0
17110,37--Soccer/37_Soccer_soccer_ball_37_506.jpg,608.0,261.0,641.0,306.0,1.0,0.0,1.0,0.0,0.0,0.0,1024.0,576.0,0.0025177001953125,Male,White,True,Male_White,0.0
17111,37--Soccer/37_Soccer_soccer_ball_37_506.jpg,405.0,241.0,434.0,282.0,1.0,0.0,0.0,0.0,0.0,0.0,1024.0,576.0,0.0020158555772569,Male,Black,True,Male_Black,0.0
17112,37--Soccer/37_Soccer_soccer_ball_37_506.jpg,457.0,236.0,487.0,273.0,1.0,0.0,0.0,0.0,0.0,0.0,1024.0,576.0,0.0018819173177083,Male,White,True,Male_White,0.0
17122,37--Soccer/37_Soccer_soccer_ball_37_512.jpg,504.0,68.0,564.0,170.0,0.0,1.0,0.0,0.0,0.0,0.0,1024.0,768.0,0.007781982421875,Male,White,True,Male_White,0.0
17126,37--Soccer/37_Soccer_soccer_ball_37_74.jpg,540.0,164.0,780.0,455.0,0.0,0.0,0.0,0.0,0.0,0.0,1024.0,1450.0,0.0470366379310344,Male,White,True,Male_White,1.0
17135,37--Soccer/37_Soccer_soccer_ball_37_28.jpg,369.0,141.0,405.0,206.0,1.0,0.0,0.0,0.0,0.0,0.0,1024.0,699.0,0.0032691791845493,Male,White,True,Male_White,0.0
17136,37--Soccer/37_Soccer_soccer_ball_37_28.jpg,381.0,99.0,421.0,158.0,0.0,0.0,0.0,0.0,1.0,0.0,1024.0,699.0,0.0032971208869814,Male,White,True,Male_White,0.0
17137,37--Soccer/37_Soccer_soccer_ball_37_28.jpg,616.0,40.0,659.0,94.0,0.0,1.0,0.0,0.0,0.0,0.0,1024.0,699.0,0.0032440316523605,Male,White,True,Male_White,0.0
17138,37--Soccer/37_Soccer_soccer_ball_37_28.jpg,726.0,38.0,760.0,87.0,0.0,0.0,0.0,0.0,0.0,0.0,1024.0,699.0,0.0023275438125894,Male,White,True,Male_White,0.0
17141,37--Soccer/37_Soccer_soccer_ball_37_818.jpg,562.0,102.0,624.0,178.0,0.0,0.0,0.0,0.0,0.0,0.0,1024.0,768.0,0.0059916178385416,Male,White,True,Male_White,0.0
17142,37--Soccer/37_Soccer_soccer_ball_37_818.jpg,646.0,8.0,720.0,106.0,0.0,0.0,0.0,0.0,0.0,0.0,1024.0,768.0,0.0092213948567708,Male,White,True,Male_White,0.0
17143,37--Soccer/37_Soccer_soccer_ball_37_818.jpg,60.0,78.0,184.0,234.0,1.0,0.0,1.0,0.0,0.0,0.0,1024.0,768.0,0.02459716796875,Male,White,True,Male_White,0.0
17163,38--Tennis/38_Tennis_Tennis_38_81.jpg,703.0,167.0,875.0,355.0,0.0,0.0,1.0,0.0,0.0,0.0,1024.0,1359.0,0.0232362950699043,Male,White,True,Male_White,0.0
17166,38--Tennis/38_Tennis_Tennis_38_592.jpg,267.0,147.0,309.0,206.0,0.0,0.0,0.0,0.0,0.0,0.0,1024.0,683.0,0.0035430774158125,Male,White,True,Male_White,0.0
17167,38--Tennis/38_Tennis_Tennis_38_717.jpg,196.0,366.0,874.0,1157.0,0.0,0.0,0.0,0.0,0.0,0.0,1024.0,1451.0,0.3609431534286699,Male,Asian,True,Male_Asian,13.0
17168,38--Tennis/38_Tennis_Tennis_38_300.jpg,272.0,84.0,424.0,288.0,0.0,0.0,0.0,0.0,0.0,0.0,1024.0,567.0,0.0534060846560846,Male,White,True,Male_White,1.0
17171,38--Tennis/38_Tennis_Tennis_38_531.jpg,730.0,472.0,796.0,560.0,1.0,0.0,0.0,0.0,0.0,0.0,1024.0,768.0,0.00738525390625,Male,White,True,Male_White,0.0
17175,38--Tennis/38_Tennis_Tennis_38_319.jpg,590.0,94.0,812.0,406.0,0.0,0.0,0.0,0.0,0.0,0.0,1024.0,699.0,0.0967677038626609,Male,White,True,Male_White,3.0
17176,38--Tennis/38_Tennis_Tennis_38_420.jpg,638.0,50.0,690.0,124.0,1.0,0.0,0.0,0.0,0.0,0.0,1024.0,684.0,0.0054938779239766,Male,White,True,Male_White,0.0
17177,38--Tennis/38_Tennis_Tennis_38_182.jpg,252.0,100.0,420.0,334.0,0.0,0.0,0.0,0.0,0.0,0.0,1024.0,768.0,0.04998779296875,Male,White,True,Male_White,1.0
17182,38--Tennis/38_Tennis_Tennis_38_666.jpg,382.0,190.0,486.0,294.0,0.0,1.0,0.0,0.0,0.0,1.0,1024.0,768.0,0.0137532552083333,Male,White,True,Male_White,0.0
17221,39--Ice_Skating/39_Ice_Skating_iceskiing_39_777.jpg,690.0,234.0,746.0,314.0,1.0,0.0,0.0,0.0,1.0,0.0,1024.0,696.0,0.0062859195402298,Male,White,True,Male_White,0.0
17222,39--Ice_Skating/39_Ice_Skating_Ice_Skating_39_275.jpg,584.0,100.0,638.0,188.0,1.0,0.0,0.0,0.0,0.0,0.0,1024.0,936.0,0.0049579326923076,Male,White,True,Male_White,0.0
17226,39--Ice_Skating/39_Ice_Skating_Ice_Skating_39_682.jpg,275.0,154.0,389.0,268.0,0.0,0.0,0.0,0.0,0.0,1.0,1024.0,1215.0,0.0104456018518518,Male,White,True,Male_White,0.0
17234,39--Ice_Skating/39_Ice_Skating_iceskiing_39_941.jpg,741.0,500.0,817.0,599.0,1.0,0.0,0.0,0.0,0.0,0.0,1024.0,1209.0,0.0060774658808933,Male,White,True,Male_White,0.0
17238,39--Ice_Skating/39_Ice_Skating_Ice_Skating_39_44.jpg,406.0,109.0,493.0,234.0,0.0,0.0,0.0,0.0,0.0,0.0,1024.0,1168.0,0.0090925660851883,Male,White,True,Male_White,0.0
17246,39--Ice_Skating/39_Ice_Skating_iceskiing_39_77.jpg,598.0,124.0,652.0,184.0,0.0,0.0,0.0,0.0,0.0,0.0,1024.0,686.0,0.0046123360058309,Male,White,True,Male_White,0.0
17265,4--Dancing/4_Dancing_Dancing_4_162.jpg,218.0,170.0,464.0,448.0,0.0,0.0,0.0,0.0,0.0,0.0,1024.0,672.0,0.0993826729910714,Male,White,True,Male_White,3.0
17284,4--Dancing/4_Dancing_Dancing_4_960.jpg,398.0,94.0,614.0,362.0,0.0,0.0,0.0,0.0,0.0,0.0,1024.0,1006.0,0.0561940854870775,Male,White,True,Male_White,2.0
17301,40--Gymnastics/40_Gymnastics_Gymnastics_40_521.jpg,244.0,104.0,306.0,191.0,0.0,0.0,0.0,0.0,0.0,0.0,1024.0,768.0,0.0068588256835937,Male,White,True,Male_White,0.0
17302,40--Gymnastics/40_Gymnastics_Gymnastics_40_521.jpg,317.0,425.0,381.0,501.0,0.0,0.0,0.0,0.0,0.0,0.0,1024.0,768.0,0.0061848958333333,Male,White,True,Male_White,0.0
17303,40--Gymnastics/40_Gymnastics_Gymnastics_40_521.jpg,490.0,313.0,558.0,406.0,0.0,0.0,0.0,0.0,0.0,0.0,1024.0,768.0,0.0080413818359375,Male,Black,True,Male_Black,0.0
17304,40--Gymnastics/40_Gymnastics_Gymnastics_40_521.jpg,641.0,90.0,702.0,157.0,0.0,0.0,0.0,0.0,0.0,0.0,1024.0,768.0,0.0051968892415364,Male,White,True,Male_White,0.0
17366,40--Gymnastics/40_Gymnastics_Gymnastics_40_920.jpg,122.0,156.0,188.0,236.0,0.0,0.0,0.0,0.0,0.0,0.0,1024.0,693.0,0.0074404761904761,Male,White,True,Male_White,0.0
17367,40--Gymnastics/40_Gymnastics_Gymnastics_40_920.jpg,256.0,170.0,322.0,250.0,0.0,0.0,0.0,0.0,0.0,0.0,1024.0,693.0,0.0074404761904761,Male,Asian,True,Male_Asian,0.0
17368,40--Gymnastics/40_Gymnastics_Gymnastics_40_920.jpg,394.0,168.0,452.0,256.0,0.0,0.0,0.0,0.0,0.0,0.0,1024.0,693.0,0.0071924603174603,Male,White,True,Male_White,0.0
17369,40--Gymnastics/40_Gymnastics_Gymnastics_40_920.jpg,484.0,172.0,546.0,252.0,0.0,0.0,0.0,0.0,0.0,0.0,1024.0,693.0,0.0069895382395382,Male,White,True,Male_White,0.0
17370,40--Gymnastics/40_Gymnastics_Gymnastics_40_920.jpg,564.0,154.0,646.0,232.0,0.0,0.0,0.0,0.0,0.0,0.0,1024.0,693.0,0.0090131222943722,Male,Indian,True,Male_Indian,0.0
17371,40--Gymnastics/40_Gymnastics_Gymnastics_40_920.jpg,744.0,128.0,822.0,220.0,0.0,0.0,0.0,0.0,0.0,0.0,1024.0,693.0,0.0101122835497835,Male,White,True,Male_White,0.0
17394,41--Swimming/41_Swimming_Swimming_41_580.jpg,458.0,122.0,618.0,342.0,0.0,0.0,0.0,0.0,0.0,0.0,1024.0,683.0,0.050329428989751,Male,White,True,Male_White,1.0
17396,41--Swimming/41_Swimming_Swimmer_41_935.jpg,440.0,10.0,820.0,508.0,0.0,0.0,0.0,0.0,0.0,0.0,1024.0,681.0,0.2713725220264317,Male,White,True,Male_White,10.0
17397,41--Swimming/41_Swimming_Swimmer_41_449.jpg,648.0,282.0,700.0,338.0,1.0,1.0,0.0,0.0,0.0,1.0,1024.0,678.0,0.0041943215339233,Male,White,True,Male_White,0.0
17400,41--Swimming/41_Swimming_Swimming_41_641.jpg,472.0,16.0,700.0,278.0,0.0,1.0,0.0,0.0,0.0,0.0,1024.0,576.0,0.1012776692708333,Male,Asian,True,Male_Asian,3.0
17403,41--Swimming/41_Swimming_Swimming_41_283.jpg,728.0,208.0,820.0,356.0,0.0,1.0,0.0,0.0,0.0,0.0,1024.0,683.0,0.0194683382137628,Male,White,True,Male_White,0.0
17409,41--Swimming/41_Swimming_Swimmer_41_610.jpg,462.0,102.0,630.0,330.0,0.0,0.0,0.0,0.0,0.0,0.0,1024.0,527.0,0.0709796015180265,Male,White,True,Male_White,2.0
17412,41--Swimming/41_Swimming_Swimmer_41_773.jpg,120.0,78.0,528.0,618.0,0.0,0.0,0.0,0.0,0.0,0.0,1024.0,683.0,0.3150164714494876,Male,White,True,Male_White,11.0
17413,41--Swimming/41_Swimming_Swimming_41_161.jpg,416.0,184.0,704.0,582.0,0.0,0.0,0.0,0.0,0.0,0.0,1024.0,768.0,0.145751953125,Male,Black,True,Male_Black,5.0
17415,41--Swimming/41_Swimming_Swimming_41_535.jpg,552.0,344.0,726.0,476.0,0.0,1.0,0.0,0.0,0.0,1.0,1024.0,615.0,0.0364710365853658,Male,Asian,True,Male_Asian,1.0
17416,41--Swimming/41_Swimming_Swimming_41_73.jpg,132.0,220.0,260.0,354.0,0.0,0.0,0.0,0.0,1.0,0.0,1024.0,640.0,0.026171875,Male,White,True,Male_White,0.0
17421,41--Swimming/41_Swimming_Swimmer_41_483.jpg,400.0,92.0,622.0,420.0,0.0,0.0,0.0,0.0,0.0,0.0,1024.0,492.0,0.14453125,Male,White,True,Male_White,5.0
17425,41--Swimming/41_Swimming_Swimmer_41_718.jpg,87.0,324.0,795.0,1155.0,0.0,0.0,0.0,0.0,0.0,0.0,1024.0,1396.0,0.4115749238896848,Male,White,True,Male_White,
17427,41--Swimming/41_Swimming_Swimmer_41_232.jpg,532.0,290.0,704.0,556.0,0.0,0.0,0.0,0.0,0.0,0.0,1024.0,742.0,0.0602152122641509,Male,White,True,Male_White,2.0
17430,41--Swimming/41_Swimming_Swimmer_41_564.jpg,192.0,252.0,286.0,356.0,1.0,0.0,0.0,0.0,0.0,0.0,1024.0,641.0,0.0148937207488299,Male,White,True,Male_White,0.0
17432,41--Swimming/41_Swimming_Swimmer_41_26.jpg,554.0,164.0,814.0,408.0,0.0,1.0,0.0,0.0,0.0,1.0,1024.0,683.0,0.0907073572474377,Male,White,True,Male_White,3.0
17433,41--Swimming/41_Swimming_Swimmer_41_399.jpg,382.0,228.0,598.0,484.0,0.0,0.0,0.0,0.0,0.0,0.0,1024.0,683.0,0.0790629575402635,Male,White,True,Male_White,2.0
17442,41--Swimming/41_Swimming_Swimming_41_472.jpg,118.0,126.0,552.0,668.0,0.0,0.0,0.0,0.0,0.0,0.0,1024.0,681.0,0.3373198880323054,Male,White,True,Male_White,12.0
17444,41--Swimming/41_Swimming_Swimmer_41_376.jpg,452.0,108.0,660.0,368.0,0.0,0.0,0.0,0.0,0.0,0.0,1024.0,683.0,0.0773243045387994,Male,White,True,Male_White,2.0
17446,41--Swimming/41_Swimming_Swimmer_41_275.jpg,230.0,154.0,794.0,720.0,0.0,0.0,0.0,0.0,0.0,0.0,1024.0,839.0,0.3715639898688915,Male,White,True,Male_White,13.0
17453,41--Swimming/41_Swimming_Swimmer_41_507.jpg,300.0,271.0,639.0,745.0,0.0,0.0,0.0,0.0,0.0,0.0,1024.0,1052.0,0.1491634238355513,Male,White,True,Male_White,5.0
17454,41--Swimming/41_Swimming_Swimmer_41_440.jpg,414.0,122.0,604.0,404.0,0.0,1.0,0.0,0.0,0.0,0.0,1024.0,640.0,0.081756591796875,Male,White,True,Male_White,3.0
17457,41--Swimming/41_Swimming_Swimming_41_714.jpg,492.0,246.0,604.0,400.0,0.0,1.0,0.0,0.0,0.0,0.0,1024.0,682.0,0.0246975806451612,Male,White,True,Male_White,0.0
17466,42--Car_Racing/42_Car_Racing_Car_Racing_42_939.jpg,749.0,185.0,792.0,232.0,1.0,0.0,0.0,0.0,0.0,0.0,1024.0,722.0,0.002733563452216,Male,White,True,Male_White,0.0
17467,42--Car_Racing/42_Car_Racing_Nascar_42_661.jpg,821.0,254.0,850.0,297.0,1.0,0.0,0.0,0.0,0.0,0.0,1024.0,740.0,0.0016456397804054,Male,White,True,Male_White,0.0
17471,42--Car_Racing/42_Car_Racing_Nascar_42_911.jpg,510.0,168.0,788.0,490.0,0.0,0.0,0.0,0.0,0.0,0.0,1024.0,768.0,0.1138254801432291,Male,White,True,Male_White,4.0
17481,43--Row_Boat/43_Row_Boat_Canoe_43_757.jpg,517.0,205.0,562.0,260.0,0.0,0.0,0.0,0.0,0.0,0.0,1024.0,683.0,0.0035387879758418,Male,White,True,Male_White,0.0
17483,43--Row_Boat/43_Row_Boat_Canoe_43_881.jpg,262.0,284.0,888.0,668.0,0.0,0.0,0.0,0.0,0.0,1.0,1024.0,1014.0,0.2315088757396449,Male,White,True,Male_White,8.0
17485,43--Row_Boat/43_Row_Boat_Canoe_43_1048.jpg,209.0,218.0,266.0,290.0,0.0,0.0,0.0,0.0,0.0,0.0,1024.0,576.0,0.0069580078125,Male,White,True,Male_White,0.0
17486,43--Row_Boat/43_Row_Boat_Canoe_43_1048.jpg,334.0,237.0,390.0,315.0,0.0,0.0,0.0,0.0,0.0,0.0,1024.0,576.0,0.0074055989583333,Male,White,True,Male_White,0.0
17487,43--Row_Boat/43_Row_Boat_Canoe_43_1048.jpg,437.0,283.0,490.0,350.0,0.0,0.0,0.0,0.0,0.0,0.0,1024.0,576.0,0.0060204399956597,Male,White,True,Male_White,0.0
17488,43--Row_Boat/43_Row_Boat_Canoe_43_1048.jpg,567.0,248.0,618.0,326.0,0.0,0.0,0.0,0.0,0.0,0.0,1024.0,576.0,0.006744384765625,Male,White,True,Male_White,0.0
17489,43--Row_Boat/43_Row_Boat_Canoe_43_1048.jpg,667.0,268.0,719.0,337.0,0.0,0.0,0.0,0.0,0.0,0.0,1024.0,576.0,0.0060831705729166,Male,White,True,Male_White,0.0
17490,43--Row_Boat/43_Row_Boat_Canoe_43_1048.jpg,760.0,231.0,818.0,300.0,0.0,0.0,0.0,0.0,0.0,0.0,1024.0,576.0,0.0067850748697916,Male,White,True,Male_White,0.0
17491,43--Row_Boat/43_Row_Boat_Canoe_43_125.jpg,196.0,166.0,233.0,219.0,1.0,0.0,0.0,0.0,0.0,0.0,1024.0,768.0,0.0024935404459635,Male,White,True,Male_White,0.0
17492,43--Row_Boat/43_Row_Boat_Canoe_43_125.jpg,422.0,212.0,457.0,259.0,1.0,0.0,0.0,0.0,0.0,0.0,1024.0,768.0,0.0020917256673177,Male,White,True,Male_White,0.0
17493,43--Row_Boat/43_Row_Boat_Canoe_43_125.jpg,596.0,229.0,637.0,279.0,1.0,0.0,0.0,0.0,0.0,0.0,1024.0,768.0,0.002606709798177,Male,White,True,Male_White,0.0
17496,43--Row_Boat/43_Row_Boat_Canoe_43_956.jpg,356.0,158.0,414.0,216.0,0.0,0.0,1.0,0.0,0.0,1.0,1024.0,683.0,0.0048098920204978,Male,White,True,Male_White,0.0
17498,43--Row_Boat/43_Row_Boat_Canoe_43_81.jpg,278.0,121.0,321.0,170.0,1.0,0.0,0.0,0.0,0.0,0.0,1024.0,664.0,0.003098821065512,Male,White,True,Male_White,0.0
17500,43--Row_Boat/43_Row_Boat_Canoe_43_133.jpg,498.0,102.0,558.0,190.0,0.0,0.0,0.0,0.0,0.0,0.0,1024.0,555.0,0.0092905405405405,Male,White,True,Male_White,0.0
17503,43--Row_Boat/43_Row_Boat_Canoe_43_341.jpg,403.0,592.0,462.0,691.0,0.0,0.0,0.0,0.0,0.0,1.0,1024.0,1366.0,0.0041757698114934,Male,White,True,Male_White,0.0
17504,43--Row_Boat/43_Row_Boat_Canoe_43_1047.jpg,474.0,22.0,582.0,188.0,0.0,0.0,0.0,0.0,0.0,0.0,1024.0,577.0,0.030342829289428,Male,Indian,True,Male_Indian,1.0
17612,46--Jockey/46_Jockey_Jockey_46_933.jpg,220.0,142.0,336.0,320.0,0.0,0.0,0.0,0.0,0.0,0.0,1024.0,768.0,0.0262552897135416,Male,White,True,Male_White,0.0
17613,46--Jockey/46_Jockey_Jockey_46_933.jpg,422.0,130.0,558.0,302.0,0.0,0.0,0.0,0.0,0.0,0.0,1024.0,768.0,0.0297444661458333,Male,Black,True,Male_Black,1.0
17614,46--Jockey/46_Jockey_Jockey_46_933.jpg,650.0,130.0,770.0,300.0,0.0,0.0,0.0,0.0,0.0,0.0,1024.0,768.0,0.02593994140625,Male,White,True,Male_White,0.0
17622,46--Jockey/46_Jockey_Jockey_46_352.jpg,87.0,148.0,135.0,205.0,1.0,0.0,0.0,0.0,0.0,0.0,1024.0,671.0,0.0039819299552906,Male,Indian,True,Male_Indian,0.0
17623,46--Jockey/46_Jockey_Jockey_46_352.jpg,167.0,236.0,216.0,297.0,1.0,0.0,0.0,0.0,0.0,0.0,1024.0,671.0,0.0043501420454545,Male,Indian,True,Male_Indian,0.0
17624,46--Jockey/46_Jockey_Jockey_46_352.jpg,300.0,251.0,345.0,310.0,1.0,0.0,0.0,0.0,0.0,0.0,1024.0,671.0,0.0038640438710879,Male,Indian,True,Male_Indian,0.0
17625,46--Jockey/46_Jockey_Jockey_46_352.jpg,207.0,140.0,250.0,193.0,1.0,0.0,0.0,0.0,0.0,0.0,1024.0,671.0,0.0033168195789865,Male,Indian,True,Male_Indian,0.0
17626,46--Jockey/46_Jockey_Jockey_46_352.jpg,221.0,46.0,261.0,97.0,1.0,0.0,0.0,0.0,0.0,0.0,1024.0,671.0,0.0029689828614008,Male,Indian,True,Male_Indian,0.0
17627,46--Jockey/46_Jockey_Jockey_46_352.jpg,337.0,42.0,373.0,91.0,1.0,0.0,0.0,0.0,0.0,0.0,1024.0,671.0,0.0025672969448584,Male,Indian,True,Male_Indian,0.0
17628,46--Jockey/46_Jockey_Jockey_46_352.jpg,420.0,74.0,456.0,119.0,1.0,0.0,0.0,0.0,0.0,0.0,1024.0,671.0,0.0023577216840536,Male,Indian,True,Male_Indian,0.0
17629,46--Jockey/46_Jockey_Jockey_46_352.jpg,337.0,121.0,377.0,175.0,1.0,0.0,0.0,0.0,0.0,0.0,1024.0,671.0,0.0031436289120715,Male,Indian,True,Male_Indian,0.0
17630,46--Jockey/46_Jockey_Jockey_46_352.jpg,436.0,246.0,479.0,307.0,1.0,0.0,0.0,0.0,0.0,0.0,1024.0,671.0,0.003817471590909,Male,Indian,True,Male_Indian,0.0
17631,46--Jockey/46_Jockey_Jockey_46_352.jpg,495.0,181.0,531.0,229.0,1.0,0.0,0.0,0.0,0.0,0.0,1024.0,671.0,0.0025149031296572,Male,Indian,True,Male_Indian,0.0
17632,46--Jockey/46_Jockey_Jockey_46_352.jpg,521.0,71.0,553.0,116.0,1.0,0.0,0.0,0.0,0.0,0.0,1024.0,671.0,0.0020957526080476,Male,Indian,True,Male_Indian,0.0
17633,46--Jockey/46_Jockey_Jockey_46_352.jpg,611.0,65.0,646.0,113.0,1.0,0.0,0.0,0.0,0.0,0.0,1024.0,671.0,0.0024450447093889,Male,Indian,True,Male_Indian,0.0
17634,46--Jockey/46_Jockey_Jockey_46_352.jpg,631.0,144.0,670.0,198.0,1.0,0.0,0.0,0.0,0.0,0.0,1024.0,671.0,0.0030650381892697,Male,Indian,True,Male_Indian,0.0
17635,46--Jockey/46_Jockey_Jockey_46_352.jpg,558.0,242.0,601.0,296.0,1.0,0.0,0.0,0.0,0.0,0.0,1024.0,671.0,0.0033794010804769,Male,Indian,True,Male_Indian,0.0
17636,46--Jockey/46_Jockey_Jockey_46_352.jpg,678.0,232.0,721.0,291.0,1.0,0.0,0.0,0.0,0.0,0.0,1024.0,671.0,0.0036923085879284,Male,Indian,True,Male_Indian,0.0
17637,46--Jockey/46_Jockey_Jockey_46_352.jpg,694.0,68.0,728.0,115.0,1.0,0.0,0.0,0.0,0.0,0.0,1024.0,671.0,0.0023257032414307,Male,Indian,True,Male_Indian,0.0
17638,46--Jockey/46_Jockey_Jockey_46_352.jpg,791.0,55.0,828.0,103.0,1.0,0.0,0.0,0.0,0.0,0.0,1024.0,671.0,0.0025847615499254,Male,Indian,True,Male_Indian,0.0
17639,46--Jockey/46_Jockey_Jockey_46_352.jpg,779.0,135.0,819.0,187.0,1.0,0.0,0.0,0.0,0.0,0.0,1024.0,671.0,0.0030271982116244,Male,Indian,True,Male_Indian,0.0
17640,46--Jockey/46_Jockey_Jockey_46_352.jpg,902.0,131.0,945.0,187.0,1.0,0.0,0.0,0.0,0.0,0.0,1024.0,671.0,0.0035045640834575,Male,Indian,True,Male_Indian,0.0
17641,46--Jockey/46_Jockey_Jockey_46_352.jpg,809.0,226.0,856.0,284.0,1.0,0.0,0.0,0.0,0.0,0.0,1024.0,671.0,0.0039673761177347,Male,Indian,True,Male_Indian,0.0
17653,47--Matador_Bullfighter/47_Matador_Bullfighter_Matador_Bullfighter_47_195.jpg,288.0,8.0,339.0,65.0,1.0,0.0,0.0,0.0,0.0,0.0,1024.0,818.0,0.0034704977842298,Male,White,True,Male_White,0.0
17654,47--Matador_Bullfighter/47_Matador_Bullfighter_Matador_Bullfighter_47_195.jpg,895.0,241.0,963.0,333.0,0.0,1.0,0.0,0.0,0.0,0.0,1024.0,818.0,0.007468673594132,Male,White,True,Male_White,0.0
17655,47--Matador_Bullfighter/47_Matador_Bullfighter_Matador_Bullfighter_47_195.jpg,756.0,97.0,818.0,172.0,0.0,0.0,0.0,0.0,0.0,0.0,1024.0,818.0,0.0055513638447432,Male,White,True,Male_White,0.0
17656,47--Matador_Bullfighter/47_Matador_Bullfighter_Matador_Bullfighter_47_195.jpg,702.0,109.0,751.0,187.0,1.0,1.0,0.0,0.0,1.0,0.0,1024.0,818.0,0.0045628629278728,Male,White,True,Male_White,0.0
17657,47--Matador_Bullfighter/47_Matador_Bullfighter_Matador_Bullfighter_47_195.jpg,570.0,115.0,624.0,198.0,0.0,0.0,0.0,0.0,0.0,0.0,1024.0,818.0,0.0053507984413202,Male,White,True,Male_White,0.0
17661,47--Matador_Bullfighter/47_Matador_Bullfighter_matadorbullfighting_47_746.jpg,512.0,263.0,567.0,315.0,1.0,0.0,0.0,0.0,0.0,0.0,1024.0,680.0,0.0041073069852941,Male,White,True,Male_White,0.0
17665,47--Matador_Bullfighter/47_Matador_Bullfighter_matadorbullfighting_47_845.jpg,547.0,267.0,937.0,784.0,0.0,0.0,0.0,0.0,0.0,0.0,1024.0,1536.0,0.1281929016113281,Male,White,True,Male_White,4.0
17666,47--Matador_Bullfighter/47_Matador_Bullfighter_matadorbullfighting_47_561.jpg,214.0,8.0,274.0,58.0,1.0,0.0,0.0,0.0,0.0,0.0,1024.0,768.0,0.003814697265625,Male,White,True,Male_White,0.0
17667,47--Matador_Bullfighter/47_Matador_Bullfighter_matadorbullfighting_47_405.jpg,834.0,286.0,888.0,368.0,1.0,0.0,0.0,0.0,0.0,1.0,1024.0,653.0,0.0066220807810107,Male,White,True,Male_White,0.0
17670,47--Matador_Bullfighter/47_Matador_Bullfighter_matadorbullfighting_47_812.jpg,486.0,336.0,561.0,438.0,0.0,0.0,1.0,0.0,0.0,0.0,1024.0,1536.0,0.0048637390136718,Male,White,True,Male_White,0.0
17671,47--Matador_Bullfighter/47_Matador_Bullfighter_matadorbullfighting_47_641.jpg,382.0,273.0,599.0,512.0,0.0,0.0,0.0,0.0,0.0,0.0,1024.0,1261.0,0.0401645209655035,Male,White,True,Male_White,1.0
17672,47--Matador_Bullfighter/47_Matador_Bullfighter_matadorbullfighting_47_777.jpg,582.0,126.0,796.0,366.0,0.0,0.0,0.0,0.0,0.0,0.0,1024.0,682.0,0.0735428885630498,Male,White,True,Male_White,2.0
17683,47--Matador_Bullfighter/47_Matador_Bullfighter_matadorbullfighting_47_38.jpg,628.0,91.0,674.0,136.0,1.0,0.0,0.0,0.0,0.0,1.0,1024.0,686.0,0.0029467702259475,Male,White,True,Male_White,0.0
17693,47--Matador_Bullfighter/47_Matador_Bullfighter_matadorbullfighting_47_936.jpg,656.0,16.0,742.0,128.0,0.0,1.0,0.0,0.0,0.0,0.0,1024.0,683.0,0.01377196193265,Male,White,True,Male_White,0.0
17694,47--Matador_Bullfighter/47_Matador_Bullfighter_matadorbullfighting_47_266.jpg,252.0,100.0,314.0,172.0,1.0,0.0,0.0,0.0,0.0,0.0,1024.0,640.0,0.0068115234375,Male,White,True,Male_White,0.0
17699,47--Matador_Bullfighter/47_Matador_Bullfighter_matadorbullfighting_47_19.jpg,564.0,40.0,622.0,120.0,1.0,0.0,0.0,0.0,0.0,0.0,1024.0,661.0,0.0068551437216338,Male,White,True,Male_White,0.0
17700,47--Matador_Bullfighter/47_Matador_Bullfighter_matadorbullfighting_47_778.jpg,420.0,270.0,586.0,442.0,0.0,0.0,0.0,0.0,1.0,0.0,1024.0,681.0,0.0409439243759177,Male,White,True,Male_White,1.0
17703,47--Matador_Bullfighter/47_Matador_Bullfighter_matadorbullfighting_47_710.jpg,516.0,356.0,572.0,408.0,1.0,0.0,0.0,0.0,1.0,1.0,1024.0,1024.0,0.002777099609375,Male,White,True,Male_White,0.0
17704,48--Parachutist_Paratrooper/48_Parachutist_Paratrooper_Parachutist_Paratrooper_48_122.jpg,406.0,156.0,523.0,317.0,0.0,0.0,0.0,0.0,0.0,0.0,1024.0,1425.0,0.0129091282894736,Male,White,True,Male_White,0.0
17707,48--Parachutist_Paratrooper/48_Parachutist_Paratrooper_Parachutist_Paratrooper_48_321.jpg,125.0,22.0,160.0,74.0,1.0,0.0,0.0,0.0,0.0,0.0,1024.0,522.0,0.0034048730842911,Male,White,True,Male_White,0.0
17708,48--Parachutist_Paratrooper/48_Parachutist_Paratrooper_Parachutist_Paratrooper_48_321.jpg,351.0,30.0,376.0,77.0,1.0,0.0,0.0,0.0,0.0,0.0,1024.0,522.0,0.0021982010296934,Male,White,True,Male_White,0.0
17709,48--Parachutist_Paratrooper/48_Parachutist_Paratrooper_Parachutist_Paratrooper_48_321.jpg,895.0,29.0,930.0,77.0,1.0,0.0,0.0,0.0,0.0,0.0,1024.0,522.0,0.0031429597701149,Male,White,True,Male_White,0.0
17710,48--Parachutist_Paratrooper/48_Parachutist_Paratrooper_Parachutist_Paratrooper_48_205.jpg,508.0,224.0,604.0,342.0,0.0,0.0,0.0,0.0,0.0,0.0,1024.0,701.0,0.0157810271041369,Male,White,True,Male_White,0.0
17711,48--Parachutist_Paratrooper/48_Parachutist_Paratrooper_Parachutist_Paratrooper_48_695.jpg,368.0,398.0,736.0,826.0,0.0,0.0,0.0,0.0,0.0,0.0,1024.0,1407.0,0.10931947405828,Male,White,True,Male_White,4.0
17712,48--Parachutist_Paratrooper/48_Parachutist_Paratrooper_Parachutist_Paratrooper_48_892.jpg,188.0,265.0,302.0,426.0,0.0,0.0,0.0,0.0,0.0,0.0,1024.0,1719.0,0.0104268924520069,Male,White,True,Male_White,0.0
17713,48--Parachutist_Paratrooper/48_Parachutist_Paratrooper_Parachutist_Paratrooper_48_892.jpg,473.0,134.0,594.0,285.0,0.0,0.0,0.0,0.0,0.0,0.0,1024.0,1719.0,0.0103797402196044,Male,White,True,Male_White,0.0
17714,48--Parachutist_Paratrooper/48_Parachutist_Paratrooper_Parachutist_Paratrooper_48_892.jpg,658.0,191.0,779.0,366.0,0.0,0.0,0.0,0.0,0.0,0.0,1024.0,1719.0,0.0120295002545084,Male,White,True,Male_White,0.0
17718,48--Parachutist_Paratrooper/48_Parachutist_Paratrooper_Parachutist_Paratrooper_48_357.jpg,352.0,357.0,674.0,734.0,0.0,0.0,0.0,0.0,0.0,0.0,1024.0,1279.0,0.0926886850078186,Male,White,True,Male_White,3.0
17719,48--Parachutist_Paratrooper/48_Parachutist_Paratrooper_Parachutist_Paratrooper_48_785.jpg,224.0,0.0,340.0,178.0,0.0,0.0,0.0,0.0,0.0,0.0,1024.0,524.0,0.0384810353053435,Male,White,True,Male_White,1.0
17759,49--Greeting/49_Greeting_peoplegreeting_49_903.jpg,411.0,107.0,555.0,296.0,0.0,0.0,1.0,0.0,0.0,0.0,1024.0,1366.0,0.0194568997071742,Male,White,True,Male_White,0.0
17772,49--Greeting/49_Greeting_peoplegreeting_49_890.jpg,502.0,122.0,648.0,228.0,0.0,0.0,0.0,0.0,0.0,1.0,1024.0,826.0,0.0182969506658595,Male,White,True,Male_White,0.0
17781,5--Car_Accident/5_Car_Accident_Accident_5_982.jpg,322.0,248.0,367.0,304.0,1.0,0.0,0.0,0.0,0.0,0.0,1024.0,662.0,0.0037174282477341,Male,White,True,Male_White,0.0
17782,5--Car_Accident/5_Car_Accident_Accident_5_982.jpg,475.0,231.0,517.0,282.0,1.0,0.0,0.0,0.0,0.0,0.0,1024.0,662.0,0.003159814010574,Male,White,True,Male_White,0.0
17783,5--Car_Accident/5_Car_Accident_Accident_5_982.jpg,733.0,201.0,780.0,257.0,1.0,0.0,0.0,0.0,0.0,0.0,1024.0,662.0,0.0038826472809667,Male,White,True,Male_White,0.0
17784,5--Car_Accident/5_Car_Accident_Car_Crash_5_868.jpg,302.0,200.0,360.0,278.0,0.0,0.0,0.0,0.0,0.0,0.0,1024.0,683.0,0.0064684754758418,Male,White,True,Male_White,0.0
17797,50--Celebration_Or_Party/50_Celebration_Or_Party_houseparty_50_323.jpg,554.0,156.0,624.0,254.0,1.0,0.0,0.0,0.0,0.0,0.0,1024.0,768.0,0.0087229410807291,Male,Indian,True,Male_Indian,0.0
17798,50--Celebration_Or_Party/50_Celebration_Or_Party_houseparty_50_323.jpg,676.0,166.0,758.0,264.0,1.0,0.0,0.0,0.0,0.0,0.0,1024.0,768.0,0.0102183024088541,Male,Indian,True,Male_Indian,0.0
17799,50--Celebration_Or_Party/50_Celebration_Or_Party_houseparty_50_323.jpg,474.0,268.0,556.0,384.0,1.0,0.0,0.0,0.0,1.0,0.0,1024.0,768.0,0.0120951334635416,Male,Indian,True,Male_Indian,0.0
17832,50--Celebration_Or_Party/50_Celebration_Or_Party_houseparty_50_654.jpg,456.0,244.0,668.0,454.0,0.0,0.0,0.0,0.0,0.0,0.0,1024.0,1024.0,0.0424575805664062,Male,White,True,Male_White,1.0
17985,52--Photographers/52_Photographers_taketouristphotos_52_97.jpg,246.0,286.0,430.0,444.0,0.0,0.0,0.0,0.0,0.0,0.0,1024.0,685.0,0.0414461678832116,Male,White,True,Male_White,1.0
17992,52--Photographers/52_Photographers_photographertakingphoto_52_456.jpg,556.0,212.0,754.0,458.0,0.0,0.0,0.0,0.0,1.0,0.0,1024.0,869.0,0.0547369462025316,Male,White,True,Male_White,2.0
17994,52--Photographers/52_Photographers_photographertakingphoto_52_780.jpg,754.0,290.0,830.0,380.0,1.0,0.0,0.0,0.0,0.0,1.0,1024.0,768.0,0.008697509765625,Male,White,True,Male_White,0.0
17999,52--Photographers/52_Photographers_photographertakingphoto_52_815.jpg,235.0,292.0,722.0,936.0,0.0,0.0,0.0,0.0,0.0,0.0,1024.0,1280.0,0.2392791748046875,Male,White,True,Male_White,8.0
18011,52--Photographers/52_Photographers_photographertakingphoto_52_113.jpg,391.0,159.0,560.0,413.0,0.0,0.0,0.0,0.0,0.0,0.0,1024.0,1250.0,0.0335359375,Male,White,True,Male_White,1.0
18023,52--Photographers/52_Photographers_photographertakingphoto_52_428.jpg,504.0,310.0,626.0,424.0,1.0,0.0,0.0,0.0,1.0,0.0,1024.0,742.0,0.0183046243261455,Male,White,True,Male_White,0.0
18024,52--Photographers/52_Photographers_photographertakingphoto_52_568.jpg,379.0,331.0,758.0,766.0,0.0,0.0,1.0,0.0,0.0,0.0,1024.0,1518.0,0.106061249382411,Male,White,True,Male_White,3.0
18036,52--Photographers/52_Photographers_photographertakingphoto_52_807.jpg,338.0,26.0,859.0,746.0,0.0,1.0,0.0,0.0,0.0,0.0,1024.0,1480.0,0.2475190033783783,Male,White,True,Male_White,9.0
18045,53--Raid/53_Raid_policeraid_53_208.jpg,97.0,100.0,138.0,153.0,1.0,0.0,0.0,0.0,0.0,0.0,1024.0,702.0,0.0030228921830484,Male,White,True,Male_White,0.0
18046,53--Raid/53_Raid_policeraid_53_208.jpg,448.0,77.0,498.0,150.0,1.0,0.0,0.0,0.0,0.0,0.0,1024.0,702.0,0.005077568554131,Male,White,True,Male_White,0.0
18047,53--Raid/53_Raid_policeraid_53_208.jpg,396.0,68.0,432.0,130.0,1.0,0.0,0.0,0.0,1.0,0.0,1024.0,702.0,0.0031049679487179,Male,White,True,Male_White,0.0
18048,53--Raid/53_Raid_policeraid_53_208.jpg,353.0,68.0,400.0,137.0,1.0,0.0,0.0,0.0,0.0,0.0,1024.0,702.0,0.0045113848824786,Male,White,True,Male_White,0.0
18049,53--Raid/53_Raid_policeraid_53_208.jpg,309.0,84.0,347.0,135.0,1.0,0.0,0.0,0.0,0.0,0.0,1024.0,702.0,0.0026959802350427,Male,White,True,Male_White,0.0
18050,53--Raid/53_Raid_policeraid_53_208.jpg,697.0,64.0,745.0,127.0,1.0,0.0,0.0,0.0,0.0,0.0,1024.0,702.0,0.0042067307692307,Male,White,True,Male_White,0.0
18051,53--Raid/53_Raid_policeraid_53_208.jpg,580.0,40.0,625.0,102.0,1.0,0.0,0.0,0.0,0.0,0.0,1024.0,702.0,0.0038812099358974,Male,White,True,Male_White,0.0
18052,53--Raid/53_Raid_policeraid_53_208.jpg,892.0,53.0,940.0,126.0,1.0,0.0,0.0,0.0,0.0,0.0,1024.0,702.0,0.0048744658119658,Male,White,True,Male_White,0.0
18053,53--Raid/53_Raid_policeraid_53_686.jpg,164.0,226.0,238.0,338.0,1.0,0.0,0.0,0.0,0.0,0.0,1024.0,857.0,0.0094442823803967,Male,Indian,True,Male_Indian,0.0
18054,53--Raid/53_Raid_policeraid_53_686.jpg,376.0,306.0,436.0,388.0,1.0,0.0,0.0,0.0,0.0,0.0,1024.0,857.0,0.005606403150525,Male,Indian,True,Male_Indian,0.0
18055,53--Raid/53_Raid_policeraid_53_686.jpg,792.0,140.0,872.0,252.0,1.0,0.0,0.0,0.0,0.0,1.0,1024.0,857.0,0.0102100350058343,Male,Indian,True,Male_Indian,0.0
18056,53--Raid/53_Raid_policeraid_53_686.jpg,632.0,294.0,692.0,380.0,1.0,0.0,0.0,0.0,0.0,0.0,1024.0,857.0,0.0058798862310385,Male,Indian,True,Male_Indian,0.0
18057,53--Raid/53_Raid_policeraid_53_438.jpg,244.0,32.0,620.0,548.0,0.0,0.0,0.0,0.0,0.0,0.0,1024.0,581.0,0.3261080034423408,Male,White,True,Male_White,12.0
18058,53--Raid/53_Raid_policeraid_53_619.jpg,224.0,318.0,280.0,406.0,1.0,0.0,0.0,0.0,0.0,0.0,1024.0,820.0,0.0058689024390243,Male,Indian,True,Male_Indian,0.0
18059,53--Raid/53_Raid_policeraid_53_619.jpg,714.0,316.0,772.0,414.0,1.0,0.0,0.0,0.0,0.0,0.0,1024.0,820.0,0.0067692454268292,Male,Indian,True,Male_Indian,0.0
18060,53--Raid/53_Raid_policeraid_53_619.jpg,758.0,106.0,814.0,188.0,1.0,0.0,0.0,0.0,0.0,0.0,1024.0,820.0,0.00546875,Male,Indian,True,Male_Indian,0.0
18061,53--Raid/53_Raid_policeraid_53_619.jpg,444.0,108.0,498.0,188.0,1.0,0.0,0.0,0.0,0.0,0.0,1024.0,820.0,0.0051448170731707,Male,Indian,True,Male_Indian,0.0
18062,53--Raid/53_Raid_policeraid_53_396.jpg,300.0,2.0,792.0,544.0,0.0,0.0,0.0,0.0,0.0,0.0,1024.0,576.0,0.4521077473958333,Male,White,True,Male_White,
18070,53--Raid/53_Raid_policeraid_53_555.jpg,278.0,110.0,330.0,184.0,0.0,0.0,0.0,0.0,0.0,0.0,1024.0,683.0,0.0055019216691068,Male,White,True,Male_White,0.0
18072,53--Raid/53_Raid_policeraid_53_471.jpg,376.0,90.0,604.0,408.0,0.0,0.0,0.0,0.0,0.0,0.0,1024.0,683.0,0.1036671852122986,Male,White,True,Male_White,3.0
18095,54--Rescue/54_Rescue_firemanrescue_54_789.jpg,358.0,36.0,566.0,346.0,0.0,0.0,0.0,0.0,0.0,0.0,1024.0,576.0,0.1093207465277777,Male,White,True,Male_White,4.0
18096,54--Rescue/54_Rescue_firemanrescue_54_458.jpg,162.0,236.0,336.0,456.0,0.0,0.0,0.0,0.0,0.0,0.0,1024.0,908.0,0.0411704983480176,Male,White,True,Male_White,1.0
18099,54--Rescue/54_Rescue_rescuepeople_54_328.jpg,552.0,132.0,694.0,326.0,0.0,1.0,0.0,0.0,0.0,0.0,1024.0,836.0,0.0321798370215311,Male,White,True,Male_White,1.0
18102,54--Rescue/54_Rescue_firemanrescue_54_103.jpg,439.0,151.0,563.0,299.0,0.0,0.0,0.0,0.0,0.0,0.0,1024.0,1379.0,0.0129962835387962,Male,White,True,Male_White,0.0
18103,54--Rescue/54_Rescue_rescuepeople_54_774.jpg,211.0,113.0,269.0,191.0,1.0,0.0,0.0,0.0,0.0,0.0,1024.0,577.0,0.007656791594454,Male,White,True,Male_White,0.0
18104,54--Rescue/54_Rescue_rescuepeople_54_774.jpg,345.0,122.0,398.0,186.0,1.0,0.0,0.0,0.0,0.0,0.0,1024.0,577.0,0.0057409012131715,Male,White,True,Male_White,0.0
18105,54--Rescue/54_Rescue_rescuepeople_54_774.jpg,624.0,99.0,685.0,182.0,1.0,0.0,0.0,0.0,0.0,0.0,1024.0,577.0,0.0085690397530329,Male,White,True,Male_White,0.0
18106,54--Rescue/54_Rescue_rescuepeople_54_774.jpg,694.0,123.0,740.0,181.0,1.0,0.0,0.0,0.0,0.0,0.0,1024.0,577.0,0.0045155437608318,Male,White,True,Male_White,0.0
18107,54--Rescue/54_Rescue_rescuepeople_54_774.jpg,881.0,83.0,939.0,159.0,1.0,0.0,0.0,0.0,0.0,0.0,1024.0,577.0,0.0074604636048526,Male,White,True,Male_White,0.0
18108,54--Rescue/54_Rescue_firemanrescue_54_939.jpg,156.0,108.0,228.0,210.0,0.0,0.0,0.0,0.0,0.0,0.0,1024.0,750.0,0.0095625,Male,White,True,Male_White,0.0
18109,54--Rescue/54_Rescue_firemanrescue_54_814.jpg,381.0,171.0,501.0,270.0,0.0,0.0,0.0,0.0,0.0,1.0,1024.0,1366.0,0.0084930911420204,Male,White,True,Male_White,0.0
18111,54--Rescue/54_Rescue_firemanrescue_54_327.jpg,328.0,134.0,672.0,592.0,0.0,0.0,0.0,0.0,0.0,0.0,1024.0,684.0,0.2249406067251462,Male,White,True,Male_White,8.0
18115,54--Rescue/54_Rescue_rescuepeople_54_335.jpg,380.0,374.0,494.0,488.0,1.0,0.0,0.0,0.0,0.0,1.0,1024.0,883.0,0.0143730535107587,Male,Asian,True,Male_Asian,0.0
18116,54--Rescue/54_Rescue_rescuepeople_54_335.jpg,526.0,238.0,628.0,358.0,1.0,0.0,0.0,0.0,0.0,0.0,1024.0,883.0,0.0135369479048697,Male,Asian,True,Male_Asian,0.0
18117,54--Rescue/54_Rescue_rescuepeople_54_335.jpg,828.0,152.0,942.0,284.0,1.0,0.0,0.0,0.0,0.0,0.0,1024.0,883.0,0.0166424830124575,Male,Asian,True,Male_Asian,0.0
18120,54--Rescue/54_Rescue_firemanrescue_54_969.jpg,506.0,99.0,541.0,140.0,1.0,0.0,0.0,0.0,1.0,0.0,1024.0,341.0,0.0041095811950146,Male,White,True,Male_White,0.0
18122,54--Rescue/54_Rescue_firemanrescue_54_617.jpg,581.0,265.0,809.0,533.0,0.0,0.0,0.0,0.0,0.0,0.0,1024.0,1282.0,0.0465459243369734,Male,White,True,Male_White,1.0
18144,54--Rescue/54_Rescue_rescuepeople_54_738.jpg,493.0,496.0,741.0,861.0,0.0,0.0,0.0,0.0,0.0,0.0,1024.0,1365.0,0.06476076007326,Male,White,True,Male_White,2.0
18145,55--Sports_Coach_Trainer/55_Sports_Coach_Trainer_sportcoaching_55_325.jpg,328.0,22.0,664.0,500.0,0.0,0.0,0.0,0.0,0.0,0.0,1024.0,608.0,0.2579666940789473,Male,White,True,Male_White,9.0
18159,55--Sports_Coach_Trainer/55_Sports_Coach_Trainer_sportcoaching_55_1027.jpg,604.0,56.0,716.0,220.0,0.0,0.0,1.0,0.0,0.0,0.0,1024.0,576.0,0.0311414930555555,Male,White,True,Male_White,1.0
18160,55--Sports_Coach_Trainer/55_Sports_Coach_Trainer_sportcoaching_55_179.jpg,81.0,249.0,121.0,290.0,1.0,0.0,0.0,0.0,0.0,1.0,1024.0,371.0,0.0043168800539083,Male,White,True,Male_White,0.0
18161,55--Sports_Coach_Trainer/55_Sports_Coach_Trainer_sportcoaching_55_179.jpg,274.0,233.0,312.0,257.0,1.0,0.0,0.0,0.0,0.0,1.0,1024.0,371.0,0.0024006064690026,Male,White,True,Male_White,0.0
18162,55--Sports_Coach_Trainer/55_Sports_Coach_Trainer_sportcoaching_55_179.jpg,156.0,158.0,186.0,199.0,1.0,0.0,0.0,0.0,0.0,1.0,1024.0,371.0,0.0032376600404312,Male,White,True,Male_White,0.0
18163,55--Sports_Coach_Trainer/55_Sports_Coach_Trainer_sportcoaching_55_179.jpg,182.0,85.0,223.0,127.0,1.0,0.0,0.0,0.0,0.0,1.0,1024.0,371.0,0.0045327240566037,Male,White,True,Male_White,0.0
18164,55--Sports_Coach_Trainer/55_Sports_Coach_Trainer_sportcoaching_55_179.jpg,231.0,31.0,280.0,59.0,1.0,0.0,0.0,0.0,0.0,1.0,1024.0,371.0,0.0036114386792452,Male,White,True,Male_White,0.0
18165,55--Sports_Coach_Trainer/55_Sports_Coach_Trainer_sportcoaching_55_179.jpg,321.0,0.0,365.0,23.0,1.0,0.0,0.0,0.0,0.0,1.0,1024.0,371.0,0.0026638308625336,Male,White,True,Male_White,0.0
18166,55--Sports_Coach_Trainer/55_Sports_Coach_Trainer_sportcoaching_55_859.jpg,413.0,293.0,451.0,346.0,1.0,0.0,0.0,0.0,0.0,0.0,1024.0,1024.0,0.0019207000732421,Male,White,True,Male_White,0.0
18167,55--Sports_Coach_Trainer/55_Sports_Coach_Trainer_sportcoaching_55_859.jpg,264.0,288.0,309.0,346.0,1.0,0.0,0.0,0.0,0.0,0.0,1024.0,1024.0,0.0024890899658203,Male,White,True,Male_White,0.0
18168,55--Sports_Coach_Trainer/55_Sports_Coach_Trainer_sportcoaching_55_859.jpg,152.0,293.0,198.0,356.0,1.0,0.0,0.0,0.0,0.0,0.0,1024.0,1024.0,0.0027637481689453,Male,White,True,Male_White,0.0
18169,55--Sports_Coach_Trainer/55_Sports_Coach_Trainer_sportcoaching_55_859.jpg,66.0,193.0,133.0,288.0,1.0,0.0,0.0,0.0,0.0,0.0,1024.0,1024.0,0.0060701370239257,Male,White,True,Male_White,0.0
18170,55--Sports_Coach_Trainer/55_Sports_Coach_Trainer_sportcoaching_55_859.jpg,806.0,267.0,872.0,350.0,1.0,0.0,0.0,0.0,0.0,0.0,1024.0,1024.0,0.0052242279052734,Male,White,True,Male_White,0.0
18171,55--Sports_Coach_Trainer/55_Sports_Coach_Trainer_sportcoaching_55_859.jpg,588.0,265.0,640.0,328.0,1.0,0.0,0.0,0.0,0.0,0.0,1024.0,1024.0,0.0031242370605468,Male,White,True,Male_White,0.0
18174,55--Sports_Coach_Trainer/55_Sports_Coach_Trainer_sportcoaching_55_414.jpg,368.0,314.0,442.0,414.0,0.0,0.0,1.0,0.0,0.0,0.0,1024.0,862.0,0.0083834831786542,Male,White,True,Male_White,0.0
18178,55--Sports_Coach_Trainer/55_Sports_Coach_Trainer_sportcoaching_55_711.jpg,601.0,141.0,925.0,474.0,0.0,0.0,0.0,0.0,0.0,0.0,1024.0,1538.0,0.0685066848179453,Male,White,True,Male_White,2.0
18181,55--Sports_Coach_Trainer/55_Sports_Coach_Trainer_sportcoaching_55_365.jpg,469.0,223.0,532.0,303.0,1.0,0.0,0.0,0.0,0.0,0.0,1024.0,512.0,0.009613037109375,Male,White,True,Male_White,0.0
18182,55--Sports_Coach_Trainer/55_Sports_Coach_Trainer_sportcoaching_55_365.jpg,261.0,173.0,310.0,251.0,1.0,0.0,0.0,0.0,0.0,0.0,1024.0,512.0,0.0072898864746093,Male,White,True,Male_White,0.0
18183,55--Sports_Coach_Trainer/55_Sports_Coach_Trainer_sportcoaching_55_365.jpg,659.0,120.0,726.0,204.0,1.0,0.0,0.0,0.0,0.0,0.0,1024.0,512.0,0.0107345581054687,Male,White,True,Male_White,0.0
18184,55--Sports_Coach_Trainer/55_Sports_Coach_Trainer_sportcoaching_55_365.jpg,795.0,158.0,856.0,225.0,1.0,0.0,0.0,0.0,0.0,0.0,1024.0,512.0,0.0077953338623046,Male,White,True,Male_White,0.0
18185,55--Sports_Coach_Trainer/55_Sports_Coach_Trainer_sportcoaching_55_365.jpg,796.0,227.0,848.0,321.0,1.0,0.0,0.0,0.0,0.0,0.0,1024.0,512.0,0.0093231201171875,Male,White,True,Male_White,0.0
18192,55--Sports_Coach_Trainer/55_Sports_Coach_Trainer_sportcoaching_55_838.jpg,606.0,6.0,972.0,506.0,0.0,0.0,0.0,0.0,0.0,0.0,1024.0,576.0,0.3102620442708333,Male,White,True,Male_White,11.0
18193,55--Sports_Coach_Trainer/55_Sports_Coach_Trainer_sportcoaching_55_1015.jpg,305.0,152.0,887.0,973.0,0.0,0.0,0.0,0.0,0.0,0.0,1024.0,1529.0,0.3051818488391105,Male,White,True,Male_White,11.0
18194,55--Sports_Coach_Trainer/55_Sports_Coach_Trainer_sportcoaching_55_894.jpg,422.0,22.0,608.0,260.0,0.0,0.0,0.0,0.0,0.0,0.0,1024.0,562.0,0.0769225422597864,Male,White,True,Male_White,2.0
18199,55--Sports_Coach_Trainer/55_Sports_Coach_Trainer_sportcoaching_55_637.jpg,284.0,0.0,726.0,428.0,0.0,0.0,0.0,0.0,0.0,0.0,1024.0,576.0,0.3207329644097222,Male,White,True,Male_White,12.0
18200,55--Sports_Coach_Trainer/55_Sports_Coach_Trainer_sportcoaching_55_1013.jpg,368.0,114.0,494.0,278.0,0.0,0.0,1.0,0.0,0.0,0.0,1024.0,960.0,0.0210205078125,Male,White,True,Male_White,0.0
18207,55--Sports_Coach_Trainer/55_Sports_Coach_Trainer_sportcoaching_55_523.jpg,333.0,273.0,770.0,974.0,0.0,0.0,0.0,0.0,0.0,0.0,1024.0,1622.0,0.1844372543541923,Male,White,True,Male_White,6.0
18212,55--Sports_Coach_Trainer/55_Sports_Coach_Trainer_sportcoaching_55_263.jpg,318.0,34.0,396.0,130.0,0.0,0.0,0.0,0.0,0.0,0.0,1024.0,331.0,0.0220921450151057,Male,White,True,Male_White,0.0
18236,55--Sports_Coach_Trainer/55_Sports_Coach_Trainer_sportcoaching_55_12.jpg,770.0,174.0,854.0,302.0,0.0,0.0,0.0,0.0,0.0,0.0,1024.0,687.0,0.0152838427947598,Male,White,True,Male_White,0.0
18247,55--Sports_Coach_Trainer/55_Sports_Coach_Trainer_sportcoaching_55_726.jpg,480.0,106.0,624.0,316.0,0.0,0.0,0.0,0.0,0.0,0.0,1024.0,678.0,0.0435564159292035,Male,White,True,Male_White,1.0
18249,55--Sports_Coach_Trainer/55_Sports_Coach_Trainer_sportcoaching_55_208.jpg,414.0,28.0,662.0,378.0,0.0,0.0,0.0,0.0,0.0,0.0,1024.0,576.0,0.1471625434027778,Male,White,True,Male_White,5.0
18250,55--Sports_Coach_Trainer/55_Sports_Coach_Trainer_sportcoaching_55_45.jpg,106.0,202.0,174.0,276.0,1.0,0.0,0.0,0.0,0.0,0.0,1024.0,682.0,0.0072053702346041,Male,White,True,Male_White,0.0
18251,55--Sports_Coach_Trainer/55_Sports_Coach_Trainer_sportcoaching_55_45.jpg,448.0,190.0,510.0,282.0,0.0,0.0,0.0,0.0,0.0,0.0,1024.0,682.0,0.0081676136363636,Male,White,True,Male_White,0.0
18252,55--Sports_Coach_Trainer/55_Sports_Coach_Trainer_sportcoaching_55_45.jpg,748.0,238.0,806.0,320.0,1.0,0.0,0.0,0.0,0.0,0.0,1024.0,682.0,0.0068101631231671,Male,White,True,Male_White,0.0
18253,55--Sports_Coach_Trainer/55_Sports_Coach_Trainer_sportcoaching_55_218.jpg,728.0,70.0,784.0,126.0,1.0,0.0,0.0,0.0,0.0,1.0,1024.0,414.0,0.007397342995169,Male,White,True,Male_White,0.0
18268,56--Voter/56_Voter_peoplevoting_56_887.jpg,523.0,206.0,729.0,465.0,1.0,0.0,0.0,0.0,0.0,0.0,1024.0,1228.0,0.0424295729845276,Male,Black,True,Male_Black,1.0
18270,56--Voter/56_Voter_peoplevoting_56_712.jpg,192.0,50.0,344.0,272.0,0.0,0.0,0.0,0.0,0.0,0.0,1024.0,704.0,0.0468084161931818,Male,White,True,Male_White,1.0
18271,56--Voter/56_Voter_peoplevoting_56_842.jpg,318.0,196.0,798.0,876.0,0.0,0.0,0.0,0.0,0.0,0.0,1024.0,1021.0,0.3121939275220372,Male,White,True,Male_White,11.0
18275,56--Voter/56_Voter_peoplevoting_56_140.jpg,12.0,34.0,236.0,316.0,0.0,0.0,0.0,0.0,0.0,0.0,1024.0,680.0,0.0907169117647058,Male,White,True,Male_White,3.0
18278,56--Voter/56_Voter_peoplevoting_56_953.jpg,387.0,131.0,515.0,323.0,0.0,0.0,1.0,0.0,0.0,0.0,1024.0,1727.0,0.0138969310943833,Male,White,True,Male_White,0.0
18282,56--Voter/56_Voter_peoplevoting_56_946.jpg,108.0,40.0,210.0,206.0,0.0,0.0,1.0,0.0,0.0,0.0,1024.0,530.0,0.0311984080188679,Male,Black,True,Male_Black,1.0
18283,56--Voter/56_Voter_peoplevoting_56_946.jpg,462.0,126.0,562.0,288.0,0.0,0.0,1.0,0.0,0.0,0.0,1024.0,530.0,0.029849646226415,Male,Black,True,Male_Black,1.0
18284,56--Voter/56_Voter_peoplevoting_56_946.jpg,562.0,50.0,668.0,206.0,0.0,0.0,0.0,0.0,0.0,0.0,1024.0,530.0,0.03046875,Male,Black,True,Male_Black,1.0
18297,57--Angler/57_Angler_peoplefishing_57_900.jpg,498.0,378.0,686.0,612.0,0.0,0.0,0.0,0.0,0.0,0.0,1024.0,720.0,0.05966796875,Male,White,True,Male_White,2.0
18298,57--Angler/57_Angler_peoplefishing_57_796.jpg,399.0,294.0,582.0,543.0,0.0,0.0,0.0,0.0,0.0,0.0,1024.0,1677.0,0.0265348976967799,Male,White,True,Male_White,0.0
18303,57--Angler/57_Angler_peoplefishing_57_182.jpg,168.0,76.0,254.0,164.0,1.0,0.0,0.0,0.0,0.0,0.0,1024.0,765.0,0.0096609477124183,Male,White,True,Male_White,0.0
18307,57--Angler/57_Angler_peoplefishing_57_600.jpg,452.0,142.0,576.0,296.0,0.0,0.0,0.0,0.0,0.0,0.0,1024.0,820.0,0.0227419969512195,Male,White,True,Male_White,0.0
18316,58--Hockey/58_Hockey_icehockey_puck_58_653.jpg,62.0,154.0,126.0,236.0,1.0,0.0,0.0,0.0,0.0,0.0,1024.0,611.0,0.0083878887070376,Male,White,True,Male_White,0.0
18317,58--Hockey/58_Hockey_icehockey_puck_58_653.jpg,252.0,182.0,310.0,256.0,1.0,0.0,0.0,0.0,0.0,0.0,1024.0,611.0,0.0068599120294599,Male,White,True,Male_White,0.0
18318,58--Hockey/58_Hockey_icehockey_puck_58_653.jpg,466.0,100.0,528.0,176.0,1.0,0.0,0.0,0.0,0.0,0.0,1024.0,611.0,0.0075311988543371,Male,White,True,Male_White,0.0
18319,58--Hockey/58_Hockey_icehockey_puck_58_653.jpg,686.0,150.0,742.0,224.0,1.0,0.0,0.0,0.0,0.0,0.0,1024.0,611.0,0.0066233633387888,Male,White,True,Male_White,0.0
18320,58--Hockey/58_Hockey_icehockey_puck_58_653.jpg,896.0,26.0,962.0,108.0,1.0,0.0,0.0,0.0,0.0,0.0,1024.0,611.0,0.0086500102291325,Male,White,True,Male_White,0.0
18321,58--Hockey/58_Hockey_icehockey_puck_58_431.jpg,212.0,191.0,366.0,386.0,1.0,0.0,0.0,0.0,0.0,0.0,1024.0,640.0,0.0458221435546875,Male,White,True,Male_White,1.0
18322,58--Hockey/58_Hockey_icehockey_puck_58_431.jpg,233.0,305.0,267.0,346.0,1.0,1.0,0.0,0.0,0.0,0.0,1024.0,640.0,0.0021270751953125,Male,White,True,Male_White,0.0
18323,58--Hockey/58_Hockey_icehockey_puck_58_431.jpg,890.0,201.0,940.0,264.0,1.0,0.0,1.0,0.0,0.0,0.0,1024.0,640.0,0.0048065185546875,Male,White,True,Male_White,0.0
18328,58--Hockey/58_Hockey_icehockey_puck_58_455.jpg,433.0,108.0,558.0,295.0,0.0,0.0,0.0,0.0,0.0,0.0,1024.0,1126.0,0.0202727783636767,Male,White,True,Male_White,0.0
18364,59--people--driving--car/59_peopledrivingcar_peopledrivingcar_59_789.jpg,278.0,242.0,512.0,552.0,0.0,0.0,0.0,0.0,0.0,0.0,1024.0,881.0,0.0804084492054483,Male,White,True,Male_White,2.0
18368,59--people--driving--car/59_peopledrivingcar_peopledrivingcar_59_95.jpg,586.0,146.0,726.0,350.0,0.0,0.0,0.0,0.0,0.0,0.0,1024.0,615.0,0.0453506097560975,Male,White,True,Male_White,1.0
18381,59--people--driving--car/59_peopledrivingcar_peopledrivingcar_59_725.jpg,694.0,56.0,874.0,392.0,0.0,0.0,0.0,0.0,0.0,0.0,1024.0,683.0,0.0864751098096632,Male,White,True,Male_White,3.0
18396,6--Funeral/6_Funeral_Funeral_6_483.jpg,237.0,255.0,653.0,854.0,0.0,0.0,0.0,0.0,0.0,0.0,1024.0,1532.0,0.1588405678851175,Male,White,True,Male_White,5.0
18406,6--Funeral/6_Funeral_Funeral_6_292.jpg,142.0,160.0,202.0,249.0,1.0,0.0,0.0,0.0,0.0,0.0,1024.0,535.0,0.0097473714953271,Male,Black,True,Male_Black,0.0
18407,6--Funeral/6_Funeral_Funeral_6_292.jpg,360.0,172.0,421.0,262.0,1.0,0.0,0.0,0.0,0.0,0.0,1024.0,535.0,0.0100211740654205,Male,Black,True,Male_Black,0.0
18408,6--Funeral/6_Funeral_Funeral_6_292.jpg,177.0,65.0,241.0,149.0,1.0,0.0,0.0,0.0,0.0,0.0,1024.0,535.0,0.0098130841121495,Male,Black,True,Male_Black,0.0
18409,6--Funeral/6_Funeral_Funeral_6_292.jpg,365.0,72.0,417.0,151.0,1.0,0.0,0.0,0.0,0.0,0.0,1024.0,535.0,0.0074985397196261,Male,Black,True,Male_Black,0.0
18410,6--Funeral/6_Funeral_Funeral_6_292.jpg,534.0,40.0,589.0,113.0,1.0,0.0,0.0,0.0,0.0,0.0,1024.0,535.0,0.0073287821261682,Male,Black,True,Male_Black,0.0
18411,6--Funeral/6_Funeral_Funeral_6_292.jpg,747.0,18.0,800.0,90.0,1.0,0.0,0.0,0.0,0.0,0.0,1024.0,535.0,0.0069655373831775,Male,Black,True,Male_Black,0.0
18412,6--Funeral/6_Funeral_Funeral_6_292.jpg,550.0,172.0,613.0,263.0,1.0,0.0,0.0,0.0,0.0,0.0,1024.0,535.0,0.0104647342289719,Male,Black,True,Male_Black,0.0
18413,6--Funeral/6_Funeral_Funeral_6_292.jpg,798.0,163.0,864.0,252.0,1.0,0.0,0.0,0.0,0.0,0.0,1024.0,535.0,0.0107221086448598,Male,Black,True,Male_Black,0.0
18416,6--Funeral/6_Funeral_Funeral_6_941.jpg,384.0,164.0,614.0,504.0,0.0,0.0,0.0,0.0,0.0,0.0,1024.0,810.0,0.0942804783950617,Male,White,True,Male_White,3.0
18422,6--Funeral/6_Funeral_Funeral_6_779.jpg,307.0,151.0,698.0,633.0,0.0,0.0,0.0,0.0,0.0,0.0,1024.0,1335.0,0.1378613647003745,Male,White,True,Male_White,5.0
18423,6--Funeral/6_Funeral_Funeral_6_790.jpg,296.0,73.0,680.0,606.0,0.0,0.0,0.0,0.0,0.0,0.0,1024.0,1297.0,0.1541056283731688,Male,White,True,Male_White,5.0
18424,6--Funeral/6_Funeral_Funeral_6_461.jpg,477.0,173.0,674.0,432.0,0.0,0.0,0.0,0.0,0.0,0.0,1024.0,1367.0,0.0364499988569861,Male,White,True,Male_White,1.0
18450,61--Street_Battle/61_Street_Battle_streetfight_61_282.jpg,57.0,127.0,187.0,339.0,0.0,0.0,0.0,0.0,0.0,0.0,1024.0,1447.0,0.018599904975812,Male,White,True,Male_White,0.0
18451,61--Street_Battle/61_Street_Battle_streetfight_61_282.jpg,246.0,105.0,410.0,323.0,0.0,0.0,0.0,0.0,0.0,0.0,1024.0,1447.0,0.0241285850034554,Male,White,True,Male_White,0.0
18452,61--Street_Battle/61_Street_Battle_streetfight_61_282.jpg,433.0,88.0,586.0,309.0,0.0,0.0,0.0,0.0,0.0,0.0,1024.0,1447.0,0.0228199777557014,Male,White,True,Male_White,0.0
18453,61--Street_Battle/61_Street_Battle_streetfight_61_282.jpg,628.0,107.0,786.0,333.0,0.0,0.0,0.0,0.0,0.0,0.0,1024.0,1447.0,0.0240988899447132,Male,White,True,Male_White,0.0
18454,61--Street_Battle/61_Street_Battle_streetfight_61_282.jpg,798.0,88.0,959.0,317.0,0.0,0.0,0.0,0.0,0.0,0.0,1024.0,1447.0,0.0248824345628887,Male,White,True,Male_White,0.0
18455,61--Street_Battle/61_Street_Battle_streetfight_61_282.jpg,266.0,784.0,453.0,1078.0,0.0,0.0,0.0,0.0,0.0,0.0,1024.0,1447.0,0.0371039758984105,Male,White,True,Male_White,1.0
18456,61--Street_Battle/61_Street_Battle_streetfight_61_282.jpg,600.0,738.0,806.0,1027.0,0.0,0.0,0.0,0.0,0.0,0.0,1024.0,1447.0,0.0401787642536281,Male,White,True,Male_White,1.0
18463,61--Street_Battle/61_Street_Battle_streetfight_61_703.jpg,406.0,134.0,598.0,430.0,0.0,0.0,0.0,0.0,0.0,0.0,1024.0,572.0,0.097027972027972,Male,White,True,Male_White,3.0
18464,61--Street_Battle/61_Street_Battle_streetfight_61_407.jpg,358.0,130.0,516.0,374.0,0.0,0.0,0.0,0.0,0.0,0.0,1024.0,768.0,0.0490214029947916,Male,White,True,Male_White,1.0
18465,61--Street_Battle/61_Street_Battle_streetfight_61_665.jpg,690.0,142.0,733.0,197.0,1.0,0.0,0.0,0.0,0.0,0.0,1024.0,679.0,0.0034014290316642,Male,White,True,Male_White,0.0
18466,61--Street_Battle/61_Street_Battle_streetfight_61_665.jpg,631.0,170.0,669.0,220.0,1.0,0.0,0.0,0.0,0.0,0.0,1024.0,679.0,0.0027326491163475,Male,White,True,Male_White,0.0
18467,61--Street_Battle/61_Street_Battle_streetfight_61_665.jpg,518.0,164.0,554.0,211.0,1.0,0.0,0.0,0.0,0.0,0.0,1024.0,679.0,0.0024334959499263,Male,White,True,Male_White,0.0
18468,61--Street_Battle/61_Street_Battle_streetfight_61_665.jpg,200.0,155.0,238.0,207.0,1.0,0.0,0.0,0.0,0.0,0.0,1024.0,679.0,0.0028419550810014,Male,White,True,Male_White,0.0
18469,61--Street_Battle/61_Street_Battle_streetfight_61_665.jpg,271.0,151.0,306.0,196.0,1.0,0.0,0.0,0.0,0.0,0.0,1024.0,679.0,0.0022652222938144,Male,White,True,Male_White,0.0
18470,61--Street_Battle/61_Street_Battle_streetfight_61_665.jpg,358.0,162.0,392.0,205.0,1.0,0.0,0.0,0.0,0.0,0.0,1024.0,679.0,0.0021027015832106,Male,White,True,Male_White,0.0
18471,61--Street_Battle/61_Street_Battle_streetfight_61_665.jpg,412.0,146.0,446.0,192.0,1.0,0.0,0.0,0.0,0.0,0.0,1024.0,679.0,0.0022494016936671,Male,White,True,Male_White,0.0
18481,7--Cheering/7_Cheering_Cheering_7_500.jpg,442.0,140.0,754.0,596.0,0.0,1.0,0.0,0.0,0.0,0.0,1024.0,735.0,0.1890306122448979,Male,White,True,Male_White,7.0
18532,8--Election_Campain/8_Election_Campain_Election_Campaign_8_300.jpg,206.0,462.0,348.0,624.0,0.0,0.0,1.0,0.0,0.0,0.0,1024.0,769.0,0.0292130607932379,Male,White,True,Male_White,1.0
18533,8--Election_Campain/8_Election_Campain_Election_Campaign_8_300.jpg,576.0,74.0,708.0,282.0,0.0,0.0,0.0,0.0,0.0,0.0,1024.0,769.0,0.0348667100130039,Male,White,True,Male_White,1.0
18534,8--Election_Campain/8_Election_Campain_Election_Campaign_8_300.jpg,80.0,44.0,204.0,224.0,0.0,0.0,0.0,0.0,0.0,0.0,1024.0,769.0,0.0283444408322496,Male,Black,True,Male_Black,1.0
18535,8--Election_Campain/8_Election_Campain_Election_Campaign_8_300.jpg,700.0,442.0,850.0,634.0,0.0,0.0,1.0,0.0,0.0,0.0,1024.0,769.0,0.0365734720416124,Male,Black,True,Male_Black,1.0
18543,8--Election_Campain/8_Election_Campain_Election_Campaign_8_451.jpg,432.0,114.0,681.0,441.0,0.0,1.0,1.0,0.0,0.0,1.0,1024.0,1536.0,0.051767349243164,Male,Asian,True,Male_Asian,1.0
18544,8--Election_Campain/8_Election_Campain_Election_Campaign_8_69.jpg,116.0,124.0,266.0,342.0,0.0,0.0,0.0,0.0,0.0,0.0,1024.0,707.0,0.0451677422206506,Male,White,True,Male_White,1.0
18547,8--Election_Campain/8_Election_Campain_Election_Campaign_8_120.jpg,196.0,139.0,821.0,742.0,0.0,0.0,0.0,0.0,0.0,0.0,1024.0,1392.0,0.2643979828933189,Male,White,True,Male_White,9.0
18548,8--Election_Campain/8_Election_Campain_Election_Campaign_8_25.jpg,590.0,154.0,770.0,394.0,0.0,0.0,1.0,0.0,0.0,0.0,1024.0,681.0,0.0619493392070484,Male,Indian,True,Male_Indian,2.0
18558,9--Press_Conference/9_Press_Conference_Press_Conference_9_141.jpg,248.0,295.0,794.0,1011.0,0.0,0.0,0.0,0.0,0.0,0.0,1024.0,1325.0,0.2881308962264151,Male,White,True,Male_White,10.0
18560,9--Press_Conference/9_Press_Conference_Press_Conference_9_571.jpg,369.0,342.0,621.0,690.0,0.0,0.0,1.0,0.0,0.0,0.0,1024.0,1536.0,0.055755615234375,Male,Indian,True,Male_Indian,2.0
18566,9--Press_Conference/9_Press_Conference_Press_Conference_9_520.jpg,282.0,495.0,477.0,759.0,0.0,0.0,0.0,0.0,0.0,0.0,1024.0,1536.0,0.0327301025390625,Male,Indian,True,Male_Indian,1.0
18568,9--Press_Conference/9_Press_Conference_Press_Conference_9_66.jpg,216.0,175.0,289.0,263.0,0.0,0.0,0.0,0.0,0.0,0.0,1024.0,549.0,0.0114270264116575,Male,White,True,Male_White,0.0
18569,9--Press_Conference/9_Press_Conference_Press_Conference_9_66.jpg,453.0,285.0,506.0,361.0,0.0,0.0,0.0,0.0,1.0,0.0,1024.0,549.0,0.0071650159380692,Male,White,True,Male_White,0.0
18570,9--Press_Conference/9_Press_Conference_Press_Conference_9_66.jpg,884.0,267.0,959.0,355.0,1.0,0.0,0.0,0.0,0.0,1.0,1024.0,549.0,0.0117400956284153,Male,White,True,Male_White,0.0
18571,9--Press_Conference/9_Press_Conference_Press_Conference_9_332.jpg,163.0,241.0,959.0,1342.0,0.0,0.0,1.0,0.0,0.0,0.0,1024.0,1581.0,0.5413380574003795,Male,White,True,Male_White,
18576,9--Press_Conference/9_Press_Conference_Press_Conference_9_432.jpg,437.0,166.0,681.0,530.0,0.0,0.0,0.0,0.0,0.0,0.0,1024.0,1543.0,0.0562115197666882,Male,Indian,True,Male_Indian,2.0
18581,9--Press_Conference/9_Press_Conference_Press_Conference_9_636.jpg,202.0,296.0,697.0,957.0,0.0,0.0,0.0,0.0,0.0,0.0,1024.0,1417.0,0.2254949662579393,Male,White,True,Male_White,8.0
18604,9--Press_Conference/9_Press_Conference_Press_Conference_9_34.jpg,257.0,286.0,665.0,751.0,0.0,0.0,0.0,0.0,0.0,0.0,1024.0,1331.0,0.1391986758076634,Male,White,True,Male_White,5.0
18609,9--Press_Conference/9_Press_Conference_Press_Conference_9_161.jpg,214.0,62.0,410.0,298.0,0.0,0.0,0.0,0.0,0.0,0.0,1024.0,708.0,0.0638020833333333,Male,White,True,Male_White,2.0
18617,9--Press_Conference/9_Press_Conference_Press_Conference_9_375.jpg,128.0,132.0,200.0,230.0,0.0,0.0,0.0,0.0,0.0,0.0,1024.0,673.0,0.0102386701337295,Male,White,True,Male_White,0.0
18618,9--Press_Conference/9_Press_Conference_Press_Conference_9_375.jpg,298.0,122.0,370.0,218.0,0.0,0.0,0.0,0.0,0.0,0.0,1024.0,673.0,0.0100297176820208,Male,White,True,Male_White,0.0
18619,9--Press_Conference/9_Press_Conference_Press_Conference_9_375.jpg,546.0,126.0,600.0,210.0,0.0,0.0,0.0,0.0,0.0,0.0,1024.0,673.0,0.0065820022288261,Male,Indian,True,Male_Indian,0.0
18620,9--Press_Conference/9_Press_Conference_Press_Conference_9_375.jpg,660.0,104.0,716.0,196.0,0.0,0.0,0.0,0.0,0.0,0.0,1024.0,673.0,0.007475854383358,Male,White,True,Male_White,0.0
18621,9--Press_Conference/9_Press_Conference_Press_Conference_9_375.jpg,842.0,128.0,908.0,220.0,0.0,0.0,0.0,0.0,0.0,0.0,1024.0,673.0,0.0088108283803863,Male,White,True,Male_White,0.0
18623,9--Press_Conference/9_Press_Conference_Press_Conference_9_767.jpg,281.0,167.0,680.0,740.0,0.0,0.0,0.0,0.0,0.0,0.0,1024.0,1334.0,0.1673677321495502,Male,Black,True,Male_Black,6.0
18626,9--Press_Conference/9_Press_Conference_Press_Conference_9_43.jpg,400.0,70.0,544.0,254.0,0.0,0.0,0.0,0.0,0.0,0.0,1024.0,760.0,0.0340460526315789,Male,Black,True,Male_Black,1.0
18643,9--Press_Conference/9_Press_Conference_Press_Conference_9_45.jpg,68.0,270.0,116.0,335.0,0.0,0.0,0.0,0.0,0.0,0.0,1024.0,681.0,0.0044741189427312,Male,White,True,Male_White,0.0
18644,9--Press_Conference/9_Press_Conference_Press_Conference_9_45.jpg,478.0,261.0,528.0,335.0,0.0,0.0,0.0,0.0,0.0,0.0,1024.0,681.0,0.0053058461820851,Male,White,True,Male_White,0.0
18645,9--Press_Conference/9_Press_Conference_Press_Conference_9_45.jpg,266.0,246.0,317.0,323.0,0.0,0.0,0.0,0.0,0.0,0.0,1024.0,681.0,0.0056313670154185,Male,White,True,Male_White,0.0
18646,9--Press_Conference/9_Press_Conference_Press_Conference_9_45.jpg,838.0,258.0,899.0,336.0,0.0,0.0,0.0,0.0,0.0,0.0,1024.0,681.0,0.0068230313876651,Male,White,True,Male_White,0.0
18647,9--Press_Conference/9_Press_Conference_Press_Conference_9_45.jpg,680.0,273.0,739.0,348.0,0.0,0.0,0.0,0.0,0.0,0.0,1024.0,681.0,0.0063455052312775,Male,White,True,Male_White,0.0
18648,9--Press_Conference/9_Press_Conference_Press_Conference_9_594.jpg,334.0,182.0,634.0,582.0,0.0,0.0,0.0,0.0,0.0,0.0,1024.0,788.0,0.1487151015228426,Male,White,True,Male_White,5.0
18650,9--Press_Conference/9_Press_Conference_Press_Conference_9_521.jpg,332.0,172.0,626.0,544.0,0.0,0.0,0.0,0.0,0.0,0.0,1024.0,680.0,0.1570657169117647,Male,Indian,True,Male_Indian,5.0
18653,9--Press_Conference/9_Press_Conference_Press_Conference_9_183.jpg,218.0,190.0,330.0,350.0,0.0,0.0,0.0,0.0,0.0,0.0,1024.0,654.0,0.0267584097859327,Male,White,True,Male_White,0.0
18654,9--Press_Conference/9_Press_Conference_Press_Conference_9_183.jpg,302.0,224.0,376.0,364.0,0.0,0.0,0.0,0.0,0.0,0.0,1024.0,654.0,0.0154697056574923,Male,White,True,Male_White,0.0
18655,9--Press_Conference/9_Press_Conference_Press_Conference_9_183.jpg,560.0,136.0,730.0,340.0,1.0,0.0,0.0,0.0,0.0,0.0,1024.0,654.0,0.0517846903669724,Male,White,True,Male_White,1.0
