Unnamed: 0,filename,x1,y1,x2,y2,blur,expression,illumination,invalid,occlusion,pose,original_width,original_height,relative_area,Gender,Race,Valid,Gender_Race,area_bin
16,0--Parade/0_Parade_Parade_0_780.jpg,781.0,769.0,844.0,868.0,0.0,0.0,1.0,0.0,0.0,0.0,1024.0,1536.0,0.0039653778076171,Male,Black,True,Male_Black,0.0
23,0--Parade/0_Parade_marchingband_1_473.jpg,278.0,219.0,330.0,290.0,0.0,0.0,1.0,0.0,0.0,0.0,1024.0,768.0,0.0046946207682291,Female,White,True,Female_White,0.0
24,0--Parade/0_Parade_marchingband_1_473.jpg,422.0,205.0,472.0,262.0,0.0,0.0,1.0,0.0,0.0,0.0,1024.0,768.0,0.0036239624023437,Female,White,True,Female_White,0.0
25,0--Parade/0_Parade_marchingband_1_473.jpg,607.0,226.0,660.0,286.0,0.0,0.0,0.0,0.0,0.0,0.0,1024.0,768.0,0.0040435791015625,Female,White,True,Female_White,0.0
26,0--Parade/0_Parade_marchingband_1_473.jpg,758.0,206.0,815.0,276.0,0.0,0.0,0.0,0.0,0.0,0.0,1024.0,768.0,0.0050735473632812,Female,White,True,Female_White,0.0
27,0--Parade/0_Parade_marchingband_1_473.jpg,924.0,227.0,989.0,299.0,0.0,0.0,0.0,0.0,0.0,0.0,1024.0,768.0,0.005950927734375,Female,White,True,Female_White,0.0
28,0--Parade/0_Parade_marchingband_1_473.jpg,132.0,214.0,186.0,277.0,0.0,0.0,1.0,0.0,1.0,0.0,1024.0,768.0,0.0043258666992187,Male,Black,True,Male_Black,0.0
30,0--Parade/0_Parade_marchingband_1_431.jpg,254.0,416.0,404.0,560.0,0.0,0.0,1.0,0.0,0.0,0.0,1024.0,683.0,0.0308839677891654,Male,White,True,Male_White,1.0
31,0--Parade/0_Parade_Parade_0_178.jpg,164.0,84.0,226.0,164.0,0.0,0.0,0.0,0.0,0.0,0.0,1024.0,668.0,0.007251122754491,Female,White,True,Female_White,0.0
32,0--Parade/0_Parade_Parade_0_178.jpg,346.0,72.0,404.0,166.0,0.0,0.0,0.0,0.0,0.0,0.0,1024.0,668.0,0.0079703873502994,Female,White,True,Female_White,0.0
33,0--Parade/0_Parade_Parade_0_178.jpg,464.0,94.0,534.0,172.0,0.0,0.0,0.0,0.0,0.0,0.0,1024.0,668.0,0.0079820827095808,Female,White,True,Female_White,0.0
34,0--Parade/0_Parade_Parade_0_178.jpg,634.0,110.0,700.0,174.0,0.0,0.0,0.0,0.0,0.0,0.0,1024.0,668.0,0.0061751497005988,Female,Black,True,Female_Black,0.0
35,0--Parade/0_Parade_Parade_0_178.jpg,780.0,106.0,844.0,190.0,0.0,0.0,0.0,0.0,0.0,0.0,1024.0,668.0,0.0078592814371257,Female,White,True,Female_White,0.0
43,0--Parade/0_Parade_Parade_0_271.jpg,142.0,424.0,214.0,520.0,0.0,0.0,0.0,0.0,0.0,0.0,1024.0,1024.0,0.006591796875,Female,Black,True,Female_Black,0.0
44,0--Parade/0_Parade_Parade_0_271.jpg,346.0,412.0,414.0,504.0,0.0,0.0,0.0,0.0,0.0,0.0,1024.0,1024.0,0.0059661865234375,Female,White,True,Female_White,0.0
45,0--Parade/0_Parade_Parade_0_271.jpg,504.0,400.0,570.0,488.0,0.0,0.0,0.0,0.0,0.0,0.0,1024.0,1024.0,0.0055389404296875,Female,White,True,Female_White,0.0
46,0--Parade/0_Parade_Parade_0_271.jpg,608.0,448.0,688.0,538.0,0.0,0.0,0.0,0.0,0.0,0.0,1024.0,1024.0,0.006866455078125,Female,White,True,Female_White,0.0
47,0--Parade/0_Parade_Parade_0_271.jpg,800.0,414.0,888.0,544.0,0.0,0.0,0.0,0.0,0.0,0.0,1024.0,1024.0,0.0109100341796875,Female,White,True,Female_White,0.0
65,0--Parade/0_Parade_Parade_0_773.jpg,209.0,888.0,734.0,1663.0,0.0,0.0,0.0,0.0,0.0,0.0,1024.0,1702.0,0.2334540935296709,Male,White,True,Male_White,8.0
83,0--Parade/0_Parade_marchingband_1_931.jpg,114.0,275.0,153.0,330.0,0.0,0.0,0.0,0.0,0.0,0.0,1024.0,768.0,0.0027275085449218,Female,White,True,Female_White,0.0
84,0--Parade/0_Parade_marchingband_1_931.jpg,187.0,263.0,229.0,316.0,0.0,0.0,0.0,0.0,0.0,0.0,1024.0,768.0,0.0028305053710937,Female,White,True,Female_White,0.0
85,0--Parade/0_Parade_marchingband_1_931.jpg,282.0,251.0,319.0,306.0,0.0,0.0,0.0,0.0,0.0,0.0,1024.0,768.0,0.0025876363118489,Female,White,True,Female_White,0.0
86,0--Parade/0_Parade_marchingband_1_931.jpg,386.0,232.0,426.0,288.0,0.0,0.0,0.0,0.0,0.0,0.0,1024.0,768.0,0.0028483072916666,Female,White,True,Female_White,0.0
87,0--Parade/0_Parade_marchingband_1_931.jpg,473.0,236.0,513.0,287.0,0.0,0.0,0.0,0.0,0.0,0.0,1024.0,768.0,0.002593994140625,Female,White,True,Female_White,0.0
88,0--Parade/0_Parade_marchingband_1_931.jpg,565.0,240.0,603.0,290.0,0.0,0.0,0.0,0.0,0.0,0.0,1024.0,768.0,0.0024159749348958,Female,White,True,Female_White,0.0
89,0--Parade/0_Parade_marchingband_1_931.jpg,644.0,269.0,684.0,320.0,0.0,0.0,0.0,0.0,0.0,0.0,1024.0,768.0,0.002593994140625,Female,White,True,Female_White,0.0
90,0--Parade/0_Parade_marchingband_1_931.jpg,728.0,286.0,772.0,339.0,0.0,0.0,0.0,0.0,0.0,0.0,1024.0,768.0,0.0029652913411458,Female,Black,True,Female_Black,0.0
91,0--Parade/0_Parade_marchingband_1_931.jpg,799.0,283.0,848.0,338.0,0.0,0.0,0.0,0.0,0.0,0.0,1024.0,768.0,0.0034268697102864,Female,White,True,Female_White,0.0
92,0--Parade/0_Parade_marchingband_1_931.jpg,879.0,239.0,933.0,304.0,0.0,0.0,0.0,0.0,0.0,0.0,1024.0,768.0,0.0044631958007812,Female,White,True,Female_White,0.0
93,0--Parade/0_Parade_marchingband_1_419.jpg,772.0,202.0,824.0,268.0,0.0,0.0,0.0,0.0,0.0,0.0,1024.0,768.0,0.004364013671875,Female,White,True,Female_White,0.0
94,0--Parade/0_Parade_marchingband_1_419.jpg,515.0,252.0,571.0,313.0,0.0,0.0,0.0,0.0,0.0,0.0,1024.0,768.0,0.0043436686197916,Female,White,True,Female_White,0.0
95,0--Parade/0_Parade_marchingband_1_419.jpg,319.0,206.0,368.0,275.0,0.0,0.0,0.0,0.0,0.0,0.0,1024.0,768.0,0.0042991638183593,Female,White,True,Female_White,0.0
96,0--Parade/0_Parade_marchingband_1_419.jpg,175.0,203.0,241.0,283.0,0.0,0.0,0.0,0.0,0.0,0.0,1024.0,768.0,0.0067138671875,Female,White,True,Female_White,0.0
109,0--Parade/0_Parade_marchingband_1_251.jpg,9.0,357.0,93.0,504.0,1.0,0.0,1.0,0.0,0.0,0.0,1024.0,1537.0,0.0078455391997397,Female,White,True,Female_White,0.0
110,0--Parade/0_Parade_marchingband_1_251.jpg,523.0,357.0,619.0,495.0,1.0,0.0,1.0,0.0,0.0,0.0,1024.0,1537.0,0.0084173715029277,Female,White,True,Female_White,0.0
111,0--Parade/0_Parade_marchingband_1_251.jpg,685.0,486.0,754.0,594.0,1.0,0.0,1.0,0.0,0.0,0.0,1024.0,1537.0,0.0047347714703968,Female,White,True,Female_White,0.0
112,0--Parade/0_Parade_marchingband_1_895.jpg,168.0,268.0,272.0,408.0,0.0,0.0,0.0,0.0,0.0,0.0,1024.0,681.0,0.0208792217327459,Female,White,True,Female_White,0.0
113,0--Parade/0_Parade_marchingband_1_895.jpg,318.0,200.0,410.0,318.0,0.0,0.0,0.0,0.0,0.0,0.0,1024.0,681.0,0.0155676395007342,Female,White,True,Female_White,0.0
114,0--Parade/0_Parade_marchingband_1_895.jpg,512.0,142.0,622.0,278.0,0.0,0.0,0.0,0.0,0.0,0.0,1024.0,681.0,0.0214528267254038,Female,White,True,Female_White,0.0
115,0--Parade/0_Parade_marchingband_1_895.jpg,650.0,62.0,768.0,222.0,0.0,0.0,0.0,0.0,0.0,0.0,1024.0,681.0,0.0270741556534508,Female,White,True,Female_White,0.0
134,0--Parade/0_Parade_marchingband_1_1031.jpg,276.0,266.0,830.0,876.0,0.0,0.0,0.0,0.0,0.0,0.0,1024.0,1309.0,0.2521157610771581,Male,Black,True,Male_Black,9.0
135,0--Parade/0_Parade_marchingband_1_601.jpg,293.0,413.0,370.0,517.0,0.0,1.0,0.0,0.0,1.0,0.0,1024.0,1366.0,0.0057249725475841,Male,White,True,Male_White,0.0
136,0--Parade/0_Parade_marchingband_1_601.jpg,517.0,493.0,589.0,581.0,1.0,0.0,0.0,0.0,0.0,0.0,1024.0,1366.0,0.0045296486090775,Female,White,True,Female_White,0.0
137,0--Parade/0_Parade_marchingband_1_601.jpg,747.0,512.0,824.0,589.0,1.0,0.0,0.0,0.0,0.0,0.0,1024.0,1366.0,0.0042386815977306,Female,White,True,Female_White,0.0
138,0--Parade/0_Parade_marchingband_1_601.jpg,539.0,928.0,611.0,1013.0,1.0,0.0,0.0,0.0,0.0,0.0,1024.0,1366.0,0.0043752287701317,Female,White,True,Female_White,0.0
214,0--Parade/0_Parade_Parade_0_592.jpg,40.0,148.0,126.0,256.0,0.0,0.0,0.0,0.0,0.0,0.0,1024.0,768.0,0.011810302734375,Female,Black,True,Female_Black,0.0
215,0--Parade/0_Parade_Parade_0_592.jpg,210.0,172.0,288.0,272.0,0.0,0.0,0.0,0.0,0.0,0.0,1024.0,768.0,0.009918212890625,Female,White,True,Female_White,0.0
216,0--Parade/0_Parade_Parade_0_592.jpg,386.0,132.0,456.0,214.0,0.0,0.0,0.0,0.0,0.0,0.0,1024.0,768.0,0.0072987874348958,Female,White,True,Female_White,0.0
217,0--Parade/0_Parade_Parade_0_592.jpg,536.0,104.0,600.0,206.0,0.0,0.0,0.0,0.0,0.0,0.0,1024.0,768.0,0.00830078125,Female,White,True,Female_White,0.0
218,0--Parade/0_Parade_Parade_0_592.jpg,672.0,132.0,748.0,224.0,0.0,0.0,0.0,0.0,0.0,0.0,1024.0,768.0,0.0088907877604166,Female,White,True,Female_White,0.0
219,0--Parade/0_Parade_Parade_0_592.jpg,812.0,110.0,898.0,222.0,0.0,0.0,0.0,0.0,0.0,0.0,1024.0,768.0,0.0122477213541666,Female,White,True,Female_White,0.0
220,0--Parade/0_Parade_marchingband_1_563.jpg,310.0,851.0,731.0,1338.0,0.0,0.0,0.0,0.0,1.0,0.0,1024.0,1530.0,0.1308638429330065,Male,White,True,Male_White,4.0
225,0--Parade/0_Parade_marchingband_1_731.jpg,123.0,288.0,165.0,335.0,1.0,0.0,0.0,0.0,0.0,0.0,1024.0,768.0,0.0025100708007812,Male,White,True,Male_White,0.0
226,0--Parade/0_Parade_marchingband_1_731.jpg,396.0,307.0,424.0,363.0,1.0,0.0,0.0,0.0,0.0,0.0,1024.0,768.0,0.0019938151041666,Female,White,True,Female_White,0.0
227,0--Parade/0_Parade_marchingband_1_731.jpg,650.0,308.0,694.0,367.0,1.0,0.0,0.0,0.0,0.0,0.0,1024.0,768.0,0.0033009847005208,Female,White,True,Female_White,0.0
228,0--Parade/0_Parade_marchingband_1_731.jpg,807.0,345.0,855.0,408.0,1.0,0.0,0.0,0.0,0.0,0.0,1024.0,768.0,0.00384521484375,Female,White,True,Female_White,0.0
230,0--Parade/0_Parade_Parade_0_395.jpg,732.0,320.0,892.0,550.0,0.0,0.0,0.0,0.0,0.0,0.0,1024.0,768.0,0.0467936197916666,Female,White,True,Female_White,1.0
231,0--Parade/0_Parade_Parade_0_395.jpg,468.0,530.0,538.0,612.0,0.0,0.0,1.0,0.0,0.0,0.0,1024.0,768.0,0.0072987874348958,Female,Asian,True,Female_Asian,0.0
232,0--Parade/0_Parade_Parade_0_395.jpg,78.0,456.0,186.0,602.0,0.0,1.0,1.0,0.0,0.0,0.0,1024.0,768.0,0.020050048828125,Female,White,True,Female_White,0.0
273,1--Handshaking/1_Handshaking_Handshaking_1_795.jpg,455.0,237.0,542.0,363.0,0.0,0.0,1.0,0.0,1.0,0.0,1024.0,1532.0,0.0069876489066579,Male,Black,True,Male_Black,0.0
282,1--Handshaking/1_Handshaking_Handshaking_1_429.jpg,378.0,158.0,680.0,606.0,0.0,0.0,0.0,0.0,0.0,0.0,1024.0,768.0,0.1720377604166666,Male,Asian,True,Male_Asian,6.0
289,1--Handshaking/1_Handshaking_Handshaking_1_640.jpg,693.0,171.0,859.0,423.0,1.0,0.0,0.0,0.0,0.0,0.0,1024.0,1267.0,0.0322427486187845,Male,Black,True,Male_Black,1.0
315,1--Handshaking/1_Handshaking_Handshaking_1_333.jpg,246.0,270.0,742.0,938.0,0.0,0.0,0.0,0.0,0.0,0.0,1024.0,1024.0,0.31597900390625,Male,White,True,Male_White,11.0
349,1--Handshaking/1_Handshaking_Handshaking_1_545.jpg,273.0,195.0,771.0,889.0,0.0,0.0,0.0,0.0,0.0,0.0,1024.0,1537.0,0.2195912288549121,Male,White,True,Male_White,8.0
399,10--People_Marching/10_People_Marching_People_Marching_2_1038.jpg,518.0,351.0,664.0,515.0,0.0,0.0,0.0,0.0,0.0,0.0,1024.0,1523.0,0.0153531270518713,Male,White,True,Male_White,0.0
415,10--People_Marching/10_People_Marching_People_Marching_2_701.jpg,302.0,244.0,354.0,322.0,1.0,0.0,0.0,0.0,0.0,0.0,1024.0,768.0,0.005157470703125,Female,White,True,Female_White,0.0
416,10--People_Marching/10_People_Marching_People_Marching_2_701.jpg,516.0,262.0,578.0,336.0,1.0,0.0,0.0,0.0,0.0,0.0,1024.0,768.0,0.0058339436848958,Female,White,True,Female_White,0.0
417,10--People_Marching/10_People_Marching_People_Marching_2_701.jpg,934.0,260.0,988.0,318.0,1.0,0.0,0.0,0.0,0.0,0.0,1024.0,768.0,0.0039825439453125,Female,White,True,Female_White,0.0
418,10--People_Marching/10_People_Marching_People_Marching_2_701.jpg,740.0,410.0,792.0,484.0,1.0,0.0,0.0,0.0,0.0,0.0,1024.0,768.0,0.0048929850260416,Female,White,True,Female_White,0.0
419,10--People_Marching/10_People_Marching_People_Marching_2_701.jpg,250.0,360.0,306.0,442.0,1.0,0.0,0.0,0.0,0.0,0.0,1024.0,768.0,0.0058390299479166,Female,White,True,Female_White,0.0
420,10--People_Marching/10_People_Marching_People_Marching_2_701.jpg,10.0,374.0,66.0,464.0,1.0,0.0,0.0,0.0,0.0,0.0,1024.0,768.0,0.00640869140625,Female,White,True,Female_White,0.0
426,10--People_Marching/10_People_Marching_People_Marching_10_People_Marching_People_Marching_10_947.jpg,420.0,116.0,604.0,394.0,0.0,0.0,0.0,0.0,0.0,0.0,1024.0,684.0,0.0730308845029239,Female,White,True,Female_White,2.0
427,10--People_Marching/10_People_Marching_People_Marching_10_People_Marching_People_Marching_10_947.jpg,836.0,220.0,950.0,386.0,0.0,0.0,1.0,0.0,0.0,0.0,1024.0,684.0,0.0270182291666666,Female,White,True,Female_White,0.0
428,10--People_Marching/10_People_Marching_People_Marching_10_People_Marching_People_Marching_10_947.jpg,846.0,76.0,930.0,190.0,1.0,0.0,0.0,0.0,0.0,0.0,1024.0,684.0,0.013671875,Female,White,True,Female_White,0.0
436,10--People_Marching/10_People_Marching_People_Marching_2_417.jpg,274.0,146.0,700.0,782.0,0.0,0.0,0.0,0.0,0.0,0.0,1024.0,1169.0,0.2263352758768178,Male,White,True,Male_White,8.0
438,10--People_Marching/10_People_Marching_People_Marching_10_People_Marching_People_Marching_10_People_Marching_People_Marching_10_399.jpg,390.0,188.0,494.0,336.0,0.0,0.0,1.0,0.0,0.0,0.0,1024.0,682.0,0.0220399560117302,Female,White,True,Female_White,0.0
439,10--People_Marching/10_People_Marching_People_Marching_10_People_Marching_People_Marching_10_People_Marching_People_Marching_10_399.jpg,680.0,170.0,780.0,296.0,0.0,0.0,1.0,0.0,0.0,0.0,1024.0,682.0,0.0180420637829912,Female,White,True,Female_White,0.0
440,10--People_Marching/10_People_Marching_People_Marching_10_People_Marching_People_Marching_10_People_Marching_People_Marching_10_399.jpg,872.0,134.0,966.0,252.0,0.0,0.0,1.0,0.0,0.0,0.0,1024.0,682.0,0.0158827437683284,Female,White,True,Female_White,0.0
441,10--People_Marching/10_People_Marching_People_Marching_10_People_Marching_People_Marching_10_People_Marching_People_Marching_10_399.jpg,604.0,166.0,688.0,260.0,1.0,0.0,1.0,0.0,0.0,0.0,1024.0,682.0,0.0113063599706744,Female,White,True,Female_White,0.0
442,10--People_Marching/10_People_Marching_People_Marching_10_People_Marching_People_Marching_10_People_Marching_People_Marching_10_399.jpg,308.0,174.0,384.0,274.0,1.0,0.0,0.0,0.0,0.0,0.0,1024.0,682.0,0.0108825146627565,Female,White,True,Female_White,0.0
443,10--People_Marching/10_People_Marching_People_Marching_10_People_Marching_People_Marching_10_People_Marching_People_Marching_10_399.jpg,116.0,176.0,204.0,298.0,1.0,0.0,1.0,0.0,0.0,0.0,1024.0,682.0,0.0153729838709677,Female,White,True,Female_White,0.0
444,10--People_Marching/10_People_Marching_People_Marching_10_People_Marching_People_Marching_10_People_Marching_People_Marching_10_399.jpg,44.0,162.0,118.0,262.0,1.0,0.0,0.0,0.0,0.0,0.0,1024.0,682.0,0.0105961326979472,Female,White,True,Female_White,0.0
450,10--People_Marching/10_People_Marching_People_Marching_10_People_Marching_People_Marching_10_805.jpg,438.0,188.0,600.0,414.0,0.0,1.0,0.0,0.0,0.0,0.0,1024.0,682.0,0.0524250824780058,Male,White,True,Male_White,1.0
519,11--Meeting/11_Meeting_Meeting_11_Meeting_Meeting_11_446.jpg,584.0,100.0,708.0,264.0,0.0,0.0,1.0,0.0,0.0,0.0,1024.0,740.0,0.0268369932432432,Male,White,True,Male_White,0.0
634,11--Meeting/11_Meeting_Meeting_11_Meeting_Meeting_11_393.jpg,348.0,214.0,696.0,636.0,0.0,0.0,1.0,0.0,0.0,0.0,1024.0,949.0,0.151121246048472,Male,White,True,Male_White,5.0
647,11--Meeting/11_Meeting_Meeting_11_Meeting_Meeting_11_636.jpg,653.0,275.0,678.0,318.0,0.0,0.0,1.0,0.0,0.0,0.0,1024.0,683.0,0.0015370493228404,Female,White,True,Female_White,0.0
648,11--Meeting/11_Meeting_Meeting_11_Meeting_Meeting_11_636.jpg,870.0,271.0,904.0,315.0,1.0,0.0,0.0,0.0,0.0,0.0,1024.0,683.0,0.0021390007320644,Female,White,True,Female_White,0.0
649,11--Meeting/11_Meeting_Meeting_11_Meeting_Meeting_11_636.jpg,482.0,291.0,515.0,328.0,1.0,0.0,0.0,0.0,0.0,0.0,1024.0,683.0,0.0017458020680819,Female,White,True,Female_White,0.0
650,11--Meeting/11_Meeting_Meeting_11_Meeting_Meeting_11_636.jpg,139.0,265.0,175.0,317.0,1.0,0.0,0.0,0.0,0.0,0.0,1024.0,683.0,0.0026766105417276,Male,White,True,Male_White,0.0
669,11--Meeting/11_Meeting_Meeting_11_Meeting_Meeting_11_907.jpg,154.0,424.0,244.0,542.0,0.0,0.0,1.0,0.0,0.0,0.0,1024.0,850.0,0.0122012867647058,Male,White,True,Male_White,0.0
670,11--Meeting/11_Meeting_Meeting_11_Meeting_Meeting_11_907.jpg,228.0,76.0,314.0,192.0,0.0,0.0,0.0,0.0,0.0,0.0,1024.0,850.0,0.0114613970588235,Female,White,True,Female_White,0.0
671,11--Meeting/11_Meeting_Meeting_11_Meeting_Meeting_11_907.jpg,348.0,82.0,420.0,188.0,0.0,0.0,0.0,0.0,0.0,0.0,1024.0,850.0,0.0087683823529411,Female,White,True,Female_White,0.0
672,11--Meeting/11_Meeting_Meeting_11_Meeting_Meeting_11_907.jpg,468.0,274.0,548.0,398.0,0.0,0.0,0.0,0.0,0.0,0.0,1024.0,850.0,0.0113970588235294,Female,Black,True,Female_Black,0.0
673,11--Meeting/11_Meeting_Meeting_11_Meeting_Meeting_11_907.jpg,622.0,292.0,692.0,376.0,0.0,0.0,0.0,0.0,0.0,0.0,1024.0,850.0,0.0067555147058823,Female,White,True,Female_White,0.0
674,11--Meeting/11_Meeting_Meeting_11_Meeting_Meeting_11_907.jpg,798.0,278.0,866.0,374.0,0.0,0.0,0.0,0.0,0.0,0.0,1024.0,850.0,0.0075,Female,White,True,Female_White,0.0
675,11--Meeting/11_Meeting_Meeting_11_Meeting_Meeting_11_907.jpg,462.0,152.0,514.0,220.0,0.0,0.0,0.0,0.0,0.0,0.0,1024.0,850.0,0.0040625,Female,White,True,Female_White,0.0
761,12--Group/12_Group_Group_12_Group_Group_12_627.jpg,111.0,111.0,230.0,277.0,0.0,0.0,0.0,0.0,0.0,0.0,1024.0,1090.0,0.017698179472477,Female,Black,True,Female_Black,0.0
762,12--Group/12_Group_Group_12_Group_Group_12_627.jpg,245.0,200.0,386.0,370.0,0.0,0.0,1.0,0.0,0.0,0.0,1024.0,1090.0,0.0214754157110091,Female,White,True,Female_White,0.0
763,12--Group/12_Group_Group_12_Group_Group_12_627.jpg,324.0,75.0,460.0,220.0,0.0,0.0,0.0,0.0,1.0,0.0,1024.0,1090.0,0.0176677178899082,Female,White,True,Female_White,0.0
764,12--Group/12_Group_Group_12_Group_Group_12_627.jpg,426.0,138.0,573.0,323.0,0.0,0.0,1.0,0.0,0.0,0.0,1024.0,1090.0,0.0243647864105504,Female,White,True,Female_White,0.0
765,12--Group/12_Group_Group_12_Group_Group_12_627.jpg,558.0,109.0,694.0,337.0,0.0,0.0,0.0,0.0,1.0,0.0,1024.0,1090.0,0.0277809633027522,Male,White,True,Male_White,0.0
771,12--Group/12_Group_Group_12_Group_Group_12_803.jpg,414.0,336.0,536.0,472.0,1.0,1.0,1.0,0.0,0.0,0.0,1024.0,1006.0,0.016106486083499,Male,White,True,Male_White,0.0
772,12--Group/12_Group_Group_12_Group_Group_12_202.jpg,214.0,369.0,283.0,455.0,1.0,0.0,1.0,0.0,0.0,0.0,1024.0,1422.0,0.0040751911919831,Female,White,True,Female_White,0.0
773,12--Group/12_Group_Group_12_Group_Group_12_202.jpg,425.0,341.0,494.0,438.0,1.0,0.0,1.0,0.0,0.0,0.0,1024.0,1422.0,0.0045964365770042,Female,White,True,Female_White,0.0
774,12--Group/12_Group_Group_12_Group_Group_12_202.jpg,622.0,372.0,680.0,458.0,1.0,0.0,0.0,0.0,0.0,0.0,1024.0,1422.0,0.0034255230309423,Female,White,True,Female_White,0.0
775,12--Group/12_Group_Group_12_Group_Group_12_202.jpg,783.0,372.0,855.0,455.0,1.0,0.0,1.0,0.0,0.0,0.0,1024.0,1422.0,0.0041040348101265,Female,White,True,Female_White,0.0
778,12--Group/12_Group_Group_12_Group_Group_12_12.jpg,152.0,186.0,212.0,242.0,0.0,0.0,0.0,0.0,0.0,0.0,1024.0,682.0,0.0048112170087976,Female,Asian,True,Female_Asian,0.0
779,12--Group/12_Group_Group_12_Group_Group_12_12.jpg,244.0,204.0,306.0,282.0,0.0,0.0,0.0,0.0,0.0,0.0,1024.0,682.0,0.0069247159090909,Female,Black,True,Female_Black,0.0
780,12--Group/12_Group_Group_12_Group_Group_12_12.jpg,348.0,200.0,412.0,288.0,0.0,0.0,0.0,0.0,0.0,0.0,1024.0,682.0,0.0080645161290322,Female,White,True,Female_White,0.0
781,12--Group/12_Group_Group_12_Group_Group_12_12.jpg,480.0,162.0,546.0,260.0,0.0,0.0,0.0,0.0,0.0,0.0,1024.0,682.0,0.0092615927419354,Female,White,True,Female_White,0.0
782,12--Group/12_Group_Group_12_Group_Group_12_12.jpg,572.0,194.0,642.0,270.0,0.0,0.0,0.0,0.0,0.0,0.0,1024.0,682.0,0.0076177602639296,Female,Black,True,Female_Black,0.0
783,12--Group/12_Group_Group_12_Group_Group_12_12.jpg,688.0,158.0,752.0,234.0,0.0,0.0,1.0,0.0,0.0,0.0,1024.0,682.0,0.0069648093841642,Female,White,True,Female_White,0.0
784,12--Group/12_Group_Group_12_Group_Group_12_12.jpg,800.0,164.0,864.0,240.0,0.0,0.0,0.0,0.0,0.0,0.0,1024.0,682.0,0.0069648093841642,Female,White,True,Female_White,0.0
785,12--Group/12_Group_Team_Organized_Group_12_Group_Team_Organized_Group_12_539.jpg,341.0,186.0,707.0,723.0,0.0,0.0,1.0,0.0,0.0,0.0,1024.0,1268.0,0.1513687278194006,Male,White,True,Male_White,5.0
793,12--Group/12_Group_Team_Organized_Group_12_Group_Team_Organized_Group_12_878.jpg,444.0,441.0,528.0,522.0,1.0,0.0,0.0,0.0,1.0,0.0,1024.0,1538.0,0.0043202413849154,Male,Black,True,Male_Black,0.0
888,12--Group/12_Group_Group_12_Group_Group_12_74.jpg,138.0,122.0,320.0,334.0,0.0,0.0,0.0,0.0,0.0,0.0,1024.0,768.0,0.0490620930989583,Female,White,True,Female_White,1.0
889,12--Group/12_Group_Group_12_Group_Group_12_74.jpg,448.0,120.0,606.0,352.0,0.0,0.0,0.0,0.0,0.0,0.0,1024.0,768.0,0.0466105143229166,Female,White,True,Female_White,1.0
890,12--Group/12_Group_Group_12_Group_Group_12_74.jpg,722.0,170.0,894.0,408.0,0.0,0.0,0.0,0.0,0.0,0.0,1024.0,768.0,0.0520528157552083,Female,White,True,Female_White,1.0
916,12--Group/12_Group_Team_Organized_Group_12_Group_Team_Organized_Group_12_25.jpg,912.0,134.0,949.0,174.0,1.0,0.0,0.0,0.0,0.0,0.0,1024.0,525.0,0.0027529761904761,Female,Asian,True,Female_Asian,0.0
917,12--Group/12_Group_Team_Organized_Group_12_Group_Team_Organized_Group_12_25.jpg,812.0,96.0,852.0,144.0,1.0,0.0,0.0,0.0,0.0,0.0,1024.0,525.0,0.0035714285714285,Male,White,True,Male_White,0.0
918,12--Group/12_Group_Team_Organized_Group_12_Group_Team_Organized_Group_12_25.jpg,756.0,67.0,791.0,107.0,1.0,0.0,0.0,0.0,0.0,0.0,1024.0,525.0,0.0026041666666666,Male,White,True,Male_White,0.0
919,12--Group/12_Group_Team_Organized_Group_12_Group_Team_Organized_Group_12_25.jpg,715.0,111.0,747.0,148.0,1.0,0.0,0.0,0.0,0.0,0.0,1024.0,525.0,0.0022023809523809,Female,Asian,True,Female_Asian,0.0
920,12--Group/12_Group_Team_Organized_Group_12_Group_Team_Organized_Group_12_25.jpg,677.0,80.0,709.0,116.0,1.0,0.0,0.0,0.0,0.0,0.0,1024.0,525.0,0.0021428571428571,Female,White,True,Female_White,0.0
921,12--Group/12_Group_Team_Organized_Group_12_Group_Team_Organized_Group_12_25.jpg,610.0,99.0,640.0,137.0,1.0,0.0,0.0,0.0,0.0,0.0,1024.0,525.0,0.0021205357142857,Female,White,True,Female_White,0.0
922,12--Group/12_Group_Team_Organized_Group_12_Group_Team_Organized_Group_12_25.jpg,460.0,118.0,491.0,154.0,1.0,0.0,0.0,0.0,0.0,0.0,1024.0,525.0,0.0020758928571428,Female,White,True,Female_White,0.0
923,12--Group/12_Group_Team_Organized_Group_12_Group_Team_Organized_Group_12_25.jpg,392.0,101.0,430.0,144.0,1.0,0.0,0.0,0.0,0.0,0.0,1024.0,525.0,0.0030394345238095,Male,Asian,True,Male_Asian,0.0
924,12--Group/12_Group_Team_Organized_Group_12_Group_Team_Organized_Group_12_25.jpg,297.0,116.0,330.0,155.0,1.0,0.0,0.0,0.0,0.0,0.0,1024.0,525.0,0.0023939732142857,Female,White,True,Female_White,0.0
925,12--Group/12_Group_Team_Organized_Group_12_Group_Team_Organized_Group_12_25.jpg,209.0,85.0,243.0,123.0,1.0,0.0,0.0,0.0,0.0,0.0,1024.0,525.0,0.0024032738095238,Female,White,True,Female_White,0.0
926,12--Group/12_Group_Team_Organized_Group_12_Group_Team_Organized_Group_12_25.jpg,143.0,122.0,178.0,163.0,1.0,0.0,0.0,0.0,0.0,0.0,1024.0,525.0,0.0026692708333333,Female,Asian,True,Female_Asian,0.0
927,12--Group/12_Group_Team_Organized_Group_12_Group_Team_Organized_Group_12_25.jpg,68.0,119.0,103.0,158.0,1.0,0.0,0.0,0.0,0.0,0.0,1024.0,525.0,0.0025390625,Female,Asian,True,Female_Asian,0.0
928,12--Group/12_Group_Team_Organized_Group_12_Group_Team_Organized_Group_12_25.jpg,546.0,97.0,579.0,136.0,1.0,0.0,0.0,0.0,0.0,0.0,1024.0,525.0,0.0023939732142857,Male,White,True,Male_White,0.0
936,12--Group/12_Group_Group_12_Group_Group_12_370.jpg,787.0,177.0,827.0,225.0,0.0,0.0,0.0,0.0,0.0,0.0,1024.0,757.0,0.0024768824306472,Female,White,True,Female_White,0.0
937,12--Group/12_Group_Group_12_Group_Group_12_370.jpg,493.0,169.0,541.0,208.0,0.0,0.0,0.0,0.0,0.0,0.0,1024.0,757.0,0.0024149603698811,Female,White,True,Female_White,0.0
938,12--Group/12_Group_Group_12_Group_Group_12_370.jpg,240.0,143.0,279.0,192.0,0.0,0.0,0.0,0.0,0.0,0.0,1024.0,757.0,0.0024652720442536,Female,White,True,Female_White,0.0
939,12--Group/12_Group_Group_12_Group_Group_12_384.jpg,150.0,182.0,246.0,292.0,1.0,0.0,0.0,0.0,0.0,0.0,1024.0,1024.0,0.01007080078125,Female,White,True,Female_White,0.0
940,12--Group/12_Group_Group_12_Group_Group_12_384.jpg,358.0,130.0,450.0,252.0,1.0,0.0,0.0,0.0,0.0,0.0,1024.0,1024.0,0.0107040405273437,Female,White,True,Female_White,0.0
941,12--Group/12_Group_Group_12_Group_Group_12_384.jpg,612.0,202.0,726.0,300.0,1.0,0.0,0.0,0.0,0.0,0.0,1024.0,1024.0,0.0106544494628906,Female,Asian,True,Female_Asian,0.0
942,12--Group/12_Group_Group_12_Group_Group_12_384.jpg,772.0,150.0,874.0,286.0,1.0,0.0,0.0,0.0,0.0,0.0,1024.0,1024.0,0.0132293701171875,Female,White,True,Female_White,0.0
943,12--Group/12_Group_Group_12_Group_Group_12_11.jpg,115.0,165.0,162.0,239.0,0.0,0.0,0.0,0.0,0.0,0.0,1024.0,769.0,0.0044167547139141,Female,White,True,Female_White,0.0
944,12--Group/12_Group_Group_12_Group_Group_12_11.jpg,257.0,146.0,309.0,211.0,0.0,0.0,0.0,0.0,0.0,0.0,1024.0,769.0,0.0042923033159947,Female,White,True,Female_White,0.0
945,12--Group/12_Group_Group_12_Group_Group_12_11.jpg,354.0,204.0,413.0,275.0,0.0,0.0,0.0,0.0,0.0,0.0,1024.0,769.0,0.0053196623049414,Female,White,True,Female_White,0.0
946,12--Group/12_Group_Group_12_Group_Group_12_11.jpg,399.0,70.0,439.0,128.0,0.0,0.0,0.0,0.0,0.0,0.0,1024.0,769.0,0.0029461963589076,Female,White,True,Female_White,0.0
947,12--Group/12_Group_Group_12_Group_Group_12_11.jpg,478.0,176.0,527.0,242.0,0.0,0.0,0.0,0.0,0.0,0.0,1024.0,769.0,0.0041068961313394,Female,White,True,Female_White,0.0
948,12--Group/12_Group_Group_12_Group_Group_12_11.jpg,535.0,105.0,577.0,171.0,0.0,0.0,0.0,0.0,0.0,0.0,1024.0,769.0,0.0035201966840052,Female,White,True,Female_White,0.0
949,12--Group/12_Group_Group_12_Group_Group_12_11.jpg,685.0,89.0,732.0,160.0,0.0,0.0,0.0,0.0,0.0,0.0,1024.0,769.0,0.0042376970903771,Female,White,True,Female_White,0.0
950,12--Group/12_Group_Group_12_Group_Group_12_11.jpg,690.0,210.0,743.0,289.0,0.0,0.0,0.0,0.0,0.0,0.0,1024.0,769.0,0.0053171224804941,Female,White,True,Female_White,0.0
951,12--Group/12_Group_Group_12_Group_Group_12_11.jpg,877.0,64.0,935.0,147.0,0.0,0.0,0.0,0.0,0.0,0.0,1024.0,769.0,0.0061133574447334,Female,White,True,Female_White,0.0
989,12--Group/12_Group_Large_Group_12_Group_Large_Group_12_914.jpg,330.0,254.0,548.0,498.0,0.0,0.0,1.0,0.0,0.0,0.0,1024.0,1024.0,0.0507278442382812,Male,White,True,Male_White,1.0
1079,12--Group/12_Group_Group_12_Group_Group_12_124.jpg,152.0,432.0,280.0,548.0,0.0,0.0,0.0,0.0,0.0,1.0,1024.0,841.0,0.0172413793103448,Female,White,True,Female_White,0.0
1080,12--Group/12_Group_Group_12_Group_Group_12_124.jpg,218.0,300.0,334.0,396.0,0.0,0.0,0.0,0.0,0.0,1.0,1024.0,841.0,0.0129310344827586,Female,White,True,Female_White,0.0
1081,12--Group/12_Group_Group_12_Group_Group_12_124.jpg,332.0,164.0,438.0,292.0,0.0,0.0,0.0,0.0,0.0,1.0,1024.0,841.0,0.0157550535077288,Male,White,True,Male_White,0.0
1082,12--Group/12_Group_Group_12_Group_Group_12_124.jpg,486.0,196.0,582.0,322.0,0.0,0.0,0.0,0.0,0.0,1.0,1024.0,841.0,0.0140457788347205,Female,White,True,Female_White,0.0
1083,12--Group/12_Group_Group_12_Group_Group_12_124.jpg,616.0,214.0,730.0,346.0,0.0,0.0,0.0,0.0,0.0,1.0,1024.0,841.0,0.0174736177170035,Female,Black,True,Female_Black,0.0
1084,12--Group/12_Group_Group_12_Group_Group_12_124.jpg,712.0,334.0,844.0,438.0,0.0,0.0,0.0,0.0,0.0,1.0,1024.0,841.0,0.0159408442330558,Female,White,True,Female_White,0.0
1085,12--Group/12_Group_Group_12_Group_Group_12_124.jpg,648.0,492.0,806.0,614.0,0.0,0.0,0.0,0.0,0.0,1.0,1024.0,841.0,0.0223831376337693,Male,White,True,Male_White,0.0
1086,12--Group/12_Group_Group_12_Group_Group_12_124.jpg,596.0,682.0,706.0,818.0,0.0,0.0,0.0,0.0,0.0,1.0,1024.0,841.0,0.0173714328180737,Female,White,True,Female_White,0.0
1087,12--Group/12_Group_Group_12_Group_Group_12_124.jpg,330.0,494.0,452.0,644.0,0.0,0.0,0.0,0.0,0.0,0.0,1024.0,841.0,0.0212498142092746,Male,White,True,Male_White,0.0
1143,12--Group/12_Group_Group_12_Group_Group_12_774.jpg,234.0,128.0,558.0,500.0,0.0,0.0,1.0,0.0,0.0,1.0,1024.0,683.0,0.1723325402635432,Male,White,True,Male_White,6.0
1257,12--Group/12_Group_Group_12_Group_Group_12_649.jpg,789.0,76.0,830.0,120.0,0.0,0.0,0.0,0.0,0.0,0.0,1024.0,640.0,0.002752685546875,Female,Asian,True,Female_Asian,0.0
1258,12--Group/12_Group_Group_12_Group_Group_12_649.jpg,694.0,194.0,738.0,255.0,0.0,0.0,0.0,0.0,0.0,0.0,1024.0,640.0,0.004095458984375,Female,Asian,True,Female_Asian,0.0
1259,12--Group/12_Group_Group_12_Group_Group_12_649.jpg,667.0,78.0,707.0,125.0,0.0,0.0,0.0,0.0,0.0,0.0,1024.0,640.0,0.00286865234375,Female,Asian,True,Female_Asian,0.0
1260,12--Group/12_Group_Group_12_Group_Group_12_649.jpg,548.0,207.0,593.0,259.0,0.0,0.0,0.0,0.0,0.0,0.0,1024.0,640.0,0.003570556640625,Female,Asian,True,Female_Asian,0.0
1261,12--Group/12_Group_Group_12_Group_Group_12_649.jpg,481.0,92.0,522.0,139.0,0.0,0.0,0.0,0.0,0.0,0.0,1024.0,640.0,0.0029403686523437,Female,Asian,True,Female_Asian,0.0
1262,12--Group/12_Group_Group_12_Group_Group_12_649.jpg,346.0,67.0,392.0,116.0,0.0,0.0,0.0,0.0,0.0,0.0,1024.0,640.0,0.0034393310546875,Female,Asian,True,Female_Asian,0.0
1263,12--Group/12_Group_Group_12_Group_Group_12_649.jpg,215.0,67.0,262.0,113.0,0.0,0.0,0.0,0.0,0.0,0.0,1024.0,640.0,0.0032989501953125,Female,Asian,True,Female_Asian,0.0
1264,12--Group/12_Group_Group_12_Group_Group_12_649.jpg,234.0,181.0,293.0,247.0,0.0,0.0,0.0,0.0,0.0,0.0,1024.0,640.0,0.0059417724609375,Female,Asian,True,Female_Asian,0.0
1265,12--Group/12_Group_Group_12_Group_Group_12_649.jpg,435.0,201.0,485.0,265.0,0.0,0.0,0.0,0.0,0.0,0.0,1024.0,640.0,0.0048828125,Female,Asian,True,Female_Asian,0.0
1293,12--Group/12_Group_Group_12_Group_Group_12_348.jpg,98.0,186.0,182.0,280.0,1.0,0.0,0.0,0.0,0.0,0.0,1024.0,823.0,0.0093693043742405,Female,White,True,Female_White,0.0
1294,12--Group/12_Group_Group_12_Group_Group_12_348.jpg,278.0,210.0,350.0,302.0,1.0,0.0,0.0,0.0,0.0,0.0,1024.0,823.0,0.0078599635479951,Female,White,True,Female_White,0.0
1295,12--Group/12_Group_Group_12_Group_Group_12_348.jpg,466.0,114.0,542.0,220.0,1.0,0.0,0.0,0.0,0.0,0.0,1024.0,823.0,0.0095591585662211,Female,Black,True,Female_Black,0.0
1296,12--Group/12_Group_Group_12_Group_Group_12_348.jpg,618.0,174.0,684.0,270.0,1.0,0.0,0.0,0.0,0.0,0.0,1024.0,823.0,0.0075182260024301,Female,White,True,Female_White,0.0
1297,12--Group/12_Group_Group_12_Group_Group_12_348.jpg,760.0,172.0,842.0,276.0,1.0,0.0,0.0,0.0,0.0,0.0,1024.0,823.0,0.0101192284325637,Female,White,True,Female_White,0.0
1298,12--Group/12_Group_Group_12_Group_Group_12_348.jpg,892.0,250.0,974.0,350.0,1.0,0.0,0.0,0.0,0.0,0.0,1024.0,823.0,0.0097300273390036,Female,White,True,Female_White,0.0
1320,12--Group/12_Group_Group_12_Group_Group_12_481.jpg,830.0,179.0,876.0,237.0,0.0,0.0,1.0,0.0,0.0,0.0,1024.0,737.0,0.0035352357530529,Female,White,True,Female_White,0.0
1321,12--Group/12_Group_Group_12_Group_Group_12_481.jpg,861.0,90.0,911.0,144.0,0.0,0.0,1.0,0.0,0.0,0.0,1024.0,737.0,0.0035776373812754,Female,White,True,Female_White,0.0
1322,12--Group/12_Group_Group_12_Group_Group_12_481.jpg,705.0,153.0,755.0,198.0,0.0,0.0,1.0,0.0,0.0,0.0,1024.0,737.0,0.0029813644843962,Female,White,True,Female_White,0.0
1323,12--Group/12_Group_Group_12_Group_Group_12_481.jpg,711.0,249.0,757.0,306.0,0.0,0.0,0.0,0.0,0.0,0.0,1024.0,737.0,0.003474283412483,Female,White,True,Female_White,0.0
1324,12--Group/12_Group_Group_12_Group_Group_12_481.jpg,619.0,119.0,662.0,178.0,0.0,0.0,0.0,0.0,0.0,0.0,1024.0,737.0,0.0033616540875169,Female,White,True,Female_White,0.0
1325,12--Group/12_Group_Group_12_Group_Group_12_481.jpg,493.0,305.0,538.0,349.0,0.0,0.0,1.0,0.0,0.0,0.0,1024.0,737.0,0.0026236007462686,Female,White,True,Female_White,0.0
1326,12--Group/12_Group_Group_12_Group_Group_12_481.jpg,567.0,557.0,625.0,593.0,0.0,0.0,0.0,0.0,0.0,1.0,1024.0,737.0,0.0027667062415196,Female,White,True,Female_White,0.0
1327,12--Group/12_Group_Group_12_Group_Group_12_481.jpg,493.0,572.0,539.0,629.0,0.0,0.0,0.0,0.0,0.0,0.0,1024.0,737.0,0.003474283412483,Female,White,True,Female_White,0.0
1328,12--Group/12_Group_Group_12_Group_Group_12_481.jpg,409.0,509.0,444.0,558.0,0.0,0.0,0.0,0.0,0.0,0.0,1024.0,737.0,0.0022724622625508,Female,White,True,Female_White,0.0
1329,12--Group/12_Group_Group_12_Group_Group_12_481.jpg,294.0,157.0,340.0,205.0,0.0,0.0,1.0,0.0,0.0,0.0,1024.0,737.0,0.0029257123473541,Female,White,True,Female_White,0.0
1330,12--Group/12_Group_Group_12_Group_Group_12_481.jpg,30.0,111.0,84.0,180.0,0.0,0.0,1.0,0.0,0.0,0.0,1024.0,737.0,0.0049371395861601,Female,White,True,Female_White,0.0
1331,12--Group/12_Group_Group_12_Group_Group_12_481.jpg,111.0,560.0,160.0,620.0,0.0,0.0,0.0,0.0,0.0,1.0,1024.0,737.0,0.0038956495929443,Female,White,True,Female_White,0.0
1390,12--Group/12_Group_Group_12_Group_Group_12_504.jpg,915.0,217.0,967.0,288.0,1.0,1.0,0.0,0.0,0.0,0.0,1024.0,768.0,0.0046946207682291,Female,White,True,Female_White,0.0
1391,12--Group/12_Group_Group_12_Group_Group_12_504.jpg,762.0,213.0,815.0,289.0,1.0,1.0,0.0,0.0,0.0,0.0,1024.0,768.0,0.0051218668619791,Female,White,True,Female_White,0.0
1392,12--Group/12_Group_Group_12_Group_Group_12_504.jpg,633.0,207.0,675.0,262.0,1.0,0.0,0.0,0.0,0.0,0.0,1024.0,768.0,0.0029373168945312,Female,White,True,Female_White,0.0
1393,12--Group/12_Group_Group_12_Group_Group_12_504.jpg,524.0,196.0,574.0,263.0,1.0,1.0,0.0,0.0,1.0,0.0,1024.0,768.0,0.0042597452799479,Female,White,True,Female_White,0.0
1394,12--Group/12_Group_Group_12_Group_Group_12_504.jpg,415.0,222.0,469.0,291.0,1.0,0.0,0.0,0.0,0.0,0.0,1024.0,768.0,0.0047378540039062,Female,White,True,Female_White,0.0
1395,12--Group/12_Group_Group_12_Group_Group_12_504.jpg,334.0,298.0,391.0,365.0,1.0,0.0,0.0,0.0,0.0,0.0,1024.0,768.0,0.0048561096191406,Female,White,True,Female_White,0.0
1396,12--Group/12_Group_Group_12_Group_Group_12_504.jpg,402.0,448.0,466.0,529.0,1.0,0.0,0.0,0.0,0.0,0.0,1024.0,768.0,0.006591796875,Female,White,True,Female_White,0.0
1397,12--Group/12_Group_Group_12_Group_Group_12_504.jpg,528.0,400.0,590.0,473.0,1.0,0.0,0.0,0.0,0.0,0.0,1024.0,768.0,0.0057551066080729,Female,White,True,Female_White,0.0
1398,12--Group/12_Group_Group_12_Group_Group_12_504.jpg,622.0,464.0,683.0,541.0,1.0,0.0,0.0,0.0,0.0,0.0,1024.0,768.0,0.0059725443522135,Female,White,True,Female_White,0.0
1399,12--Group/12_Group_Group_12_Group_Group_12_504.jpg,713.0,480.0,769.0,550.0,1.0,1.0,0.0,0.0,0.0,0.0,1024.0,768.0,0.0049845377604166,Female,White,True,Female_White,0.0
1400,12--Group/12_Group_Group_12_Group_Group_12_504.jpg,215.0,203.0,275.0,266.0,1.0,0.0,0.0,0.0,0.0,0.0,1024.0,768.0,0.0048065185546875,Female,White,True,Female_White,0.0
1401,12--Group/12_Group_Group_12_Group_Group_12_504.jpg,77.0,203.0,137.0,268.0,1.0,0.0,0.0,0.0,0.0,0.0,1024.0,768.0,0.0049591064453125,Female,White,True,Female_White,0.0
1493,12--Group/12_Group_Large_Group_12_Group_Large_Group_12_535.jpg,262.0,270.0,410.0,478.0,0.0,0.0,0.0,0.0,0.0,0.0,1024.0,1024.0,0.02935791015625,Female,White,True,Female_White,1.0
1494,12--Group/12_Group_Large_Group_12_Group_Large_Group_12_535.jpg,454.0,280.0,560.0,420.0,0.0,0.0,0.0,0.0,0.0,0.0,1024.0,1024.0,0.0141525268554687,Female,White,True,Female_White,0.0
1495,12--Group/12_Group_Large_Group_12_Group_Large_Group_12_535.jpg,720.0,314.0,850.0,480.0,0.0,0.0,0.0,0.0,0.0,0.0,1024.0,1024.0,0.0205802917480468,Female,White,True,Female_White,0.0
1565,12--Group/12_Group_Large_Group_12_Group_Large_Group_12_450.jpg,201.0,263.0,239.0,312.0,0.0,0.0,0.0,0.0,0.0,0.0,1024.0,709.0,0.0025646817700987,Female,Asian,True,Female_Asian,0.0
1566,12--Group/12_Group_Large_Group_12_Group_Large_Group_12_450.jpg,308.0,306.0,346.0,350.0,0.0,0.0,0.0,0.0,0.0,0.0,1024.0,709.0,0.00230297954866,Female,White,True,Female_White,0.0
1567,12--Group/12_Group_Large_Group_12_Group_Large_Group_12_450.jpg,367.0,304.0,403.0,352.0,0.0,0.0,0.0,0.0,0.0,0.0,1024.0,709.0,0.0023801128349788,Female,White,True,Female_White,0.0
1568,12--Group/12_Group_Large_Group_12_Group_Large_Group_12_450.jpg,482.0,304.0,521.0,351.0,0.0,0.0,0.0,0.0,0.0,1.0,1024.0,709.0,0.0025247377468265,Female,White,True,Female_White,0.0
1569,12--Group/12_Group_Large_Group_12_Group_Large_Group_12_450.jpg,386.0,150.0,416.0,189.0,0.0,0.0,0.0,0.0,0.0,0.0,1024.0,709.0,0.0016115347320169,Female,Asian,True,Female_Asian,0.0
1570,12--Group/12_Group_Large_Group_12_Group_Large_Group_12_450.jpg,498.0,142.0,528.0,180.0,0.0,0.0,0.0,0.0,0.0,0.0,1024.0,709.0,0.0015702133286318,Female,Asian,True,Female_Asian,0.0
1571,12--Group/12_Group_Large_Group_12_Group_Large_Group_12_450.jpg,565.0,148.0,597.0,184.0,0.0,0.0,0.0,0.0,0.0,0.0,1024.0,709.0,0.0015867418899858,Female,Asian,True,Female_Asian,0.0
1572,12--Group/12_Group_Large_Group_12_Group_Large_Group_12_450.jpg,625.0,302.0,663.0,348.0,0.0,0.0,0.0,0.0,0.0,0.0,1024.0,709.0,0.0024076604372355,Female,Indian,True,Female_Indian,0.0
1573,12--Group/12_Group_Large_Group_12_Group_Large_Group_12_450.jpg,729.0,220.0,769.0,275.0,0.0,0.0,0.0,0.0,0.0,0.0,1024.0,709.0,0.0030302362482369,Female,White,True,Female_White,0.0
1578,12--Group/12_Group_Large_Group_12_Group_Large_Group_12_266.jpg,192.0,435.0,272.0,531.0,1.0,0.0,0.0,0.0,0.0,0.0,1024.0,1366.0,0.0054904831625183,Female,White,True,Female_White,0.0
1579,12--Group/12_Group_Large_Group_12_Group_Large_Group_12_266.jpg,312.0,459.0,384.0,547.0,1.0,0.0,0.0,0.0,0.0,0.0,1024.0,1366.0,0.0045296486090775,Female,White,True,Female_White,0.0
1580,12--Group/12_Group_Large_Group_12_Group_Large_Group_12_266.jpg,421.0,421.0,490.0,498.0,1.0,0.0,0.0,0.0,0.0,0.0,1024.0,1366.0,0.0037982990940702,Female,White,True,Female_White,0.0
1581,12--Group/12_Group_Large_Group_12_Group_Large_Group_12_266.jpg,552.0,461.0,619.0,544.0,1.0,0.0,0.0,0.0,0.0,0.0,1024.0,1366.0,0.0039755959461932,Female,White,True,Female_White,0.0
1582,12--Group/12_Group_Large_Group_12_Group_Large_Group_12_266.jpg,691.0,448.0,758.0,533.0,1.0,0.0,0.0,0.0,0.0,0.0,1024.0,1366.0,0.0040713934388726,Female,White,True,Female_White,0.0
1583,12--Group/12_Group_Large_Group_12_Group_Large_Group_12_266.jpg,819.0,464.0,888.0,547.0,1.0,0.0,0.0,0.0,0.0,0.0,1024.0,1366.0,0.0040942704520497,Female,White,True,Female_White,0.0
1616,12--Group/12_Group_Group_12_Group_Group_12_200.jpg,126.0,156.0,200.0,242.0,0.0,0.0,1.0,0.0,0.0,0.0,1024.0,767.0,0.0081027949804432,Female,White,True,Female_White,0.0
1617,12--Group/12_Group_Group_12_Group_Group_12_200.jpg,266.0,200.0,338.0,288.0,0.0,0.0,1.0,0.0,0.0,0.0,1024.0,767.0,0.008067144719687,Female,White,True,Female_White,0.0
1618,12--Group/12_Group_Group_12_Group_Group_12_200.jpg,388.0,202.0,456.0,284.0,0.0,0.0,1.0,0.0,0.0,0.0,1024.0,767.0,0.0070994947848761,Female,White,True,Female_White,0.0
1619,12--Group/12_Group_Group_12_Group_Group_12_200.jpg,512.0,182.0,598.0,288.0,0.0,0.0,1.0,0.0,0.0,0.0,1024.0,767.0,0.0116067063233376,Female,Asian,True,Female_Asian,0.0
1620,12--Group/12_Group_Group_12_Group_Group_12_200.jpg,670.0,174.0,746.0,266.0,0.0,0.0,1.0,0.0,0.0,0.0,1024.0,767.0,0.0089023794002607,Female,Asian,True,Female_Asian,0.0
1621,12--Group/12_Group_Group_12_Group_Group_12_200.jpg,854.0,118.0,922.0,210.0,0.0,0.0,0.0,0.0,0.0,0.0,1024.0,767.0,0.0079652868318122,Female,White,True,Female_White,0.0
1639,12--Group/12_Group_Team_Organized_Group_12_Group_Team_Organized_Group_12_806.jpg,328.0,114.0,412.0,206.0,0.0,0.0,0.0,0.0,1.0,0.0,1024.0,601.0,0.0125571963394342,Male,White,True,Male_White,0.0
1646,12--Group/12_Group_Group_12_Group_Group_12_480.jpg,274.0,212.0,338.0,296.0,0.0,0.0,0.0,0.0,0.0,0.0,1024.0,765.0,0.0068627450980392,Female,White,True,Female_White,0.0
1647,12--Group/12_Group_Group_12_Group_Group_12_480.jpg,372.0,218.0,438.0,272.0,1.0,0.0,0.0,0.0,0.0,1.0,1024.0,765.0,0.0045496323529411,Female,White,True,Female_White,0.0
1648,12--Group/12_Group_Group_12_Group_Group_12_480.jpg,520.0,212.0,574.0,290.0,1.0,0.0,0.0,0.0,0.0,0.0,1024.0,765.0,0.0053768382352941,Female,White,True,Female_White,0.0
1649,12--Group/12_Group_Group_12_Group_Group_12_480.jpg,650.0,190.0,716.0,266.0,1.0,0.0,0.0,0.0,0.0,0.0,1024.0,765.0,0.0064031862745098,Female,White,True,Female_White,0.0
1672,12--Group/12_Group_Team_Organized_Group_12_Group_Team_Organized_Group_12_702.jpg,220.0,156.0,358.0,328.0,0.0,0.0,1.0,0.0,0.0,0.0,1024.0,769.0,0.0301426365409622,Male,White,True,Male_White,1.0
1731,12--Group/12_Group_Group_12_Group_Group_12_141.jpg,178.0,170.0,254.0,246.0,0.0,0.0,0.0,0.0,0.0,0.0,1024.0,1024.0,0.0055084228515625,Female,White,True,Female_White,0.0
1732,12--Group/12_Group_Group_12_Group_Group_12_141.jpg,378.0,160.0,438.0,240.0,0.0,0.0,0.0,0.0,0.0,0.0,1024.0,1024.0,0.00457763671875,Female,White,True,Female_White,0.0
1733,12--Group/12_Group_Group_12_Group_Group_12_141.jpg,582.0,180.0,646.0,264.0,0.0,0.0,0.0,0.0,0.0,0.0,1024.0,1024.0,0.005126953125,Female,Asian,True,Female_Asian,0.0
1734,12--Group/12_Group_Group_12_Group_Group_12_141.jpg,802.0,170.0,868.0,258.0,0.0,0.0,0.0,0.0,0.0,0.0,1024.0,1024.0,0.0055389404296875,Female,White,True,Female_White,0.0
1756,12--Group/12_Group_Large_Group_12_Group_Large_Group_12_244.jpg,217.0,343.0,322.0,491.0,0.0,0.0,0.0,0.0,0.0,0.0,1024.0,1586.0,0.0095685884300126,Female,Asian,True,Female_Asian,0.0
1757,12--Group/12_Group_Large_Group_12_Group_Large_Group_12_244.jpg,362.0,241.0,455.0,393.0,0.0,0.0,0.0,0.0,0.0,0.0,1024.0,1586.0,0.0087040904791929,Female,White,True,Female_White,0.0
1758,12--Group/12_Group_Large_Group_12_Group_Large_Group_12_244.jpg,473.0,415.0,572.0,529.0,0.0,0.0,0.0,0.0,0.0,0.0,1024.0,1586.0,0.0069492335277427,Female,Asian,True,Female_Asian,0.0
1759,12--Group/12_Group_Large_Group_12_Group_Large_Group_12_244.jpg,473.0,603.0,575.0,730.0,0.0,0.0,0.0,0.0,0.0,0.0,1024.0,1586.0,0.007976286648802,Female,Asian,True,Female_Asian,0.0
1760,12--Group/12_Group_Large_Group_12_Group_Large_Group_12_244.jpg,374.0,820.0,485.0,944.0,0.0,0.0,0.0,0.0,0.0,0.0,1024.0,1586.0,0.0084750354665825,Female,Asian,True,Female_Asian,0.0
1788,12--Group/12_Group_Large_Group_12_Group_Large_Group_12_493.jpg,125.0,273.0,211.0,393.0,0.0,0.0,0.0,0.0,0.0,0.0,1024.0,701.0,0.0143767831669044,Male,White,True,Male_White,0.0
1789,12--Group/12_Group_Large_Group_12_Group_Large_Group_12_493.jpg,205.0,334.0,259.0,402.0,1.0,0.0,0.0,0.0,0.0,0.0,1024.0,701.0,0.0051154600570613,Female,White,True,Female_White,0.0
1790,12--Group/12_Group_Large_Group_12_Group_Large_Group_12_493.jpg,369.0,275.0,415.0,332.0,1.0,0.0,0.0,0.0,0.0,0.0,1024.0,701.0,0.0036527059557774,Female,White,True,Female_White,0.0
1791,12--Group/12_Group_Large_Group_12_Group_Large_Group_12_493.jpg,743.0,262.0,805.0,335.0,1.0,0.0,0.0,0.0,0.0,0.0,1024.0,701.0,0.0063051667261055,Female,White,True,Female_White,0.0
1792,12--Group/12_Group_Large_Group_12_Group_Large_Group_12_493.jpg,850.0,273.0,940.0,395.0,1.0,0.0,0.0,0.0,0.0,0.0,1024.0,701.0,0.0152962286019971,Female,White,True,Female_White,0.0
1827,12--Group/12_Group_Team_Organized_Group_12_Group_Team_Organized_Group_12_938.jpg,228.0,202.0,430.0,488.0,0.0,0.0,1.0,0.0,0.0,0.0,1024.0,820.0,0.0688024009146341,Male,Indian,True,Male_Indian,2.0
1830,12--Group/12_Group_Team_Organized_Group_12_Group_Team_Organized_Group_12_828.jpg,702.0,20.0,830.0,132.0,0.0,0.0,0.0,0.0,0.0,1.0,1024.0,576.0,0.0243055555555555,Male,White,True,Male_White,0.0
1855,12--Group/12_Group_Group_12_Group_Group_12_238.jpg,266.0,158.0,392.0,362.0,0.0,0.0,1.0,0.0,0.0,0.0,1024.0,768.0,0.032684326171875,Female,White,True,Female_White,1.0
1856,12--Group/12_Group_Group_12_Group_Group_12_238.jpg,424.0,148.0,570.0,338.0,0.0,0.0,1.0,0.0,0.0,0.0,1024.0,768.0,0.0352732340494791,Female,White,True,Female_White,1.0
1857,12--Group/12_Group_Group_12_Group_Group_12_238.jpg,698.0,170.0,874.0,380.0,0.0,0.0,0.0,0.0,0.0,0.0,1024.0,768.0,0.0469970703125,Female,White,True,Female_White,1.0
1858,12--Group/12_Group_Large_Group_12_Group_Large_Group_12_247.jpg,831.0,308.0,885.0,383.0,0.0,0.0,0.0,0.0,0.0,0.0,1024.0,820.0,0.0048232660060975,Female,White,True,Female_White,0.0
1859,12--Group/12_Group_Large_Group_12_Group_Large_Group_12_247.jpg,578.0,134.0,620.0,199.0,0.0,0.0,0.0,0.0,0.0,0.0,1024.0,820.0,0.0032512385670731,Female,White,True,Female_White,0.0
1860,12--Group/12_Group_Large_Group_12_Group_Large_Group_12_247.jpg,330.0,96.0,377.0,160.0,0.0,0.0,0.0,0.0,0.0,0.0,1024.0,820.0,0.0035823170731707,Female,White,True,Female_White,0.0
1861,12--Group/12_Group_Large_Group_12_Group_Large_Group_12_247.jpg,126.0,174.0,177.0,244.0,0.0,0.0,0.0,0.0,0.0,0.0,1024.0,820.0,0.0042516196646341,Female,White,True,Female_White,0.0
1897,12--Group/12_Group_Large_Group_12_Group_Large_Group_12_262.jpg,116.0,200.0,198.0,298.0,0.0,0.0,0.0,0.0,0.0,0.0,1024.0,683.0,0.0114899798682284,Female,Asian,True,Female_Asian,0.0
1898,12--Group/12_Group_Large_Group_12_Group_Large_Group_12_262.jpg,250.0,148.0,324.0,248.0,0.0,0.0,0.0,0.0,0.0,0.0,1024.0,683.0,0.0105806185944363,Female,White,True,Female_White,0.0
1899,12--Group/12_Group_Large_Group_12_Group_Large_Group_12_262.jpg,340.0,150.0,418.0,246.0,0.0,0.0,1.0,0.0,0.0,0.0,1024.0,683.0,0.0107064421669106,Female,White,True,Female_White,0.0
1900,12--Group/12_Group_Large_Group_12_Group_Large_Group_12_262.jpg,446.0,110.0,520.0,212.0,0.0,0.0,0.0,0.0,0.0,0.0,1024.0,683.0,0.010792230966325,Female,White,True,Female_White,0.0
1901,12--Group/12_Group_Large_Group_12_Group_Large_Group_12_262.jpg,558.0,158.0,632.0,258.0,0.0,0.0,1.0,0.0,0.0,0.0,1024.0,683.0,0.0105806185944363,Female,Asian,True,Female_Asian,0.0
1902,12--Group/12_Group_Large_Group_12_Group_Large_Group_12_262.jpg,714.0,110.0,790.0,210.0,0.0,0.0,1.0,0.0,0.0,0.0,1024.0,683.0,0.0108665812591508,Female,White,True,Female_White,0.0
1903,12--Group/12_Group_Large_Group_12_Group_Large_Group_12_262.jpg,836.0,90.0,910.0,186.0,0.0,0.0,1.0,0.0,0.0,0.0,1024.0,683.0,0.0101573938506588,Female,White,True,Female_White,0.0
1930,12--Group/12_Group_Large_Group_12_Group_Large_Group_12_35.jpg,89.0,110.0,125.0,147.0,0.0,0.0,0.0,0.0,1.0,0.0,1024.0,683.0,0.0019045113469985,Female,White,True,Female_White,0.0
1931,12--Group/12_Group_Large_Group_12_Group_Large_Group_12_35.jpg,191.0,125.0,227.0,172.0,0.0,0.0,0.0,0.0,1.0,0.0,1024.0,683.0,0.0024192441434846,Female,White,True,Female_White,0.0
1932,12--Group/12_Group_Large_Group_12_Group_Large_Group_12_35.jpg,325.0,110.0,366.0,169.0,0.0,0.0,0.0,0.0,0.0,0.0,1024.0,683.0,0.0034587184297218,Female,White,True,Female_White,0.0
1933,12--Group/12_Group_Large_Group_12_Group_Large_Group_12_35.jpg,498.0,97.0,543.0,169.0,0.0,0.0,0.0,0.0,1.0,0.0,1024.0,683.0,0.0046325951683748,Female,White,True,Female_White,0.0
1934,12--Group/12_Group_Large_Group_12_Group_Large_Group_12_35.jpg,596.0,124.0,633.0,163.0,0.0,0.0,0.0,0.0,0.0,0.0,1024.0,683.0,0.002063220625915,Female,White,True,Female_White,0.0
1935,12--Group/12_Group_Large_Group_12_Group_Large_Group_12_35.jpg,720.0,97.0,759.0,150.0,0.0,0.0,0.0,0.0,0.0,0.0,1024.0,683.0,0.0029554241398243,Female,White,True,Female_White,0.0
1936,12--Group/12_Group_Large_Group_12_Group_Large_Group_12_35.jpg,849.0,113.0,886.0,165.0,0.0,0.0,0.0,0.0,0.0,0.0,1024.0,683.0,0.0027509608345534,Female,White,True,Female_White,0.0
1950,12--Group/12_Group_Group_12_Group_Group_12_261.jpg,198.0,46.0,270.0,144.0,0.0,0.0,0.0,0.0,0.0,0.0,1024.0,768.0,0.00897216796875,Female,White,True,Female_White,0.0
1951,12--Group/12_Group_Group_12_Group_Group_12_261.jpg,368.0,44.0,430.0,124.0,0.0,0.0,0.0,0.0,0.0,0.0,1024.0,768.0,0.0063069661458333,Female,White,True,Female_White,0.0
1952,12--Group/12_Group_Group_12_Group_Group_12_261.jpg,520.0,60.0,582.0,144.0,0.0,0.0,0.0,0.0,0.0,0.0,1024.0,768.0,0.006622314453125,Female,White,True,Female_White,0.0
1953,12--Group/12_Group_Group_12_Group_Group_12_261.jpg,696.0,62.0,760.0,136.0,0.0,0.0,0.0,0.0,0.0,0.0,1024.0,768.0,0.0060221354166666,Female,White,True,Female_White,0.0
1954,12--Group/12_Group_Group_12_Group_Group_12_261.jpg,834.0,76.0,902.0,158.0,0.0,0.0,0.0,0.0,0.0,0.0,1024.0,768.0,0.0070902506510416,Female,White,True,Female_White,0.0
1962,12--Group/12_Group_Group_12_Group_Group_12_115.jpg,103.0,194.0,148.0,255.0,1.0,0.0,0.0,0.0,0.0,0.0,1024.0,769.0,0.0034859090539661,Male,White,True,Male_White,0.0
1963,12--Group/12_Group_Group_12_Group_Group_12_115.jpg,239.0,225.0,281.0,276.0,1.0,0.0,0.0,0.0,0.0,0.0,1024.0,769.0,0.0027201519830949,Female,White,True,Female_White,0.0
1964,12--Group/12_Group_Group_12_Group_Group_12_115.jpg,300.0,197.0,339.0,248.0,1.0,0.0,0.0,0.0,0.0,0.0,1024.0,769.0,0.0025258554128738,Female,White,True,Female_White,0.0
1965,12--Group/12_Group_Group_12_Group_Group_12_115.jpg,431.0,166.0,476.0,223.0,1.0,0.0,0.0,0.0,0.0,0.0,1024.0,769.0,0.0032573248537061,Male,White,True,Male_White,0.0
1966,12--Group/12_Group_Group_12_Group_Group_12_115.jpg,545.0,202.0,585.0,254.0,1.0,0.0,0.0,0.0,0.0,0.0,1024.0,769.0,0.0026414174252275,Female,White,True,Female_White,0.0
1967,12--Group/12_Group_Group_12_Group_Group_12_115.jpg,616.0,179.0,658.0,231.0,1.0,0.0,0.0,0.0,0.0,0.0,1024.0,769.0,0.0027734882964889,Female,White,True,Female_White,0.0
1968,12--Group/12_Group_Group_12_Group_Group_12_115.jpg,679.0,141.0,726.0,207.0,1.0,0.0,0.0,0.0,0.0,0.0,1024.0,769.0,0.0039392677178153,Male,White,True,Male_White,0.0
1969,12--Group/12_Group_Group_12_Group_Group_12_115.jpg,722.0,187.0,768.0,248.0,1.0,0.0,1.0,0.0,0.0,0.0,1024.0,769.0,0.0035633736996098,Female,White,True,Female_White,0.0
1970,12--Group/12_Group_Group_12_Group_Group_12_115.jpg,826.0,179.0,870.0,237.0,1.0,0.0,0.0,0.0,0.0,0.0,1024.0,769.0,0.0032408159947984,Female,White,True,Female_White,0.0
1971,12--Group/12_Group_Group_12_Group_Group_12_115.jpg,908.0,190.0,955.0,247.0,1.0,0.0,0.0,0.0,0.0,0.0,1024.0,769.0,0.0034020948472041,Female,White,True,Female_White,0.0
1985,12--Group/12_Group_Group_12_Group_Group_12_193.jpg,108.0,106.0,222.0,270.0,0.0,0.0,0.0,0.0,0.0,0.0,1024.0,684.0,0.0266927083333333,Female,White,True,Female_White,0.0
1986,12--Group/12_Group_Group_12_Group_Group_12_193.jpg,340.0,138.0,438.0,286.0,0.0,0.0,1.0,0.0,0.0,0.0,1024.0,684.0,0.0207076937134502,Female,Black,True,Female_Black,0.0
1987,12--Group/12_Group_Group_12_Group_Group_12_193.jpg,560.0,226.0,650.0,358.0,0.0,0.0,1.0,0.0,0.0,0.0,1024.0,684.0,0.0169613486842105,Female,White,True,Female_White,0.0
1988,12--Group/12_Group_Group_12_Group_Group_12_193.jpg,796.0,116.0,884.0,246.0,0.0,0.0,0.0,0.0,0.0,0.0,1024.0,684.0,0.0163331505847953,Female,White,True,Female_White,0.0
1992,12--Group/12_Group_Large_Group_12_Group_Large_Group_12_721.jpg,458.0,412.0,526.0,498.0,0.0,0.0,1.0,0.0,0.0,0.0,1024.0,818.0,0.006981586185819,Male,White,True,Male_White,0.0
2015,12--Group/12_Group_Team_Organized_Group_12_Group_Team_Organized_Group_12_178.jpg,80.0,189.0,117.0,238.0,1.0,0.0,0.0,0.0,0.0,0.0,1024.0,683.0,0.0025922515556368,Female,Asian,True,Female_Asian,0.0
2016,12--Group/12_Group_Team_Organized_Group_12_Group_Team_Organized_Group_12_178.jpg,141.0,189.0,176.0,235.0,1.0,0.0,0.0,0.0,0.0,0.0,1024.0,683.0,0.0023019994509516,Female,Asian,True,Female_Asian,0.0
2017,12--Group/12_Group_Team_Organized_Group_12_Group_Team_Organized_Group_12_178.jpg,236.0,192.0,270.0,237.0,1.0,0.0,0.0,0.0,0.0,0.0,1024.0,683.0,0.0021876143850658,Female,Asian,True,Female_Asian,0.0
2018,12--Group/12_Group_Team_Organized_Group_12_Group_Team_Organized_Group_12_178.jpg,325.0,191.0,360.0,238.0,1.0,0.0,0.0,0.0,0.0,0.0,1024.0,683.0,0.0023520429172767,Female,Asian,True,Female_Asian,0.0
2019,12--Group/12_Group_Team_Organized_Group_12_Group_Team_Organized_Group_12_178.jpg,395.0,207.0,436.0,256.0,1.0,0.0,0.0,0.0,0.0,0.0,1024.0,683.0,0.0028724949670571,Male,Asian,True,Male_Asian,0.0
2020,12--Group/12_Group_Team_Organized_Group_12_Group_Team_Organized_Group_12_178.jpg,489.0,204.0,528.0,258.0,1.0,0.0,0.0,0.0,0.0,0.0,1024.0,683.0,0.0030111868594436,Male,Asian,True,Male_Asian,0.0
2021,12--Group/12_Group_Team_Organized_Group_12_Group_Team_Organized_Group_12_178.jpg,588.0,202.0,629.0,253.0,1.0,0.0,0.0,0.0,0.0,0.0,1024.0,683.0,0.00298973965959,Male,Asian,True,Male_Asian,0.0
2022,12--Group/12_Group_Team_Organized_Group_12_Group_Team_Organized_Group_12_178.jpg,695.0,199.0,730.0,245.0,1.0,0.0,0.0,0.0,0.0,0.0,1024.0,683.0,0.0023019994509516,Female,Asian,True,Female_Asian,0.0
2023,12--Group/12_Group_Team_Organized_Group_12_Group_Team_Organized_Group_12_178.jpg,758.0,196.0,793.0,244.0,1.0,0.0,0.0,0.0,0.0,0.0,1024.0,683.0,0.0024020863836017,Female,Asian,True,Female_Asian,0.0
2024,12--Group/12_Group_Team_Organized_Group_12_Group_Team_Organized_Group_12_178.jpg,827.0,175.0,862.0,221.0,1.0,0.0,0.0,0.0,0.0,0.0,1024.0,683.0,0.0023019994509516,Female,Asian,True,Female_Asian,0.0
2025,12--Group/12_Group_Team_Organized_Group_12_Group_Team_Organized_Group_12_178.jpg,925.0,172.0,967.0,228.0,1.0,0.0,0.0,0.0,0.0,0.0,1024.0,683.0,0.0033629209370424,Female,Asian,True,Female_Asian,0.0
2049,12--Group/12_Group_Group_12_Group_Group_12_277.jpg,196.0,120.0,272.0,218.0,0.0,0.0,0.0,0.0,0.0,0.0,1024.0,768.0,0.0094706217447916,Female,White,True,Female_White,0.0
2050,12--Group/12_Group_Group_12_Group_Group_12_277.jpg,352.0,218.0,432.0,326.0,0.0,0.0,0.0,0.0,0.0,0.0,1024.0,768.0,0.010986328125,Female,White,True,Female_White,0.0
2051,12--Group/12_Group_Group_12_Group_Group_12_277.jpg,492.0,16.0,564.0,120.0,0.0,0.0,0.0,0.0,0.0,0.0,1024.0,768.0,0.009521484375,Female,White,True,Female_White,0.0
2052,12--Group/12_Group_Group_12_Group_Group_12_277.jpg,562.0,232.0,642.0,344.0,0.0,0.0,0.0,0.0,0.0,0.0,1024.0,768.0,0.0113932291666666,Female,White,True,Female_White,0.0
2053,12--Group/12_Group_Group_12_Group_Group_12_277.jpg,768.0,76.0,842.0,186.0,0.0,0.0,0.0,0.0,0.0,0.0,1024.0,768.0,0.0103505452473958,Female,White,True,Female_White,0.0
2057,12--Group/12_Group_Group_12_Group_Group_12_513.jpg,863.0,83.0,908.0,126.0,1.0,0.0,1.0,0.0,0.0,0.0,1024.0,651.0,0.0029026857718894,Female,Asian,True,Female_Asian,0.0
2058,12--Group/12_Group_Group_12_Group_Group_12_513.jpg,734.0,110.0,775.0,156.0,1.0,0.0,1.0,0.0,0.0,0.0,1024.0,651.0,0.0028291810675883,Female,Asian,True,Female_Asian,0.0
2059,12--Group/12_Group_Group_12_Group_Group_12_513.jpg,577.0,67.0,620.0,121.0,1.0,0.0,1.0,0.0,0.0,0.0,1024.0,651.0,0.0034832229262672,Female,Asian,True,Female_Asian,0.0
2060,12--Group/12_Group_Group_12_Group_Group_12_513.jpg,455.0,73.0,501.0,130.0,1.0,0.0,1.0,0.0,0.0,0.0,1024.0,651.0,0.0039332517281105,Female,Asian,True,Female_Asian,0.0
2061,12--Group/12_Group_Group_12_Group_Group_12_513.jpg,327.0,48.0,371.0,104.0,1.0,0.0,1.0,0.0,0.0,0.0,1024.0,651.0,0.0036962365591397,Female,Asian,True,Female_Asian,0.0
2062,12--Group/12_Group_Group_12_Group_Group_12_513.jpg,193.0,76.0,242.0,132.0,1.0,0.0,1.0,0.0,0.0,0.0,1024.0,651.0,0.0041162634408602,Female,Asian,True,Female_Asian,0.0
2063,12--Group/12_Group_Group_12_Group_Group_12_513.jpg,132.0,62.0,176.0,117.0,1.0,0.0,1.0,0.0,0.0,0.0,1024.0,651.0,0.0036302323348694,Female,Asian,True,Female_Asian,0.0
2089,12--Group/12_Group_Team_Organized_Group_12_Group_Team_Organized_Group_12_497.jpg,269.0,89.0,323.0,163.0,1.0,1.0,0.0,0.0,0.0,0.0,1024.0,549.0,0.007108094262295,Male,White,True,Male_White,0.0
2094,12--Group/12_Group_Group_12_Group_Group_12_633.jpg,743.0,135.0,787.0,191.0,0.0,0.0,0.0,0.0,0.0,0.0,1024.0,793.0,0.0030343631778058,Female,White,True,Female_White,0.0
2095,12--Group/12_Group_Group_12_Group_Group_12_633.jpg,590.0,204.0,639.0,265.0,0.0,0.0,0.0,0.0,0.0,0.0,1024.0,793.0,0.0036808894230769,Female,Asian,True,Female_Asian,0.0
2096,12--Group/12_Group_Group_12_Group_Group_12_633.jpg,392.0,187.0,437.0,247.0,0.0,0.0,0.0,0.0,0.0,0.0,1024.0,793.0,0.0033249921185372,Female,White,True,Female_White,0.0
2097,12--Group/12_Group_Group_12_Group_Group_12_633.jpg,179.0,223.0,229.0,285.0,0.0,0.0,0.0,0.0,0.0,0.0,1024.0,793.0,0.0038175835435056,Female,White,True,Female_White,0.0
2133,12--Group/12_Group_Group_12_Group_Group_12_75.jpg,112.0,124.0,162.0,202.0,0.0,0.0,0.0,0.0,0.0,0.0,1024.0,768.0,0.0049591064453125,Female,Asian,True,Female_Asian,0.0
2134,12--Group/12_Group_Group_12_Group_Group_12_75.jpg,223.0,121.0,277.0,196.0,0.0,0.0,0.0,0.0,0.0,0.0,1024.0,768.0,0.0051498413085937,Female,Asian,True,Female_Asian,0.0
2135,12--Group/12_Group_Group_12_Group_Group_12_75.jpg,333.0,118.0,388.0,192.0,0.0,0.0,0.0,0.0,0.0,0.0,1024.0,768.0,0.0051752726236979,Female,Asian,True,Female_Asian,0.0
2136,12--Group/12_Group_Group_12_Group_Group_12_75.jpg,475.0,106.0,531.0,181.0,0.0,0.0,0.0,0.0,0.0,0.0,1024.0,768.0,0.005340576171875,Male,Asian,True,Male_Asian,0.0
2137,12--Group/12_Group_Group_12_Group_Group_12_75.jpg,586.0,130.0,635.0,200.0,0.0,0.0,0.0,0.0,0.0,0.0,1024.0,768.0,0.0043614705403645,Female,Asian,True,Female_Asian,0.0
2138,12--Group/12_Group_Group_12_Group_Group_12_75.jpg,662.0,157.0,717.0,229.0,0.0,0.0,0.0,0.0,0.0,0.0,1024.0,768.0,0.005035400390625,Female,Asian,True,Female_Asian,0.0
2139,12--Group/12_Group_Group_12_Group_Group_12_75.jpg,759.0,167.0,815.0,229.0,0.0,0.0,0.0,0.0,1.0,0.0,1024.0,768.0,0.0044148763020833,Female,Asian,True,Female_Asian,0.0
2140,12--Group/12_Group_Group_12_Group_Group_12_75.jpg,819.0,203.0,876.0,276.0,0.0,0.0,0.0,0.0,0.0,0.0,1024.0,768.0,0.0052909851074218,Female,Asian,True,Female_Asian,0.0
2187,12--Group/12_Group_Group_12_Group_Group_12_35.jpg,6.0,334.0,68.0,432.0,0.0,0.0,0.0,0.0,0.0,0.0,1024.0,768.0,0.0077260335286458,Female,Black,True,Female_Black,0.0
2188,12--Group/12_Group_Group_12_Group_Group_12_35.jpg,148.0,306.0,222.0,402.0,0.0,0.0,0.0,0.0,0.0,0.0,1024.0,768.0,0.009033203125,Female,White,True,Female_White,0.0
2189,12--Group/12_Group_Group_12_Group_Group_12_35.jpg,268.0,286.0,330.0,368.0,0.0,0.0,0.0,0.0,0.0,0.0,1024.0,768.0,0.0064646402994791,Female,White,True,Female_White,0.0
2190,12--Group/12_Group_Group_12_Group_Group_12_35.jpg,420.0,286.0,482.0,368.0,0.0,0.0,0.0,0.0,0.0,0.0,1024.0,768.0,0.0064646402994791,Female,White,True,Female_White,0.0
2191,12--Group/12_Group_Group_12_Group_Group_12_35.jpg,546.0,358.0,600.0,430.0,0.0,0.0,0.0,0.0,0.0,0.0,1024.0,768.0,0.00494384765625,Female,White,True,Female_White,0.0
2192,12--Group/12_Group_Group_12_Group_Group_12_35.jpg,600.0,342.0,660.0,416.0,0.0,0.0,0.0,0.0,0.0,0.0,1024.0,768.0,0.005645751953125,Female,White,True,Female_White,0.0
2193,12--Group/12_Group_Group_12_Group_Group_12_35.jpg,764.0,296.0,826.0,376.0,0.0,0.0,0.0,0.0,0.0,0.0,1024.0,768.0,0.0063069661458333,Female,Asian,True,Female_Asian,0.0
2194,12--Group/12_Group_Group_12_Group_Group_12_35.jpg,846.0,304.0,906.0,382.0,0.0,0.0,0.0,0.0,0.0,0.0,1024.0,768.0,0.005950927734375,Female,White,True,Female_White,0.0
2224,12--Group/12_Group_Group_12_Group_Group_12_244.jpg,116.0,44.0,218.0,176.0,0.0,0.0,0.0,0.0,0.0,0.0,1024.0,1027.0,0.0128027629016553,Female,Asian,True,Female_Asian,0.0
2225,12--Group/12_Group_Group_12_Group_Group_12_244.jpg,393.0,242.0,545.0,452.0,0.0,0.0,0.0,0.0,0.0,0.0,1024.0,1027.0,0.0303523612463485,Female,Asian,True,Female_Asian,1.0
2226,12--Group/12_Group_Group_12_Group_Group_12_244.jpg,741.0,102.0,1022.0,439.0,0.0,0.0,0.0,0.0,0.0,0.0,1024.0,1027.0,0.0900462892526777,Female,Asian,True,Female_Asian,3.0
2227,12--Group/12_Group_Group_12_Group_Group_12_244.jpg,295.0,655.0,369.0,717.0,1.0,0.0,0.0,0.0,0.0,0.0,1024.0,1027.0,0.0043626764849074,Female,Asian,True,Female_Asian,0.0
2228,12--Group/12_Group_Group_12_Group_Group_12_244.jpg,641.0,649.0,723.0,717.0,1.0,0.0,0.0,0.0,0.0,0.0,1024.0,1027.0,0.0053021543330087,Female,Asian,True,Female_Asian,0.0
2265,13--Interview/13_Interview_Interview_Sequences_13_809.jpg,328.0,28.0,674.0,510.0,0.0,0.0,0.0,0.0,0.0,0.0,1024.0,576.0,0.2827487521701389,Male,White,True,Male_White,10.0
2274,13--Interview/13_Interview_Interview_2_People_Visible_13_284.jpg,123.0,301.0,459.0,719.0,0.0,0.0,1.0,0.0,0.0,0.0,1024.0,1498.0,0.0915595794392523,Male,Indian,True,Male_Indian,3.0
2279,13--Interview/13_Interview_Interview_2_People_Visible_13_14.jpg,269.0,311.0,805.0,1059.0,0.0,0.0,0.0,0.0,0.0,0.0,1024.0,1624.0,0.241090671182266,Male,White,True,Male_White,9.0
2280,13--Interview/13_Interview_Interview_Sequences_13_810.jpg,285.0,201.0,759.0,919.0,0.0,0.0,0.0,0.0,0.0,0.0,1024.0,1536.0,0.2163772583007812,Male,White,True,Male_White,8.0
2299,13--Interview/13_Interview_Interview_2_People_Visible_13_351.jpg,536.0,18.0,788.0,330.0,1.0,0.0,0.0,0.0,0.0,0.0,1024.0,650.0,0.118125,Male,Indian,True,Male_Indian,4.0
2303,13--Interview/13_Interview_Interview_Sequences_13_467.jpg,342.0,262.0,752.0,876.0,0.0,0.0,0.0,0.0,0.0,0.0,1024.0,1280.0,0.1920623779296875,Male,White,True,Male_White,7.0
2310,13--Interview/13_Interview_Interview_Sequences_13_491.jpg,524.0,94.0,652.0,284.0,0.0,0.0,0.0,0.0,0.0,0.0,1024.0,684.0,0.0347222222222222,Male,White,True,Male_White,1.0
2316,13--Interview/13_Interview_Interview_Sequences_13_28.jpg,404.0,150.0,748.0,584.0,1.0,0.0,0.0,0.0,0.0,0.0,1024.0,608.0,0.2397974917763158,Male,Indian,True,Male_Indian,8.0
2317,13--Interview/13_Interview_Interview_On_Location_13_764.jpg,170.0,64.0,534.0,578.0,0.0,0.0,0.0,0.0,0.0,0.0,1024.0,674.0,0.2710844770029673,Male,White,True,Male_White,10.0
2322,13--Interview/13_Interview_Interview_2_People_Visible_13_105.jpg,416.0,60.0,662.0,388.0,0.0,1.0,0.0,0.0,0.0,0.0,1024.0,680.0,0.1158777573529411,Male,White,True,Male_White,4.0
2341,13--Interview/13_Interview_Interview_On_Location_13_419.jpg,178.0,50.0,440.0,350.0,0.0,0.0,0.0,0.0,0.0,1.0,1024.0,781.0,0.0982814500640204,Male,White,True,Male_White,3.0
2343,13--Interview/13_Interview_Interview_2_People_Visible_13_375.jpg,401.0,298.0,552.0,545.0,1.0,0.0,0.0,0.0,0.0,0.0,1024.0,1292.0,0.0281910615808823,Male,Indian,True,Male_Indian,1.0
2344,13--Interview/13_Interview_Interview_Sequences_13_639.jpg,294.0,42.0,592.0,398.0,0.0,0.0,0.0,0.0,0.0,0.0,1024.0,683.0,0.1516860358711566,Male,Indian,True,Male_Indian,5.0
2357,13--Interview/13_Interview_Interview_Sequences_13_480.jpg,114.0,270.0,631.0,1066.0,0.0,0.0,0.0,0.0,0.0,0.0,1024.0,1536.0,0.2616449991861979,Male,Indian,True,Male_Indian,9.0
2372,13--Interview/13_Interview_Interview_Sequences_13_309.jpg,568.0,58.0,728.0,268.0,0.0,0.0,0.0,0.0,0.0,0.0,1024.0,575.0,0.0570652173913043,Male,White,True,Male_White,2.0
2373,13--Interview/13_Interview_Interview_Sequences_13_334.jpg,730.0,76.0,884.0,292.0,0.0,0.0,0.0,0.0,0.0,0.0,1024.0,576.0,0.056396484375,Male,White,True,Male_White,2.0
2374,13--Interview/13_Interview_Interview_On_Location_13_896.jpg,312.0,80.0,628.0,546.0,0.0,1.0,0.0,0.0,0.0,0.0,1024.0,682.0,0.2108573130498533,Male,White,True,Male_White,7.0
2384,13--Interview/13_Interview_Interview_Sequences_13_746.jpg,248.0,88.0,452.0,334.0,0.0,0.0,0.0,0.0,0.0,0.0,1024.0,576.0,0.0850830078125,Male,White,True,Male_White,3.0
2394,13--Interview/13_Interview_Interview_On_Location_13_761.jpg,279.0,208.0,773.0,883.0,0.0,0.0,0.0,0.0,0.0,0.0,1024.0,1145.0,0.2843971752183406,Male,White,True,Male_White,10.0
2396,13--Interview/13_Interview_Interview_Sequences_13_886.jpg,506.0,62.0,656.0,278.0,0.0,0.0,1.0,0.0,0.0,0.0,1024.0,682.0,0.0463938782991202,Male,White,True,Male_White,1.0
2397,13--Interview/13_Interview_Interview_2_People_Visible_13_395.jpg,554.0,116.0,860.0,556.0,0.0,0.0,0.0,0.0,0.0,0.0,1024.0,735.0,0.1788903061224489,Male,White,True,Male_White,6.0
2435,13--Interview/13_Interview_Interview_Sequences_13_806.jpg,462.0,114.0,630.0,338.0,0.0,0.0,0.0,0.0,0.0,0.0,1024.0,579.0,0.0634715025906735,Male,White,True,Male_White,2.0
2449,13--Interview/13_Interview_Interview_2_People_Visible_13_289.jpg,404.0,62.0,584.0,384.0,0.0,0.0,0.0,0.0,1.0,0.0,1024.0,576.0,0.0982666015625,Male,White,True,Male_White,3.0
2450,13--Interview/13_Interview_Interview_On_Location_13_824.jpg,467.0,121.0,649.0,373.0,0.0,0.0,0.0,0.0,0.0,0.0,1024.0,1292.0,0.0346664570433436,Male,White,True,Male_White,1.0
2451,13--Interview/13_Interview_Interview_Sequences_13_171.jpg,286.0,86.0,510.0,404.0,0.0,0.0,0.0,0.0,0.0,0.0,1024.0,576.0,0.1207682291666666,Male,White,True,Male_White,4.0
2472,13--Interview/13_Interview_Interview_Sequences_13_12.jpg,506.0,104.0,652.0,322.0,0.0,0.0,0.0,0.0,0.0,0.0,1024.0,575.0,0.0540557065217391,Male,White,True,Male_White,1.0
2473,13--Interview/13_Interview_Interview_Sequences_13_558.jpg,488.0,120.0,636.0,334.0,0.0,0.0,0.0,0.0,0.0,0.0,1024.0,576.0,0.0536973741319444,Male,White,True,Male_White,1.0
2478,13--Interview/13_Interview_Interview_Sequences_13_770.jpg,432.0,120.0,548.0,270.0,0.0,0.0,0.0,0.0,0.0,0.0,1024.0,576.0,0.0295003255208333,Male,White,True,Male_White,1.0
2485,13--Interview/13_Interview_Interview_Sequences_13_6.jpg,188.0,24.0,550.0,568.0,0.0,0.0,0.0,0.0,0.0,0.0,1024.0,686.0,0.2803389212827988,Male,White,True,Male_White,10.0
2490,13--Interview/13_Interview_Interview_Sequences_13_791.jpg,229.0,186.0,712.0,838.0,0.0,0.0,1.0,0.0,0.0,0.0,1024.0,1288.0,0.23876953125,Male,White,True,Male_White,8.0
2493,13--Interview/13_Interview_Interview_Sequences_13_889.jpg,344.0,30.0,644.0,478.0,0.0,0.0,0.0,0.0,0.0,0.0,1024.0,497.0,0.2640845070422535,Male,White,True,Male_White,9.0
2512,13--Interview/13_Interview_Interview_On_Location_13_556.jpg,168.0,312.0,393.0,564.0,0.0,0.0,0.0,0.0,0.0,0.0,1024.0,1536.0,0.0360488891601562,Male,White,True,Male_White,1.0
2519,13--Interview/13_Interview_Interview_2_People_Visible_13_130.jpg,82.0,37.0,243.0,237.0,0.0,0.0,0.0,0.0,0.0,0.0,1024.0,576.0,0.0545925564236111,Female,White,True,Female_White,1.0
2520,13--Interview/13_Interview_Interview_2_People_Visible_13_130.jpg,137.0,319.0,192.0,400.0,0.0,0.0,0.0,0.0,0.0,0.0,1024.0,576.0,0.0075531005859375,Female,White,True,Female_White,0.0
2521,13--Interview/13_Interview_Interview_2_People_Visible_13_130.jpg,428.0,101.0,565.0,262.0,0.0,0.0,0.0,0.0,0.0,0.0,1024.0,576.0,0.0373959011501736,Female,White,True,Female_White,1.0
2522,13--Interview/13_Interview_Interview_2_People_Visible_13_130.jpg,831.0,78.0,871.0,138.0,1.0,0.0,1.0,0.0,0.0,0.0,1024.0,576.0,0.0040690104166666,Female,White,True,Female_White,0.0
2525,13--Interview/13_Interview_Interview_Sequences_13_898.jpg,378.0,58.0,592.0,372.0,0.0,0.0,0.0,0.0,0.0,0.0,1024.0,577.0,0.11372806542461,Male,White,True,Male_White,4.0
2534,13--Interview/13_Interview_Interview_Sequences_13_605.jpg,358.0,12.0,774.0,554.0,0.0,0.0,0.0,0.0,0.0,0.0,1024.0,634.0,0.3472988958990536,Male,White,True,Male_White,13.0
2542,13--Interview/13_Interview_Interview_On_Location_13_47.jpg,438.0,110.0,584.0,274.0,0.0,0.0,0.0,0.0,0.0,0.0,1024.0,576.0,0.0405951605902777,Male,White,True,Male_White,1.0
2545,13--Interview/13_Interview_Interview_Sequences_13_664.jpg,271.0,330.0,663.0,894.0,0.0,0.0,0.0,0.0,0.0,0.0,1024.0,1445.0,0.1494160899653979,Male,White,True,Male_White,5.0
2555,13--Interview/13_Interview_Interview_Sequences_13_461.jpg,729.0,66.0,847.0,237.0,0.0,1.0,0.0,0.0,0.0,0.0,1024.0,1349.0,0.0146071742957746,Male,Black,True,Male_Black,0.0
2556,13--Interview/13_Interview_Interview_Sequences_13_744.jpg,134.0,64.0,290.0,306.0,0.0,0.0,0.0,0.0,0.0,0.0,1024.0,342.0,0.1077987938596491,Male,White,True,Male_White,4.0
2557,13--Interview/13_Interview_Interview_Sequences_13_77.jpg,531.0,111.0,889.0,542.0,0.0,0.0,1.0,0.0,0.0,0.0,1024.0,1133.0,0.1329935045233892,Male,White,True,Male_White,4.0
2564,13--Interview/13_Interview_Interview_Sequences_13_626.jpg,254.0,116.0,448.0,416.0,0.0,0.0,1.0,0.0,0.0,0.0,1024.0,719.0,0.0790485917941585,Male,Indian,True,Male_Indian,2.0
2567,13--Interview/13_Interview_Interview_Sequences_13_501.jpg,128.0,52.0,254.0,256.0,0.0,0.0,0.0,0.0,0.0,0.0,1024.0,576.0,0.0435791015625,Female,White,True,Female_White,1.0
2568,13--Interview/13_Interview_Interview_Sequences_13_501.jpg,428.0,134.0,574.0,352.0,0.0,0.0,0.0,0.0,0.0,0.0,1024.0,576.0,0.0539618598090277,Female,White,True,Female_White,1.0
2569,13--Interview/13_Interview_Interview_Sequences_13_501.jpg,748.0,94.0,900.0,288.0,1.0,0.0,0.0,0.0,0.0,0.0,1024.0,576.0,0.0499945746527777,Female,White,True,Female_White,1.0
2573,13--Interview/13_Interview_Interview_Sequences_13_71.jpg,294.0,104.0,484.0,366.0,0.0,0.0,0.0,0.0,0.0,0.0,1024.0,572.0,0.0849882539335664,Male,White,True,Male_White,3.0
2580,13--Interview/13_Interview_Interview_2_People_Visible_13_488.jpg,576.0,92.0,684.0,284.0,0.0,0.0,0.0,0.0,0.0,0.0,1024.0,656.0,0.0308689024390243,Male,White,True,Male_White,1.0
2587,13--Interview/13_Interview_Interview_Sequences_13_88.jpg,360.0,14.0,654.0,428.0,0.0,0.0,0.0,0.0,0.0,0.0,1024.0,486.0,0.2445746527777778,Male,White,True,Male_White,9.0
2597,13--Interview/13_Interview_Interview_2_People_Visible_13_246.jpg,310.0,246.0,513.0,519.0,1.0,0.0,0.0,0.0,0.0,0.0,1024.0,1051.0,0.051493926914843,Male,Indian,True,Male_Indian,1.0
2598,13--Interview/13_Interview_Interview_Sequences_13_8.jpg,308.0,60.0,622.0,490.0,0.0,0.0,1.0,0.0,0.0,0.0,1024.0,572.0,0.2305165537587412,Male,White,True,Male_White,8.0
2602,13--Interview/13_Interview_Interview_2_People_Visible_13_66.jpg,594.0,96.0,896.0,506.0,0.0,0.0,0.0,0.0,0.0,0.0,1024.0,682.0,0.1772990744134897,Male,White,True,Male_White,6.0
2603,13--Interview/13_Interview_Interview_Sequences_13_288.jpg,392.0,134.0,768.0,600.0,0.0,0.0,0.0,0.0,0.0,0.0,1024.0,683.0,0.2505261713030747,Male,White,True,Male_White,9.0
2617,13--Interview/13_Interview_Interview_Sequences_13_671.jpg,284.0,141.0,752.0,861.0,0.0,0.0,0.0,0.0,0.0,0.0,1024.0,1470.0,0.2238520408163265,Male,White,True,Male_White,8.0
2618,13--Interview/13_Interview_Interview_2_People_Visible_13_356.jpg,506.0,220.0,650.0,504.0,1.0,0.0,0.0,0.0,0.0,0.0,1024.0,1023.0,0.0390395894428152,Male,Indian,True,Male_Indian,1.0
2619,13--Interview/13_Interview_Interview_On_Location_13_593.jpg,350.0,116.0,420.0,162.0,1.0,0.0,0.0,0.0,0.0,1.0,1024.0,1531.0,0.0020539067602873,Male,White,True,Male_White,0.0
2624,13--Interview/13_Interview_Interview_2_People_Visible_13_455.jpg,546.0,50.0,654.0,234.0,1.0,0.0,0.0,0.0,0.0,0.0,1024.0,542.0,0.0358048892988929,Male,Indian,True,Male_Indian,1.0
2625,13--Interview/13_Interview_Interview_Sequences_13_185.jpg,344.0,60.0,474.0,254.0,0.0,0.0,0.0,0.0,0.0,0.0,1024.0,564.0,0.0436682734929078,Male,White,True,Male_White,1.0
2631,13--Interview/13_Interview_Interview_Sequences_13_272.jpg,478.0,107.0,515.0,153.0,1.0,0.0,1.0,0.0,0.0,0.0,1024.0,572.0,0.0029057856206293,Male,Black,True,Male_Black,0.0
2632,13--Interview/13_Interview_Interview_Sequences_13_633.jpg,560.0,72.0,834.0,448.0,0.0,0.0,0.0,0.0,0.0,0.0,1024.0,723.0,0.1391554287690179,Male,White,True,Male_White,5.0
2634,13--Interview/13_Interview_Interview_Sequences_13_479.jpg,316.0,46.0,620.0,488.0,0.0,0.0,0.0,0.0,0.0,0.0,1024.0,695.0,0.1888039568345323,Male,White,True,Male_White,7.0
2644,13--Interview/13_Interview_Interview_On_Location_13_181.jpg,312.0,312.0,801.0,952.0,0.0,0.0,1.0,0.0,0.0,0.0,1024.0,1536.0,0.198974609375,Male,White,True,Male_White,7.0
2656,13--Interview/13_Interview_Interview_On_Location_13_152.jpg,544.0,46.0,900.0,474.0,0.0,0.0,0.0,0.0,0.0,0.0,1024.0,768.0,0.1937459309895833,Male,White,True,Male_White,7.0
2674,13--Interview/13_Interview_Interview_Sequences_13_14.jpg,456.0,136.0,756.0,594.0,0.0,0.0,0.0,0.0,0.0,0.0,1024.0,768.0,0.174713134765625,Male,White,True,Male_White,6.0
2675,13--Interview/13_Interview_Interview_On_Location_13_344.jpg,356.0,102.0,492.0,298.0,0.0,0.0,0.0,0.0,0.0,0.0,1024.0,901.0,0.0288915094339622,Male,White,True,Male_White,1.0
2677,13--Interview/13_Interview_Interview_Sequences_13_329.jpg,518.0,82.0,674.0,318.0,0.0,0.0,0.0,0.0,0.0,0.0,1024.0,576.0,0.0624186197916666,Male,White,True,Male_White,2.0
2678,13--Interview/13_Interview_Interview_Sequences_13_515.jpg,418.0,104.0,604.0,372.0,0.0,0.0,0.0,0.0,0.0,0.0,1024.0,626.0,0.0777630790734824,Male,White,True,Male_White,2.0
2683,13--Interview/13_Interview_Interview_Sequences_13_753.jpg,482.0,98.0,574.0,214.0,0.0,0.0,1.0,0.0,0.0,0.0,1024.0,670.0,0.0155550373134328,Male,White,True,Male_White,0.0
2684,13--Interview/13_Interview_Interview_Sequences_13_131.jpg,254.0,18.0,546.0,438.0,0.0,0.0,0.0,0.0,0.0,0.0,1024.0,576.0,0.2079264322916666,Male,White,True,Male_White,7.0
2696,13--Interview/13_Interview_Interview_2_People_Visible_13_144.jpg,358.0,4.0,858.0,702.0,0.0,0.0,1.0,0.0,0.0,0.0,1024.0,768.0,0.4437764485677083,Male,White,True,Male_White,
2703,13--Interview/13_Interview_Interview_2_People_Visible_13_270.jpg,502.0,104.0,696.0,358.0,0.0,0.0,1.0,0.0,0.0,0.0,1024.0,768.0,0.0626576741536458,Male,White,True,Male_White,2.0
2704,13--Interview/13_Interview_Interview_Sequences_13_570.jpg,256.0,180.0,811.0,931.0,0.0,0.0,0.0,0.0,0.0,0.0,1024.0,1110.0,0.36669921875,Male,White,True,Male_White,13.0
2709,13--Interview/13_Interview_Interview_On_Location_13_436.jpg,354.0,94.0,464.0,226.0,0.0,0.0,0.0,0.0,0.0,0.0,1024.0,399.0,0.0355380639097744,Male,White,True,Male_White,1.0
2714,13--Interview/13_Interview_Interview_2_People_Visible_13_124.jpg,518.0,152.0,598.0,278.0,0.0,0.0,1.0,0.0,0.0,0.0,1024.0,1024.0,0.009613037109375,Male,White,True,Male_White,0.0
2716,13--Interview/13_Interview_Interview_2_People_Visible_13_451.jpg,584.0,106.0,748.0,356.0,0.0,0.0,0.0,0.0,0.0,0.0,1024.0,550.0,0.0727982954545454,Male,White,True,Male_White,2.0
2726,13--Interview/13_Interview_Interview_Sequences_13_247.jpg,510.0,80.0,644.0,278.0,0.0,0.0,0.0,0.0,0.0,0.0,1024.0,697.0,0.037173825322812,Male,White,True,Male_White,1.0
2731,13--Interview/13_Interview_Interview_Sequences_13_836.jpg,278.0,24.0,400.0,198.0,0.0,0.0,1.0,0.0,0.0,0.0,1024.0,342.0,0.0606154057017543,Male,White,True,Male_White,2.0
2739,13--Interview/13_Interview_Interview_On_Location_13_690.jpg,476.0,52.0,684.0,342.0,0.0,0.0,0.0,0.0,0.0,0.0,1024.0,434.0,0.1357286866359447,Male,White,True,Male_White,5.0
2741,13--Interview/13_Interview_Interview_Sequences_13_83.jpg,479.0,724.0,542.0,821.0,0.0,0.0,1.0,0.0,0.0,0.0,1024.0,1348.0,0.0044271316301928,Male,White,True,Male_White,0.0
2742,13--Interview/13_Interview_Interview_Sequences_13_262.jpg,456.0,102.0,570.0,270.0,1.0,0.0,1.0,0.0,0.0,0.0,1024.0,848.0,0.0220555719339622,Male,Indian,True,Male_Indian,0.0
2744,13--Interview/13_Interview_Interview_Sequences_13_631.jpg,88.0,90.0,404.0,590.0,0.0,0.0,1.0,0.0,0.0,0.0,1024.0,1024.0,0.1506805419921875,Male,Indian,True,Male_Indian,5.0
2765,13--Interview/13_Interview_Interview_2_People_Visible_13_397.jpg,422.0,174.0,584.0,420.0,1.0,0.0,0.0,0.0,0.0,0.0,1024.0,813.0,0.0478695802583025,Male,Indian,True,Male_Indian,1.0
2790,13--Interview/13_Interview_Interview_Sequences_13_532.jpg,306.0,104.0,486.0,358.0,0.0,0.0,0.0,0.0,0.0,0.0,1024.0,576.0,0.0775146484375,Male,White,True,Male_White,2.0
2802,13--Interview/13_Interview_Interview_Sequences_13_957.jpg,300.0,90.0,416.0,242.0,0.0,0.0,0.0,0.0,0.0,0.0,1024.0,574.0,0.0299978222996515,Male,White,True,Male_White,1.0
2805,13--Interview/13_Interview_Interview_On_Location_13_691.jpg,480.0,174.0,680.0,478.0,0.0,0.0,0.0,0.0,0.0,0.0,1024.0,1024.0,0.0579833984375,Male,White,True,Male_White,2.0
2817,13--Interview/13_Interview_Interview_Sequences_13_323.jpg,256.0,60.0,428.0,316.0,0.0,0.0,0.0,0.0,0.0,0.0,1024.0,576.0,0.0746527777777777,Male,White,True,Male_White,2.0
2824,13--Interview/13_Interview_Interview_2_People_Visible_13_311.jpg,307.0,280.0,750.0,925.0,0.0,0.0,0.0,0.0,0.0,0.0,1024.0,1366.0,0.2042738550054904,Male,White,True,Male_White,7.0
2838,13--Interview/13_Interview_Interview_On_Location_13_609.jpg,476.0,84.0,608.0,268.0,0.0,0.0,0.0,0.0,0.0,0.0,1024.0,574.0,0.0413218641114982,Male,White,True,Male_White,1.0
2840,13--Interview/13_Interview_Interview_On_Location_13_719.jpg,450.0,18.0,582.0,184.0,0.0,0.0,0.0,0.0,0.0,0.0,1024.0,400.0,0.05349609375,Female,Asian,True,Female_Asian,1.0
2841,13--Interview/13_Interview_Interview_On_Location_13_719.jpg,708.0,136.0,840.0,320.0,0.0,0.0,0.0,0.0,0.0,0.0,1024.0,400.0,0.059296875,Female,Asian,True,Female_Asian,2.0
2842,13--Interview/13_Interview_Interview_On_Location_13_719.jpg,244.0,196.0,380.0,386.0,0.0,0.0,0.0,0.0,0.0,0.0,1024.0,400.0,0.0630859375,Female,Asian,True,Female_Asian,2.0
2858,13--Interview/13_Interview_Interview_On_Location_13_704.jpg,343.0,686.0,421.0,761.0,1.0,0.0,0.0,0.0,0.0,1.0,1024.0,1428.0,0.0040006236869747,Male,White,True,Male_White,0.0
2865,13--Interview/13_Interview_Interview_Sequences_13_917.jpg,424.0,58.0,776.0,524.0,0.0,0.0,0.0,0.0,0.0,0.0,1024.0,663.0,0.2416101055806938,Male,White,True,Male_White,9.0
2866,13--Interview/13_Interview_Interview_On_Location_13_392.jpg,410.0,321.0,618.0,614.0,0.0,0.0,0.0,0.0,0.0,0.0,1024.0,1567.0,0.0379806158264199,Male,White,True,Male_White,1.0
2870,13--Interview/13_Interview_Interview_2_People_Visible_13_108.jpg,90.0,131.0,150.0,199.0,0.0,0.0,0.0,0.0,0.0,0.0,1024.0,768.0,0.00518798828125,Female,Asian,True,Female_Asian,0.0
2871,13--Interview/13_Interview_Interview_2_People_Visible_13_108.jpg,320.0,139.0,475.0,389.0,0.0,0.0,0.0,0.0,1.0,0.0,1024.0,768.0,0.0492731730143229,Female,Asian,True,Female_Asian,1.0
2872,13--Interview/13_Interview_Interview_2_People_Visible_13_108.jpg,729.0,0.0,866.0,116.0,0.0,0.0,0.0,0.0,0.0,0.0,1024.0,768.0,0.0202077229817708,Female,Asian,True,Female_Asian,0.0
2873,13--Interview/13_Interview_Interview_2_People_Visible_13_108.jpg,971.0,21.0,1023.0,91.0,0.0,0.0,0.0,0.0,0.0,0.0,1024.0,768.0,0.0046284993489583,Female,Asian,True,Female_Asian,0.0
2874,13--Interview/13_Interview_Interview_2_People_Visible_13_242.jpg,419.0,212.0,751.0,690.0,1.0,0.0,0.0,0.0,0.0,0.0,1024.0,1359.0,0.1140372056659308,Male,Indian,True,Male_Indian,4.0
2880,13--Interview/13_Interview_Interview_Sequences_13_401.jpg,430.0,80.0,622.0,362.0,0.0,0.0,0.0,0.0,0.0,0.0,1024.0,582.0,0.0908505154639175,Male,White,True,Male_White,3.0
2893,13--Interview/13_Interview_Interview_Sequences_13_320.jpg,452.0,142.0,510.0,222.0,1.0,1.0,0.0,0.0,0.0,0.0,1024.0,746.0,0.0060740616621983,Male,White,True,Male_White,0.0
2894,13--Interview/13_Interview_Interview_On_Location_13_833.jpg,320.0,80.0,620.0,450.0,0.0,0.0,0.0,0.0,0.0,0.0,1024.0,667.0,0.1625163980509745,Male,White,True,Male_White,6.0
2899,13--Interview/13_Interview_Interview_On_Location_13_30.jpg,451.0,64.0,712.0,467.0,0.0,0.0,0.0,0.0,0.0,0.0,1024.0,1552.0,0.0661841323695232,Male,White,True,Male_White,2.0
2903,13--Interview/13_Interview_Interview_Sequences_13_920.jpg,598.0,74.0,700.0,222.0,0.0,0.0,1.0,0.0,0.0,0.0,1024.0,673.0,0.0219051820208023,Male,White,True,Male_White,0.0
2909,13--Interview/13_Interview_Interview_Sequences_13_452.jpg,189.0,267.0,697.0,937.0,0.0,0.0,0.0,0.0,0.0,0.0,1024.0,1485.0,0.2238268097643097,Male,Asian,True,Male_Asian,8.0
2917,13--Interview/13_Interview_Interview_Sequences_13_823.jpg,428.0,70.0,568.0,238.0,0.0,0.0,1.0,0.0,0.0,0.0,1024.0,683.0,0.0336292093704245,Male,White,True,Male_White,1.0
2920,13--Interview/13_Interview_Interview_Sequences_13_269.jpg,476.0,116.0,664.0,388.0,0.0,0.0,0.0,0.0,0.0,0.0,1024.0,683.0,0.073114934114202,Male,White,True,Male_White,2.0
2926,13--Interview/13_Interview_Interview_On_Location_13_76.jpg,351.0,98.0,595.0,461.0,0.0,0.0,0.0,0.0,0.0,0.0,1024.0,1524.0,0.056755967027559,Male,White,True,Male_White,2.0
2930,13--Interview/13_Interview_Interview_Sequences_13_147.jpg,372.0,2.0,798.0,542.0,0.0,0.0,0.0,0.0,0.0,0.0,1024.0,572.0,0.3927420236013986,Male,White,True,Male_White,14.0
2944,13--Interview/13_Interview_Interview_Sequences_13_921.jpg,420.0,466.0,668.0,840.0,0.0,0.0,0.0,0.0,0.0,0.0,1024.0,1571.0,0.0576563494589433,Male,White,True,Male_White,2.0
2948,14--Traffic/14_Traffic_Traffic_14_621.jpg,455.0,220.0,705.0,612.0,0.0,0.0,0.0,0.0,0.0,0.0,1024.0,1540.0,0.0621448863636363,Male,White,True,Male_White,2.0
2949,14--Traffic/14_Traffic_Traffic_14_446.jpg,402.0,228.0,454.0,292.0,1.0,0.0,0.0,0.0,1.0,0.0,1024.0,768.0,0.0042317708333333,Male,Indian,True,Male_Indian,0.0
2952,14--Traffic/14_Traffic_Traffic_14_913.jpg,161.0,190.0,208.0,268.0,1.0,0.0,1.0,0.0,0.0,0.0,1024.0,732.0,0.0048908171106557,Male,White,True,Male_White,0.0
2960,14--Traffic/14_Traffic_Traffic_14_761.jpg,746.0,158.0,862.0,316.0,1.0,0.0,1.0,0.0,0.0,0.0,1024.0,765.0,0.0233966503267973,Male,White,True,Male_White,0.0
2990,14--Traffic/14_Traffic_Traffic_14_620.jpg,328.0,202.0,726.0,720.0,0.0,0.0,0.0,0.0,0.0,0.0,1024.0,1540.0,0.1307350852272727,Male,White,True,Male_White,4.0
2993,15--Stock_Market/15_Stock_Market_Stock_Market_15_729.jpg,662.0,46.0,926.0,394.0,0.0,0.0,0.0,0.0,0.0,0.0,1024.0,576.0,0.15576171875,Male,White,True,Male_White,5.0
3003,15--Stock_Market/15_Stock_Market_Stock_Market_15_442.jpg,470.0,298.0,690.0,556.0,0.0,0.0,1.0,0.0,0.0,0.0,1024.0,768.0,0.072174072265625,Male,White,True,Male_White,2.0
3021,15--Stock_Market/15_Stock_Market_Stock_Market_15_561.jpg,448.0,106.0,594.0,326.0,0.0,0.0,0.0,0.0,1.0,0.0,1024.0,586.0,0.0535276237201365,Male,White,True,Male_White,1.0
3024,15--Stock_Market/15_Stock_Market_Stock_Market_15_490.jpg,432.0,120.0,558.0,298.0,0.0,0.0,0.0,0.0,0.0,0.0,1024.0,577.0,0.0379590012998266,Male,White,True,Male_White,1.0
3025,15--Stock_Market/15_Stock_Market_Stock_Market_15_362.jpg,410.0,134.0,580.0,398.0,0.0,0.0,0.0,0.0,0.0,0.0,1024.0,768.0,0.05706787109375,Male,White,True,Male_White,2.0
3031,15--Stock_Market/15_Stock_Market_Stock_Market_15_776.jpg,282.0,158.0,510.0,508.0,0.0,0.0,0.0,0.0,1.0,0.0,1024.0,650.0,0.1198918269230769,Male,White,True,Male_White,4.0
3041,15--Stock_Market/15_Stock_Market_Stock_Market_15_993.jpg,676.0,192.0,782.0,282.0,0.0,0.0,0.0,0.0,0.0,1.0,1024.0,681.0,0.0136804790748898,Male,Asian,True,Male_Asian,0.0
3054,15--Stock_Market/15_Stock_Market_Stock_Market_15_377.jpg,126.0,32.0,180.0,106.0,1.0,0.0,0.0,0.0,0.0,0.0,1024.0,737.0,0.0052949033242876,Female,Asian,True,Female_Asian,0.0
3055,15--Stock_Market/15_Stock_Market_Stock_Market_15_377.jpg,386.0,126.0,444.0,190.0,1.0,0.0,0.0,0.0,0.0,0.0,1024.0,737.0,0.0049185888738127,Female,White,True,Female_White,0.0
3056,15--Stock_Market/15_Stock_Market_Stock_Market_15_377.jpg,508.0,230.0,596.0,348.0,0.0,0.0,0.0,0.0,0.0,0.0,1024.0,737.0,0.0137593283582089,Female,Asian,True,Female_Asian,0.0
3057,15--Stock_Market/15_Stock_Market_Stock_Market_15_377.jpg,884.0,214.0,988.0,364.0,0.0,0.0,0.0,0.0,0.0,0.0,1024.0,737.0,0.0206707937584803,Female,White,True,Female_White,0.0
3061,16--Award_Ceremony/16_Award_Ceremony_Awards_Ceremony_16_65.jpg,429.0,234.0,611.0,509.0,0.0,0.0,0.0,0.0,0.0,0.0,1024.0,1408.0,0.0347137451171875,Male,White,True,Male_White,1.0
3100,16--Award_Ceremony/16_Award_Ceremony_Awards_Ceremony_16_207.jpg,413.0,131.0,617.0,457.0,0.0,0.0,0.0,0.0,0.0,0.0,1024.0,1491.0,0.0435582243460764,Male,White,True,Male_White,1.0
3114,16--Award_Ceremony/16_Award_Ceremony_Awards_Ceremony_16_510.jpg,57.0,144.0,93.0,186.0,0.0,0.0,0.0,0.0,0.0,0.0,1024.0,579.0,0.0025501943005181,Female,Asian,True,Female_Asian,0.0
3115,16--Award_Ceremony/16_Award_Ceremony_Awards_Ceremony_16_510.jpg,189.0,112.0,225.0,153.0,0.0,0.0,0.0,0.0,0.0,0.0,1024.0,579.0,0.002489475388601,Female,Asian,True,Female_Asian,0.0
3116,16--Award_Ceremony/16_Award_Ceremony_Awards_Ceremony_16_510.jpg,280.0,117.0,317.0,161.0,0.0,0.0,0.0,0.0,0.0,0.0,1024.0,579.0,0.0027458441278065,Female,Asian,True,Female_Asian,0.0
3117,16--Award_Ceremony/16_Award_Ceremony_Awards_Ceremony_16_510.jpg,401.0,144.0,432.0,188.0,0.0,0.0,0.0,0.0,0.0,0.0,1024.0,579.0,0.0023005721070811,Female,Asian,True,Female_Asian,0.0
3118,16--Award_Ceremony/16_Award_Ceremony_Awards_Ceremony_16_510.jpg,495.0,112.0,528.0,158.0,0.0,0.0,0.0,0.0,0.0,0.0,1024.0,579.0,0.0025603141191709,Female,Asian,True,Female_Asian,0.0
3119,16--Award_Ceremony/16_Award_Ceremony_Awards_Ceremony_16_510.jpg,593.0,140.0,629.0,185.0,0.0,0.0,0.0,0.0,0.0,0.0,1024.0,579.0,0.0027323510362694,Female,Asian,True,Female_Asian,0.0
3120,16--Award_Ceremony/16_Award_Ceremony_Awards_Ceremony_16_510.jpg,712.0,138.0,747.0,179.0,0.0,0.0,0.0,0.0,0.0,0.0,1024.0,579.0,0.0024203232944732,Female,Asian,True,Female_Asian,0.0
3121,16--Award_Ceremony/16_Award_Ceremony_Awards_Ceremony_16_510.jpg,794.0,147.0,832.0,186.0,0.0,0.0,0.0,0.0,0.0,0.0,1024.0,579.0,0.0024995952072538,Female,Asian,True,Female_Asian,0.0
3122,16--Award_Ceremony/16_Award_Ceremony_Awards_Ceremony_16_510.jpg,883.0,126.0,921.0,174.0,0.0,0.0,0.0,0.0,0.0,0.0,1024.0,579.0,0.0030764248704663,Female,Asian,True,Female_Asian,0.0
3128,16--Award_Ceremony/16_Award_Ceremony_Awards_Ceremony_16_41.jpg,57.0,147.0,109.0,200.0,0.0,0.0,0.0,0.0,0.0,0.0,1024.0,604.0,0.0044559706125827,Male,White,True,Male_White,0.0
3129,16--Award_Ceremony/16_Award_Ceremony_Awards_Ceremony_16_41.jpg,204.0,163.0,248.0,223.0,0.0,0.0,0.0,0.0,1.0,0.0,1024.0,604.0,0.0042684188741721,Female,White,True,Female_White,0.0
3130,16--Award_Ceremony/16_Award_Ceremony_Awards_Ceremony_16_41.jpg,226.0,219.0,277.0,280.0,0.0,0.0,0.0,0.0,0.0,0.0,1024.0,604.0,0.0050299436051324,Male,White,True,Male_White,0.0
3131,16--Award_Ceremony/16_Award_Ceremony_Awards_Ceremony_16_41.jpg,341.0,153.0,387.0,212.0,0.0,0.0,0.0,0.0,0.0,0.0,1024.0,604.0,0.0043880639486754,Female,White,True,Female_White,0.0
3132,16--Award_Ceremony/16_Award_Ceremony_Awards_Ceremony_16_41.jpg,475.0,180.0,521.0,244.0,0.0,0.0,0.0,0.0,0.0,0.0,1024.0,604.0,0.0047599337748344,Female,Black,True,Female_Black,0.0
3133,16--Award_Ceremony/16_Award_Ceremony_Awards_Ceremony_16_41.jpg,600.0,169.0,656.0,239.0,0.0,0.0,0.0,0.0,0.0,0.0,1024.0,604.0,0.0063379552980132,Female,Black,True,Female_Black,0.0
3134,16--Award_Ceremony/16_Award_Ceremony_Awards_Ceremony_16_41.jpg,758.0,157.0,811.0,233.0,0.0,0.0,0.0,0.0,0.0,0.0,1024.0,604.0,0.0065125724337748,Female,Indian,True,Female_Indian,0.0
3135,16--Award_Ceremony/16_Award_Ceremony_Awards_Ceremony_16_41.jpg,746.0,120.0,795.0,167.0,0.0,0.0,0.0,0.0,1.0,0.0,1024.0,604.0,0.0037235487375827,Female,White,True,Female_White,0.0
3136,16--Award_Ceremony/16_Award_Ceremony_Awards_Ceremony_16_41.jpg,907.0,135.0,970.0,209.0,0.0,0.0,0.0,0.0,0.0,0.0,1024.0,604.0,0.0075376396937086,Female,White,True,Female_White,0.0
3138,16--Award_Ceremony/16_Award_Ceremony_Awards_Ceremony_16_58.jpg,454.0,152.0,619.0,394.0,0.0,0.0,0.0,0.0,0.0,0.0,1024.0,1320.0,0.029541015625,Male,White,True,Male_White,1.0
3139,16--Award_Ceremony/16_Award_Ceremony_Awards_Ceremony_16_593.jpg,180.0,300.0,829.0,1162.0,0.0,0.0,0.0,0.0,0.0,0.0,1024.0,1536.0,0.3556811014811198,Male,Black,True,Male_Black,13.0
3141,16--Award_Ceremony/16_Award_Ceremony_Awards_Ceremony_16_426.jpg,612.0,109.0,892.0,474.0,0.0,0.0,0.0,0.0,0.0,0.0,1024.0,1508.0,0.0661834797745358,Male,White,True,Male_White,2.0
3169,16--Award_Ceremony/16_Award_Ceremony_Awards_Ceremony_16_307.jpg,302.0,248.0,477.0,507.0,0.0,0.0,1.0,0.0,0.0,0.0,1024.0,1380.0,0.0320744168931159,Male,Indian,True,Male_Indian,1.0
3172,16--Award_Ceremony/16_Award_Ceremony_Awards_Ceremony_16_333.jpg,303.0,129.0,671.0,632.0,0.0,0.0,0.0,0.0,0.0,0.0,1024.0,1506.0,0.1200302954847277,Male,White,True,Male_White,4.0
3178,16--Award_Ceremony/16_Award_Ceremony_Awards_Ceremony_16_659.jpg,281.0,100.0,572.0,542.0,0.0,0.0,0.0,0.0,0.0,0.0,1024.0,1285.0,0.0977489664396887,Male,White,True,Male_White,3.0
3230,16--Award_Ceremony/16_Award_Ceremony_Awards_Ceremony_16_325.jpg,219.0,366.0,868.0,1183.0,0.0,0.0,0.0,0.0,0.0,0.0,1024.0,1536.0,0.3371130625406901,Male,Indian,True,Male_Indian,12.0
3231,16--Award_Ceremony/16_Award_Ceremony_Awards_Ceremony_16_271.jpg,375.0,85.0,587.0,413.0,0.0,0.0,0.0,0.0,0.0,0.0,1024.0,1326.0,0.0512113499245852,Male,White,True,Male_White,1.0
3232,16--Award_Ceremony/16_Award_Ceremony_Awards_Ceremony_16_274.jpg,352.0,145.0,608.0,527.0,0.0,0.0,0.0,0.0,0.0,0.0,1024.0,1540.0,0.062012987012987,Male,White,True,Male_White,2.0
3249,16--Award_Ceremony/16_Award_Ceremony_Awards_Ceremony_16_151.jpg,367.0,120.0,599.0,463.0,0.0,0.0,0.0,0.0,0.0,0.0,1024.0,1540.0,0.0504616477272727,Male,White,True,Male_White,1.0
3265,16--Award_Ceremony/16_Award_Ceremony_Awards_Ceremony_16_189.jpg,291.0,109.0,334.0,164.0,1.0,0.0,0.0,0.0,0.0,0.0,1024.0,504.0,0.0045824807787698,Female,White,True,Female_White,0.0
3266,16--Award_Ceremony/16_Award_Ceremony_Awards_Ceremony_16_189.jpg,388.0,128.0,430.0,178.0,1.0,0.0,0.0,0.0,0.0,0.0,1024.0,504.0,0.0040690104166666,Female,White,True,Female_White,0.0
3267,16--Award_Ceremony/16_Award_Ceremony_Awards_Ceremony_16_189.jpg,504.0,159.0,543.0,205.0,1.0,0.0,0.0,0.0,0.0,0.0,1024.0,504.0,0.003476097470238,Female,White,True,Female_White,0.0
3268,16--Award_Ceremony/16_Award_Ceremony_Awards_Ceremony_16_189.jpg,611.0,99.0,654.0,152.0,1.0,0.0,0.0,0.0,0.0,0.0,1024.0,504.0,0.0044158451140873,Male,White,True,Male_White,0.0
3269,16--Award_Ceremony/16_Award_Ceremony_Awards_Ceremony_16_189.jpg,718.0,104.0,760.0,149.0,1.0,0.0,0.0,0.0,0.0,0.0,1024.0,504.0,0.003662109375,Female,White,True,Female_White,0.0
3270,16--Award_Ceremony/16_Award_Ceremony_Awards_Ceremony_16_245.jpg,228.0,138.0,770.0,956.0,0.0,0.0,0.0,0.0,0.0,0.0,1024.0,1408.0,0.3075034401633523,Male,Black,True,Male_Black,11.0
3281,16--Award_Ceremony/16_Award_Ceremony_Awards_Ceremony_16_304.jpg,348.0,249.0,527.0,498.0,0.0,0.0,0.0,0.0,0.0,0.0,1024.0,1370.0,0.031771070939781,Male,White,True,Male_White,1.0
3328,17--Ceremony/17_Ceremony_Ceremony_17_185.jpg,692.0,212.0,922.0,528.0,0.0,0.0,0.0,0.0,0.0,0.0,1024.0,738.0,0.0961742039295392,Female,Black,True,Female_Black,3.0
3329,17--Ceremony/17_Ceremony_Ceremony_17_185.jpg,436.0,250.0,538.0,368.0,0.0,0.0,0.0,0.0,1.0,0.0,1024.0,738.0,0.0159267022357723,Female,Black,True,Female_Black,0.0
3330,17--Ceremony/17_Ceremony_Ceremony_17_185.jpg,376.0,258.0,430.0,344.0,0.0,0.0,0.0,0.0,1.0,0.0,1024.0,738.0,0.0061451981707317,Female,Black,True,Female_Black,0.0
3373,17--Ceremony/17_Ceremony_Ceremony_17_474.jpg,455.0,495.0,529.0,604.0,1.0,0.0,0.0,0.0,0.0,0.0,1024.0,1466.0,0.0053730921725784,Female,White,True,Female_White,0.0
3374,17--Ceremony/17_Ceremony_Ceremony_17_474.jpg,609.0,112.0,692.0,192.0,1.0,0.0,0.0,0.0,0.0,0.0,1024.0,1466.0,0.0044231753069577,Female,White,True,Female_White,0.0
3375,17--Ceremony/17_Ceremony_Ceremony_17_474.jpg,160.0,372.0,240.0,472.0,1.0,0.0,0.0,0.0,0.0,0.0,1024.0,1466.0,0.0053291268758526,Female,White,True,Female_White,0.0
3444,17--Ceremony/17_Ceremony_Ceremony_17_68.jpg,813.0,196.0,866.0,256.0,0.0,0.0,0.0,0.0,0.0,0.0,1024.0,768.0,0.0040435791015625,Female,White,True,Female_White,0.0
3445,17--Ceremony/17_Ceremony_Ceremony_17_68.jpg,557.0,210.0,597.0,288.0,0.0,0.0,0.0,0.0,0.0,0.0,1024.0,768.0,0.00396728515625,Female,Asian,True,Female_Asian,0.0
3446,17--Ceremony/17_Ceremony_Ceremony_17_68.jpg,453.0,223.0,507.0,289.0,0.0,0.0,0.0,0.0,0.0,0.0,1024.0,768.0,0.0045318603515625,Female,Asian,True,Female_Asian,0.0
3456,17--Ceremony/17_Ceremony_Ceremony_17_192.jpg,807.0,235.0,851.0,295.0,1.0,0.0,0.0,0.0,0.0,0.0,1024.0,768.0,0.00335693359375,Female,White,True,Female_White,0.0
3457,17--Ceremony/17_Ceremony_Ceremony_17_192.jpg,682.0,228.0,726.0,290.0,1.0,0.0,0.0,0.0,0.0,0.0,1024.0,768.0,0.0034688313802083,Female,White,True,Female_White,0.0
3458,17--Ceremony/17_Ceremony_Ceremony_17_192.jpg,536.0,236.0,578.0,298.0,1.0,0.0,0.0,0.0,0.0,0.0,1024.0,768.0,0.0033111572265625,Female,Black,True,Female_Black,0.0
3459,17--Ceremony/17_Ceremony_Ceremony_17_192.jpg,415.0,252.0,462.0,312.0,1.0,0.0,0.0,0.0,0.0,0.0,1024.0,768.0,0.0035858154296875,Female,Black,True,Female_Black,0.0
3460,17--Ceremony/17_Ceremony_Ceremony_17_192.jpg,301.0,229.0,345.0,290.0,1.0,0.0,0.0,0.0,0.0,0.0,1024.0,768.0,0.0034128824869791,Female,White,True,Female_White,0.0
3461,17--Ceremony/17_Ceremony_Ceremony_17_192.jpg,163.0,236.0,209.0,300.0,1.0,0.0,0.0,0.0,0.0,0.0,1024.0,768.0,0.0037434895833333,Female,Black,True,Female_Black,0.0
3462,17--Ceremony/17_Ceremony_Ceremony_17_192.jpg,983.0,113.0,1013.0,162.0,1.0,0.0,0.0,0.0,0.0,0.0,1024.0,768.0,0.0018692016601562,Female,White,True,Female_White,0.0
3463,17--Ceremony/17_Ceremony_Ceremony_17_192.jpg,872.0,117.0,915.0,173.0,1.0,0.0,0.0,0.0,0.0,0.0,1024.0,768.0,0.0030619303385416,Female,White,True,Female_White,0.0
3464,17--Ceremony/17_Ceremony_Ceremony_17_192.jpg,804.0,123.0,841.0,172.0,1.0,0.0,0.0,0.0,0.0,0.0,1024.0,768.0,0.0023053487141927,Female,White,True,Female_White,0.0
3465,17--Ceremony/17_Ceremony_Ceremony_17_192.jpg,736.0,69.0,770.0,120.0,1.0,0.0,0.0,0.0,0.0,0.0,1024.0,768.0,0.0022048950195312,Female,White,True,Female_White,0.0
3466,17--Ceremony/17_Ceremony_Ceremony_17_192.jpg,643.0,90.0,679.0,141.0,1.0,0.0,0.0,0.0,0.0,0.0,1024.0,768.0,0.0023345947265625,Female,White,True,Female_White,0.0
3467,17--Ceremony/17_Ceremony_Ceremony_17_192.jpg,554.0,113.0,589.0,166.0,1.0,0.0,0.0,0.0,0.0,0.0,1024.0,768.0,0.0023587544759114,Female,Black,True,Female_Black,0.0
3468,17--Ceremony/17_Ceremony_Ceremony_17_192.jpg,438.0,148.0,481.0,208.0,1.0,0.0,0.0,0.0,0.0,0.0,1024.0,768.0,0.0032806396484375,Female,Black,True,Female_Black,0.0
3469,17--Ceremony/17_Ceremony_Ceremony_17_192.jpg,470.0,101.0,505.0,148.0,1.0,0.0,0.0,0.0,0.0,0.0,1024.0,768.0,0.0020917256673177,Female,White,True,Female_White,0.0
3470,17--Ceremony/17_Ceremony_Ceremony_17_192.jpg,385.0,69.0,419.0,121.0,1.0,0.0,0.0,0.0,0.0,0.0,1024.0,768.0,0.0022481282552083,Female,White,True,Female_White,0.0
3471,17--Ceremony/17_Ceremony_Ceremony_17_192.jpg,307.0,94.0,346.0,144.0,1.0,0.0,0.0,0.0,0.0,0.0,1024.0,768.0,0.0024795532226562,Female,White,True,Female_White,0.0
3472,17--Ceremony/17_Ceremony_Ceremony_17_192.jpg,220.0,96.0,257.0,151.0,1.0,0.0,0.0,0.0,0.0,0.0,1024.0,768.0,0.0025876363118489,Female,Indian,True,Female_Indian,0.0
3473,17--Ceremony/17_Ceremony_Ceremony_17_192.jpg,127.0,115.0,169.0,173.0,1.0,0.0,0.0,0.0,0.0,0.0,1024.0,768.0,0.0030975341796875,Female,White,True,Female_White,0.0
3474,17--Ceremony/17_Ceremony_Ceremony_17_192.jpg,49.0,104.0,93.0,160.0,1.0,0.0,0.0,0.0,0.0,0.0,1024.0,768.0,0.0031331380208333,Female,Black,True,Female_Black,0.0
3534,18--Concerts/18_Concerts_Concerts_18_653.jpg,449.0,130.0,611.0,347.0,0.0,0.0,0.0,0.0,0.0,0.0,1024.0,1169.0,0.0293670471556886,Male,White,True,Male_White,1.0
3538,18--Concerts/18_Concerts_Concerts_18_571.jpg,438.0,111.0,624.0,404.0,0.0,0.0,0.0,0.0,1.0,0.0,1024.0,1034.0,0.0514706993471953,Male,White,True,Male_White,1.0
3544,18--Concerts/18_Concerts_Concerts_18_698.jpg,346.0,176.0,616.0,550.0,0.0,0.0,0.0,0.0,0.0,0.0,1024.0,750.0,0.131484375,Male,White,True,Male_White,4.0
3550,18--Concerts/18_Concerts_Concerts_18_89.jpg,864.0,71.0,899.0,124.0,1.0,0.0,0.0,0.0,0.0,0.0,1024.0,627.0,0.0028891920853269,Male,White,True,Male_White,0.0
3551,18--Concerts/18_Concerts_Concerts_18_89.jpg,696.0,129.0,738.0,188.0,1.0,0.0,0.0,0.0,0.0,0.0,1024.0,627.0,0.0038595245215311,Female,White,True,Female_White,0.0
3552,18--Concerts/18_Concerts_Concerts_18_89.jpg,490.0,223.0,528.0,261.0,1.0,0.0,0.0,0.0,0.0,0.0,1024.0,627.0,0.002249053030303,Female,White,True,Female_White,0.0
3553,18--Concerts/18_Concerts_Concerts_18_89.jpg,353.0,80.0,405.0,140.0,1.0,0.0,0.0,0.0,0.0,0.0,1024.0,627.0,0.0048594497607655,Female,White,True,Female_White,0.0
3554,18--Concerts/18_Concerts_Concerts_18_89.jpg,292.0,135.0,331.0,186.0,1.0,0.0,0.0,0.0,0.0,0.0,1024.0,627.0,0.003097899222488,Female,White,True,Female_White,0.0
3555,18--Concerts/18_Concerts_Concerts_18_89.jpg,192.0,98.0,235.0,149.0,1.0,0.0,0.0,0.0,0.0,0.0,1024.0,627.0,0.0034156324760765,Female,White,True,Female_White,0.0
3556,18--Concerts/18_Concerts_Concerts_18_89.jpg,85.0,95.0,130.0,162.0,1.0,1.0,0.0,0.0,0.0,0.0,1024.0,627.0,0.0046959105861244,Female,White,True,Female_White,0.0
3596,18--Concerts/18_Concerts_Concerts_18_887.jpg,380.0,159.0,620.0,449.0,0.0,0.0,0.0,0.0,0.0,0.0,1024.0,1535.0,0.044279315960912,Male,White,True,Male_White,1.0
3597,18--Concerts/18_Concerts_Concerts_18_922.jpg,110.0,108.0,320.0,348.0,0.0,0.0,0.0,0.0,0.0,0.0,1024.0,693.0,0.0710227272727272,Male,White,True,Male_White,2.0
3604,18--Concerts/18_Concerts_Concerts_18_628.jpg,425.0,148.0,645.0,515.0,0.0,0.0,0.0,0.0,0.0,0.0,1024.0,1542.0,0.0511333698119325,Male,White,True,Male_White,1.0
3609,18--Concerts/18_Concerts_Concerts_18_916.jpg,130.0,80.0,292.0,222.0,0.0,0.0,0.0,0.0,0.0,1.0,1024.0,684.0,0.0328433388157894,Male,White,True,Male_White,1.0
3610,18--Concerts/18_Concerts_Concerts_18_148.jpg,416.0,154.0,548.0,342.0,0.0,1.0,0.0,0.0,0.0,0.0,1024.0,820.0,0.0295541158536585,Male,Asian,True,Male_Asian,1.0
3637,18--Concerts/18_Concerts_Concerts_18_845.jpg,338.0,121.0,667.0,544.0,0.0,0.0,0.0,0.0,0.0,0.0,1024.0,1407.0,0.096592234141791,Male,White,True,Male_White,3.0
3646,18--Concerts/18_Concerts_Concerts_18_357.jpg,254.0,186.0,400.0,388.0,0.0,0.0,0.0,0.0,0.0,0.0,1024.0,767.0,0.0375499103650586,Male,White,True,Male_White,1.0
3650,18--Concerts/18_Concerts_Concerts_18_695.jpg,286.0,470.0,744.0,1096.0,0.0,1.0,0.0,0.0,0.0,0.0,1024.0,1543.0,0.1814570844134802,Male,Black,True,Male_Black,6.0
3656,18--Concerts/18_Concerts_Concerts_18_880.jpg,320.0,124.0,543.0,422.0,0.0,0.0,0.0,0.0,0.0,0.0,1024.0,1243.0,0.0522095610418342,Male,White,True,Male_White,1.0
3665,18--Concerts/18_Concerts_Concerts_18_715.jpg,430.0,82.0,592.0,298.0,0.0,0.0,0.0,0.0,0.0,0.0,1024.0,768.0,0.04449462890625,Male,White,True,Male_White,1.0
3666,18--Concerts/18_Concerts_Concerts_18_749.jpg,396.0,120.0,640.0,472.0,0.0,0.0,0.0,0.0,1.0,0.0,1024.0,843.0,0.0994958481613285,Male,White,True,Male_White,3.0
3671,18--Concerts/18_Concerts_Concerts_18_860.jpg,351.0,186.0,663.0,648.0,0.0,0.0,0.0,0.0,0.0,0.0,1024.0,1536.0,0.091644287109375,Male,White,True,Male_White,3.0
3672,18--Concerts/18_Concerts_Concerts_18_801.jpg,538.0,174.0,735.0,418.0,0.0,0.0,0.0,0.0,0.0,0.0,1024.0,1509.0,0.0311076250828363,Male,White,True,Male_White,1.0
3684,18--Concerts/18_Concerts_Concerts_18_803.jpg,408.0,157.0,739.0,680.0,0.0,0.0,0.0,0.0,0.0,0.0,1024.0,1365.0,0.1238503033424908,Male,White,True,Male_White,4.0
3689,18--Concerts/18_Concerts_Concerts_18_871.jpg,360.0,444.0,595.0,765.0,0.0,0.0,1.0,0.0,0.0,0.0,1024.0,1526.0,0.0482745689302097,Male,White,True,Male_White,1.0
3692,18--Concerts/18_Concerts_Concerts_18_730.jpg,286.0,334.0,705.0,939.0,0.0,0.0,0.0,0.0,0.0,0.0,1024.0,1543.0,0.1604366240683733,Male,White,True,Male_White,5.0
3693,18--Concerts/18_Concerts_Concerts_18_930.jpg,212.0,350.0,416.0,650.0,0.0,0.0,0.0,0.0,0.0,0.0,1024.0,1411.0,0.0423569277108433,Male,White,True,Male_White,1.0
3694,18--Concerts/18_Concerts_Concerts_18_900.jpg,442.0,132.0,634.0,362.0,0.0,0.0,0.0,0.0,1.0,0.0,1024.0,768.0,0.05615234375,Male,White,True,Male_White,2.0
3698,18--Concerts/18_Concerts_Concerts_18_290.jpg,272.0,426.0,330.0,516.0,1.0,0.0,0.0,0.0,1.0,0.0,1024.0,768.0,0.0066375732421875,Male,White,True,Male_White,0.0
3704,18--Concerts/18_Concerts_Concerts_18_534.jpg,200.0,176.0,705.0,839.0,0.0,0.0,0.0,0.0,0.0,0.0,1024.0,1349.0,0.2423778898721275,Male,White,True,Male_White,9.0
3710,18--Concerts/18_Concerts_Concerts_18_700.jpg,276.0,238.0,468.0,476.0,0.0,0.0,0.0,0.0,0.0,0.0,1024.0,820.0,0.054420731707317,Male,White,True,Male_White,1.0
3717,18--Concerts/18_Concerts_Concerts_18_619.jpg,310.0,148.0,636.0,480.0,1.0,0.0,0.0,0.0,0.0,1.0,1024.0,1024.0,0.1032180786132812,Male,Black,True,Male_Black,3.0
3720,18--Concerts/18_Concerts_Concerts_18_898.jpg,391.0,99.0,680.0,477.0,0.0,0.0,0.0,0.0,0.0,0.0,1024.0,1334.0,0.0799712448463268,Male,White,True,Male_White,2.0
3723,18--Concerts/18_Concerts_Concerts_18_172.jpg,359.0,205.0,504.0,429.0,1.0,0.0,1.0,0.0,0.0,0.0,1024.0,1547.0,0.0205033936651583,Male,Black,True,Male_Black,0.0
3731,18--Concerts/18_Concerts_Concerts_18_868.jpg,328.0,267.0,850.0,972.0,0.0,0.0,0.0,0.0,0.0,0.0,1024.0,1484.0,0.2421730226583558,Male,Black,True,Male_Black,9.0
3736,18--Concerts/18_Concerts_Concerts_18_369.jpg,380.0,58.0,482.0,188.0,1.0,0.0,1.0,0.0,0.0,0.0,1024.0,582.0,0.0222495167525773,Male,White,True,Male_White,0.0
3739,18--Concerts/18_Concerts_Concerts_18_506.jpg,306.0,94.0,704.0,610.0,0.0,0.0,0.0,0.0,0.0,0.0,1024.0,681.0,0.2945002753303964,Male,White,True,Male_White,11.0
3740,18--Concerts/18_Concerts_Concerts_18_844.jpg,810.0,146.0,892.0,262.0,0.0,0.0,0.0,0.0,0.0,0.0,1024.0,534.0,0.0173952481273408,Female,White,True,Female_White,0.0
3741,18--Concerts/18_Concerts_Concerts_18_844.jpg,648.0,160.0,716.0,250.0,0.0,0.0,0.0,0.0,0.0,0.0,1024.0,534.0,0.0111920646067415,Female,White,True,Female_White,0.0
3742,18--Concerts/18_Concerts_Concerts_18_844.jpg,498.0,164.0,562.0,258.0,0.0,0.0,0.0,0.0,0.0,0.0,1024.0,534.0,0.011001872659176,Female,White,True,Female_White,0.0
3743,18--Concerts/18_Concerts_Concerts_18_844.jpg,332.0,156.0,404.0,244.0,0.0,0.0,0.0,0.0,0.0,0.0,1024.0,534.0,0.0115870786516853,Female,White,True,Female_White,0.0
3744,18--Concerts/18_Concerts_Concerts_18_844.jpg,182.0,180.0,250.0,260.0,0.0,0.0,0.0,0.0,0.0,0.0,1024.0,534.0,0.0099485018726591,Female,Indian,True,Female_Indian,0.0
3746,18--Concerts/18_Concerts_Concerts_18_434.jpg,243.0,158.0,471.0,471.0,0.0,0.0,1.0,0.0,0.0,0.0,1024.0,1446.0,0.0481959932572614,Male,Black,True,Male_Black,1.0
3757,18--Concerts/18_Concerts_Concerts_18_795.jpg,180.0,126.0,468.0,506.0,0.0,0.0,0.0,0.0,0.0,0.0,1024.0,623.0,0.1715489566613162,Male,White,True,Male_White,6.0
3758,18--Concerts/18_Concerts_Concerts_18_884.jpg,266.0,234.0,355.0,342.0,1.0,0.0,0.0,0.0,0.0,0.0,1024.0,1375.0,0.0068267045454545,Male,White,True,Male_White,0.0
3759,18--Concerts/18_Concerts_Concerts_18_773.jpg,294.0,120.0,669.0,585.0,0.0,0.0,0.0,0.0,0.0,0.0,1024.0,1538.0,0.1107204720009752,Male,Black,True,Male_Black,4.0
3762,18--Concerts/18_Concerts_Concerts_18_256.jpg,339.0,757.0,420.0,856.0,1.0,0.0,0.0,0.0,0.0,0.0,1024.0,1536.0,0.0050983428955078,Male,White,True,Male_White,0.0
3770,18--Concerts/18_Concerts_Concerts_18_509.jpg,112.0,72.0,594.0,722.0,0.0,0.0,0.0,0.0,0.0,0.0,1024.0,1024.0,0.2987861633300781,Male,White,True,Male_White,11.0
3798,18--Concerts/18_Concerts_Concerts_18_664.jpg,263.0,399.0,725.0,876.0,0.0,0.0,0.0,0.0,0.0,0.0,1024.0,1547.0,0.1391137584841629,Male,White,True,Male_White,5.0
3804,18--Concerts/18_Concerts_Concerts_18_710.jpg,428.0,252.0,699.0,563.0,0.0,0.0,0.0,0.0,0.0,0.0,1024.0,1434.0,0.0573958605735704,Male,White,True,Male_White,2.0
3810,18--Concerts/18_Concerts_Concerts_18_946.jpg,89.0,251.0,569.0,946.0,0.0,0.0,0.0,0.0,0.0,0.0,1024.0,1381.0,0.2359024257784214,Male,White,True,Male_White,8.0
3922,19--Couple/19_Couple_Couple_19_81.jpg,472.0,107.0,492.0,169.0,1.0,0.0,0.0,0.0,0.0,0.0,1024.0,687.0,0.0017626455604075,Male,White,True,Male_White,0.0
3940,19--Couple/19_Couple_Couple_19_717.jpg,248.0,75.0,726.0,687.0,0.0,0.0,0.0,0.0,0.0,0.0,1024.0,1167.0,0.2447983611825192,Male,Indian,True,Male_Indian,9.0
4004,19--Couple/19_Couple_Couple_19_544.jpg,665.0,83.0,704.0,141.0,1.0,0.0,0.0,0.0,0.0,0.0,1024.0,640.0,0.0034515380859375,Male,White,True,Male_White,0.0
4062,2--Demonstration/2_Demonstration_Political_Rally_2_380.jpg,168.0,832.0,339.0,1012.0,0.0,0.0,0.0,0.0,0.0,0.0,1024.0,1538.0,0.0195439491222366,Female,Indian,True,Female_Indian,0.0
4063,2--Demonstration/2_Demonstration_Political_Rally_2_380.jpg,429.0,667.0,633.0,946.0,0.0,0.0,0.0,0.0,0.0,0.0,1024.0,1538.0,0.0361391620611183,Female,White,True,Female_White,1.0
4064,2--Demonstration/2_Demonstration_Political_Rally_2_380.jpg,766.0,796.0,988.0,1102.0,0.0,0.0,0.0,0.0,0.0,0.0,1024.0,1538.0,0.0431338385890767,Female,White,True,Female_White,1.0
4104,2--Demonstration/2_Demonstration_Protesters_2_418.jpg,268.0,47.0,326.0,109.0,0.0,0.0,0.0,0.0,0.0,0.0,1024.0,768.0,0.0045725504557291,Male,Asian,True,Male_Asian,0.0
4105,2--Demonstration/2_Demonstration_Protesters_2_418.jpg,259.0,216.0,313.0,296.0,0.0,0.0,0.0,0.0,0.0,0.0,1024.0,768.0,0.0054931640625,Female,Asian,True,Female_Asian,0.0
4106,2--Demonstration/2_Demonstration_Protesters_2_418.jpg,426.0,236.0,487.0,299.0,0.0,0.0,0.0,0.0,0.0,1.0,1024.0,768.0,0.0048866271972656,Female,Asian,True,Female_Asian,0.0
4107,2--Demonstration/2_Demonstration_Protesters_2_418.jpg,590.0,5.0,653.0,54.0,0.0,0.0,0.0,0.0,0.0,1.0,1024.0,768.0,0.0039253234863281,Female,Asian,True,Female_Asian,0.0
4108,2--Demonstration/2_Demonstration_Protesters_2_418.jpg,764.0,173.0,818.0,244.0,0.0,0.0,0.0,0.0,0.0,0.0,1024.0,768.0,0.0048751831054687,Female,Asian,True,Female_Asian,0.0
4117,2--Demonstration/2_Demonstration_Political_Rally_2_34.jpg,249.0,0.0,279.0,35.0,1.0,0.0,0.0,0.0,0.0,0.0,1024.0,680.0,0.0015079273897058,Male,White,True,Male_White,0.0
4140,2--Demonstration/2_Demonstration_Demonstration_Or_Protest_2_305.jpg,214.0,14.0,306.0,120.0,1.0,0.0,0.0,0.0,0.0,0.0,1024.0,685.0,0.0139028284671532,Male,White,True,Male_White,0.0
4144,2--Demonstration/2_Demonstration_Demonstration_Or_Protest_2_787.jpg,194.0,88.0,260.0,178.0,1.0,0.0,0.0,0.0,0.0,0.0,1024.0,795.0,0.0072965801886792,Male,White,True,Male_White,0.0
4175,2--Demonstration/2_Demonstration_Demonstration_Or_Protest_2_798.jpg,522.0,184.0,738.0,460.0,0.0,0.0,0.0,0.0,1.0,0.0,1024.0,683.0,0.0852397510980966,Male,White,True,Male_White,3.0
4209,2--Demonstration/2_Demonstration_Political_Rally_2_469.jpg,352.0,134.0,704.0,592.0,0.0,0.0,0.0,0.0,0.0,0.0,1024.0,595.0,0.2646008403361344,Male,White,True,Male_White,9.0
4225,2--Demonstration/2_Demonstration_Political_Rally_2_40.jpg,269.0,71.0,307.0,126.0,1.0,0.0,0.0,0.0,1.0,0.0,1024.0,791.0,0.0025802978824273,Male,White,True,Male_White,0.0
4234,2--Demonstration/2_Demonstration_Demonstration_Or_Protest_2_93.jpg,441.0,367.0,493.0,429.0,0.0,0.0,0.0,0.0,1.0,0.0,1024.0,683.0,0.0046097181551976,Female,White,True,Female_White,0.0
4235,2--Demonstration/2_Demonstration_Demonstration_Or_Protest_2_93.jpg,498.0,306.0,575.0,397.0,0.0,0.0,0.0,0.0,1.0,0.0,1024.0,683.0,0.0100187019582723,Female,White,True,Female_White,0.0
4236,2--Demonstration/2_Demonstration_Demonstration_Or_Protest_2_93.jpg,96.0,323.0,131.0,369.0,1.0,0.0,0.0,0.0,1.0,0.0,1024.0,683.0,0.0023019994509516,Female,White,True,Female_White,0.0
4240,2--Demonstration/2_Demonstration_Political_Rally_2_206.jpg,554.0,295.0,768.0,617.0,0.0,0.0,0.0,0.0,0.0,0.0,1024.0,1542.0,0.0436400575551232,Male,White,True,Male_White,1.0
4262,2--Demonstration/2_Demonstration_Political_Rally_2_393.jpg,472.0,376.0,530.0,424.0,1.0,0.0,0.0,0.0,0.0,1.0,1024.0,680.0,0.0039981617647058,Male,Indian,True,Male_Indian,0.0
4271,2--Demonstration/2_Demonstration_Protesters_2_634.jpg,204.0,102.0,268.0,196.0,0.0,0.0,0.0,0.0,0.0,0.0,1024.0,822.0,0.007147201946472,Female,White,True,Female_White,0.0
4272,2--Demonstration/2_Demonstration_Protesters_2_634.jpg,476.0,68.0,554.0,176.0,0.0,0.0,0.0,0.0,0.0,0.0,1024.0,822.0,0.0100079835766423,Female,White,True,Female_White,0.0
4273,2--Demonstration/2_Demonstration_Protesters_2_634.jpg,638.0,76.0,692.0,182.0,0.0,0.0,0.0,0.0,0.0,0.0,1024.0,822.0,0.0068002965328467,Female,White,True,Female_White,0.0
4281,2--Demonstration/2_Demonstration_Political_Rally_2_305.jpg,442.0,78.0,584.0,296.0,0.0,0.0,0.0,0.0,0.0,0.0,1024.0,576.0,0.0524834526909722,Male,White,True,Male_White,1.0
4296,2--Demonstration/2_Demonstration_Protesters_2_496.jpg,32.0,32.0,138.0,198.0,0.0,0.0,0.0,0.0,0.0,0.0,1024.0,684.0,0.0251222130847953,Female,White,True,Female_White,0.0
4297,2--Demonstration/2_Demonstration_Protesters_2_496.jpg,122.0,94.0,196.0,244.0,0.0,0.0,0.0,0.0,0.0,0.0,1024.0,684.0,0.0158477247807017,Female,Asian,True,Female_Asian,0.0
4298,2--Demonstration/2_Demonstration_Protesters_2_496.jpg,422.0,70.0,546.0,210.0,0.0,0.0,0.0,0.0,0.0,0.0,1024.0,684.0,0.0247852704678362,Female,White,True,Female_White,0.0
4299,2--Demonstration/2_Demonstration_Protesters_2_496.jpg,618.0,142.0,712.0,274.0,1.0,0.0,0.0,0.0,0.0,0.0,1024.0,684.0,0.0177151864035087,Female,White,True,Female_White,0.0
4300,2--Demonstration/2_Demonstration_Protesters_2_496.jpg,804.0,234.0,892.0,338.0,1.0,0.0,0.0,0.0,0.0,0.0,1024.0,684.0,0.0130665204678362,Female,White,True,Female_White,0.0
4301,2--Demonstration/2_Demonstration_Protesters_2_496.jpg,906.0,190.0,978.0,302.0,1.0,0.0,0.0,0.0,0.0,0.0,1024.0,684.0,0.0115131578947368,Male,White,True,Male_White,0.0
4304,2--Demonstration/2_Demonstration_Demonstrators_2_637.jpg,414.0,106.0,594.0,344.0,0.0,0.0,0.0,0.0,0.0,0.0,1024.0,768.0,0.054473876953125,Male,White,True,Male_White,1.0
4309,2--Demonstration/2_Demonstration_Demonstrators_2_159.jpg,166.0,451.0,723.0,1114.0,0.0,0.0,0.0,0.0,0.0,0.0,1024.0,1392.0,0.2590774009967672,Male,Asian,True,Male_Asian,9.0
4316,2--Demonstration/2_Demonstration_Political_Rally_2_874.jpg,6.0,72.0,114.0,202.0,1.0,0.0,0.0,0.0,0.0,0.0,1024.0,702.0,0.01953125,Female,Indian,True,Female_Indian,0.0
4317,2--Demonstration/2_Demonstration_Political_Rally_2_874.jpg,238.0,144.0,362.0,300.0,1.0,0.0,0.0,0.0,0.0,0.0,1024.0,702.0,0.0269097222222222,Female,Indian,True,Female_Indian,0.0
4318,2--Demonstration/2_Demonstration_Political_Rally_2_874.jpg,490.0,130.0,626.0,314.0,0.0,0.0,0.0,0.0,0.0,0.0,1024.0,702.0,0.0348112535612535,Female,Indian,True,Female_Indian,1.0
4319,2--Demonstration/2_Demonstration_Political_Rally_2_874.jpg,712.0,184.0,864.0,398.0,0.0,1.0,0.0,0.0,0.0,0.0,1024.0,702.0,0.045250178062678,Female,Indian,True,Female_Indian,1.0
4329,2--Demonstration/2_Demonstration_Political_Rally_2_687.jpg,857.0,139.0,925.0,216.0,1.0,0.0,0.0,0.0,0.0,0.0,1024.0,768.0,0.0066579182942708,Female,White,True,Female_White,0.0
4330,2--Demonstration/2_Demonstration_Political_Rally_2_687.jpg,747.0,184.0,824.0,271.0,1.0,0.0,0.0,0.0,0.0,0.0,1024.0,768.0,0.0085182189941406,Male,White,True,Male_White,0.0
4331,2--Demonstration/2_Demonstration_Political_Rally_2_687.jpg,748.0,90.0,806.0,160.0,1.0,0.0,0.0,0.0,0.0,0.0,1024.0,768.0,0.0051625569661458,Female,White,True,Female_White,0.0
4332,2--Demonstration/2_Demonstration_Political_Rally_2_687.jpg,583.0,148.0,656.0,223.0,1.0,0.0,0.0,0.0,0.0,0.0,1024.0,768.0,0.0069618225097656,Female,White,True,Female_White,0.0
4333,2--Demonstration/2_Demonstration_Political_Rally_2_687.jpg,399.0,177.0,488.0,279.0,1.0,0.0,0.0,0.0,0.0,0.0,1024.0,768.0,0.0115432739257812,Male,White,True,Male_White,0.0
4334,2--Demonstration/2_Demonstration_Political_Rally_2_687.jpg,505.0,112.0,574.0,189.0,1.0,0.0,0.0,0.0,0.0,0.0,1024.0,768.0,0.0067558288574218,Female,White,True,Female_White,0.0
4335,2--Demonstration/2_Demonstration_Political_Rally_2_687.jpg,322.0,137.0,393.0,221.0,1.0,0.0,0.0,0.0,0.0,0.0,1024.0,768.0,0.0075836181640625,Female,White,True,Female_White,0.0
4336,2--Demonstration/2_Demonstration_Political_Rally_2_687.jpg,280.0,124.0,342.0,203.0,1.0,0.0,0.0,0.0,1.0,0.0,1024.0,768.0,0.0062281290690104,Female,White,True,Female_White,0.0
4337,2--Demonstration/2_Demonstration_Political_Rally_2_687.jpg,62.0,197.0,105.0,284.0,1.0,0.0,0.0,0.0,0.0,1.0,1024.0,768.0,0.0047569274902343,Female,White,True,Female_White,0.0
4338,2--Demonstration/2_Demonstration_Political_Rally_2_687.jpg,22.0,55.0,83.0,137.0,1.0,1.0,0.0,0.0,0.0,0.0,1024.0,768.0,0.006360371907552,Female,White,True,Female_White,0.0
4339,2--Demonstration/2_Demonstration_Political_Rally_2_687.jpg,116.0,239.0,201.0,337.0,1.0,0.0,0.0,0.0,0.0,0.0,1024.0,768.0,0.0105921427408854,Male,White,True,Male_White,0.0
4340,2--Demonstration/2_Demonstration_Demonstration_Or_Protest_2_285.jpg,64.0,332.0,118.0,402.0,1.0,0.0,0.0,0.0,0.0,0.0,1024.0,578.0,0.0063865160034602,Female,White,True,Female_White,0.0
4341,2--Demonstration/2_Demonstration_Demonstration_Or_Protest_2_285.jpg,108.0,336.0,180.0,426.0,0.0,0.0,0.0,0.0,0.0,0.0,1024.0,578.0,0.0109483131487889,Female,White,True,Female_White,0.0
4342,2--Demonstration/2_Demonstration_Demonstration_Or_Protest_2_285.jpg,310.0,352.0,398.0,448.0,0.0,0.0,0.0,0.0,0.0,0.0,1024.0,578.0,0.014273356401384,Female,White,True,Female_White,0.0
4343,2--Demonstration/2_Demonstration_Demonstration_Or_Protest_2_285.jpg,464.0,338.0,560.0,456.0,0.0,0.0,0.0,0.0,0.0,0.0,1024.0,578.0,0.0191392733564013,Male,White,True,Male_White,0.0
4344,2--Demonstration/2_Demonstration_Demonstration_Or_Protest_2_285.jpg,742.0,444.0,826.0,552.0,0.0,0.0,0.0,0.0,0.0,0.0,1024.0,578.0,0.0153276384083044,Female,White,True,Female_White,0.0
4345,2--Demonstration/2_Demonstration_Demonstration_Or_Protest_2_285.jpg,848.0,392.0,946.0,502.0,1.0,0.0,0.0,0.0,1.0,0.0,1024.0,578.0,0.0182133974913494,Female,White,True,Female_White,0.0
4480,20--Family_Group/20_Family_Group_Family_Group_20_239.jpg,172.0,134.0,274.0,278.0,0.0,0.0,0.0,0.0,0.0,0.0,1024.0,682.0,0.0210318914956011,Female,White,True,Female_White,0.0
4481,20--Family_Group/20_Family_Group_Family_Group_20_239.jpg,382.0,142.0,474.0,276.0,0.0,0.0,0.0,0.0,0.0,0.0,1024.0,682.0,0.0176525843108504,Female,White,True,Female_White,0.0
4482,20--Family_Group/20_Family_Group_Family_Group_20_239.jpg,602.0,108.0,698.0,240.0,0.0,0.0,0.0,0.0,0.0,0.0,1024.0,682.0,0.0181451612903225,Female,White,True,Female_White,0.0
4483,20--Family_Group/20_Family_Group_Family_Group_20_239.jpg,748.0,142.0,850.0,256.0,0.0,0.0,0.0,0.0,0.0,0.0,1024.0,682.0,0.0166502474340175,Female,White,True,Female_White,0.0
4484,20--Family_Group/20_Family_Group_Family_Group_20_239.jpg,256.0,352.0,372.0,494.0,0.0,0.0,0.0,0.0,0.0,0.0,1024.0,682.0,0.0235864186217008,Female,White,True,Female_White,0.0
4485,20--Family_Group/20_Family_Group_Family_Group_20_239.jpg,486.0,314.0,600.0,490.0,0.0,0.0,0.0,0.0,0.0,0.0,1024.0,682.0,0.0287298387096774,Male,White,True,Male_White,1.0
4486,20--Family_Group/20_Family_Group_Family_Group_20_239.jpg,694.0,364.0,792.0,506.0,0.0,0.0,0.0,0.0,0.0,0.0,1024.0,682.0,0.0199264571114369,Female,White,True,Female_White,0.0
4489,20--Family_Group/20_Family_Group_Family_Group_20_135.jpg,368.0,114.0,428.0,196.0,1.0,0.0,0.0,0.0,0.0,0.0,1024.0,894.0,0.0053743708053691,Female,White,True,Female_White,0.0
4490,20--Family_Group/20_Family_Group_Family_Group_20_135.jpg,462.0,194.0,518.0,258.0,1.0,0.0,0.0,0.0,0.0,0.0,1024.0,894.0,0.0039149888143176,Female,White,True,Female_White,0.0
4491,20--Family_Group/20_Family_Group_Family_Group_20_135.jpg,562.0,140.0,618.0,222.0,1.0,0.0,0.0,0.0,0.0,0.0,1024.0,894.0,0.0050160794183445,Female,White,True,Female_White,0.0
4492,20--Family_Group/20_Family_Group_Family_Group_20_135.jpg,330.0,334.0,390.0,410.0,1.0,0.0,0.0,0.0,0.0,0.0,1024.0,894.0,0.0049811241610738,Female,White,True,Female_White,0.0
4493,20--Family_Group/20_Family_Group_Family_Group_20_135.jpg,608.0,308.0,674.0,394.0,0.0,0.0,0.0,0.0,0.0,0.0,1024.0,894.0,0.0062001887583892,Female,White,True,Female_White,0.0
4560,20--Family_Group/20_Family_Group_Family_Group_20_518.jpg,335.0,150.0,591.0,450.0,0.0,0.0,0.0,0.0,0.0,0.0,1024.0,1066.0,0.0703564727954971,Male,White,True,Male_White,2.0
4585,20--Family_Group/20_Family_Group_Family_Group_20_608.jpg,203.0,416.0,275.0,515.0,1.0,0.0,0.0,0.0,0.0,0.0,1024.0,1366.0,0.0050958546852122,Female,White,True,Female_White,0.0
4586,20--Family_Group/20_Family_Group_Family_Group_20_608.jpg,347.0,293.0,432.0,389.0,1.0,0.0,0.0,0.0,0.0,0.0,1024.0,1366.0,0.0058336383601756,Male,White,True,Male_White,0.0
4587,20--Family_Group/20_Family_Group_Family_Group_20_608.jpg,616.0,299.0,680.0,400.0,1.0,1.0,0.0,0.0,0.0,0.0,1024.0,1366.0,0.0046211566617862,Female,White,True,Female_White,0.0
4588,20--Family_Group/20_Family_Group_Family_Group_20_608.jpg,405.0,421.0,480.0,530.0,1.0,0.0,0.0,0.0,0.0,0.0,1024.0,1366.0,0.0058443619601024,Female,White,True,Female_White,0.0
4589,20--Family_Group/20_Family_Group_Family_Group_20_608.jpg,488.0,595.0,571.0,707.0,1.0,0.0,0.0,0.0,0.0,0.0,1024.0,1366.0,0.0066457723279648,Female,White,True,Female_White,0.0
4596,20--Family_Group/20_Family_Group_Family_Group_20_867.jpg,407.0,125.0,657.0,537.0,0.0,0.0,0.0,0.0,0.0,0.0,1024.0,1104.0,0.0911104506340579,Male,White,True,Male_White,3.0
4650,20--Family_Group/20_Family_Group_Family_Group_20_1009.jpg,176.0,104.0,344.0,342.0,0.0,0.0,0.0,0.0,0.0,0.0,1024.0,1024.0,0.0381317138671875,Female,White,True,Female_White,1.0
4651,20--Family_Group/20_Family_Group_Family_Group_20_1009.jpg,464.0,144.0,634.0,388.0,0.0,0.0,0.0,0.0,0.0,0.0,1024.0,1024.0,0.0395584106445312,Female,White,True,Female_White,1.0
4652,20--Family_Group/20_Family_Group_Family_Group_20_1009.jpg,698.0,138.0,858.0,362.0,0.0,0.0,0.0,0.0,0.0,0.0,1024.0,1024.0,0.0341796875,Female,White,True,Female_White,1.0
4653,20--Family_Group/20_Family_Group_Family_Group_20_1009.jpg,248.0,542.0,412.0,768.0,0.0,0.0,0.0,0.0,0.0,0.0,1024.0,1024.0,0.0353469848632812,Female,White,True,Female_White,1.0
4654,20--Family_Group/20_Family_Group_Family_Group_20_1009.jpg,432.0,514.0,608.0,736.0,0.0,0.0,0.0,0.0,0.0,0.0,1024.0,1024.0,0.037261962890625,Female,White,True,Female_White,1.0
4655,20--Family_Group/20_Family_Group_Family_Group_20_1009.jpg,668.0,444.0,840.0,654.0,0.0,0.0,0.0,0.0,0.0,0.0,1024.0,1024.0,0.0344467163085937,Female,White,True,Female_White,1.0
4710,20--Family_Group/20_Family_Group_Family_Group_20_923.jpg,232.0,178.0,372.0,348.0,0.0,0.0,0.0,0.0,0.0,0.0,1024.0,417.0,0.0557366606714628,Male,White,True,Male_White,2.0
4738,20--Family_Group/20_Family_Group_Family_Group_20_1011.jpg,184.0,200.0,518.0,624.0,0.0,0.0,0.0,0.0,0.0,0.0,1024.0,683.0,0.2024844436310395,Female,White,True,Female_White,7.0
4739,20--Family_Group/20_Family_Group_Family_Group_20_1011.jpg,458.0,120.0,750.0,540.0,0.0,0.0,0.0,0.0,0.0,0.0,1024.0,683.0,0.1753523060029282,Female,White,True,Female_White,6.0
4740,20--Family_Group/20_Family_Group_Family_Group_20_1011.jpg,708.0,94.0,1020.0,514.0,0.0,0.0,0.0,0.0,0.0,0.0,1024.0,683.0,0.187362737920937,Female,White,True,Female_White,6.0
4831,20--Family_Group/20_Family_Group_Family_Group_20_936.jpg,462.0,116.0,566.0,260.0,1.0,0.0,0.0,0.0,0.0,0.0,1024.0,789.0,0.0185361216730038,Male,White,True,Male_White,0.0
4832,20--Family_Group/20_Family_Group_Family_Group_20_936.jpg,784.0,226.0,878.0,356.0,1.0,0.0,0.0,0.0,0.0,0.0,1024.0,789.0,0.0151249603929024,Female,White,True,Female_White,0.0
4833,20--Family_Group/20_Family_Group_Family_Group_20_936.jpg,234.0,226.0,324.0,338.0,1.0,0.0,0.0,0.0,0.0,0.0,1024.0,789.0,0.0124762357414448,Female,White,True,Female_White,0.0
4834,20--Family_Group/20_Family_Group_Family_Group_20_936.jpg,278.0,502.0,388.0,662.0,0.0,0.0,0.0,0.0,0.0,0.0,1024.0,789.0,0.0217839036755386,Female,White,True,Female_White,0.0
4835,20--Family_Group/20_Family_Group_Family_Group_20_936.jpg,632.0,486.0,744.0,642.0,0.0,0.0,0.0,0.0,0.0,0.0,1024.0,789.0,0.0216254752851711,Female,White,True,Female_White,0.0
4836,20--Family_Group/20_Family_Group_Family_Group_20_378.jpg,144.0,142.0,198.0,224.0,0.0,0.0,0.0,0.0,0.0,0.0,1024.0,697.0,0.006204044117647,Female,White,True,Female_White,0.0
4837,20--Family_Group/20_Family_Group_Family_Group_20_378.jpg,318.0,24.0,376.0,98.0,0.0,0.0,0.0,0.0,0.0,0.0,1024.0,697.0,0.0060134953371592,Female,White,True,Female_White,0.0
4838,20--Family_Group/20_Family_Group_Family_Group_20_378.jpg,376.0,92.0,428.0,162.0,0.0,0.0,0.0,0.0,0.0,0.0,1024.0,697.0,0.0050999820659971,Female,White,True,Female_White,0.0
4839,20--Family_Group/20_Family_Group_Family_Group_20_378.jpg,494.0,142.0,552.0,216.0,0.0,0.0,0.0,0.0,0.0,0.0,1024.0,697.0,0.0060134953371592,Female,White,True,Female_White,0.0
4840,20--Family_Group/20_Family_Group_Family_Group_20_378.jpg,640.0,84.0,698.0,154.0,0.0,0.0,0.0,0.0,0.0,1.0,1024.0,697.0,0.0056884415351506,Female,White,True,Female_White,0.0
4841,20--Family_Group/20_Family_Group_Family_Group_20_378.jpg,830.0,126.0,886.0,200.0,0.0,0.0,0.0,0.0,0.0,0.0,1024.0,697.0,0.0058061334289813,Female,White,True,Female_White,0.0
4842,20--Family_Group/20_Family_Group_Family_Group_20_1033.jpg,420.0,120.0,598.0,360.0,0.0,0.0,0.0,0.0,0.0,0.0,1024.0,842.0,0.0495472090261282,Male,White,True,Male_White,1.0
4848,20--Family_Group/20_Family_Group_Family_Group_20_31.jpg,110.0,56.0,190.0,156.0,0.0,0.0,0.0,0.0,0.0,0.0,1024.0,904.0,0.0086421460176991,Male,White,True,Male_White,0.0
4849,20--Family_Group/20_Family_Group_Family_Group_20_31.jpg,270.0,58.0,340.0,144.0,0.0,0.0,0.0,0.0,0.0,0.0,1024.0,904.0,0.0065032148783185,Female,White,True,Female_White,0.0
4850,20--Family_Group/20_Family_Group_Family_Group_20_31.jpg,384.0,140.0,458.0,234.0,0.0,0.0,0.0,0.0,0.0,0.0,1024.0,904.0,0.0075143459623893,Female,White,True,Female_White,0.0
4851,20--Family_Group/20_Family_Group_Family_Group_20_31.jpg,524.0,70.0,596.0,162.0,0.0,0.0,0.0,0.0,0.0,0.0,1024.0,904.0,0.0071556969026548,Female,White,True,Female_White,0.0
4852,20--Family_Group/20_Family_Group_Family_Group_20_31.jpg,694.0,134.0,758.0,220.0,0.0,0.0,0.0,0.0,0.0,0.0,1024.0,904.0,0.0059457964601769,Female,White,True,Female_White,0.0
4853,20--Family_Group/20_Family_Group_Family_Group_20_31.jpg,798.0,64.0,864.0,158.0,0.0,0.0,0.0,0.0,0.0,0.0,1024.0,904.0,0.0067019842367256,Female,Asian,True,Female_Asian,0.0
4866,20--Family_Group/20_Family_Group_Family_Group_20_873.jpg,228.0,292.0,266.0,337.0,1.0,0.0,0.0,0.0,0.0,0.0,1024.0,756.0,0.0022088913690476,Male,White,True,Male_White,0.0
4980,20--Family_Group/20_Family_Group_Family_Group_20_494.jpg,42.0,66.0,118.0,168.0,0.0,0.0,0.0,0.0,0.0,0.0,1024.0,706.0,0.0107228222379603,Male,White,True,Male_White,0.0
4981,20--Family_Group/20_Family_Group_Family_Group_20_494.jpg,188.0,128.0,256.0,222.0,0.0,0.0,0.0,0.0,0.0,0.0,1024.0,706.0,0.0088416253541076,Female,White,True,Female_White,0.0
4982,20--Family_Group/20_Family_Group_Family_Group_20_494.jpg,378.0,158.0,446.0,252.0,0.0,0.0,0.0,0.0,0.0,0.0,1024.0,706.0,0.0088416253541076,Female,White,True,Female_White,0.0
4983,20--Family_Group/20_Family_Group_Family_Group_20_494.jpg,530.0,50.0,600.0,150.0,0.0,0.0,0.0,0.0,0.0,0.0,1024.0,706.0,0.00968263101983,Female,White,True,Female_White,0.0
4984,20--Family_Group/20_Family_Group_Family_Group_20_494.jpg,678.0,82.0,744.0,178.0,0.0,0.0,0.0,0.0,0.0,0.0,1024.0,706.0,0.008764164305949,Female,White,True,Female_White,0.0
4985,20--Family_Group/20_Family_Group_Family_Group_20_494.jpg,890.0,80.0,978.0,186.0,0.0,0.0,0.0,0.0,0.0,0.0,1024.0,706.0,0.0129027974504249,Female,White,True,Female_White,0.0
5022,20--Family_Group/20_Family_Group_Family_Group_20_586.jpg,526.0,300.0,607.0,397.0,0.0,0.0,0.0,0.0,0.0,0.0,1024.0,649.0,0.0118225755970724,Female,White,True,Female_White,0.0
5023,20--Family_Group/20_Family_Group_Family_Group_20_586.jpg,870.0,75.0,929.0,145.0,0.0,0.0,0.0,0.0,0.0,0.0,1024.0,649.0,0.0062144886363636,Female,White,True,Female_White,0.0
5024,20--Family_Group/20_Family_Group_Family_Group_20_586.jpg,740.0,69.0,799.0,136.0,0.0,0.0,0.0,0.0,0.0,0.0,1024.0,649.0,0.0059481534090909,Female,Asian,True,Female_Asian,0.0
5025,20--Family_Group/20_Family_Group_Family_Group_20_586.jpg,621.0,59.0,675.0,127.0,0.0,0.0,0.0,0.0,0.0,0.0,1024.0,649.0,0.0055253274268104,Female,Asian,True,Female_Asian,0.0
5026,20--Family_Group/20_Family_Group_Family_Group_20_586.jpg,483.0,59.0,544.0,125.0,0.0,0.0,0.0,0.0,0.0,0.0,1024.0,649.0,0.0060579978813559,Female,Asian,True,Female_Asian,0.0
5027,20--Family_Group/20_Family_Group_Family_Group_20_586.jpg,363.0,59.0,419.0,129.0,0.0,0.0,0.0,0.0,0.0,0.0,1024.0,649.0,0.0058984976887519,Female,White,True,Female_White,0.0
5028,20--Family_Group/20_Family_Group_Family_Group_20_586.jpg,239.0,71.0,294.0,145.0,0.0,0.0,0.0,0.0,0.0,0.0,1024.0,649.0,0.0061242055084745,Female,White,True,Female_White,0.0
5029,20--Family_Group/20_Family_Group_Family_Group_20_586.jpg,81.0,99.0,140.0,172.0,0.0,0.0,0.0,0.0,0.0,0.0,1024.0,649.0,0.0064808238636363,Female,Asian,True,Female_Asian,0.0
5101,20--Family_Group/20_Family_Group_Family_Group_20_247.jpg,858.0,202.0,894.0,241.0,1.0,0.0,0.0,0.0,0.0,0.0,1024.0,576.0,0.00238037109375,Female,White,True,Female_White,0.0
5102,20--Family_Group/20_Family_Group_Family_Group_20_247.jpg,159.0,179.0,198.0,215.0,1.0,0.0,0.0,0.0,0.0,0.0,1024.0,576.0,0.00238037109375,Female,White,True,Female_White,0.0
5103,20--Family_Group/20_Family_Group_Family_Group_20_247.jpg,247.0,197.0,284.0,239.0,1.0,0.0,0.0,0.0,0.0,0.0,1024.0,576.0,0.0026346842447916,Female,White,True,Female_White,0.0
5104,20--Family_Group/20_Family_Group_Family_Group_20_247.jpg,313.0,154.0,346.0,196.0,1.0,0.0,0.0,0.0,0.0,0.0,1024.0,576.0,0.002349853515625,Male,White,True,Male_White,0.0
5105,20--Family_Group/20_Family_Group_Family_Group_20_247.jpg,433.0,171.0,469.0,215.0,1.0,0.0,0.0,0.0,0.0,0.0,1024.0,576.0,0.002685546875,Female,White,True,Female_White,0.0
5106,20--Family_Group/20_Family_Group_Family_Group_20_247.jpg,509.0,174.0,540.0,210.0,1.0,0.0,0.0,0.0,0.0,0.0,1024.0,576.0,0.00189208984375,Female,White,True,Female_White,0.0
5107,20--Family_Group/20_Family_Group_Family_Group_20_247.jpg,607.0,178.0,636.0,211.0,1.0,0.0,0.0,0.0,0.0,0.0,1024.0,576.0,0.0016225179036458,Female,White,True,Female_White,0.0
5108,20--Family_Group/20_Family_Group_Family_Group_20_247.jpg,708.0,168.0,744.0,205.0,1.0,0.0,0.0,0.0,0.0,0.0,1024.0,576.0,0.00225830078125,Male,White,True,Male_White,0.0
5109,20--Family_Group/20_Family_Group_Family_Group_20_247.jpg,778.0,185.0,810.0,225.0,1.0,0.0,0.0,0.0,0.0,0.0,1024.0,576.0,0.0021701388888888,Female,White,True,Female_White,0.0
5121,20--Family_Group/20_Family_Group_Family_Group_20_118.jpg,96.0,174.0,238.0,374.0,0.0,0.0,0.0,0.0,0.0,0.0,1024.0,701.0,0.0395640156918687,Female,White,True,Female_White,1.0
5122,20--Family_Group/20_Family_Group_Family_Group_20_118.jpg,268.0,118.0,408.0,292.0,0.0,0.0,0.0,0.0,0.0,0.0,1024.0,701.0,0.033935895149786,Female,White,True,Female_White,1.0
5123,20--Family_Group/20_Family_Group_Family_Group_20_118.jpg,458.0,58.0,586.0,228.0,0.0,0.0,0.0,0.0,0.0,0.0,1024.0,701.0,0.0303138373751783,Female,White,True,Female_White,1.0
5124,20--Family_Group/20_Family_Group_Family_Group_20_118.jpg,746.0,108.0,880.0,296.0,0.0,0.0,0.0,0.0,0.0,0.0,1024.0,701.0,0.0350949536376604,Female,White,True,Female_White,1.0
5125,20--Family_Group/20_Family_Group_Family_Group_20_118.jpg,304.0,370.0,436.0,548.0,0.0,0.0,0.0,0.0,0.0,0.0,1024.0,701.0,0.0327322574893009,Female,White,True,Female_White,1.0
5126,20--Family_Group/20_Family_Group_Family_Group_20_118.jpg,492.0,350.0,628.0,530.0,0.0,0.0,0.0,0.0,0.0,0.0,1024.0,701.0,0.0341030670470756,Female,White,True,Female_White,1.0
5136,20--Family_Group/20_Family_Group_Family_Group_20_1028.jpg,151.0,288.0,190.0,332.0,1.0,0.0,0.0,0.0,0.0,0.0,1024.0,683.0,0.0024535596632503,Female,White,True,Female_White,0.0
5137,20--Family_Group/20_Family_Group_Family_Group_20_1028.jpg,235.0,283.0,275.0,326.0,1.0,0.0,0.0,0.0,0.0,0.0,1024.0,683.0,0.0024592789165446,Female,White,True,Female_White,0.0
5138,20--Family_Group/20_Family_Group_Family_Group_20_1028.jpg,276.0,256.0,312.0,295.0,1.0,0.0,0.0,0.0,0.0,0.0,1024.0,683.0,0.0020074579062957,Female,White,True,Female_White,0.0
5139,20--Family_Group/20_Family_Group_Family_Group_20_1028.jpg,309.0,302.0,350.0,345.0,1.0,0.0,0.0,0.0,0.0,0.0,1024.0,683.0,0.0025207608894582,Female,White,True,Female_White,0.0
5140,20--Family_Group/20_Family_Group_Family_Group_20_1028.jpg,400.0,299.0,440.0,340.0,1.0,0.0,0.0,0.0,0.0,0.0,1024.0,683.0,0.0023448938506588,Female,White,True,Female_White,0.0
5141,20--Family_Group/20_Family_Group_Family_Group_20_1028.jpg,362.0,264.0,401.0,299.0,1.0,0.0,0.0,0.0,0.0,0.0,1024.0,683.0,0.0019516951866764,Female,White,True,Female_White,0.0
5142,20--Family_Group/20_Family_Group_Family_Group_20_1028.jpg,448.0,222.0,487.0,269.0,1.0,0.0,0.0,0.0,0.0,0.0,1024.0,683.0,0.0026208478221083,Male,White,True,Male_White,0.0
5143,20--Family_Group/20_Family_Group_Family_Group_20_1028.jpg,508.0,263.0,545.0,304.0,1.0,0.0,0.0,0.0,0.0,0.0,1024.0,683.0,0.0021690268118594,Female,White,True,Female_White,0.0
5144,20--Family_Group/20_Family_Group_Family_Group_20_1028.jpg,562.0,231.0,595.0,265.0,1.0,0.0,0.0,0.0,0.0,0.0,1024.0,683.0,0.0016042505490483,Female,White,True,Female_White,0.0
5145,20--Family_Group/20_Family_Group_Family_Group_20_1028.jpg,580.0,285.0,621.0,324.0,1.0,0.0,0.0,0.0,0.0,0.0,1024.0,683.0,0.0022862715043923,Female,Asian,True,Female_Asian,0.0
5146,20--Family_Group/20_Family_Group_Family_Group_20_1028.jpg,656.0,271.0,692.0,311.0,1.0,0.0,0.0,0.0,0.0,0.0,1024.0,683.0,0.0020589311859443,Female,White,True,Female_White,0.0
5147,20--Family_Group/20_Family_Group_Family_Group_20_1028.jpg,691.0,288.0,733.0,333.0,1.0,0.0,0.0,0.0,0.0,0.0,1024.0,683.0,0.0027023471815519,Female,White,True,Female_White,0.0
5148,20--Family_Group/20_Family_Group_Family_Group_20_1028.jpg,778.0,264.0,818.0,315.0,1.0,0.0,0.0,0.0,0.0,0.0,1024.0,683.0,0.0029168191800878,Female,White,True,Female_White,0.0
5160,21--Festival/21_Festival_Festival_21_377.jpg,588.0,82.0,652.0,174.0,0.0,0.0,0.0,0.0,0.0,0.0,1024.0,907.0,0.0063395810363836,Female,White,True,Female_White,0.0
5161,21--Festival/21_Festival_Festival_21_377.jpg,838.0,70.0,900.0,154.0,0.0,0.0,0.0,0.0,0.0,0.0,1024.0,907.0,0.0056074283351708,Female,White,True,Female_White,0.0
5162,21--Festival/21_Festival_Festival_21_377.jpg,354.0,64.0,428.0,152.0,0.0,0.0,0.0,0.0,0.0,0.0,1024.0,907.0,0.0070114388092613,Female,White,True,Female_White,0.0
5163,21--Festival/21_Festival_Festival_21_377.jpg,108.0,80.0,176.0,158.0,0.0,0.0,0.0,0.0,0.0,0.0,1024.0,907.0,0.0057107910694597,Female,White,True,Female_White,0.0
5169,21--Festival/21_Festival_Festival_21_971.jpg,317.0,260.0,877.0,1068.0,0.0,0.0,0.0,0.0,0.0,0.0,1024.0,1535.0,0.2878664495114006,Male,White,True,Male_White,10.0
5176,21--Festival/21_Festival_Festival_21_561.jpg,76.0,202.0,103.0,250.0,1.0,0.0,0.0,0.0,0.0,0.0,1024.0,684.0,0.0018503289473684,Female,Asian,True,Female_Asian,0.0
5177,21--Festival/21_Festival_Festival_21_561.jpg,254.0,219.0,287.0,271.0,0.0,0.0,0.0,0.0,0.0,0.0,1024.0,684.0,0.0024499725877192,Female,Asian,True,Female_Asian,0.0
5178,21--Festival/21_Festival_Festival_21_561.jpg,376.0,204.0,413.0,252.0,0.0,0.0,0.0,0.0,0.0,0.0,1024.0,684.0,0.0025356359649122,Female,Asian,True,Female_Asian,0.0
5179,21--Festival/21_Festival_Festival_21_561.jpg,485.0,210.0,523.0,259.0,0.0,0.0,0.0,0.0,0.0,0.0,1024.0,684.0,0.0026584201388888,Female,Asian,True,Female_Asian,0.0
5180,21--Festival/21_Festival_Festival_21_561.jpg,660.0,203.0,697.0,252.0,0.0,0.0,1.0,0.0,0.0,0.0,1024.0,684.0,0.0025884617141812,Female,Asian,True,Female_Asian,0.0
5181,21--Festival/21_Festival_Festival_21_561.jpg,318.0,381.0,345.0,431.0,0.0,0.0,0.0,0.0,0.0,1.0,1024.0,684.0,0.0019274259868421,Female,Asian,True,Female_Asian,0.0
5182,21--Festival/21_Festival_Festival_21_561.jpg,450.0,391.0,495.0,448.0,0.0,0.0,0.0,0.0,0.0,0.0,1024.0,684.0,0.003662109375,Female,Asian,True,Female_Asian,0.0
5183,21--Festival/21_Festival_Festival_21_561.jpg,725.0,315.0,770.0,362.0,0.0,0.0,0.0,0.0,0.0,0.0,1024.0,684.0,0.0030196340460526,Female,Asian,True,Female_Asian,0.0
5184,21--Festival/21_Festival_Festival_21_561.jpg,898.0,228.0,934.0,279.0,0.0,0.0,0.0,0.0,0.0,0.0,1024.0,684.0,0.0026212993421052,Female,Asian,True,Female_Asian,0.0
5207,21--Festival/21_Festival_Festival_21_919.jpg,325.0,328.0,554.0,601.0,0.0,0.0,0.0,0.0,0.0,0.0,1024.0,1397.0,0.043702045678239,Male,White,True,Male_White,1.0
5227,22--Picnic/22_Picnic_Picnic_22_758.jpg,414.0,398.0,644.0,632.0,0.0,0.0,1.0,0.0,1.0,0.0,1024.0,712.0,0.0738182496488764,Male,White,True,Male_White,2.0
5229,22--Picnic/22_Picnic_Picnic_22_881.jpg,124.0,48.0,164.0,91.0,0.0,0.0,0.0,0.0,0.0,0.0,1024.0,771.0,0.0021785830090791,Female,White,True,Female_White,0.0
5230,22--Picnic/22_Picnic_Picnic_22_881.jpg,318.0,142.0,367.0,202.0,0.0,0.0,0.0,0.0,0.0,0.0,1024.0,771.0,0.003723857003891,Female,White,True,Female_White,0.0
5231,22--Picnic/22_Picnic_Picnic_22_881.jpg,526.0,85.0,556.0,127.0,0.0,0.0,0.0,0.0,0.0,0.0,1024.0,771.0,0.0015959387159533,Female,White,True,Female_White,0.0
5232,22--Picnic/22_Picnic_Picnic_22_881.jpg,609.0,179.0,644.0,224.0,0.0,0.0,0.0,0.0,0.0,0.0,1024.0,771.0,0.0019949233949416,Female,White,True,Female_White,0.0
5233,22--Picnic/22_Picnic_Picnic_22_881.jpg,635.0,381.0,682.0,449.0,0.0,0.0,0.0,0.0,0.0,0.0,1024.0,771.0,0.0040481112191958,Female,White,True,Female_White,0.0
5247,22--Picnic/22_Picnic_Picnic_22_914.jpg,430.0,92.0,628.0,418.0,0.0,0.0,0.0,0.0,0.0,0.0,1024.0,686.0,0.0918879828717201,Male,White,True,Male_White,3.0
5268,22--Picnic/22_Picnic_Picnic_22_147.jpg,221.0,261.0,276.0,335.0,1.0,0.0,0.0,0.0,0.0,0.0,1024.0,735.0,0.005407631802721,Female,White,True,Female_White,0.0
5269,22--Picnic/22_Picnic_Picnic_22_147.jpg,326.0,282.0,374.0,338.0,1.0,0.0,0.0,0.0,0.0,0.0,1024.0,735.0,0.0035714285714285,Female,White,True,Female_White,0.0
5270,22--Picnic/22_Picnic_Picnic_22_147.jpg,504.0,226.0,546.0,278.0,1.0,0.0,0.0,0.0,0.0,0.0,1024.0,735.0,0.0029017857142857,Female,White,True,Female_White,0.0
5271,22--Picnic/22_Picnic_Picnic_22_147.jpg,690.0,265.0,741.0,332.0,1.0,0.0,0.0,0.0,0.0,0.0,1024.0,735.0,0.004540019132653,Female,White,True,Female_White,0.0
5316,22--Picnic/22_Picnic_Picnic_22_447.jpg,536.0,154.0,642.0,294.0,0.0,0.0,0.0,0.0,1.0,0.0,1024.0,1459.0,0.0099329592186429,Male,White,True,Male_White,0.0
5325,22--Picnic/22_Picnic_Picnic_22_944.jpg,344.0,308.0,725.0,908.0,0.0,0.0,0.0,0.0,0.0,0.0,1024.0,1559.0,0.1431957584990378,Male,White,True,Male_White,5.0
5359,23--Shoppers/23_Shoppers_Shoppers_23_41.jpg,356.0,156.0,438.0,276.0,0.0,1.0,0.0,0.0,0.0,0.0,1024.0,402.0,0.0239039179104477,Female,Asian,True,Female_Asian,0.0
5360,23--Shoppers/23_Shoppers_Shoppers_23_41.jpg,586.0,54.0,662.0,170.0,0.0,0.0,0.0,0.0,0.0,0.0,1024.0,402.0,0.021416355721393,Female,White,True,Female_White,0.0
5361,23--Shoppers/23_Shoppers_Shoppers_23_41.jpg,750.0,46.0,834.0,144.0,0.0,0.0,0.0,0.0,0.0,0.0,1024.0,402.0,0.0199976679104477,Female,White,True,Female_White,0.0
5366,23--Shoppers/23_Shoppers_Shoppers_23_503.jpg,416.0,82.0,520.0,220.0,0.0,0.0,0.0,0.0,0.0,0.0,1024.0,640.0,0.0218994140625,Female,White,True,Female_White,0.0
5367,23--Shoppers/23_Shoppers_Shoppers_23_503.jpg,522.0,126.0,616.0,276.0,0.0,1.0,0.0,0.0,0.0,0.0,1024.0,640.0,0.021514892578125,Female,White,True,Female_White,0.0
5370,23--Shoppers/23_Shoppers_Shoppers_23_781.jpg,370.0,314.0,828.0,932.0,0.0,0.0,0.0,0.0,0.0,0.0,1024.0,1676.0,0.1649225275954653,Male,White,True,Male_White,6.0
5375,23--Shoppers/23_Shoppers_Shoppers_23_694.jpg,496.0,160.0,707.0,436.0,0.0,0.0,0.0,0.0,0.0,0.0,1024.0,1386.0,0.0410325351731601,Male,White,True,Male_White,1.0
5377,23--Shoppers/23_Shoppers_Shoppers_23_115.jpg,468.0,38.0,552.0,144.0,1.0,0.0,0.0,0.0,0.0,0.0,1024.0,564.0,0.0154172207446808,Female,White,True,Female_White,0.0
5378,23--Shoppers/23_Shoppers_Shoppers_23_115.jpg,414.0,274.0,504.0,394.0,0.0,0.0,0.0,0.0,0.0,0.0,1024.0,564.0,0.0187001329787234,Female,White,True,Female_White,0.0
5379,23--Shoppers/23_Shoppers_Shoppers_23_115.jpg,212.0,200.0,286.0,298.0,1.0,0.0,0.0,0.0,0.0,0.0,1024.0,564.0,0.0125567929964539,Female,White,True,Female_White,0.0
5381,23--Shoppers/23_Shoppers_Shoppers_23_239.jpg,95.0,142.0,143.0,220.0,0.0,0.0,0.0,0.0,0.0,0.0,1024.0,768.0,0.0047607421875,Female,White,True,Female_White,0.0
5382,23--Shoppers/23_Shoppers_Shoppers_23_239.jpg,447.0,163.0,473.0,225.0,1.0,0.0,0.0,0.0,0.0,0.0,1024.0,768.0,0.0020497639973958,Female,White,True,Female_White,0.0
5383,23--Shoppers/23_Shoppers_Shoppers_23_239.jpg,577.0,166.0,605.0,220.0,1.0,0.0,0.0,0.0,0.0,0.0,1024.0,768.0,0.001922607421875,Female,White,True,Female_White,0.0
5402,23--Shoppers/23_Shoppers_Shoppers_23_564.jpg,378.0,295.0,668.0,578.0,0.0,0.0,0.0,0.0,1.0,0.0,1024.0,1161.0,0.0690322862833764,Male,White,True,Male_White,2.0
5403,23--Shoppers/23_Shoppers_Shoppers_23_436.jpg,658.0,160.0,752.0,284.0,0.0,0.0,0.0,0.0,0.0,0.0,1024.0,709.0,0.0160547425952045,Female,White,True,Female_White,0.0
5404,23--Shoppers/23_Shoppers_Shoppers_23_436.jpg,568.0,154.0,624.0,234.0,1.0,0.0,0.0,0.0,0.0,0.0,1024.0,709.0,0.0061706629055007,Female,White,True,Female_White,0.0
5425,23--Shoppers/23_Shoppers_Shoppers_23_72.jpg,262.0,164.0,364.0,302.0,0.0,0.0,0.0,0.0,0.0,0.0,1024.0,683.0,0.0201260523426061,Female,White,True,Female_White,0.0
5426,23--Shoppers/23_Shoppers_Shoppers_23_72.jpg,480.0,160.0,590.0,288.0,0.0,0.0,0.0,0.0,0.0,0.0,1024.0,683.0,0.0201317715959004,Female,White,True,Female_White,0.0
5427,23--Shoppers/23_Shoppers_Shoppers_23_72.jpg,662.0,126.0,742.0,252.0,0.0,0.0,0.0,0.0,0.0,0.0,1024.0,683.0,0.0144125183016105,Female,White,True,Female_White,0.0
5441,23--Shoppers/23_Shoppers_Shoppers_23_81.jpg,568.0,153.0,685.0,294.0,0.0,0.0,0.0,0.0,0.0,0.0,1024.0,1536.0,0.0104885101318359,Female,White,True,Female_White,0.0
5442,23--Shoppers/23_Shoppers_Shoppers_23_81.jpg,291.0,174.0,393.0,318.0,0.0,0.0,0.0,0.0,0.0,0.0,1024.0,1536.0,0.00933837890625,Female,White,True,Female_White,0.0
5451,23--Shoppers/23_Shoppers_Shoppers_23_793.jpg,271.0,159.0,580.0,569.0,0.0,0.0,1.0,0.0,0.0,0.0,1024.0,1476.0,0.0838216145833333,Male,White,True,Male_White,3.0
5462,23--Shoppers/23_Shoppers_Shoppers_23_983.jpg,606.0,106.0,730.0,274.0,0.0,0.0,0.0,0.0,0.0,0.0,1024.0,1024.0,0.019866943359375,Female,White,True,Female_White,0.0
5463,23--Shoppers/23_Shoppers_Shoppers_23_983.jpg,324.0,134.0,466.0,294.0,0.0,0.0,0.0,0.0,0.0,0.0,1024.0,1024.0,0.02166748046875,Female,White,True,Female_White,0.0
5464,23--Shoppers/23_Shoppers_Shoppers_23_506.jpg,804.0,323.0,844.0,380.0,1.0,0.0,0.0,0.0,0.0,0.0,1024.0,951.0,0.0023412854889589,Female,White,True,Female_White,0.0
5465,23--Shoppers/23_Shoppers_Shoppers_23_506.jpg,884.0,376.0,929.0,439.0,1.0,0.0,0.0,0.0,0.0,0.0,1024.0,951.0,0.0029112036671924,Female,Asian,True,Female_Asian,0.0
5470,23--Shoppers/23_Shoppers_Shoppers_23_329.jpg,458.0,40.0,566.0,180.0,1.0,0.0,0.0,0.0,0.0,0.0,1024.0,639.0,0.0231073943661971,Male,White,True,Male_White,0.0
5477,23--Shoppers/23_Shoppers_Shoppers_23_555.jpg,908.0,204.0,1000.0,320.0,1.0,0.0,0.0,0.0,0.0,0.0,1024.0,769.0,0.0135525032509752,Male,White,True,Male_White,0.0
5493,23--Shoppers/23_Shoppers_Shoppers_23_513.jpg,162.0,404.0,240.0,492.0,1.0,0.0,0.0,0.0,0.0,0.0,1024.0,711.0,0.0094277426160337,Male,White,True,Male_White,0.0
5503,23--Shoppers/23_Shoppers_Shoppers_23_477.jpg,512.0,72.0,594.0,180.0,1.0,0.0,0.0,0.0,0.0,0.0,1024.0,798.0,0.0108376409774436,Male,White,True,Male_White,0.0
5505,23--Shoppers/23_Shoppers_Shoppers_23_460.jpg,895.0,4.0,963.0,82.0,1.0,0.0,0.0,0.0,0.0,0.0,1024.0,1083.0,0.0047827216066482,Male,White,True,Male_White,0.0
5517,23--Shoppers/23_Shoppers_Shoppers_23_382.jpg,495.0,140.0,562.0,232.0,0.0,0.0,0.0,0.0,0.0,0.0,1024.0,698.0,0.0086239702722063,Female,White,True,Female_White,0.0
5518,23--Shoppers/23_Shoppers_Shoppers_23_382.jpg,659.0,95.0,731.0,180.0,0.0,0.0,0.0,0.0,0.0,0.0,1024.0,698.0,0.0085624104584527,Female,White,True,Female_White,0.0
5523,23--Shoppers/23_Shoppers_Shoppers_23_529.jpg,392.0,20.0,516.0,146.0,0.0,0.0,0.0,0.0,0.0,1.0,1024.0,679.0,0.0224710051546391,Female,White,True,Female_White,0.0
5524,23--Shoppers/23_Shoppers_Shoppers_23_529.jpg,770.0,96.0,898.0,230.0,0.0,0.0,0.0,0.0,0.0,0.0,1024.0,679.0,0.0246686303387334,Female,White,True,Female_White,0.0
5530,24--Soldier_Firing/24_Soldier_Firing_Soldier_Firing_24_772.jpg,314.0,154.0,353.0,199.0,1.0,0.0,0.0,0.0,0.0,0.0,1024.0,576.0,0.0029754638671875,Male,White,True,Male_White,0.0
5533,24--Soldier_Firing/24_Soldier_Firing_Soldier_Firing_24_302.jpg,224.0,76.0,410.0,394.0,0.0,0.0,0.0,0.0,0.0,0.0,1024.0,1024.0,0.0564079284667968,Male,White,True,Male_White,2.0
5534,24--Soldier_Firing/24_Soldier_Firing_Soldier_Firing_24_336.jpg,411.0,267.0,549.0,461.0,1.0,0.0,0.0,0.0,1.0,0.0,1024.0,1197.0,0.0218417136591478,Male,White,True,Male_White,0.0
5553,24--Soldier_Firing/24_Soldier_Firing_Soldier_Firing_24_65.jpg,256.0,184.0,346.0,322.0,0.0,0.0,0.0,0.0,1.0,1.0,1024.0,681.0,0.0178104350220264,Male,White,True,Male_White,0.0
5555,24--Soldier_Firing/24_Soldier_Firing_Soldier_Firing_24_124.jpg,396.0,136.0,506.0,360.0,0.0,0.0,0.0,0.0,0.0,1.0,1024.0,754.0,0.0319131299734748,Male,White,True,Male_White,1.0
5556,24--Soldier_Firing/24_Soldier_Firing_Soldier_Firing_24_662.jpg,313.0,341.0,420.0,464.0,1.0,0.0,0.0,0.0,0.0,0.0,1024.0,1621.0,0.0079287717843923,Male,White,True,Male_White,0.0
5559,24--Soldier_Firing/24_Soldier_Firing_Soldier_Firing_24_818.jpg,298.0,146.0,556.0,460.0,0.0,0.0,0.0,0.0,0.0,0.0,1024.0,613.0,0.1290591863784665,Male,White,True,Male_White,4.0
5562,24--Soldier_Firing/24_Soldier_Firing_Soldier_Firing_24_775.jpg,978.0,57.0,1012.0,96.0,1.0,0.0,0.0,0.0,0.0,0.0,1024.0,556.0,0.0023289961780575,Male,White,True,Male_White,0.0
5563,24--Soldier_Firing/24_Soldier_Firing_Soldier_Firing_24_117.jpg,460.0,156.0,558.0,260.0,1.0,0.0,0.0,0.0,1.0,1.0,1024.0,761.0,0.0130790078843626,Male,White,True,Male_White,0.0
5567,24--Soldier_Firing/24_Soldier_Firing_Soldier_Firing_24_608.jpg,577.0,120.0,780.0,409.0,0.0,0.0,0.0,0.0,0.0,0.0,1024.0,1095.0,0.0523214540525114,Male,White,True,Male_White,1.0
5569,24--Soldier_Firing/24_Soldier_Firing_Soldier_Firing_24_877.jpg,702.0,202.0,754.0,262.0,1.0,0.0,0.0,0.0,0.0,1.0,1024.0,684.0,0.004454495614035,Male,White,True,Male_White,0.0
5570,24--Soldier_Firing/24_Soldier_Firing_Soldier_Firing_24_76.jpg,172.0,276.0,262.0,434.0,0.0,0.0,0.0,0.0,1.0,0.0,1024.0,1024.0,0.0135612487792968,Male,White,True,Male_White,0.0
5571,24--Soldier_Firing/24_Soldier_Firing_Soldier_Firing_24_252.jpg,372.0,164.0,450.0,322.0,1.0,0.0,0.0,0.0,0.0,1.0,1024.0,769.0,0.0156503982444733,Male,White,True,Male_White,0.0
5573,24--Soldier_Firing/24_Soldier_Firing_Soldier_Firing_24_667.jpg,133.0,150.0,269.0,360.0,0.0,0.0,0.0,0.0,0.0,0.0,1024.0,719.0,0.0387908553546592,Male,Indian,True,Male_Indian,1.0
5574,24--Soldier_Firing/24_Soldier_Firing_Soldier_Firing_24_667.jpg,445.0,263.0,523.0,506.0,1.0,1.0,0.0,0.0,0.0,0.0,1024.0,719.0,0.0257437630389429,Female,Indian,True,Female_Indian,0.0
5575,24--Soldier_Firing/24_Soldier_Firing_Soldier_Firing_24_667.jpg,541.0,73.0,609.0,281.0,1.0,0.0,0.0,0.0,0.0,0.0,1024.0,719.0,0.0192107093184979,Female,Indian,True,Female_Indian,0.0
5576,24--Soldier_Firing/24_Soldier_Firing_Soldier_Firing_24_667.jpg,405.0,19.0,455.0,191.0,1.0,0.0,0.0,0.0,0.0,0.0,1024.0,719.0,0.0116807197496522,Female,Indian,True,Female_Indian,0.0
5577,24--Soldier_Firing/24_Soldier_Firing_Soldier_Firing_24_667.jpg,451.0,2.0,498.0,119.0,1.0,0.0,0.0,0.0,1.0,0.0,1024.0,719.0,0.0074688695236439,Female,Indian,True,Female_Indian,0.0
5578,24--Soldier_Firing/24_Soldier_Firing_Soldier_Firing_24_667.jpg,858.0,124.0,906.0,260.0,1.0,0.0,0.0,0.0,0.0,0.0,1024.0,719.0,0.0088664812239221,Male,Indian,True,Male_Indian,0.0
5579,24--Soldier_Firing/24_Soldier_Firing_Soldier_Firing_24_667.jpg,619.0,307.0,702.0,537.0,0.0,0.0,0.0,0.0,0.0,0.0,1024.0,719.0,0.0259284813977746,Female,Indian,True,Female_Indian,0.0
5589,24--Soldier_Firing/24_Soldier_Firing_Soldier_Firing_24_512.jpg,730.0,110.0,844.0,272.0,1.0,0.0,0.0,0.0,0.0,0.0,1024.0,537.0,0.0335850209497206,Male,Indian,True,Male_Indian,1.0
5595,24--Soldier_Firing/24_Soldier_Firing_Soldier_Firing_24_140.jpg,240.0,184.0,328.0,326.0,0.0,0.0,0.0,0.0,1.0,0.0,1024.0,667.0,0.0182955397301349,Male,White,True,Male_White,0.0
5603,24--Soldier_Firing/24_Soldier_Firing_Soldier_Firing_24_174.jpg,334.0,160.0,424.0,278.0,1.0,0.0,0.0,0.0,0.0,0.0,1024.0,767.0,0.0135216346153846,Male,White,True,Male_White,0.0
5609,24--Soldier_Firing/24_Soldier_Firing_Soldier_Firing_24_17.jpg,668.0,118.0,778.0,254.0,0.0,1.0,0.0,0.0,1.0,0.0,1024.0,576.0,0.0253634982638888,Male,White,True,Male_White,0.0
5612,24--Soldier_Firing/24_Soldier_Firing_Soldier_Firing_24_389.jpg,428.0,150.0,500.0,242.0,1.0,0.0,0.0,0.0,0.0,0.0,1024.0,793.0,0.0081573139974779,Male,White,True,Male_White,0.0
5614,24--Soldier_Firing/24_Soldier_Firing_Soldier_Firing_24_741.jpg,386.0,170.0,454.0,258.0,1.0,0.0,0.0,0.0,0.0,0.0,1024.0,832.0,0.0070237379807692,Male,White,True,Male_White,0.0
5615,24--Soldier_Firing/24_Soldier_Firing_Soldier_Firing_24_592.jpg,392.0,22.0,728.0,500.0,0.0,0.0,0.0,0.0,0.0,0.0,1024.0,577.0,0.2718262564991334,Male,Asian,True,Male_Asian,10.0
5616,24--Soldier_Firing/24_Soldier_Firing_Soldier_Firing_24_914.jpg,443.0,311.0,474.0,351.0,1.0,0.0,0.0,0.0,1.0,0.0,1024.0,709.0,0.0017079513399153,Male,White,True,Male_White,0.0
5617,24--Soldier_Firing/24_Soldier_Firing_Soldier_Firing_24_75.jpg,492.0,84.0,582.0,176.0,1.0,0.0,0.0,0.0,0.0,0.0,1024.0,641.0,0.0126145670826833,Male,White,True,Male_White,0.0
5621,24--Soldier_Firing/24_Soldier_Firing_Soldier_Firing_24_735.jpg,138.0,128.0,220.0,216.0,1.0,0.0,0.0,0.0,0.0,0.0,1024.0,768.0,0.0091756184895833,Male,White,True,Male_White,0.0
5622,24--Soldier_Firing/24_Soldier_Firing_Soldier_Firing_24_199.jpg,448.0,102.0,508.0,170.0,0.0,0.0,0.0,0.0,1.0,1.0,1024.0,680.0,0.005859375,Male,White,True,Male_White,0.0
5623,24--Soldier_Firing/24_Soldier_Firing_Soldier_Firing_24_679.jpg,444.0,126.0,476.0,158.0,1.0,0.0,0.0,0.0,0.0,0.0,1024.0,647.0,0.0015455950540958,Male,White,True,Male_White,0.0
5632,25--Soldier_Patrol/25_Soldier_Patrol_Soldier_Patrol_25_262.jpg,252.0,120.0,314.0,194.0,0.0,0.0,0.0,0.0,1.0,0.0,1024.0,679.0,0.0065986284977908,Male,White,True,Male_White,0.0
5636,25--Soldier_Patrol/25_Soldier_Patrol_Soldier_Patrol_25_216.jpg,284.0,136.0,542.0,476.0,0.0,0.0,0.0,0.0,0.0,0.0,1024.0,576.0,0.1487223307291666,Male,Indian,True,Male_Indian,5.0
5649,25--Soldier_Patrol/25_Soldier_Patrol_Soldier_Patrol_25_1015.jpg,246.0,28.0,340.0,176.0,1.0,0.0,0.0,0.0,0.0,0.0,1024.0,682.0,0.0199207294721407,Male,White,True,Male_White,0.0
5650,25--Soldier_Patrol/25_Soldier_Patrol_Soldier_Patrol_25_656.jpg,371.0,503.0,667.0,838.0,0.0,0.0,0.0,0.0,0.0,0.0,1024.0,1535.0,0.0630853013029315,Male,White,True,Male_White,2.0
5651,25--Soldier_Patrol/25_Soldier_Patrol_Soldier_Patrol_25_911.jpg,644.0,66.0,762.0,210.0,0.0,0.0,0.0,0.0,0.0,0.0,1024.0,576.0,0.02880859375,Male,White,True,Male_White,1.0
5653,25--Soldier_Patrol/25_Soldier_Patrol_Soldier_Patrol_25_704.jpg,548.0,108.0,674.0,286.0,0.0,0.0,0.0,0.0,0.0,0.0,1024.0,661.0,0.0331351645234493,Male,White,True,Male_White,1.0
5664,25--Soldier_Patrol/25_Soldier_Patrol_Soldier_Patrol_25_279.jpg,698.0,228.0,862.0,420.0,0.0,0.0,0.0,0.0,0.0,0.0,1024.0,686.0,0.0448250728862973,Male,White,True,Male_White,1.0
5672,25--Soldier_Patrol/25_Soldier_Patrol_Soldier_Patrol_25_806.jpg,381.0,222.0,606.0,474.0,0.0,0.0,0.0,0.0,0.0,0.0,1024.0,1374.0,0.0402991948689956,Male,White,True,Male_White,1.0
5673,25--Soldier_Patrol/25_Soldier_Patrol_Soldier_Patrol_25_711.jpg,558.0,205.0,663.0,355.0,0.0,0.0,1.0,0.0,0.0,1.0,1024.0,1282.0,0.0119975502145085,Male,White,True,Male_White,0.0
5684,25--Soldier_Patrol/25_Soldier_Patrol_Soldier_Patrol_25_531.jpg,500.0,164.0,552.0,256.0,1.0,0.0,0.0,0.0,0.0,0.0,1024.0,682.0,0.0068502565982404,Male,White,True,Male_White,0.0
5685,25--Soldier_Patrol/25_Soldier_Patrol_Soldier_Patrol_25_220.jpg,245.0,207.0,617.0,644.0,0.0,0.0,0.0,0.0,0.0,0.0,1024.0,1278.0,0.1242205839201878,Male,White,True,Male_White,4.0
5691,25--Soldier_Patrol/25_Soldier_Patrol_Soldier_Patrol_25_605.jpg,418.0,72.0,506.0,192.0,1.0,0.0,0.0,0.0,0.0,0.0,1024.0,556.0,0.0185476618705035,Male,White,True,Male_White,0.0
5692,25--Soldier_Patrol/25_Soldier_Patrol_Soldier_Patrol_25_223.jpg,579.0,112.0,638.0,203.0,0.0,0.0,0.0,0.0,1.0,0.0,1024.0,727.0,0.0072120551066024,Female,White,True,Female_White,0.0
5693,25--Soldier_Patrol/25_Soldier_Patrol_Soldier_Patrol_25_223.jpg,176.0,194.0,210.0,231.0,1.0,0.0,0.0,0.0,0.0,0.0,1024.0,727.0,0.0016898426753782,Female,White,True,Female_White,0.0
5698,25--Soldier_Patrol/25_Soldier_Patrol_Soldier_Patrol_25_584.jpg,183.0,213.0,645.0,853.0,0.0,0.0,0.0,0.0,0.0,0.0,1024.0,1285.0,0.2247081712062257,Male,White,True,Male_White,8.0
5704,25--Soldier_Patrol/25_Soldier_Patrol_Soldier_Patrol_25_339.jpg,697.0,380.0,732.0,440.0,0.0,0.0,0.0,0.0,1.0,0.0,1024.0,680.0,0.0030158547794117,Male,White,True,Male_White,0.0
5709,25--Soldier_Patrol/25_Soldier_Patrol_Soldier_Patrol_25_200.jpg,350.0,245.0,562.0,522.0,0.0,0.0,0.0,0.0,0.0,0.0,1024.0,1278.0,0.0448729704616588,Male,White,True,Male_White,1.0
5712,25--Soldier_Patrol/25_Soldier_Patrol_Soldier_Patrol_25_516.jpg,138.0,179.0,600.0,782.0,0.0,0.0,0.0,0.0,0.0,0.0,1024.0,1479.0,0.1839463425456389,Male,White,True,Male_White,6.0
5714,25--Soldier_Patrol/25_Soldier_Patrol_Soldier_Patrol_25_319.jpg,490.0,112.0,546.0,180.0,0.0,0.0,1.0,0.0,0.0,0.0,1024.0,681.0,0.0054607195301027,Male,White,True,Male_White,0.0
5729,25--Soldier_Patrol/25_Soldier_Patrol_Soldier_Patrol_25_556.jpg,374.0,68.0,474.0,208.0,1.0,0.0,0.0,0.0,0.0,0.0,1024.0,768.0,0.0178019205729166,Male,White,True,Male_White,0.0
5738,25--Soldier_Patrol/25_Soldier_Patrol_Soldier_Patrol_25_244.jpg,366.0,253.0,652.0,637.0,0.0,0.0,0.0,0.0,0.0,0.0,1024.0,1526.0,0.0702817824377457,Male,White,True,Male_White,2.0
5746,25--Soldier_Patrol/25_Soldier_Patrol_Soldier_Patrol_25_582.jpg,736.0,132.0,826.0,266.0,0.0,1.0,0.0,0.0,0.0,1.0,1024.0,576.0,0.02044677734375,Male,White,True,Male_White,0.0
5751,25--Soldier_Patrol/25_Soldier_Patrol_Soldier_Patrol_25_677.jpg,156.0,94.0,294.0,238.0,0.0,0.0,0.0,0.0,1.0,0.0,1024.0,669.0,0.0290078475336322,Male,White,True,Male_White,1.0
5764,25--Soldier_Patrol/25_Soldier_Patrol_Soldier_Patrol_25_512.jpg,168.0,2.0,916.0,690.0,0.0,0.0,0.0,0.0,1.0,0.0,1024.0,690.0,0.7283514492753623,Male,White,True,Male_White,
5767,25--Soldier_Patrol/25_Soldier_Patrol_Soldier_Patrol_25_56.jpg,512.0,70.0,586.0,158.0,1.0,0.0,0.0,0.0,0.0,0.0,1024.0,576.0,0.0110405815972222,Male,White,True,Male_White,0.0
5769,25--Soldier_Patrol/25_Soldier_Patrol_Soldier_Patrol_25_86.jpg,498.0,98.0,636.0,306.0,0.0,0.0,0.0,0.0,0.0,0.0,1024.0,752.0,0.0372755984042553,Male,White,True,Male_White,1.0
5780,25--Soldier_Patrol/25_Soldier_Patrol_Soldier_Patrol_25_661.jpg,264.0,156.0,458.0,404.0,0.0,0.0,0.0,0.0,1.0,0.0,1024.0,753.0,0.0623962483399734,Male,White,True,Male_White,2.0
5803,26--Soldier_Drilling/26_Soldier_Drilling_Soldiers_Drilling_26_732.jpg,222.0,94.0,462.0,406.0,0.0,0.0,0.0,0.0,0.0,0.0,1024.0,598.0,0.1222826086956521,Male,White,True,Male_White,4.0
5839,26--Soldier_Drilling/26_Soldier_Drilling_Soldiers_Drilling_26_843.jpg,472.0,206.0,614.0,400.0,0.0,0.0,0.0,0.0,0.0,0.0,1024.0,591.0,0.0455200401861252,Male,White,True,Male_White,1.0
5842,26--Soldier_Drilling/26_Soldier_Drilling_Soldiers_Drilling_26_431.jpg,278.0,150.0,338.0,226.0,1.0,0.0,0.0,0.0,0.0,0.0,1024.0,769.0,0.0057907997399219,Male,White,True,Male_White,0.0
5847,26--Soldier_Drilling/26_Soldier_Drilling_Soldiers_Drilling_26_3.jpg,372.0,159.0,802.0,728.0,0.0,0.0,0.0,0.0,0.0,0.0,1024.0,1159.0,0.2061566409620362,Male,White,True,Male_White,7.0
5848,26--Soldier_Drilling/26_Soldier_Drilling_Soldiers_Drilling_26_228.jpg,638.0,54.0,704.0,116.0,1.0,0.0,0.0,0.0,0.0,1.0,1024.0,680.0,0.0058766084558823,Male,White,True,Male_White,0.0
5849,26--Soldier_Drilling/26_Soldier_Drilling_Soldiers_Drilling_26_796.jpg,327.0,101.0,634.0,592.0,0.0,0.0,0.0,0.0,0.0,0.0,1024.0,1332.0,0.1105135897616366,Male,White,True,Male_White,4.0
5851,26--Soldier_Drilling/26_Soldier_Drilling_Soldiers_Drilling_26_547.jpg,780.0,154.0,972.0,300.0,0.0,0.0,0.0,0.0,0.0,1.0,1024.0,683.0,0.0400805270863836,Male,White,True,Male_White,1.0
5852,26--Soldier_Drilling/26_Soldier_Drilling_Soldiers_Drilling_26_944.jpg,280.0,317.0,387.0,453.0,1.0,0.0,0.0,0.0,0.0,0.0,1024.0,1366.0,0.0104033217423133,Female,White,True,Female_White,0.0
5853,26--Soldier_Drilling/26_Soldier_Drilling_Soldiers_Drilling_26_944.jpg,461.0,259.0,541.0,392.0,1.0,0.0,0.0,0.0,0.0,0.0,1024.0,1366.0,0.0076066068814055,Female,White,True,Female_White,0.0
5854,26--Soldier_Drilling/26_Soldier_Drilling_Soldiers_Drilling_26_944.jpg,616.0,344.0,717.0,477.0,1.0,0.0,0.0,0.0,0.0,0.0,1024.0,1366.0,0.0096033411877745,Female,White,True,Female_White,0.0
5855,26--Soldier_Drilling/26_Soldier_Drilling_Soldiers_Drilling_26_579.jpg,616.0,106.0,678.0,206.0,1.0,0.0,0.0,0.0,0.0,0.0,1024.0,768.0,0.0078837076822916,Male,White,True,Male_White,0.0
5873,26--Soldier_Drilling/26_Soldier_Drilling_Soldiers_Drilling_26_636.jpg,403.0,227.0,686.0,672.0,0.0,0.0,0.0,0.0,0.0,0.0,1024.0,1365.0,0.0900977277930402,Male,White,True,Male_White,3.0
5888,26--Soldier_Drilling/26_Soldier_Drilling_Soldiers_Drilling_26_353.jpg,482.0,86.0,748.0,452.0,0.0,0.0,0.0,0.0,0.0,0.0,1024.0,576.0,0.1650594075520833,Male,White,True,Male_White,6.0
5889,26--Soldier_Drilling/26_Soldier_Drilling_Soldiers_Drilling_26_851.jpg,178.0,332.0,893.0,1215.0,0.0,0.0,0.0,0.0,0.0,0.0,1024.0,1722.0,0.3580417256460511,Male,White,True,Male_White,13.0
5890,26--Soldier_Drilling/26_Soldier_Drilling_Soldiers_Drilling_26_871.jpg,768.0,380.0,848.0,434.0,1.0,0.0,0.0,0.0,0.0,1.0,1024.0,683.0,0.006176793557833,Male,White,True,Male_White,0.0
5892,26--Soldier_Drilling/26_Soldier_Drilling_Soldiers_Drilling_26_324.jpg,366.0,219.0,582.0,510.0,0.0,0.0,0.0,0.0,0.0,0.0,1024.0,1421.0,0.0431969123856439,Male,White,True,Male_White,1.0
5902,26--Soldier_Drilling/26_Soldier_Drilling_Soldiers_Drilling_26_922.jpg,191.0,597.0,302.0,758.0,0.0,0.0,0.0,0.0,0.0,0.0,1024.0,1421.0,0.012281596366995,Female,White,True,Female_White,0.0
5903,26--Soldier_Drilling/26_Soldier_Drilling_Soldiers_Drilling_26_922.jpg,67.0,608.0,123.0,688.0,1.0,0.0,0.0,0.0,0.0,0.0,1024.0,1421.0,0.0030788177339901,Female,White,True,Female_White,0.0
5911,27--Spa/27_Spa_Spa_27_348.jpg,344.0,432.0,426.0,498.0,0.0,0.0,0.0,0.0,0.0,1.0,1024.0,732.0,0.0072201588114754,Female,White,True,Female_White,0.0
5912,27--Spa/27_Spa_Spa_27_348.jpg,416.0,150.0,480.0,222.0,1.0,0.0,0.0,0.0,0.0,0.0,1024.0,732.0,0.0061475409836065,Female,Asian,True,Female_Asian,0.0
5922,27--Spa/27_Spa_Spa_27_581.jpg,66.0,276.0,107.0,334.0,1.0,0.0,0.0,0.0,0.0,0.0,1024.0,686.0,0.0033852268586005,Female,White,True,Female_White,0.0
5923,27--Spa/27_Spa_Spa_27_581.jpg,595.0,252.0,625.0,294.0,0.0,0.0,0.0,0.0,0.0,0.0,1024.0,686.0,0.0017936862244897,Female,White,True,Female_White,0.0
5924,27--Spa/27_Spa_Spa_27_581.jpg,827.0,290.0,868.0,343.0,1.0,0.0,0.0,0.0,0.0,0.0,1024.0,686.0,0.003093396956997,Female,White,True,Female_White,0.0
5946,27--Spa/27_Spa_Spa_27_671.jpg,316.0,229.0,350.0,277.0,0.0,0.0,0.0,0.0,0.0,0.0,1024.0,683.0,0.0023334553440702,Female,White,True,Female_White,0.0
5947,27--Spa/27_Spa_Spa_27_671.jpg,677.0,231.0,716.0,296.0,0.0,0.0,0.0,0.0,0.0,0.0,1024.0,683.0,0.0036245767752562,Female,White,True,Female_White,0.0
5950,27--Spa/27_Spa_Spa_27_228.jpg,465.0,270.0,677.0,495.0,0.0,0.0,0.0,0.0,0.0,0.0,1024.0,1279.0,0.0364206655590304,Female,White,True,Female_White,1.0
5951,27--Spa/27_Spa_Spa_27_228.jpg,402.0,719.0,614.0,939.0,0.0,0.0,0.0,0.0,0.0,1.0,1024.0,1279.0,0.0356113174354964,Female,White,True,Female_White,1.0
5973,27--Spa/27_Spa_Spa_27_400.jpg,566.0,690.0,732.0,786.0,0.0,0.0,0.0,0.0,0.0,1.0,1024.0,1024.0,0.01519775390625,Female,White,True,Female_White,0.0
5974,27--Spa/27_Spa_Spa_27_400.jpg,248.0,632.0,308.0,692.0,0.0,0.0,0.0,0.0,0.0,0.0,1024.0,1024.0,0.0034332275390625,Female,White,True,Female_White,0.0
5987,28--Sports_Fan/28_Sports_Fan_Sports_Fan_28_288.jpg,680.0,292.0,756.0,376.0,1.0,0.0,0.0,0.0,1.0,1.0,1024.0,615.0,0.0101371951219512,Male,White,True,Male_White,0.0
6000,28--Sports_Fan/28_Sports_Fan_Sports_Fan_28_472.jpg,428.0,72.0,540.0,214.0,0.0,0.0,0.0,0.0,1.0,0.0,1024.0,683.0,0.0227397510980966,Male,Black,True,Male_Black,0.0
6002,28--Sports_Fan/28_Sports_Fan_Sports_Fan_28_114.jpg,274.0,915.0,693.0,1405.0,0.0,0.0,0.0,0.0,1.0,0.0,1024.0,1513.0,0.1325168849140779,Male,White,True,Male_White,4.0
6006,28--Sports_Fan/28_Sports_Fan_Sports_Fan_28_206.jpg,498.0,316.0,530.0,355.0,1.0,0.0,0.0,0.0,0.0,0.0,1024.0,713.0,0.0017093267882187,Male,White,True,Male_White,0.0
6011,28--Sports_Fan/28_Sports_Fan_Sports_Fan_28_602.jpg,384.0,234.0,612.0,516.0,0.0,1.0,0.0,0.0,0.0,0.0,1024.0,814.0,0.0771364404176904,Male,White,True,Male_White,2.0
6025,28--Sports_Fan/28_Sports_Fan_Sports_Fan_28_935.jpg,220.0,74.0,366.0,298.0,0.0,0.0,0.0,0.0,0.0,0.0,1024.0,814.0,0.0392352579852579,Male,White,True,Male_White,1.0
6036,28--Sports_Fan/28_Sports_Fan_Sports_Fan_28_387.jpg,462.0,56.0,540.0,172.0,1.0,0.0,0.0,0.0,1.0,0.0,1024.0,576.0,0.0153401692708333,Male,Black,True,Male_Black,0.0
6041,28--Sports_Fan/28_Sports_Fan_Sports_Fan_28_336.jpg,260.0,192.0,739.0,890.0,0.0,0.0,0.0,0.0,0.0,0.0,1024.0,1516.0,0.2153732581629287,Male,Black,True,Male_Black,8.0
6044,28--Sports_Fan/28_Sports_Fan_Sports_Fan_28_860.jpg,411.0,432.0,534.0,557.0,0.0,0.0,0.0,0.0,0.0,1.0,1024.0,1366.0,0.0109916899249633,Male,Black,True,Male_Black,0.0
6045,28--Sports_Fan/28_Sports_Fan_Sports_Fan_28_921.jpg,346.0,16.0,594.0,316.0,0.0,0.0,0.0,0.0,0.0,0.0,1024.0,684.0,0.1062225877192982,Male,Black,True,Male_Black,3.0
6064,28--Sports_Fan/28_Sports_Fan_Sports_Fan_28_841.jpg,395.0,539.0,475.0,635.0,1.0,0.0,0.0,0.0,0.0,0.0,1024.0,1366.0,0.0054904831625183,Male,White,True,Male_White,0.0
6067,28--Sports_Fan/28_Sports_Fan_Sports_Fan_28_713.jpg,304.0,112.0,477.0,361.0,0.0,0.0,0.0,0.0,0.0,0.0,1024.0,1218.0,0.0345380811268472,Male,White,True,Male_White,1.0
6069,28--Sports_Fan/28_Sports_Fan_Sports_Fan_28_748.jpg,173.0,299.0,579.0,665.0,0.0,0.0,0.0,0.0,0.0,0.0,1024.0,1267.0,0.114532976519337,Male,Black,True,Male_Black,4.0
6074,28--Sports_Fan/28_Sports_Fan_Sports_Fan_28_279.jpg,321.0,236.0,692.0,870.0,0.0,1.0,0.0,0.0,0.0,0.0,1024.0,1405.0,0.1634883785587188,Male,Black,True,Male_Black,6.0
6080,28--Sports_Fan/28_Sports_Fan_Sports_Fan_28_449.jpg,456.0,285.0,819.0,805.0,0.0,0.0,0.0,0.0,0.0,0.0,1024.0,1536.0,0.1200103759765625,Male,Black,True,Male_Black,4.0
6081,28--Sports_Fan/28_Sports_Fan_Sports_Fan_28_1017.jpg,460.0,110.0,640.0,367.0,0.0,0.0,0.0,0.0,0.0,0.0,1024.0,1280.0,0.0352935791015625,Male,White,True,Male_White,1.0
6084,28--Sports_Fan/28_Sports_Fan_Sports_Fan_28_317.jpg,444.0,252.0,560.0,385.0,1.0,0.0,0.0,0.0,0.0,0.0,1024.0,1448.0,0.0104049766919889,Male,White,True,Male_White,0.0
6088,28--Sports_Fan/28_Sports_Fan_Sports_Fan_28_278.jpg,392.0,122.0,546.0,324.0,0.0,0.0,0.0,0.0,1.0,0.0,1024.0,783.0,0.0387980922733077,Male,Black,True,Male_Black,1.0
6092,28--Sports_Fan/28_Sports_Fan_Sports_Fan_28_5.jpg,562.0,199.0,739.0,416.0,0.0,0.0,0.0,0.0,0.0,0.0,1024.0,1291.0,0.0290540581429124,Male,White,True,Male_White,1.0
6095,28--Sports_Fan/28_Sports_Fan_Sports_Fan_28_204.jpg,242.0,350.0,522.0,692.0,0.0,1.0,0.0,0.0,0.0,0.0,1024.0,1392.0,0.0671807650862068,Male,White,True,Male_White,2.0
6096,28--Sports_Fan/28_Sports_Fan_Sports_Fan_28_151.jpg,624.0,146.0,778.0,366.0,0.0,1.0,0.0,0.0,1.0,0.0,1024.0,708.0,0.0467315501412429,Male,White,True,Male_White,1.0
6097,28--Sports_Fan/28_Sports_Fan_Sports_Fan_28_156.jpg,292.0,180.0,682.0,726.0,0.0,0.0,0.0,0.0,0.0,0.0,1024.0,768.0,0.2707672119140625,Male,White,True,Male_White,10.0
6100,28--Sports_Fan/28_Sports_Fan_Sports_Fan_28_871.jpg,396.0,126.0,547.0,353.0,1.0,0.0,0.0,0.0,0.0,0.0,1024.0,1028.0,0.0325618996230544,Male,Black,True,Male_Black,1.0
6101,28--Sports_Fan/28_Sports_Fan_Sports_Fan_28_85.jpg,244.0,24.0,666.0,508.0,0.0,0.0,0.0,0.0,0.0,0.0,1024.0,683.0,0.2920365117130307,Male,White,True,Male_White,10.0
6105,28--Sports_Fan/28_Sports_Fan_Sports_Fan_28_465.jpg,462.0,597.0,611.0,786.0,1.0,0.0,0.0,0.0,0.0,0.0,1024.0,1470.0,0.0187081473214285,Male,White,True,Male_White,0.0
6110,28--Sports_Fan/28_Sports_Fan_Sports_Fan_28_1011.jpg,274.0,248.0,398.0,350.0,0.0,0.0,0.0,0.0,1.0,1.0,1024.0,733.0,0.0168506991814461,Male,White,True,Male_White,0.0
6124,28--Sports_Fan/28_Sports_Fan_Sports_Fan_28_412.jpg,357.0,6.0,652.0,331.0,0.0,0.0,0.0,0.0,0.0,0.0,1024.0,1500.0,0.0624186197916666,Male,White,True,Male_White,2.0
6130,28--Sports_Fan/28_Sports_Fan_Sports_Fan_28_346.jpg,240.0,339.0,772.0,1078.0,0.0,0.0,0.0,0.0,0.0,0.0,1024.0,1536.0,0.2499567667643229,Male,White,True,Male_White,9.0
6134,28--Sports_Fan/28_Sports_Fan_Sports_Fan_28_741.jpg,350.0,364.0,662.0,761.0,0.0,0.0,0.0,0.0,0.0,0.0,1024.0,1212.0,0.0998027537128712,Male,White,True,Male_White,3.0
6152,29--Students_Schoolkids/29_Students_Schoolkids_Students_Schoolkids_29_406.jpg,583.0,144.0,625.0,192.0,1.0,0.0,0.0,0.0,0.0,0.0,1024.0,577.0,0.0034120450606585,Male,White,True,Male_White,0.0
6159,29--Students_Schoolkids/29_Students_Schoolkids_Students_Schoolkids_29_753.jpg,237.0,110.0,274.0,164.0,1.0,0.0,0.0,0.0,0.0,0.0,1024.0,577.0,0.0033815803726169,Male,White,True,Male_White,0.0
6160,29--Students_Schoolkids/29_Students_Schoolkids_Students_Schoolkids_29_753.jpg,276.0,142.0,321.0,194.0,1.0,0.0,0.0,0.0,0.0,0.0,1024.0,577.0,0.0039604094454072,Female,White,True,Female_White,0.0
6161,29--Students_Schoolkids/29_Students_Schoolkids_Students_Schoolkids_29_753.jpg,379.0,76.0,419.0,131.0,1.0,0.0,0.0,0.0,0.0,0.0,1024.0,577.0,0.0037234618717504,Female,White,True,Female_White,0.0
6162,29--Students_Schoolkids/29_Students_Schoolkids_Students_Schoolkids_29_753.jpg,484.0,85.0,527.0,134.0,1.0,0.0,0.0,0.0,0.0,0.0,1024.0,577.0,0.0035660609835355,Male,White,True,Male_White,0.0
6163,29--Students_Schoolkids/29_Students_Schoolkids_Students_Schoolkids_29_753.jpg,582.0,127.0,619.0,175.0,1.0,0.0,0.0,0.0,0.0,0.0,1024.0,577.0,0.0030058492201039,Female,White,True,Female_White,0.0
6164,29--Students_Schoolkids/29_Students_Schoolkids_Students_Schoolkids_29_753.jpg,627.0,112.0,672.0,175.0,1.0,0.0,0.0,0.0,0.0,0.0,1024.0,577.0,0.0047981883665511,Female,White,True,Female_White,0.0
6165,29--Students_Schoolkids/29_Students_Schoolkids_Students_Schoolkids_29_753.jpg,716.0,71.0,757.0,134.0,0.0,0.0,0.0,0.0,0.0,0.0,1024.0,577.0,0.0043716827339688,Female,White,True,Female_White,0.0
6166,29--Students_Schoolkids/29_Students_Schoolkids_Students_Schoolkids_29_753.jpg,259.0,317.0,300.0,368.0,1.0,0.0,0.0,0.0,0.0,0.0,1024.0,577.0,0.0035389812608318,Female,White,True,Female_White,0.0
6167,29--Students_Schoolkids/29_Students_Schoolkids_Students_Schoolkids_29_753.jpg,351.0,309.0,400.0,365.0,0.0,0.0,0.0,0.0,0.0,0.0,1024.0,577.0,0.0046441724436741,Female,White,True,Female_White,0.0
6168,29--Students_Schoolkids/29_Students_Schoolkids_Students_Schoolkids_29_753.jpg,456.0,306.0,508.0,375.0,1.0,0.0,0.0,0.0,0.0,0.0,1024.0,577.0,0.0060726278162911,Female,White,True,Female_White,0.0
6171,29--Students_Schoolkids/29_Students_Schoolkids_Students_Schoolkids_29_220.jpg,478.0,162.0,558.0,254.0,0.0,0.0,0.0,0.0,0.0,1.0,1024.0,681.0,0.0105543318649045,Male,Black,True,Male_Black,0.0
6172,29--Students_Schoolkids/29_Students_Schoolkids_Students_Schoolkids_29_89.jpg,434.0,240.0,690.0,384.0,0.0,0.0,0.0,0.0,0.0,1.0,1024.0,683.0,0.0527086383601757,Male,White,True,Male_White,1.0
6175,29--Students_Schoolkids/29_Students_Schoolkids_Students_Schoolkids_29_601.jpg,244.0,637.0,461.0,857.0,0.0,0.0,0.0,0.0,0.0,0.0,1024.0,1583.0,0.0294511015476942,Male,White,True,Male_White,1.0
6180,29--Students_Schoolkids/29_Students_Schoolkids_Students_Schoolkids_29_504.jpg,798.0,308.0,940.0,542.0,0.0,0.0,0.0,0.0,0.0,0.0,1024.0,629.0,0.0515885830683624,Male,White,True,Male_White,1.0
6199,29--Students_Schoolkids/29_Students_Schoolkids_Students_Schoolkids_29_278.jpg,164.0,230.0,266.0,370.0,1.0,0.0,0.0,0.0,0.0,0.0,1024.0,815.0,0.0171108128834355,Male,White,True,Male_White,0.0
6208,29--Students_Schoolkids/29_Students_Schoolkids_Students_Schoolkids_29_63.jpg,238.0,216.0,390.0,434.0,0.0,0.0,0.0,0.0,0.0,0.0,1024.0,951.0,0.0340266824395373,Male,White,True,Male_White,1.0
6209,29--Students_Schoolkids/29_Students_Schoolkids_Students_Schoolkids_29_63.jpg,408.0,150.0,542.0,346.0,0.0,0.0,0.0,0.0,0.0,0.0,1024.0,951.0,0.0269699658254468,Female,White,True,Female_White,0.0
6210,29--Students_Schoolkids/29_Students_Schoolkids_Students_Schoolkids_29_63.jpg,572.0,186.0,688.0,352.0,0.0,0.0,0.0,0.0,0.0,0.0,1024.0,951.0,0.0197735935856992,Female,White,True,Female_White,0.0
6211,29--Students_Schoolkids/29_Students_Schoolkids_Students_Schoolkids_29_63.jpg,722.0,252.0,850.0,412.0,0.0,0.0,0.0,0.0,0.0,0.0,1024.0,951.0,0.021030494216614,Female,White,True,Female_White,0.0
6228,29--Students_Schoolkids/29_Students_Schoolkids_Students_Schoolkids_29_160.jpg,234.0,156.0,422.0,432.0,0.0,0.0,0.0,0.0,0.0,0.0,1024.0,469.0,0.1080423773987206,Male,White,True,Male_White,4.0
6229,29--Students_Schoolkids/29_Students_Schoolkids_Students_Schoolkids_29_442.jpg,393.0,285.0,647.0,638.0,0.0,0.0,0.0,0.0,1.0,0.0,1024.0,1583.0,0.0553130428774478,Male,White,True,Male_White,2.0
6232,29--Students_Schoolkids/29_Students_Schoolkids_Students_Schoolkids_29_824.jpg,235.0,203.0,547.0,648.0,0.0,0.0,0.0,0.0,0.0,0.0,1024.0,1267.0,0.1070133681925809,Male,White,True,Male_White,3.0
6275,29--Students_Schoolkids/29_Students_Schoolkids_Students_Schoolkids_29_449.jpg,383.0,463.0,690.0,830.0,0.0,0.0,0.0,0.0,0.0,0.0,1024.0,1402.0,0.0784795437321683,Male,White,True,Male_White,2.0
6281,29--Students_Schoolkids/29_Students_Schoolkids_Students_Schoolkids_29_327.jpg,444.0,126.0,610.0,342.0,0.0,0.0,0.0,0.0,0.0,0.0,1024.0,713.0,0.0491102734922861,Male,White,True,Male_White,1.0
6321,29--Students_Schoolkids/29_Students_Schoolkids_Students_Schoolkids_29_542.jpg,454.0,114.0,602.0,326.0,0.0,0.0,0.0,0.0,0.0,0.0,1024.0,765.0,0.0400531045751634,Male,White,True,Male_White,1.0
6330,29--Students_Schoolkids/29_Students_Schoolkids_Students_Schoolkids_29_452.jpg,328.0,218.0,394.0,294.0,1.0,0.0,0.0,0.0,0.0,0.0,1024.0,615.0,0.0079649390243902,Female,White,True,Female_White,0.0
6331,29--Students_Schoolkids/29_Students_Schoolkids_Students_Schoolkids_29_452.jpg,488.0,172.0,552.0,248.0,1.0,0.0,0.0,0.0,0.0,0.0,1024.0,615.0,0.0077235772357723,Female,White,True,Female_White,0.0
6332,29--Students_Schoolkids/29_Students_Schoolkids_Students_Schoolkids_29_452.jpg,660.0,252.0,716.0,330.0,1.0,0.0,0.0,0.0,0.0,0.0,1024.0,615.0,0.006935975609756,Female,White,True,Female_White,0.0
6338,29--Students_Schoolkids/29_Students_Schoolkids_Students_Schoolkids_29_527.jpg,278.0,270.0,319.0,331.0,0.0,0.0,0.0,0.0,0.0,0.0,1024.0,683.0,0.0035759631222547,Female,White,True,Female_White,0.0
6339,29--Students_Schoolkids/29_Students_Schoolkids_Students_Schoolkids_29_527.jpg,95.0,213.0,152.0,291.0,0.0,0.0,0.0,0.0,0.0,0.0,1024.0,683.0,0.0063569500366032,Female,White,True,Female_White,0.0
6340,29--Students_Schoolkids/29_Students_Schoolkids_Students_Schoolkids_29_527.jpg,518.0,270.0,572.0,337.0,0.0,0.0,0.0,0.0,0.0,0.0,1024.0,683.0,0.0051730646046852,Female,White,True,Female_White,0.0
6341,29--Students_Schoolkids/29_Students_Schoolkids_Students_Schoolkids_29_527.jpg,820.0,129.0,889.0,214.0,0.0,0.0,0.0,0.0,0.0,0.0,1024.0,683.0,0.0083858551427525,Male,White,True,Male_White,0.0
6364,29--Students_Schoolkids/29_Students_Schoolkids_Students_Schoolkids_29_30.jpg,236.0,124.0,314.0,246.0,0.0,0.0,0.0,0.0,0.0,0.0,1024.0,577.0,0.0161056650779896,Female,White,True,Female_White,0.0
6365,29--Students_Schoolkids/29_Students_Schoolkids_Students_Schoolkids_29_30.jpg,636.0,70.0,730.0,174.0,0.0,0.0,0.0,0.0,0.0,0.0,1024.0,577.0,0.0165457105719237,Female,White,True,Female_White,0.0
6366,29--Students_Schoolkids/29_Students_Schoolkids_Students_Schoolkids_29_30.jpg,452.0,118.0,516.0,216.0,0.0,1.0,0.0,0.0,0.0,0.0,1024.0,577.0,0.0106152512998266,Female,White,True,Female_White,0.0
6406,29--Students_Schoolkids/29_Students_Schoolkids_Students_Schoolkids_29_281.jpg,320.0,72.0,486.0,282.0,0.0,0.0,0.0,0.0,0.0,0.0,1024.0,820.0,0.0415158155487804,Male,White,True,Male_White,1.0
6410,29--Students_Schoolkids/29_Students_Schoolkids_Students_Schoolkids_29_334.jpg,274.0,170.0,344.0,260.0,0.0,0.0,0.0,0.0,0.0,0.0,1024.0,679.0,0.0090608891752577,Female,White,True,Female_White,0.0
6411,29--Students_Schoolkids/29_Students_Schoolkids_Students_Schoolkids_29_334.jpg,434.0,234.0,506.0,314.0,0.0,0.0,0.0,0.0,0.0,0.0,1024.0,679.0,0.0082842415316642,Female,White,True,Female_White,0.0
6412,29--Students_Schoolkids/29_Students_Schoolkids_Students_Schoolkids_29_334.jpg,620.0,194.0,680.0,272.0,0.0,0.0,0.0,0.0,0.0,0.0,1024.0,679.0,0.0067309462444771,Female,White,True,Female_White,0.0
6418,29--Students_Schoolkids/29_Students_Schoolkids_Students_Schoolkids_29_259.jpg,445.0,161.0,791.0,628.0,0.0,0.0,0.0,0.0,0.0,0.0,1024.0,1583.0,0.0996809361181301,Male,White,True,Male_White,3.0
6440,3--Riot/3_Riot_Riot_3_918.jpg,369.0,237.0,518.0,347.0,0.0,0.0,0.0,0.0,0.0,1.0,1024.0,1275.0,0.0125536151960784,Male,White,True,Male_White,0.0
6447,3--Riot/3_Riot_Riot_3_1006.jpg,360.0,72.0,622.0,478.0,0.0,0.0,0.0,0.0,0.0,0.0,1024.0,643.0,0.1615535089424572,Male,White,True,Male_White,6.0
6456,3--Riot/3_Riot_Riot_3_544.jpg,582.0,40.0,698.0,208.0,0.0,0.0,0.0,0.0,1.0,1.0,1024.0,754.0,0.0252403846153846,Male,White,True,Male_White,0.0
6458,3--Riot/3_Riot_Riot_3_460.jpg,46.0,210.0,216.0,454.0,0.0,0.0,0.0,0.0,0.0,0.0,1024.0,788.0,0.0514058534263959,Female,White,True,Female_White,1.0
6459,3--Riot/3_Riot_Riot_3_460.jpg,404.0,274.0,568.0,480.0,0.0,0.0,0.0,0.0,0.0,0.0,1024.0,788.0,0.0418682582487309,Female,White,True,Female_White,1.0
6460,3--Riot/3_Riot_Riot_3_460.jpg,734.0,98.0,916.0,354.0,0.0,0.0,0.0,0.0,0.0,0.0,1024.0,788.0,0.057741116751269,Female,White,True,Female_White,2.0
6540,3--Riot/3_Riot_Riot_3_134.jpg,124.0,64.0,232.0,190.0,0.0,0.0,0.0,0.0,0.0,0.0,1024.0,703.0,0.0189033605974395,Female,White,True,Female_White,0.0
6541,3--Riot/3_Riot_Riot_3_134.jpg,472.0,122.0,586.0,246.0,0.0,0.0,0.0,0.0,0.0,0.0,1024.0,703.0,0.0196368243243243,Female,White,True,Female_White,0.0
6542,3--Riot/3_Riot_Riot_3_134.jpg,798.0,68.0,882.0,196.0,0.0,0.0,0.0,0.0,0.0,0.0,1024.0,703.0,0.0149359886201991,Female,White,True,Female_White,0.0
6543,3--Riot/3_Riot_Riot_3_56.jpg,919.0,970.0,976.0,1063.0,1.0,0.0,0.0,0.0,0.0,0.0,1024.0,1542.0,0.0033571710846303,Male,White,True,Male_White,0.0
6552,3--Riot/3_Riot_Riot_3_553.jpg,50.0,70.0,242.0,352.0,0.0,0.0,0.0,0.0,0.0,0.0,1024.0,578.0,0.0914792387543252,Female,White,True,Female_White,3.0
6553,3--Riot/3_Riot_Riot_3_553.jpg,388.0,52.0,578.0,338.0,0.0,0.0,0.0,0.0,0.0,0.0,1024.0,578.0,0.0918103914359861,Female,White,True,Female_White,3.0
6554,3--Riot/3_Riot_Riot_3_553.jpg,762.0,88.0,978.0,348.0,0.0,0.0,0.0,0.0,0.0,0.0,1024.0,578.0,0.0948853806228373,Female,White,True,Female_White,3.0
6590,30--Surgeons/30_Surgeons_Surgeons_30_882.jpg,193.0,252.0,756.0,1101.0,0.0,0.0,0.0,0.0,0.0,0.0,1024.0,1318.0,0.3541609861058422,Male,White,True,Male_White,13.0
6592,30--Surgeons/30_Surgeons_Surgeons_30_943.jpg,425.0,301.0,850.0,873.0,0.0,0.0,0.0,0.0,0.0,0.0,1024.0,1274.0,0.186344068877551,Male,White,True,Male_White,6.0
6597,30--Surgeons/30_Surgeons_Surgeons_30_773.jpg,616.0,180.0,790.0,452.0,0.0,0.0,0.0,0.0,0.0,0.0,1024.0,769.0,0.0601024057217165,Male,White,True,Male_White,2.0
6619,30--Surgeons/30_Surgeons_Surgeons_30_822.jpg,312.0,345.0,687.0,789.0,0.0,0.0,0.0,0.0,0.0,0.0,1024.0,1540.0,0.1055828936688311,Male,White,True,Male_White,3.0
6631,30--Surgeons/30_Surgeons_Surgeons_30_800.jpg,726.0,264.0,790.0,342.0,1.0,0.0,0.0,0.0,0.0,1.0,1024.0,683.0,0.0071376281112737,Male,Asian,True,Male_Asian,0.0
6683,30--Surgeons/30_Surgeons_Surgeons_30_774.jpg,330.0,240.0,738.0,786.0,0.0,0.0,0.0,0.0,0.0,0.0,1024.0,1244.0,0.1748769091639871,Male,White,True,Male_White,6.0
6689,30--Surgeons/30_Surgeons_Surgeons_30_924.jpg,276.0,225.0,693.0,820.0,0.0,0.0,0.0,0.0,0.0,0.0,1024.0,1536.0,0.1577472686767578,Male,White,True,Male_White,5.0
6711,30--Surgeons/30_Surgeons_Surgeons_30_898.jpg,329.0,175.0,701.0,681.0,0.0,0.0,0.0,0.0,0.0,0.0,1024.0,1229.0,0.1495690093572009,Male,Indian,True,Male_Indian,5.0
6728,30--Surgeons/30_Surgeons_Surgeons_30_798.jpg,292.0,206.0,755.0,841.0,0.0,0.0,0.0,0.0,0.0,0.0,1024.0,1464.0,0.1961162963200136,Male,White,True,Male_White,7.0
6733,30--Surgeons/30_Surgeons_Surgeons_30_852.jpg,290.0,145.0,783.0,882.0,0.0,0.0,0.0,0.0,0.0,0.0,1024.0,1402.0,0.2530850180545649,Male,White,True,Male_White,9.0
6769,30--Surgeons/30_Surgeons_Surgeons_30_164.jpg,205.0,237.0,263.0,310.0,0.0,0.0,0.0,0.0,0.0,0.0,1024.0,682.0,0.0060627061950146,Female,Asian,True,Female_Asian,0.0
6770,30--Surgeons/30_Surgeons_Surgeons_30_164.jpg,338.0,330.0,397.0,404.0,0.0,0.0,0.0,0.0,0.0,0.0,1024.0,682.0,0.0062517182917888,Female,Asian,True,Female_Asian,0.0
6771,30--Surgeons/30_Surgeons_Surgeons_30_164.jpg,386.0,214.0,433.0,277.0,1.0,0.0,0.0,0.0,0.0,0.0,1024.0,682.0,0.0042398849890029,Female,Black,True,Female_Black,0.0
6772,30--Surgeons/30_Surgeons_Surgeons_30_164.jpg,606.0,314.0,649.0,378.0,1.0,0.0,0.0,0.0,0.0,0.0,1024.0,682.0,0.0039406158357771,Female,Black,True,Female_Black,0.0
6773,30--Surgeons/30_Surgeons_Surgeons_30_164.jpg,658.0,255.0,697.0,302.0,1.0,0.0,0.0,0.0,0.0,0.0,1024.0,682.0,0.002624690707478,Female,Asian,True,Female_Asian,0.0
6774,30--Surgeons/30_Surgeons_Surgeons_30_164.jpg,772.0,222.0,812.0,273.0,1.0,0.0,1.0,0.0,0.0,0.0,1024.0,682.0,0.0029210960410557,Female,White,True,Female_White,0.0
6775,30--Surgeons/30_Surgeons_Surgeons_30_164.jpg,756.0,317.0,799.0,371.0,1.0,0.0,1.0,0.0,0.0,0.0,1024.0,682.0,0.0033248946114369,Female,White,True,Female_White,0.0
6798,31--Waiter_Waitress/31_Waiter_Waitress_Waiter_Waitress_31_133.jpg,386.0,139.0,645.0,525.0,0.0,0.0,0.0,0.0,0.0,0.0,1024.0,1540.0,0.0633966619318181,Male,White,True,Male_White,2.0
6825,31--Waiter_Waitress/31_Waiter_Waitress_Waiter_Waitress_31_158.jpg,290.0,236.0,337.0,276.0,1.0,0.0,0.0,0.0,0.0,1.0,1024.0,690.0,0.0026607789855072,Male,White,True,Male_White,0.0
6829,31--Waiter_Waitress/31_Waiter_Waitress_Waiter_Waitress_31_596.jpg,208.0,309.0,651.0,805.0,0.0,0.0,0.0,0.0,0.0,0.0,1024.0,1182.0,0.1815381768189509,Male,Asian,True,Male_Asian,6.0
6837,31--Waiter_Waitress/31_Waiter_Waitress_Waiter_Waitress_31_277.jpg,446.0,40.0,516.0,150.0,0.0,0.0,0.0,0.0,0.0,0.0,1024.0,1024.0,0.0073432922363281,Female,White,True,Female_White,0.0
6838,31--Waiter_Waitress/31_Waiter_Waitress_Waiter_Waitress_31_277.jpg,838.0,50.0,920.0,154.0,0.0,0.0,0.0,0.0,0.0,0.0,1024.0,1024.0,0.0081329345703125,Female,White,True,Female_White,0.0
6839,31--Waiter_Waitress/31_Waiter_Waitress_Waiter_Waitress_31_277.jpg,200.0,50.0,266.0,172.0,0.0,0.0,0.0,0.0,0.0,0.0,1024.0,1024.0,0.0076789855957031,Female,White,True,Female_White,0.0
6871,31--Waiter_Waitress/31_Waiter_Waitress_Waiter_Waitress_31_945.jpg,340.0,10.0,709.0,429.0,1.0,0.0,1.0,0.0,0.0,0.0,1024.0,1269.0,0.1189813275709219,Male,White,True,Male_White,4.0
6891,31--Waiter_Waitress/31_Waiter_Waitress_Waiter_Waitress_31_946.jpg,354.0,84.0,756.0,634.0,0.0,0.0,0.0,0.0,0.0,0.0,1024.0,1537.0,0.1404801358165257,Male,White,True,Male_White,5.0
6907,31--Waiter_Waitress/31_Waiter_Waitress_Waiter_Waitress_31_922.jpg,535.0,312.0,633.0,445.0,0.0,0.0,0.0,0.0,0.0,0.0,1024.0,1392.0,0.0091440485811781,Female,White,True,Female_White,0.0
6908,31--Waiter_Waitress/31_Waiter_Waitress_Waiter_Waitress_31_922.jpg,565.0,562.0,657.0,679.0,0.0,0.0,0.0,0.0,0.0,0.0,1024.0,1392.0,0.0075515220905172,Female,White,True,Female_White,0.0
6909,31--Waiter_Waitress/31_Waiter_Waitress_Waiter_Waitress_31_922.jpg,448.0,492.0,535.0,614.0,0.0,0.0,0.0,0.0,0.0,0.0,1024.0,1392.0,0.0074462890625,Male,White,True,Male_White,0.0
6910,31--Waiter_Waitress/31_Waiter_Waitress_Waiter_Waitress_31_922.jpg,144.0,489.0,209.0,589.0,0.0,0.0,0.0,0.0,1.0,0.0,1024.0,1392.0,0.0045600978807471,Female,White,True,Female_White,0.0
6918,31--Waiter_Waitress/31_Waiter_Waitress_Waiter_Waitress_31_925.jpg,504.0,188.0,770.0,550.0,0.0,0.0,0.0,0.0,0.0,0.0,1024.0,1024.0,0.0918312072753906,Male,White,True,Male_White,3.0
6927,31--Waiter_Waitress/31_Waiter_Waitress_Waiter_Waitress_31_730.jpg,498.0,192.0,759.0,501.0,0.0,0.0,0.0,0.0,0.0,0.0,1024.0,1537.0,0.0512418926886792,Male,White,True,Male_White,1.0
6946,31--Waiter_Waitress/31_Waiter_Waitress_Waiter_Waitress_31_923.jpg,514.0,38.0,670.0,262.0,0.0,0.0,0.0,0.0,0.0,0.0,1024.0,576.0,0.0592447916666666,Male,White,True,Male_White,2.0
6971,31--Waiter_Waitress/31_Waiter_Waitress_Waiter_Waitress_31_873.jpg,8.0,26.0,96.0,222.0,0.0,0.0,0.0,0.0,0.0,0.0,1024.0,768.0,0.0219319661458333,Female,White,True,Female_White,0.0
6972,31--Waiter_Waitress/31_Waiter_Waitress_Waiter_Waitress_31_873.jpg,128.0,28.0,246.0,212.0,0.0,0.0,0.0,0.0,0.0,0.0,1024.0,768.0,0.0276082356770833,Female,White,True,Female_White,0.0
6973,31--Waiter_Waitress/31_Waiter_Waitress_Waiter_Waitress_31_873.jpg,264.0,60.0,374.0,216.0,0.0,0.0,0.0,0.0,0.0,0.0,1024.0,768.0,0.021820068359375,Female,White,True,Female_White,0.0
6974,31--Waiter_Waitress/31_Waiter_Waitress_Waiter_Waitress_31_873.jpg,420.0,98.0,526.0,246.0,0.0,0.0,0.0,0.0,0.0,0.0,1024.0,768.0,0.0199483235677083,Female,White,True,Female_White,0.0
6975,31--Waiter_Waitress/31_Waiter_Waitress_Waiter_Waitress_31_873.jpg,578.0,36.0,684.0,180.0,0.0,0.0,0.0,0.0,0.0,0.0,1024.0,768.0,0.0194091796875,Female,White,True,Female_White,0.0
6976,31--Waiter_Waitress/31_Waiter_Waitress_Waiter_Waitress_31_873.jpg,920.0,52.0,1020.0,200.0,0.0,0.0,0.0,0.0,0.0,0.0,1024.0,768.0,0.0188191731770833,Female,White,True,Female_White,0.0
6983,31--Waiter_Waitress/31_Waiter_Waitress_Waiter_Waitress_31_850.jpg,405.0,123.0,683.0,503.0,0.0,0.0,0.0,0.0,0.0,0.0,1024.0,1064.0,0.0969587053571428,Male,White,True,Male_White,3.0
7004,31--Waiter_Waitress/31_Waiter_Waitress_Waiter_Waitress_31_505.jpg,154.0,48.0,240.0,188.0,0.0,0.0,0.0,0.0,0.0,0.0,1024.0,769.0,0.0152897431729518,Male,Black,True,Male_Black,0.0
7005,31--Waiter_Waitress/31_Waiter_Waitress_Waiter_Waitress_31_505.jpg,382.0,156.0,448.0,256.0,1.0,0.0,0.0,0.0,0.0,0.0,1024.0,769.0,0.0083814206762028,Female,White,True,Female_White,0.0
7006,31--Waiter_Waitress/31_Waiter_Waitress_Waiter_Waitress_31_505.jpg,526.0,174.0,598.0,286.0,1.0,0.0,0.0,0.0,0.0,0.0,1024.0,769.0,0.0102405721716514,Female,Black,True,Female_Black,0.0
7007,31--Waiter_Waitress/31_Waiter_Waitress_Waiter_Waitress_31_505.jpg,690.0,184.0,760.0,290.0,1.0,0.0,0.0,0.0,0.0,0.0,1024.0,769.0,0.0094227486996098,Female,Asian,True,Female_Asian,0.0
7008,31--Waiter_Waitress/31_Waiter_Waitress_Waiter_Waitress_31_505.jpg,802.0,132.0,880.0,232.0,1.0,0.0,0.0,0.0,0.0,0.0,1024.0,769.0,0.0099053153446033,Female,White,True,Female_White,0.0
7027,31--Waiter_Waitress/31_Waiter_Waitress_Waiter_Waitress_31_608.jpg,504.0,179.0,791.0,553.0,0.0,0.0,0.0,0.0,0.0,0.0,1024.0,1388.0,0.0755203642831412,Male,White,True,Male_White,2.0
7034,31--Waiter_Waitress/31_Waiter_Waitress_Waiter_Waitress_31_896.jpg,393.0,330.0,801.0,874.0,0.0,0.0,0.0,0.0,0.0,0.0,1024.0,1536.0,0.14111328125,Male,White,True,Male_White,5.0
7041,31--Waiter_Waitress/31_Waiter_Waitress_Waiter_Waitress_31_786.jpg,537.0,213.0,793.0,643.0,0.0,0.0,1.0,0.0,0.0,0.0,1024.0,1823.0,0.0589687328579265,Male,White,True,Male_White,2.0
7068,31--Waiter_Waitress/31_Waiter_Waitress_Waiter_Waitress_31_37.jpg,454.0,50.0,624.0,280.0,0.0,0.0,0.0,0.0,0.0,0.0,1024.0,704.0,0.0542380593039772,Male,White,True,Male_White,1.0
7110,32--Worker_Laborer/32_Worker_Laborer_Worker_Laborer_32_93.jpg,612.0,74.0,884.0,498.0,0.0,0.0,0.0,0.0,0.0,0.0,1024.0,754.0,0.1493700265251989,Male,White,True,Male_White,5.0
7116,32--Worker_Laborer/32_Worker_Laborer_Worker_Laborer_32_139.jpg,278.0,68.0,398.0,220.0,0.0,0.0,0.0,0.0,1.0,0.0,1024.0,751.0,0.0237183754993342,Male,White,True,Male_White,0.0
7117,32--Worker_Laborer/32_Worker_Laborer_Worker_Laborer_32_424.jpg,188.0,70.0,366.0,326.0,0.0,0.0,0.0,0.0,0.0,0.0,1024.0,581.0,0.076592082616179,Male,White,True,Male_White,2.0
7118,32--Worker_Laborer/32_Worker_Laborer_Worker_Laborer_32_497.jpg,812.0,268.0,936.0,436.0,1.0,0.0,1.0,0.0,0.0,1.0,1024.0,768.0,0.0264892578125,Male,Indian,True,Male_Indian,0.0
7119,32--Worker_Laborer/32_Worker_Laborer_Worker_Laborer_32_113.jpg,394.0,312.0,543.0,510.0,0.0,0.0,1.0,0.0,0.0,0.0,1024.0,1392.0,0.020697231950431,Male,White,True,Male_White,0.0
7123,32--Worker_Laborer/32_Worker_Laborer_Worker_Laborer_32_456.jpg,382.0,251.0,738.0,766.0,0.0,0.0,0.0,0.0,0.0,0.0,1024.0,1628.0,0.109977253531941,Male,Black,True,Male_Black,4.0
7127,32--Worker_Laborer/32_Worker_Laborer_Worker_Laborer_32_908.jpg,580.0,237.0,802.0,549.0,0.0,0.0,0.0,0.0,0.0,1.0,1024.0,1536.0,0.044036865234375,Male,White,True,Male_White,1.0
7131,32--Worker_Laborer/32_Worker_Laborer_Worker_Laborer_32_559.jpg,678.0,296.0,760.0,370.0,1.0,0.0,0.0,0.0,0.0,1.0,1024.0,713.0,0.0083110536465638,Male,White,True,Male_White,0.0
7136,32--Worker_Laborer/32_Worker_Laborer_Worker_Laborer_32_557.jpg,358.0,78.0,650.0,450.0,0.0,0.0,0.0,0.0,1.0,0.0,1024.0,683.0,0.1553120424597364,Male,White,True,Male_White,5.0
7137,32--Worker_Laborer/32_Worker_Laborer_Worker_Laborer_32_187.jpg,258.0,192.0,318.0,266.0,1.0,0.0,0.0,0.0,0.0,0.0,1024.0,683.0,0.0063483711566617,Male,White,True,Male_White,0.0
7138,32--Worker_Laborer/32_Worker_Laborer_Worker_Laborer_32_933.jpg,518.0,92.0,678.0,324.0,0.0,0.0,0.0,0.0,0.0,0.0,1024.0,672.0,0.0539434523809523,Male,White,True,Male_White,1.0
7139,32--Worker_Laborer/32_Worker_Laborer_Worker_Laborer_32_586.jpg,269.0,237.0,657.0,779.0,0.0,0.0,0.0,0.0,0.0,0.0,1024.0,1516.0,0.1354664825197889,Male,White,True,Male_White,5.0
7140,32--Worker_Laborer/32_Worker_Laborer_Worker_Laborer_32_725.jpg,455.0,220.0,540.0,368.0,1.0,0.0,0.0,0.0,1.0,0.0,1024.0,1607.0,0.007644776757934,Male,White,True,Male_White,0.0
7142,32--Worker_Laborer/32_Worker_Laborer_Worker_Laborer_32_252.jpg,538.0,351.0,640.0,495.0,1.0,0.0,0.0,0.0,1.0,0.0,1024.0,1538.0,0.0093262353706111,Male,White,True,Male_White,0.0
7145,32--Worker_Laborer/32_Worker_Laborer_Worker_Laborer_32_772.jpg,452.0,150.0,624.0,372.0,0.0,0.0,0.0,0.0,0.0,0.0,1024.0,1024.0,0.0364151000976562,Male,White,True,Male_White,1.0
7146,32--Worker_Laborer/32_Worker_Laborer_Worker_Laborer_32_461.jpg,876.0,56.0,956.0,186.0,1.0,0.0,0.0,0.0,0.0,0.0,1024.0,576.0,0.0176323784722222,Male,White,True,Male_White,0.0
7147,32--Worker_Laborer/32_Worker_Laborer_Worker_Laborer_32_848.jpg,458.0,120.0,560.0,202.0,1.0,0.0,0.0,0.0,0.0,1.0,1024.0,667.0,0.012245830209895,Male,White,True,Male_White,0.0
7150,32--Worker_Laborer/32_Worker_Laborer_Worker_Laborer_32_575.jpg,421.0,328.0,522.0,464.0,1.0,0.0,0.0,0.0,0.0,0.0,1024.0,1366.0,0.0098199579062957,Male,White,True,Male_White,0.0
7151,32--Worker_Laborer/32_Worker_Laborer_Worker_Laborer_32_346.jpg,700.0,102.0,836.0,296.0,0.0,0.0,0.0,0.0,0.0,0.0,1024.0,768.0,0.0335489908854166,Male,White,True,Male_White,1.0
7153,32--Worker_Laborer/32_Worker_Laborer_Worker_Laborer_32_763.jpg,104.0,220.0,166.0,302.0,1.0,0.0,0.0,0.0,0.0,0.0,1024.0,687.0,0.007226846797671,Male,White,True,Male_White,0.0
7157,32--Worker_Laborer/32_Worker_Laborer_Worker_Laborer_32_311.jpg,413.0,186.0,590.0,467.0,0.0,0.0,0.0,0.0,1.0,0.0,1024.0,1535.0,0.0316425335912052,Male,Indian,True,Male_Indian,1.0
7161,32--Worker_Laborer/32_Worker_Laborer_Worker_Laborer_32_360.jpg,346.0,92.0,600.0,458.0,0.0,0.0,0.0,0.0,0.0,0.0,1024.0,682.0,0.1331160648826979,Male,Indian,True,Male_Indian,4.0
7168,32--Worker_Laborer/32_Worker_Laborer_Worker_Laborer_32_398.jpg,482.0,684.0,560.0,801.0,1.0,0.0,0.0,0.0,0.0,0.0,1024.0,1543.0,0.0057758323882047,Male,White,True,Male_White,0.0
7169,32--Worker_Laborer/32_Worker_Laborer_Worker_Laborer_32_194.jpg,368.0,380.0,532.0,596.0,1.0,0.0,0.0,0.0,1.0,0.0,1024.0,808.0,0.0428140470297029,Male,Asian,True,Male_Asian,1.0
7170,32--Worker_Laborer/32_Worker_Laborer_Worker_Laborer_32_558.jpg,440.0,323.0,614.0,563.0,1.0,0.0,0.0,0.0,1.0,0.0,1024.0,1533.0,0.0266022504892367,Male,Asian,True,Male_Asian,0.0
7171,32--Worker_Laborer/32_Worker_Laborer_Worker_Laborer_32_673.jpg,156.0,196.0,384.0,372.0,0.0,0.0,0.0,0.0,0.0,1.0,1024.0,768.0,0.051025390625,Male,Indian,True,Male_Indian,1.0
7173,32--Worker_Laborer/32_Worker_Laborer_Worker_Laborer_32_934.jpg,352.0,357.0,421.0,466.0,1.0,0.0,0.0,0.0,0.0,0.0,1024.0,1366.0,0.0053768130032942,Male,White,True,Male_White,0.0
7175,32--Worker_Laborer/32_Worker_Laborer_Worker_Laborer_32_130.jpg,584.0,146.0,746.0,340.0,0.0,0.0,0.0,0.0,0.0,1.0,1024.0,751.0,0.0408673851531291,Male,White,True,Male_White,1.0
7180,32--Worker_Laborer/32_Worker_Laborer_Worker_Laborer_32_1003.jpg,374.0,192.0,634.0,524.0,0.0,0.0,0.0,0.0,0.0,0.0,1024.0,1024.0,0.0823211669921875,Male,White,True,Male_White,3.0
7181,32--Worker_Laborer/32_Worker_Laborer_Worker_Laborer_32_314.jpg,602.0,70.0,692.0,188.0,0.0,0.0,1.0,0.0,0.0,1.0,1024.0,773.0,0.0134166801423027,Male,White,True,Male_White,0.0
7182,32--Worker_Laborer/32_Worker_Laborer_Worker_Laborer_32_703.jpg,394.0,336.0,472.0,406.0,1.0,0.0,0.0,0.0,0.0,1.0,1024.0,768.0,0.0069427490234375,Male,Indian,True,Male_Indian,0.0
7186,32--Worker_Laborer/32_Worker_Laborer_Worker_Laborer_32_628.jpg,336.0,213.0,435.0,352.0,1.0,0.0,1.0,0.0,0.0,0.0,1024.0,1579.0,0.0085107514645345,Male,White,True,Male_White,0.0
7187,32--Worker_Laborer/32_Worker_Laborer_Worker_Laborer_32_227.jpg,286.0,168.0,490.0,452.0,0.0,0.0,0.0,0.0,0.0,0.0,1024.0,912.0,0.0620374177631578,Male,White,True,Male_White,2.0
7188,32--Worker_Laborer/32_Worker_Laborer_Worker_Laborer_32_278.jpg,288.0,160.0,464.0,390.0,0.0,0.0,0.0,0.0,0.0,0.0,1024.0,757.0,0.0522209379128137,Male,White,True,Male_White,1.0
7235,32--Worker_Laborer/32_Worker_Laborer_Worker_Laborer_32_711.jpg,316.0,2.0,412.0,124.0,0.0,0.0,0.0,0.0,1.0,0.0,1024.0,686.0,0.0166727405247813,Male,White,True,Male_White,0.0
7236,32--Worker_Laborer/32_Worker_Laborer_Worker_Laborer_32_315.jpg,228.0,122.0,324.0,252.0,0.0,0.0,1.0,0.0,0.0,0.0,1024.0,769.0,0.0158485045513654,Male,White,True,Male_White,0.0
7237,32--Worker_Laborer/32_Worker_Laborer_Worker_Laborer_32_96.jpg,508.0,410.0,632.0,609.0,1.0,0.0,0.0,0.0,0.0,0.0,1024.0,1478.0,0.0163042329161028,Male,White,True,Male_White,0.0
7239,32--Worker_Laborer/32_Worker_Laborer_Worker_Laborer_32_38.jpg,324.0,425.0,528.0,727.0,0.0,0.0,0.0,0.0,0.0,0.0,1024.0,1394.0,0.0431592987804878,Male,White,True,Male_White,1.0
7240,32--Worker_Laborer/32_Worker_Laborer_Worker_Laborer_32_585.jpg,582.0,60.0,704.0,236.0,0.0,0.0,0.0,0.0,0.0,1.0,1024.0,714.0,0.0293679971988795,Male,White,True,Male_White,1.0
7245,32--Worker_Laborer/32_Worker_Laborer_Worker_Laborer_32_267.jpg,350.0,146.0,506.0,366.0,0.0,0.0,0.0,0.0,1.0,0.0,1024.0,680.0,0.0492876838235294,Male,White,True,Male_White,1.0
7250,32--Worker_Laborer/32_Worker_Laborer_Worker_Laborer_32_855.jpg,248.0,136.0,348.0,258.0,1.0,0.0,1.0,0.0,0.0,1.0,1024.0,682.0,0.0174692998533724,Male,Indian,True,Male_Indian,0.0
7253,32--Worker_Laborer/32_Worker_Laborer_Worker_Laborer_32_273.jpg,506.0,124.0,690.0,388.0,0.0,0.0,0.0,0.0,0.0,0.0,1024.0,753.0,0.0629980079681274,Male,White,True,Male_White,2.0
7257,32--Worker_Laborer/32_Worker_Laborer_Worker_Laborer_32_138.jpg,268.0,416.0,322.0,468.0,1.0,0.0,0.0,0.0,0.0,1.0,1024.0,768.0,0.003570556640625,Male,Black,True,Male_Black,0.0
7260,32--Worker_Laborer/32_Worker_Laborer_Worker_Laborer_32_905.jpg,472.0,284.0,682.0,599.0,0.0,0.0,0.0,0.0,0.0,0.0,1024.0,1581.0,0.0408599679791271,Male,Indian,True,Male_Indian,1.0
7265,32--Worker_Laborer/32_Worker_Laborer_Worker_Laborer_32_366.jpg,598.0,278.0,684.0,400.0,1.0,0.0,0.0,0.0,0.0,0.0,1024.0,768.0,0.0133412679036458,Male,White,True,Male_White,0.0
7272,32--Worker_Laborer/32_Worker_Laborer_Worker_Laborer_32_612.jpg,550.0,242.0,612.0,328.0,0.0,0.0,0.0,0.0,0.0,1.0,1024.0,716.0,0.0072723900139664,Male,Asian,True,Male_Asian,0.0
7273,32--Worker_Laborer/32_Worker_Laborer_Worker_Laborer_32_328.jpg,671.0,100.0,704.0,141.0,1.0,0.0,0.0,0.0,0.0,1.0,1024.0,675.0,0.0019574652777777,Male,White,True,Male_White,0.0
7274,32--Worker_Laborer/32_Worker_Laborer_Worker_Laborer_32_785.jpg,612.0,244.0,694.0,348.0,0.0,0.0,0.0,0.0,1.0,0.0,1024.0,685.0,0.0121578467153284,Male,White,True,Male_White,0.0
7275,32--Worker_Laborer/32_Worker_Laborer_Worker_Laborer_32_921.jpg,222.0,232.0,796.0,1099.0,0.0,0.0,1.0,0.0,0.0,0.0,1024.0,1280.0,0.3796829223632812,Male,White,True,Male_White,14.0
7280,32--Worker_Laborer/32_Worker_Laborer_Worker_Laborer_32_122.jpg,676.0,126.0,750.0,248.0,0.0,0.0,1.0,0.0,0.0,0.0,1024.0,753.0,0.0117083748339973,Male,White,True,Male_White,0.0
7282,32--Worker_Laborer/32_Worker_Laborer_Worker_Laborer_32_467.jpg,328.0,152.0,375.0,207.0,1.0,0.0,0.0,0.0,0.0,0.0,1024.0,682.0,0.0037014868951612,Male,White,True,Male_White,0.0
7294,33--Running/33_Running_Running_33_616.jpg,360.0,140.0,640.0,536.0,0.0,0.0,0.0,0.0,0.0,0.0,1024.0,930.0,0.1164314516129032,Male,White,True,Male_White,4.0
7295,33--Running/33_Running_Running_33_105.jpg,399.0,106.0,445.0,179.0,1.0,0.0,1.0,0.0,0.0,0.0,1024.0,693.0,0.0047320301226551,Female,White,True,Female_White,0.0
7296,33--Running/33_Running_Running_33_105.jpg,543.0,88.0,591.0,158.0,1.0,0.0,1.0,0.0,0.0,0.0,1024.0,693.0,0.0047348484848484,Female,White,True,Female_White,0.0
7297,33--Running/33_Running_Running_33_105.jpg,744.0,87.0,795.0,165.0,1.0,0.0,1.0,0.0,0.0,0.0,1024.0,693.0,0.0056057224025974,Female,White,True,Female_White,0.0
7305,33--Running/33_Running_Running_33_91.jpg,522.0,188.0,621.0,316.0,0.0,0.0,0.0,0.0,0.0,0.0,1024.0,1339.0,0.0092419716206123,Male,White,True,Male_White,0.0
7316,33--Running/33_Running_Running_33_220.jpg,534.0,160.0,602.0,258.0,1.0,0.0,0.0,0.0,0.0,0.0,1024.0,640.0,0.01016845703125,Male,White,True,Male_White,0.0
7322,33--Running/33_Running_Running_33_300.jpg,443.0,110.0,535.0,251.0,0.0,0.0,1.0,0.0,0.0,0.0,1024.0,1567.0,0.0080842174537332,Male,White,True,Male_White,0.0
7326,33--Running/33_Running_Running_33_97.jpg,696.0,161.0,748.0,226.0,0.0,0.0,1.0,0.0,0.0,0.0,1024.0,783.0,0.0042155571519795,Male,White,True,Male_White,0.0
7349,33--Running/33_Running_Running_33_66.jpg,674.0,149.0,716.0,227.0,1.0,0.0,0.0,0.0,0.0,0.0,1024.0,820.0,0.0039014862804878,Male,White,True,Male_White,0.0
7353,33--Running/33_Running_Running_33_615.jpg,355.0,176.0,696.0,652.0,0.0,0.0,0.0,0.0,0.0,0.0,1024.0,1188.0,0.1334273726851851,Male,Black,True,Male_Black,4.0
7354,33--Running/33_Running_Running_33_473.jpg,280.0,82.0,374.0,234.0,1.0,0.0,0.0,0.0,0.0,0.0,1024.0,1556.0,0.0089673039845758,Male,White,True,Male_White,0.0
7355,33--Running/33_Running_Running_33_558.jpg,516.0,268.0,888.0,923.0,0.0,0.0,0.0,0.0,0.0,0.0,1024.0,1476.0,0.1612122078252032,Male,White,True,Male_White,6.0
7367,33--Running/33_Running_Running_33_810.jpg,363.0,655.0,774.0,1214.0,0.0,0.0,0.0,0.0,0.0,0.0,1024.0,1536.0,0.1460704803466797,Male,White,True,Male_White,5.0
7368,33--Running/33_Running_Running_33_208.jpg,83.0,40.0,127.0,98.0,0.0,0.0,0.0,0.0,0.0,0.0,1024.0,878.0,0.0028384823462414,Female,White,True,Female_White,0.0
7369,33--Running/33_Running_Running_33_208.jpg,425.0,46.0,500.0,146.0,0.0,0.0,0.0,0.0,0.0,0.0,1024.0,878.0,0.0083419347949886,Female,White,True,Female_White,0.0
7370,33--Running/33_Running_Running_33_208.jpg,96.0,368.0,140.0,422.0,0.0,0.0,0.0,0.0,0.0,0.0,1024.0,878.0,0.0026427249430523,Female,White,True,Female_White,0.0
7371,33--Running/33_Running_Running_33_208.jpg,849.0,512.0,902.0,587.0,0.0,0.0,0.0,0.0,0.0,0.0,1024.0,878.0,0.0044212254413439,Female,White,True,Female_White,0.0
7373,33--Running/33_Running_Running_33_734.jpg,364.0,20.0,418.0,94.0,0.0,0.0,0.0,0.0,0.0,0.0,1024.0,709.0,0.0055040109308885,Female,White,True,Female_White,0.0
7374,33--Running/33_Running_Running_33_734.jpg,828.0,14.0,908.0,116.0,0.0,0.0,0.0,0.0,0.0,0.0,1024.0,709.0,0.0112394217207334,Female,White,True,Female_White,0.0
7375,33--Running/33_Running_Running_33_734.jpg,536.0,30.0,588.0,120.0,0.0,0.0,0.0,0.0,0.0,1.0,1024.0,709.0,0.0064461389280677,Female,White,True,Female_White,0.0
7378,33--Running/33_Running_Running_33_443.jpg,494.0,270.0,618.0,404.0,1.0,0.0,0.0,0.0,0.0,1.0,1024.0,682.0,0.0237926136363636,Male,Black,True,Male_Black,0.0
7381,33--Running/33_Running_Running_33_652.jpg,466.0,161.0,687.0,477.0,0.0,0.0,0.0,0.0,0.0,0.0,1024.0,1348.0,0.0505928922477744,Male,White,True,Male_White,1.0
7384,33--Running/33_Running_Running_33_80.jpg,461.0,92.0,511.0,153.0,0.0,0.0,1.0,0.0,0.0,0.0,1024.0,1024.0,0.002908706665039,Male,White,True,Male_White,0.0
7386,33--Running/33_Running_Running_33_457.jpg,407.0,78.0,438.0,131.0,1.0,0.0,1.0,0.0,0.0,0.0,1024.0,635.0,0.0025267593503937,Male,White,True,Male_White,0.0
7388,34--Baseball/34_Baseball_Baseball_34_92.jpg,363.0,159.0,462.0,288.0,1.0,0.0,1.0,0.0,0.0,0.0,1024.0,1536.0,0.0081195831298828,Male,White,True,Male_White,0.0
7389,34--Baseball/34_Baseball_Baseball_34_239.jpg,657.0,135.0,700.0,198.0,1.0,0.0,0.0,0.0,0.0,0.0,1024.0,663.0,0.0039902078619909,Male,White,True,Male_White,0.0
7390,34--Baseball/34_Baseball_Baseball_34_315.jpg,379.0,223.0,515.0,395.0,0.0,0.0,0.0,0.0,0.0,0.0,1024.0,1394.0,0.0163871951219512,Male,White,True,Male_White,0.0
7392,34--Baseball/34_Baseball_Baseball_34_135.jpg,602.0,400.0,683.0,505.0,1.0,0.0,0.0,0.0,0.0,0.0,1024.0,1377.0,0.0060317095588235,Male,White,True,Male_White,0.0
7393,34--Baseball/34_Baseball_Baseball_34_59.jpg,630.0,442.0,725.0,582.0,1.0,0.0,0.0,0.0,0.0,0.0,1024.0,1433.0,0.0090636994068388,Male,White,True,Male_White,0.0
7394,34--Baseball/34_Baseball_Baseball_34_119.jpg,650.0,138.0,734.0,240.0,0.0,0.0,1.0,0.0,0.0,0.0,1024.0,683.0,0.0122506405563689,Male,White,True,Male_White,0.0
7395,34--Baseball/34_Baseball_Baseball_34_5.jpg,252.0,182.0,306.0,264.0,0.0,0.0,0.0,0.0,1.0,0.0,1024.0,561.0,0.0077080548128342,Male,White,True,Male_White,0.0
7396,34--Baseball/34_Baseball_Baseball_34_670.jpg,326.0,217.0,655.0,652.0,0.0,0.0,0.0,0.0,0.0,0.0,1024.0,1295.0,0.1079233530405405,Male,Black,True,Male_Black,4.0
7430,34--Baseball/34_Baseball_Baseball_34_115.jpg,286.0,96.0,350.0,190.0,1.0,1.0,0.0,0.0,0.0,0.0,1024.0,545.0,0.0107798165137614,Male,White,True,Male_White,0.0
7445,34--Baseball/34_Baseball_Baseball_34_412.jpg,684.0,126.0,762.0,250.0,0.0,0.0,0.0,0.0,0.0,0.0,1024.0,768.0,0.012298583984375,Male,White,True,Male_White,0.0
7448,34--Baseball/34_Baseball_Baseball_34_491.jpg,539.0,173.0,645.0,324.0,0.0,0.0,1.0,0.0,0.0,0.0,1024.0,1428.0,0.0109459799544817,Male,White,True,Male_White,0.0
7449,34--Baseball/34_Baseball_Baseball_34_727.jpg,304.0,90.0,394.0,198.0,0.0,0.0,1.0,0.0,0.0,0.0,1024.0,800.0,0.011865234375,Male,White,True,Male_White,0.0
7460,34--Baseball/34_Baseball_Baseball_34_482.jpg,300.0,64.0,426.0,248.0,1.0,1.0,0.0,0.0,0.0,0.0,1024.0,653.0,0.0346717075038284,Male,White,True,Male_White,1.0
7469,34--Baseball/34_Baseball_Baseball_34_890.jpg,734.0,82.0,804.0,184.0,1.0,0.0,0.0,0.0,0.0,1.0,1024.0,640.0,0.010894775390625,Male,White,True,Male_White,0.0
7470,34--Baseball/34_Baseball_Baseball_34_111.jpg,195.0,197.0,237.0,249.0,1.0,0.0,0.0,0.0,0.0,0.0,1024.0,757.0,0.0028174537648612,Male,White,True,Male_White,0.0
7471,34--Baseball/34_Baseball_Baseball_34_641.jpg,320.0,48.0,500.0,286.0,0.0,0.0,0.0,0.0,0.0,0.0,1024.0,802.0,0.0521645105985037,Male,White,True,Male_White,1.0
7472,34--Baseball/34_Baseball_Baseball_34_764.jpg,340.0,104.0,560.0,370.0,0.0,0.0,0.0,0.0,0.0,0.0,1024.0,856.0,0.0667621933411214,Male,White,True,Male_White,2.0
7473,34--Baseball/34_Baseball_Baseball_34_571.jpg,226.0,88.0,636.0,642.0,0.0,0.0,0.0,0.0,0.0,0.0,1024.0,718.0,0.3089364989554317,Male,White,True,Male_White,11.0
7474,34--Baseball/34_Baseball_Baseball_34_109.jpg,390.0,78.0,446.0,154.0,1.0,0.0,0.0,0.0,0.0,0.0,1024.0,680.0,0.0061121323529411,Male,White,True,Male_White,0.0
7475,34--Baseball/34_Baseball_Baseball_34_194.jpg,563.0,191.0,610.0,255.0,1.0,0.0,1.0,0.0,0.0,0.0,1024.0,820.0,0.0035823170731707,Male,White,True,Male_White,0.0
7477,34--Baseball/34_Baseball_Baseball_34_741.jpg,404.0,74.0,456.0,140.0,0.0,0.0,0.0,0.0,0.0,0.0,1024.0,684.0,0.0048999451754385,Male,White,True,Male_White,0.0
7481,34--Baseball/34_Baseball_Baseball_34_156.jpg,448.0,169.0,555.0,297.0,0.0,0.0,0.0,0.0,0.0,0.0,1024.0,1521.0,0.0087935568704799,Male,White,True,Male_White,0.0
7482,34--Baseball/34_Baseball_Baseball_34_887.jpg,717.0,253.0,761.0,302.0,1.0,1.0,1.0,0.0,0.0,0.0,1024.0,768.0,0.0027414957682291,Male,White,True,Male_White,0.0
7486,34--Baseball/34_Baseball_Baseball_34_809.jpg,454.0,132.0,540.0,258.0,0.0,1.0,0.0,0.0,0.0,0.0,1024.0,684.0,0.0154708059210526,Male,White,True,Male_White,0.0
7487,34--Baseball/34_Baseball_Baseball_34_69.jpg,476.0,57.0,513.0,108.0,0.0,0.0,0.0,0.0,0.0,0.0,1024.0,563.0,0.0032731322158081,Male,White,True,Male_White,0.0
7497,34--Baseball/34_Baseball_Baseball_34_417.jpg,706.0,110.0,788.0,214.0,0.0,0.0,0.0,0.0,0.0,1.0,1024.0,768.0,0.0108439127604166,Male,White,True,Male_White,0.0
7502,34--Baseball/34_Baseball_Baseball_34_161.jpg,632.0,164.0,684.0,234.0,1.0,0.0,0.0,0.0,0.0,0.0,1024.0,812.0,0.0043776939655172,Male,White,True,Male_White,0.0
7504,34--Baseball/34_Baseball_Baseball_34_928.jpg,490.0,106.0,734.0,486.0,0.0,0.0,0.0,0.0,0.0,0.0,1024.0,820.0,0.1104230182926829,Male,White,True,Male_White,4.0
7510,34--Baseball/34_Baseball_Baseball_34_71.jpg,500.0,192.0,554.0,268.0,0.0,0.0,0.0,0.0,0.0,0.0,1024.0,697.0,0.0057500896700143,Male,White,True,Male_White,0.0
7515,35--Basketball/35_Basketball_playingbasketball_35_315.jpg,324.0,66.0,392.0,178.0,0.0,0.0,1.0,0.0,0.0,0.0,1024.0,640.0,0.01162109375,Male,Black,True,Male_Black,0.0
7536,35--Basketball/35_Basketball_Basketball_35_680.jpg,374.0,124.0,515.0,282.0,0.0,0.0,0.0,0.0,0.0,1.0,1024.0,1076.0,0.0202192001626394,Male,White,True,Male_White,0.0
7539,35--Basketball/35_Basketball_basketballgame_ball_35_352.jpg,338.0,118.0,580.0,422.0,0.0,0.0,0.0,0.0,1.0,0.0,1024.0,768.0,0.0935465494791666,Male,White,True,Male_White,3.0
7544,35--Basketball/35_Basketball_basketballgame_ball_35_137.jpg,102.0,38.0,198.0,168.0,0.0,0.0,0.0,0.0,0.0,0.0,1024.0,1024.0,0.01190185546875,Female,White,True,Female_White,0.0
7545,35--Basketball/35_Basketball_basketballgame_ball_35_137.jpg,342.0,56.0,448.0,176.0,0.0,0.0,0.0,0.0,0.0,0.0,1024.0,1024.0,0.0121307373046875,Female,White,True,Female_White,0.0
7546,35--Basketball/35_Basketball_basketballgame_ball_35_137.jpg,742.0,32.0,852.0,186.0,0.0,0.0,0.0,0.0,0.0,0.0,1024.0,1024.0,0.0161552429199218,Female,Black,True,Female_Black,0.0
7547,35--Basketball/35_Basketball_basketballgame_ball_35_137.jpg,474.0,0.0,582.0,92.0,0.0,0.0,0.0,0.0,0.0,0.0,1024.0,1024.0,0.0094757080078125,Female,White,True,Female_White,0.0
7548,35--Basketball/35_Basketball_basketballgame_ball_35_137.jpg,790.0,600.0,902.0,746.0,0.0,0.0,0.0,0.0,0.0,0.0,1024.0,1024.0,0.015594482421875,Female,White,True,Female_White,0.0
7549,35--Basketball/35_Basketball_basketballgame_ball_35_137.jpg,266.0,750.0,394.0,928.0,0.0,0.0,0.0,0.0,0.0,0.0,1024.0,1024.0,0.021728515625,Female,White,True,Female_White,0.0
7550,35--Basketball/35_Basketball_basketballgame_ball_35_358.jpg,412.0,102.0,542.0,252.0,0.0,0.0,0.0,0.0,0.0,0.0,1024.0,684.0,0.0278405975877193,Male,White,True,Male_White,0.0
7561,35--Basketball/35_Basketball_Basketball_35_611.jpg,449.0,504.0,551.0,620.0,0.0,0.0,0.0,0.0,0.0,1.0,1024.0,1345.0,0.008590845724907,Male,White,True,Male_White,0.0
7568,35--Basketball/35_Basketball_basketballgame_ball_35_710.jpg,290.0,133.0,603.0,556.0,0.0,0.0,0.0,0.0,0.0,0.0,1024.0,1135.0,0.1139170911343612,Male,White,True,Male_White,4.0
7588,35--Basketball/35_Basketball_basketballgame_ball_35_56.jpg,414.0,448.0,622.0,750.0,0.0,0.0,0.0,0.0,0.0,0.0,1024.0,1461.0,0.0419875085557837,Male,White,True,Male_White,1.0
7598,35--Basketball/35_Basketball_basketballgame_ball_35_515.jpg,167.0,373.0,696.0,1059.0,0.0,0.0,1.0,0.0,0.0,0.0,1024.0,1273.0,0.2783885874901807,Male,White,True,Male_White,10.0
7616,35--Basketball/35_Basketball_basketballgame_ball_35_237.jpg,630.0,134.0,720.0,248.0,0.0,0.0,0.0,0.0,0.0,0.0,1024.0,731.0,0.0137066090971272,Male,White,True,Male_White,0.0
7617,35--Basketball/35_Basketball_playingbasketball_35_733.jpg,810.0,158.0,846.0,201.0,0.0,0.0,0.0,0.0,0.0,0.0,1024.0,686.0,0.0022036716472303,Female,White,True,Female_White,0.0
7618,35--Basketball/35_Basketball_playingbasketball_35_733.jpg,757.0,281.0,792.0,323.0,0.0,0.0,0.0,0.0,0.0,0.0,1024.0,686.0,0.0020926339285714,Female,White,True,Female_White,0.0
7619,35--Basketball/35_Basketball_playingbasketball_35_733.jpg,711.0,158.0,745.0,198.0,0.0,0.0,0.0,0.0,0.0,0.0,1024.0,686.0,0.0019360422740524,Female,White,True,Female_White,0.0
7620,35--Basketball/35_Basketball_playingbasketball_35_733.jpg,601.0,163.0,636.0,204.0,0.0,0.0,0.0,0.0,0.0,0.0,1024.0,686.0,0.0020428093112244,Female,White,True,Female_White,0.0
7621,35--Basketball/35_Basketball_playingbasketball_35_733.jpg,653.0,285.0,685.0,322.0,0.0,0.0,0.0,0.0,0.0,0.0,1024.0,686.0,0.0016854956268221,Female,White,True,Female_White,0.0
7622,35--Basketball/35_Basketball_playingbasketball_35_733.jpg,542.0,291.0,577.0,331.0,0.0,0.0,0.0,0.0,0.0,0.0,1024.0,686.0,0.0019929846938775,Female,White,True,Female_White,0.0
7623,35--Basketball/35_Basketball_playingbasketball_35_733.jpg,490.0,163.0,523.0,202.0,0.0,0.0,0.0,0.0,0.0,0.0,1024.0,686.0,0.0018321223578717,Female,White,True,Female_White,0.0
7624,35--Basketball/35_Basketball_playingbasketball_35_733.jpg,379.0,161.0,411.0,199.0,0.0,0.0,0.0,0.0,0.0,0.0,1024.0,686.0,0.0017310495626822,Female,White,True,Female_White,0.0
7625,35--Basketball/35_Basketball_playingbasketball_35_733.jpg,288.0,147.0,321.0,189.0,0.0,0.0,0.0,0.0,0.0,0.0,1024.0,686.0,0.0019730548469387,Female,White,True,Female_White,0.0
7626,35--Basketball/35_Basketball_playingbasketball_35_733.jpg,196.0,99.0,235.0,146.0,0.0,0.0,0.0,0.0,0.0,0.0,1024.0,686.0,0.0026093863884839,Male,White,True,Male_White,0.0
7627,35--Basketball/35_Basketball_playingbasketball_35_733.jpg,242.0,275.0,275.0,320.0,0.0,0.0,0.0,0.0,0.0,0.0,1024.0,686.0,0.0021139873360058,Female,White,True,Female_White,0.0
7628,35--Basketball/35_Basketball_playingbasketball_35_733.jpg,341.0,282.0,376.0,322.0,0.0,0.0,0.0,0.0,0.0,0.0,1024.0,686.0,0.0019929846938775,Female,White,True,Female_White,0.0
7629,35--Basketball/35_Basketball_playingbasketball_35_733.jpg,440.0,282.0,471.0,323.0,0.0,0.0,0.0,0.0,0.0,0.0,1024.0,686.0,0.0018093453899416,Female,White,True,Female_White,0.0
7645,35--Basketball/35_Basketball_Basketball_35_746.jpg,790.0,14.0,844.0,98.0,0.0,0.0,1.0,0.0,0.0,0.0,1024.0,768.0,0.005767822265625,Male,Black,True,Male_Black,0.0
7649,35--Basketball/35_Basketball_playingbasketball_35_369.jpg,408.0,104.0,474.0,202.0,1.0,0.0,0.0,0.0,0.0,0.0,1024.0,768.0,0.0082244873046875,Male,White,True,Male_White,0.0
7652,35--Basketball/35_Basketball_Basketball_35_285.jpg,568.0,495.0,735.0,732.0,0.0,0.0,0.0,0.0,0.0,0.0,1024.0,1555.0,0.0248561846864951,Male,White,True,Male_White,0.0
7655,35--Basketball/35_Basketball_playingbasketball_35_324.jpg,589.0,775.0,755.0,887.0,1.0,0.0,1.0,0.0,0.0,1.0,1024.0,2121.0,0.0085602310231023,Male,White,True,Male_White,0.0
7676,35--Basketball/35_Basketball_basketballgame_ball_35_297.jpg,466.0,78.0,640.0,312.0,0.0,0.0,1.0,0.0,0.0,0.0,1024.0,854.0,0.0465593896370023,Male,Black,True,Male_Black,1.0
7681,35--Basketball/35_Basketball_Basketball_35_69.jpg,490.0,379.0,643.0,542.0,0.0,0.0,0.0,0.0,0.0,1.0,1024.0,1349.0,0.0180537377223869,Male,Black,True,Male_Black,0.0
7683,35--Basketball/35_Basketball_playingbasketball_35_189.jpg,374.0,178.0,508.0,354.0,0.0,0.0,0.0,0.0,0.0,0.0,1024.0,754.0,0.030545424403183,Male,White,True,Male_White,1.0
7684,35--Basketball/35_Basketball_playingbasketball_35_336.jpg,402.0,47.0,574.0,316.0,0.0,0.0,1.0,0.0,0.0,0.0,1024.0,1518.0,0.0297652132740447,Male,Black,True,Male_Black,1.0
7695,35--Basketball/35_Basketball_basketballgame_ball_35_964.jpg,400.0,34.0,542.0,258.0,0.0,1.0,0.0,0.0,0.0,0.0,1024.0,1024.0,0.03033447265625,Male,Black,True,Male_Black,1.0
7712,35--Basketball/35_Basketball_playingbasketball_35_396.jpg,348.0,228.0,450.0,345.0,0.0,0.0,0.0,0.0,0.0,0.0,1024.0,1536.0,0.0075874328613281,Male,White,True,Male_White,0.0
7713,35--Basketball/35_Basketball_basketballgame_ball_35_983.jpg,478.0,76.0,620.0,266.0,0.0,0.0,0.0,0.0,0.0,0.0,1024.0,576.0,0.0457424587673611,Male,White,True,Male_White,1.0
7734,35--Basketball/35_Basketball_playingbasketball_35_613.jpg,300.0,172.0,352.0,208.0,1.0,0.0,0.0,0.0,1.0,1.0,1024.0,683.0,0.0026766105417276,Male,White,True,Male_White,0.0
7744,35--Basketball/35_Basketball_Basketball_35_821.jpg,306.0,156.0,378.0,270.0,0.0,0.0,0.0,0.0,0.0,0.0,1024.0,820.0,0.0097751524390243,Male,White,True,Male_White,0.0
7760,35--Basketball/35_Basketball_playingbasketball_35_520.jpg,746.0,108.0,824.0,238.0,0.0,1.0,0.0,0.0,0.0,0.0,1024.0,683.0,0.0144983071010248,Male,Black,True,Male_Black,0.0
7762,35--Basketball/35_Basketball_playingbasketball_35_415.jpg,534.0,1073.0,821.0,1206.0,0.0,0.0,1.0,0.0,0.0,1.0,1024.0,1579.0,0.0236075789661177,Male,White,True,Male_White,0.0
7763,35--Basketball/35_Basketball_playingbasketball_35_676.jpg,500.0,50.0,834.0,460.0,0.0,0.0,0.0,0.0,0.0,0.0,1024.0,768.0,0.1741282145182291,Male,White,True,Male_White,6.0
7769,35--Basketball/35_Basketball_playingbasketball_35_24.jpg,418.0,116.0,496.0,230.0,0.0,0.0,0.0,0.0,0.0,0.0,1024.0,754.0,0.0115167025862068,Male,White,True,Male_White,0.0
7771,35--Basketball/35_Basketball_basketballgame_ball_35_539.jpg,628.0,66.0,722.0,194.0,0.0,0.0,0.0,0.0,0.0,0.0,1024.0,695.0,0.0169064748201438,Male,White,True,Male_White,0.0
7775,35--Basketball/35_Basketball_playingbasketball_35_131.jpg,177.0,513.0,394.0,795.0,0.0,0.0,0.0,0.0,0.0,0.0,1024.0,1392.0,0.0429308661099137,Male,White,True,Male_White,1.0
7782,35--Basketball/35_Basketball_playingbasketball_35_42.jpg,443.0,464.0,511.0,537.0,0.0,1.0,0.0,0.0,0.0,1.0,1024.0,1392.0,0.0034825116738505,Male,Black,True,Male_Black,0.0
7790,35--Basketball/35_Basketball_Basketball_35_381.jpg,443.0,40.0,494.0,112.0,0.0,0.0,1.0,0.0,0.0,0.0,1024.0,576.0,0.0062255859375,Male,Black,True,Male_Black,0.0
7807,35--Basketball/35_Basketball_playingbasketball_35_32.jpg,312.0,524.0,369.0,595.0,0.0,0.0,1.0,0.0,0.0,0.0,1024.0,1392.0,0.0028391870959051,Male,Black,True,Male_Black,0.0
7808,35--Basketball/35_Basketball_playingbasketball_35_54.jpg,405.0,435.0,516.0,531.0,0.0,1.0,0.0,0.0,0.0,1.0,1024.0,1540.0,0.0067573051948051,Male,Asian,True,Male_Asian,0.0
7816,35--Basketball/35_Basketball_playingbasketball_35_141.jpg,406.0,573.0,541.0,740.0,0.0,0.0,0.0,0.0,0.0,1.0,1024.0,1360.0,0.0161886776194852,Male,White,True,Male_White,0.0
7817,35--Basketball/35_Basketball_playingbasketball_35_533.jpg,376.0,24.0,542.0,286.0,0.0,1.0,0.0,0.0,0.0,0.0,1024.0,693.0,0.0612881042568542,Male,Black,True,Male_Black,2.0
7818,35--Basketball/35_Basketball_playingbasketball_35_103.jpg,375.0,481.0,505.0,668.0,0.0,0.0,0.0,0.0,0.0,0.0,1024.0,1392.0,0.0170547660739942,Male,White,True,Male_White,0.0
7851,35--Basketball/35_Basketball_basketballgame_ball_35_356.jpg,388.0,75.0,679.0,435.0,0.0,0.0,0.0,0.0,0.0,0.0,1024.0,1272.0,0.0804282134433962,Male,White,True,Male_White,2.0
7855,35--Basketball/35_Basketball_Basketball_35_73.jpg,470.0,10.0,594.0,150.0,0.0,0.0,0.0,0.0,0.0,0.0,1024.0,827.0,0.0204995465538089,Male,White,True,Male_White,0.0
7873,35--Basketball/35_Basketball_basketballgame_ball_35_573.jpg,638.0,98.0,752.0,224.0,0.0,0.0,0.0,0.0,0.0,1.0,1024.0,577.0,0.0243108210571923,Male,Black,True,Male_Black,0.0
7874,35--Basketball/35_Basketball_basketballgame_ball_35_918.jpg,427.0,85.0,622.0,327.0,0.0,0.0,0.0,0.0,0.0,0.0,1024.0,1280.0,0.0360031127929687,Male,White,True,Male_White,1.0
7878,35--Basketball/35_Basketball_playingbasketball_35_203.jpg,387.0,459.0,478.0,533.0,0.0,0.0,0.0,0.0,0.0,1.0,1024.0,1392.0,0.004724261404454,Male,White,True,Male_White,0.0
7919,35--Basketball/35_Basketball_playingbasketball_35_106.jpg,722.0,4.0,790.0,96.0,0.0,0.0,0.0,0.0,0.0,0.0,1024.0,754.0,0.0081026193633952,Male,White,True,Male_White,0.0
7920,35--Basketball/35_Basketball_playingbasketball_35_34.jpg,407.0,177.0,548.0,356.0,0.0,0.0,0.0,0.0,0.0,0.0,1024.0,1392.0,0.017706509294181,Male,White,True,Male_White,0.0
7963,35--Basketball/35_Basketball_playingbasketball_35_236.jpg,565.0,242.0,744.0,609.0,0.0,1.0,0.0,0.0,0.0,0.0,1024.0,1392.0,0.0460871553969109,Male,White,True,Male_White,1.0
7964,35--Basketball/35_Basketball_playingbasketball_35_514.jpg,535.0,456.0,655.0,567.0,0.0,0.0,0.0,0.0,0.0,0.0,1024.0,1536.0,0.0084686279296875,Male,White,True,Male_White,0.0
7981,35--Basketball/35_Basketball_Basketball_35_717.jpg,245.0,207.0,735.0,879.0,0.0,0.0,0.0,0.0,0.0,0.0,1024.0,1610.0,0.1997282608695652,Male,White,True,Male_White,7.0
8013,35--Basketball/35_Basketball_playingbasketball_35_441.jpg,390.0,144.0,492.0,303.0,0.0,0.0,0.0,0.0,0.0,0.0,1024.0,1536.0,0.0103111267089843,Male,White,True,Male_White,0.0
8016,35--Basketball/35_Basketball_basketballgame_ball_35_39.jpg,797.0,101.0,851.0,168.0,1.0,0.0,0.0,0.0,0.0,0.0,1024.0,680.0,0.0051958869485294,Female,White,True,Female_White,0.0
8017,35--Basketball/35_Basketball_basketballgame_ball_35_39.jpg,534.0,86.0,570.0,133.0,1.0,0.0,1.0,0.0,0.0,0.0,1024.0,680.0,0.0024299172794117,Female,White,True,Female_White,0.0
8018,35--Basketball/35_Basketball_basketballgame_ball_35_39.jpg,459.0,143.0,512.0,201.0,1.0,0.0,0.0,0.0,0.0,0.0,1024.0,680.0,0.0044146369485294,Female,Black,True,Female_Black,0.0
8019,35--Basketball/35_Basketball_basketballgame_ball_35_39.jpg,237.0,152.0,285.0,208.0,1.0,0.0,0.0,0.0,0.0,0.0,1024.0,680.0,0.003860294117647,Female,White,True,Female_White,0.0
8020,35--Basketball/35_Basketball_basketballgame_ball_35_39.jpg,200.0,87.0,244.0,138.0,1.0,0.0,1.0,0.0,0.0,0.0,1024.0,680.0,0.00322265625,Female,White,True,Female_White,0.0
8021,35--Basketball/35_Basketball_basketballgame_ball_35_39.jpg,92.0,114.0,129.0,160.0,1.0,0.0,1.0,0.0,0.0,0.0,1024.0,680.0,0.002444278492647,Female,White,True,Female_White,0.0
8022,35--Basketball/35_Basketball_basketballgame_ball_35_39.jpg,82.0,73.0,114.0,112.0,1.0,0.0,1.0,0.0,0.0,0.0,1024.0,680.0,0.0017922794117647,Male,Black,True,Male_Black,0.0
8023,35--Basketball/35_Basketball_basketballgame_ball_35_39.jpg,31.0,119.0,68.0,162.0,1.0,0.0,0.0,0.0,0.0,0.0,1024.0,680.0,0.0022848690257352,Female,White,True,Female_White,0.0
8028,35--Basketball/35_Basketball_playingbasketball_35_510.jpg,460.0,164.0,534.0,272.0,0.0,0.0,0.0,0.0,1.0,0.0,1024.0,683.0,0.0114270680819912,Male,White,True,Male_White,0.0
8033,35--Basketball/35_Basketball_playingbasketball_35_53.jpg,251.0,508.0,330.0,620.0,0.0,0.0,1.0,0.0,0.0,0.0,1024.0,1397.0,0.0061851288475304,Male,White,True,Male_White,0.0
8094,35--Basketball/35_Basketball_basketballgame_ball_35_294.jpg,438.0,63.0,567.0,237.0,0.0,0.0,0.0,0.0,0.0,0.0,1024.0,1536.0,0.0142707824707031,Male,White,True,Male_White,0.0
8095,35--Basketball/35_Basketball_playingbasketball_35_43.jpg,360.0,104.0,482.0,266.0,0.0,0.0,0.0,0.0,0.0,0.0,1024.0,1013.0,0.0190530910661401,Male,White,True,Male_White,0.0
8104,35--Basketball/35_Basketball_playingbasketball_35_710.jpg,558.0,180.0,632.0,234.0,1.0,1.0,0.0,0.0,0.0,0.0,1024.0,768.0,0.0050811767578125,Male,Black,True,Male_Black,0.0
8113,35--Basketball/35_Basketball_Basketball_35_602.jpg,659.0,144.0,700.0,195.0,0.0,0.0,0.0,0.0,0.0,0.0,1024.0,820.0,0.002490234375,Female,White,True,Female_White,0.0
8114,35--Basketball/35_Basketball_Basketball_35_602.jpg,699.0,319.0,742.0,374.0,0.0,0.0,0.0,0.0,0.0,0.0,1024.0,820.0,0.0028165491615853,Female,White,True,Female_White,0.0
8115,35--Basketball/35_Basketball_Basketball_35_602.jpg,568.0,311.0,613.0,366.0,0.0,0.0,0.0,0.0,0.0,0.0,1024.0,820.0,0.0029475514481707,Female,White,True,Female_White,0.0
8116,35--Basketball/35_Basketball_Basketball_35_602.jpg,453.0,307.0,497.0,360.0,0.0,0.0,0.0,0.0,0.0,0.0,1024.0,820.0,0.0027772484756097,Female,White,True,Female_White,0.0
8117,35--Basketball/35_Basketball_Basketball_35_602.jpg,403.0,146.0,444.0,201.0,0.0,0.0,0.0,0.0,0.0,0.0,1024.0,820.0,0.002685546875,Female,White,True,Female_White,0.0
8118,35--Basketball/35_Basketball_Basketball_35_602.jpg,519.0,142.0,562.0,197.0,0.0,0.0,0.0,0.0,0.0,0.0,1024.0,820.0,0.0028165491615853,Female,White,True,Female_White,0.0
8119,35--Basketball/35_Basketball_Basketball_35_602.jpg,273.0,150.0,316.0,205.0,0.0,0.0,0.0,0.0,0.0,0.0,1024.0,820.0,0.0028165491615853,Female,White,True,Female_White,0.0
8120,35--Basketball/35_Basketball_Basketball_35_602.jpg,331.0,323.0,373.0,375.0,0.0,0.0,0.0,0.0,0.0,0.0,1024.0,820.0,0.0026009908536585,Female,White,True,Female_White,0.0
8121,35--Basketball/35_Basketball_Basketball_35_827.jpg,442.0,98.0,498.0,172.0,1.0,0.0,1.0,0.0,0.0,0.0,1024.0,687.0,0.0058906477438136,Male,White,True,Male_White,0.0
8128,35--Basketball/35_Basketball_playingbasketball_35_337.jpg,111.0,685.0,192.0,763.0,0.0,1.0,0.0,0.0,0.0,1.0,1024.0,1538.0,0.0040116527145643,Male,White,True,Male_White,0.0
8132,35--Basketball/35_Basketball_Basketball_35_828.jpg,285.0,190.0,815.0,1000.0,0.0,0.0,0.0,0.0,0.0,0.0,1024.0,1247.0,0.3361974989975942,Male,White,True,Male_White,12.0
8133,35--Basketball/35_Basketball_basketballgame_ball_35_1015.jpg,325.0,123.0,469.0,294.0,1.0,0.0,0.0,0.0,0.0,1.0,1024.0,1171.0,0.0205353330486763,Male,Black,True,Male_Black,0.0
8156,35--Basketball/35_Basketball_Basketball_35_834.jpg,478.0,264.0,540.0,310.0,0.0,0.0,0.0,0.0,0.0,1.0,1024.0,820.0,0.0033965320121951,Male,Black,True,Male_Black,0.0
8182,35--Basketball/35_Basketball_playingbasketball_35_535.jpg,390.0,126.0,556.0,340.0,0.0,0.0,0.0,0.0,0.0,0.0,1024.0,768.0,0.0451711018880208,Male,White,True,Male_White,1.0
8189,36--Football/36_Football_americanfootball_ball_36_678.jpg,482.0,269.0,575.0,392.0,0.0,0.0,0.0,0.0,1.0,0.0,1024.0,1536.0,0.007272720336914,Male,Black,True,Male_Black,0.0
8193,36--Football/36_Football_americanfootball_ball_36_800.jpg,320.0,198.0,719.0,739.0,0.0,0.0,0.0,0.0,0.0,0.0,1024.0,1195.0,0.1764015101987447,Male,White,True,Male_White,6.0
8197,36--Football/36_Football_americanfootball_ball_36_85.jpg,476.0,150.0,558.0,250.0,0.0,0.0,0.0,0.0,1.0,0.0,1024.0,640.0,0.01251220703125,Male,Black,True,Male_Black,0.0
8222,36--Football/36_Football_americanfootball_ball_36_145.jpg,174.0,59.0,211.0,105.0,1.0,0.0,1.0,0.0,0.0,0.0,1024.0,683.0,0.0024335422767203,Female,White,True,Female_White,0.0
8223,36--Football/36_Football_americanfootball_ball_36_145.jpg,260.0,99.0,298.0,145.0,1.0,0.0,0.0,0.0,0.0,0.0,1024.0,683.0,0.0024993136896046,Female,White,True,Female_White,0.0
8224,36--Football/36_Football_americanfootball_ball_36_145.jpg,459.0,77.0,511.0,134.0,1.0,0.0,1.0,0.0,0.0,0.0,1024.0,683.0,0.0042379666910688,Female,White,True,Female_White,0.0
8225,36--Football/36_Football_americanfootball_ball_36_145.jpg,536.0,80.0,580.0,117.0,1.0,0.0,1.0,0.0,0.0,0.0,1024.0,683.0,0.0023277360907759,Female,White,True,Female_White,0.0
8226,36--Football/36_Football_americanfootball_ball_36_145.jpg,705.0,75.0,748.0,120.0,1.0,0.0,0.0,0.0,0.0,0.0,1024.0,683.0,0.0027666887811127,Female,White,True,Female_White,0.0
8249,36--Football/36_Football_americanfootball_ball_36_741.jpg,532.0,178.0,598.0,264.0,1.0,0.0,0.0,0.0,1.0,0.0,1024.0,682.0,0.0081275201612903,Male,Black,True,Male_Black,0.0
8264,36--Football/36_Football_americanfootball_ball_36_368.jpg,668.0,50.0,728.0,114.0,1.0,0.0,0.0,0.0,0.0,0.0,1024.0,709.0,0.0052891396332863,Female,White,True,Female_White,0.0
8265,36--Football/36_Football_americanfootball_ball_36_368.jpg,492.0,220.0,558.0,288.0,1.0,0.0,0.0,0.0,0.0,0.0,1024.0,709.0,0.0061816819464033,Female,White,True,Female_White,0.0
8266,36--Football/36_Football_americanfootball_ball_36_368.jpg,322.0,80.0,376.0,142.0,0.0,0.0,0.0,0.0,0.0,0.0,1024.0,709.0,0.0046114686177715,Female,White,True,Female_White,0.0
8304,36--Football/36_Football_americanfootball_ball_36_890.jpg,604.0,82.0,658.0,160.0,1.0,0.0,0.0,0.0,1.0,0.0,1024.0,576.0,0.00714111328125,Male,Black,True,Male_Black,0.0
8313,36--Football/36_Football_americanfootball_ball_36_792.jpg,414.0,4.0,630.0,286.0,0.0,0.0,0.0,0.0,0.0,0.0,1024.0,576.0,0.103271484375,Male,Black,True,Male_Black,3.0
8319,36--Football/36_Football_americanfootball_ball_36_849.jpg,432.0,151.0,648.0,423.0,0.0,0.0,0.0,0.0,1.0,0.0,1024.0,2210.0,0.0259615384615384,Male,Black,True,Male_Black,0.0
8331,36--Football/36_Football_americanfootball_ball_36_916.jpg,536.0,122.0,600.0,226.0,1.0,1.0,0.0,0.0,0.0,0.0,1024.0,822.0,0.0079075425790754,Male,Black,True,Male_Black,0.0
8342,36--Football/36_Football_americanfootball_ball_36_921.jpg,369.0,183.0,651.0,561.0,0.0,0.0,0.0,0.0,0.0,0.0,1024.0,1539.0,0.0676398026315789,Male,Black,True,Male_Black,2.0
8343,36--Football/36_Football_americanfootball_ball_36_874.jpg,307.0,186.0,590.0,573.0,0.0,0.0,0.0,0.0,0.0,0.0,1024.0,1107.0,0.0966161712398374,Male,Black,True,Male_Black,3.0
8349,37--Soccer/37_Soccer_soccer_ball_37_298.jpg,475.0,110.0,580.0,234.0,0.0,0.0,0.0,0.0,0.0,0.0,1024.0,1222.0,0.0104049457855973,Male,White,True,Male_White,0.0
8354,37--Soccer/37_Soccer_soccer_ball_37_100.jpg,414.0,197.0,580.0,348.0,0.0,0.0,0.0,0.0,0.0,0.0,1024.0,1309.0,0.0187001647249809,Male,White,True,Male_White,0.0
8357,37--Soccer/37_Soccer_soccer_ball_37_694.jpg,648.0,102.0,708.0,174.0,1.0,0.0,0.0,0.0,0.0,0.0,1024.0,820.0,0.0051448170731707,Male,White,True,Male_White,0.0
8375,37--Soccer/37_Soccer_soccer_ball_37_916.jpg,668.0,130.0,842.0,360.0,0.0,0.0,1.0,0.0,0.0,0.0,1024.0,640.0,0.061065673828125,Male,White,True,Male_White,2.0
8415,37--Soccer/37_Soccer_soccer_ball_37_205.jpg,60.0,228.0,180.0,362.0,0.0,1.0,0.0,0.0,0.0,1.0,1024.0,681.0,0.0230589207048458,Male,White,True,Male_White,0.0
8418,37--Soccer/37_Soccer_soccer_ball_37_316.jpg,864.0,253.0,912.0,316.0,0.0,0.0,0.0,0.0,0.0,0.0,1024.0,765.0,0.003860294117647,Female,White,True,Female_White,0.0
8419,37--Soccer/37_Soccer_soccer_ball_37_316.jpg,765.0,256.0,809.0,311.0,0.0,0.0,1.0,0.0,0.0,0.0,1024.0,765.0,0.0030892565359477,Female,White,True,Female_White,0.0
8420,37--Soccer/37_Soccer_soccer_ball_37_316.jpg,665.0,254.0,708.0,307.0,0.0,0.0,0.0,0.0,0.0,0.0,1024.0,765.0,0.0029092626633986,Female,White,True,Female_White,0.0
8421,37--Soccer/37_Soccer_soccer_ball_37_316.jpg,569.0,215.0,609.0,271.0,0.0,0.0,0.0,0.0,0.0,0.0,1024.0,765.0,0.002859477124183,Female,White,True,Female_White,0.0
8422,37--Soccer/37_Soccer_soccer_ball_37_316.jpg,470.0,191.0,513.0,246.0,0.0,0.0,0.0,0.0,0.0,0.0,1024.0,765.0,0.0030190461601307,Female,White,True,Female_White,0.0
8423,37--Soccer/37_Soccer_soccer_ball_37_316.jpg,135.0,199.0,181.0,262.0,0.0,0.0,1.0,0.0,0.0,0.0,1024.0,765.0,0.0036994485294117,Female,White,True,Female_White,0.0
8424,37--Soccer/37_Soccer_soccer_ball_37_316.jpg,265.0,221.0,310.0,274.0,0.0,0.0,0.0,0.0,0.0,0.0,1024.0,765.0,0.0030445772058823,Female,White,True,Female_White,0.0
8425,37--Soccer/37_Soccer_soccer_ball_37_316.jpg,377.0,222.0,421.0,282.0,0.0,0.0,1.0,0.0,0.0,0.0,1024.0,765.0,0.0033700980392156,Female,White,True,Female_White,0.0
8430,37--Soccer/37_Soccer_soccer_ball_37_920.jpg,514.0,106.0,570.0,174.0,0.0,0.0,1.0,0.0,0.0,0.0,1024.0,768.0,0.0048421223958333,Male,White,True,Male_White,0.0
8434,37--Soccer/37_Soccer_soccer_ball_37_572.jpg,272.0,102.0,466.0,346.0,0.0,0.0,0.0,0.0,0.0,0.0,1024.0,768.0,0.0601908365885416,Male,White,True,Male_White,2.0
8437,37--Soccer/37_Soccer_soccer_ball_37_543.jpg,470.0,72.0,548.0,180.0,0.0,0.0,0.0,0.0,0.0,0.0,1024.0,576.0,0.0142822265625,Male,White,True,Male_White,0.0
8438,37--Soccer/37_Soccer_soccer_ball_37_403.jpg,784.0,42.0,858.0,152.0,0.0,0.0,1.0,0.0,0.0,0.0,1024.0,768.0,0.0103505452473958,Male,Black,True,Male_Black,0.0
8452,37--Soccer/37_Soccer_soccer_ball_37_789.jpg,310.0,390.0,394.0,514.0,0.0,0.0,0.0,0.0,0.0,0.0,1024.0,678.0,0.0150027654867256,Male,White,True,Male_White,0.0
8467,37--Soccer/37_Soccer_Soccer_37_562.jpg,316.0,126.0,454.0,302.0,0.0,0.0,1.0,0.0,0.0,0.0,1024.0,683.0,0.0347273060029282,Male,White,True,Male_White,1.0
8484,37--Soccer/37_Soccer_Soccer_37_357.jpg,478.0,282.0,547.0,331.0,0.0,0.0,0.0,0.0,0.0,1.0,1024.0,684.0,0.0048271313048245,Male,White,True,Male_White,0.0
8504,37--Soccer/37_Soccer_soccer_ball_37_797.jpg,404.0,160.0,604.0,408.0,0.0,0.0,0.0,0.0,0.0,0.0,1024.0,801.0,0.0604712858926342,Male,White,True,Male_White,2.0
8537,37--Soccer/37_Soccer_Soccer_37_34.jpg,376.0,152.0,428.0,242.0,0.0,0.0,0.0,0.0,0.0,0.0,1024.0,819.0,0.0055803571428571,Female,White,True,Female_White,0.0
8538,37--Soccer/37_Soccer_Soccer_37_34.jpg,476.0,38.0,542.0,130.0,0.0,0.0,0.0,0.0,0.0,0.0,1024.0,819.0,0.0072401556776556,Female,White,True,Female_White,0.0
8539,37--Soccer/37_Soccer_Soccer_37_34.jpg,674.0,82.0,736.0,174.0,0.0,0.0,0.0,0.0,0.0,0.0,1024.0,819.0,0.0068013583638583,Female,White,True,Female_White,0.0
8552,37--Soccer/37_Soccer_soccer_ball_37_898.jpg,260.0,280.0,622.0,696.0,0.0,0.0,0.0,0.0,0.0,0.0,1024.0,1019.0,0.1443204121687929,Male,White,True,Male_White,5.0
8585,37--Soccer/37_Soccer_Soccer_37_194.jpg,256.0,54.0,316.0,138.0,0.0,0.0,0.0,0.0,0.0,0.0,1024.0,769.0,0.0064003576072821,Male,White,True,Male_White,0.0
8587,37--Soccer/37_Soccer_Soccer_37_445.jpg,20.0,200.0,74.0,270.0,1.0,0.0,0.0,0.0,0.0,0.0,1024.0,640.0,0.005767822265625,Male,White,True,Male_White,0.0
8608,37--Soccer/37_Soccer_Soccer_37_383.jpg,537.0,130.0,675.0,283.0,0.0,0.0,0.0,0.0,0.0,0.0,1024.0,1478.0,0.0139507040764546,Male,White,True,Male_White,0.0
8624,37--Soccer/37_Soccer_Soccer_37_520.jpg,389.0,260.0,743.0,705.0,0.0,0.0,0.0,0.0,0.0,0.0,1024.0,1375.0,0.1118821022727272,Male,White,True,Male_White,4.0
8625,37--Soccer/37_Soccer_soccer_ball_37_639.jpg,400.0,186.0,692.0,532.0,0.0,0.0,0.0,0.0,0.0,0.0,1024.0,768.0,0.1284688313802083,Male,White,True,Male_White,4.0
8626,37--Soccer/37_Soccer_soccer_ball_37_924.jpg,129.0,129.0,162.0,180.0,0.0,0.0,0.0,0.0,0.0,0.0,1024.0,669.0,0.0024567334641255,Female,White,True,Female_White,0.0
8627,37--Soccer/37_Soccer_soccer_ball_37_924.jpg,214.0,156.0,247.0,203.0,1.0,0.0,0.0,0.0,0.0,0.0,1024.0,669.0,0.002264048486547,Female,White,True,Female_White,0.0
8628,37--Soccer/37_Soccer_soccer_ball_37_924.jpg,96.0,353.0,127.0,398.0,1.0,0.0,0.0,0.0,0.0,0.0,1024.0,669.0,0.0020363298766816,Female,White,True,Female_White,0.0
8629,37--Soccer/37_Soccer_soccer_ball_37_924.jpg,186.0,356.0,217.0,400.0,1.0,0.0,0.0,0.0,0.0,0.0,1024.0,669.0,0.0019910781016442,Female,White,True,Female_White,0.0
8630,37--Soccer/37_Soccer_soccer_ball_37_924.jpg,850.0,141.0,884.0,188.0,1.0,0.0,0.0,0.0,0.0,0.0,1024.0,669.0,0.0023326560164424,Female,Black,True,Female_Black,0.0
8631,37--Soccer/37_Soccer_soccer_ball_37_924.jpg,866.0,274.0,900.0,322.0,1.0,0.0,0.0,0.0,0.0,0.0,1024.0,669.0,0.0023822869955156,Female,White,True,Female_White,0.0
8632,37--Soccer/37_Soccer_soccer_ball_37_924.jpg,775.0,321.0,808.0,368.0,1.0,0.0,0.0,0.0,0.0,0.0,1024.0,669.0,0.002264048486547,Female,White,True,Female_White,0.0
8633,37--Soccer/37_Soccer_soccer_ball_37_924.jpg,676.0,339.0,708.0,384.0,1.0,1.0,0.0,0.0,0.0,0.0,1024.0,669.0,0.0021020179372197,Female,White,True,Female_White,0.0
8634,37--Soccer/37_Soccer_soccer_ball_37_924.jpg,598.0,333.0,631.0,380.0,1.0,0.0,0.0,0.0,0.0,0.0,1024.0,669.0,0.002264048486547,Female,White,True,Female_White,0.0
8635,37--Soccer/37_Soccer_soccer_ball_37_924.jpg,504.0,352.0,536.0,397.0,0.0,0.0,0.0,0.0,0.0,0.0,1024.0,669.0,0.0021020179372197,Female,White,True,Female_White,0.0
8636,37--Soccer/37_Soccer_soccer_ball_37_924.jpg,300.0,336.0,334.0,384.0,0.0,0.0,0.0,0.0,0.0,0.0,1024.0,669.0,0.0023822869955156,Female,White,True,Female_White,0.0
8637,37--Soccer/37_Soccer_soccer_ball_37_924.jpg,402.0,345.0,436.0,392.0,1.0,0.0,0.0,0.0,0.0,0.0,1024.0,669.0,0.0023326560164424,Female,Black,True,Female_Black,0.0
8638,37--Soccer/37_Soccer_soccer_ball_37_924.jpg,310.0,153.0,340.0,194.0,1.0,0.0,0.0,0.0,0.0,0.0,1024.0,669.0,0.0017954736547085,Female,White,True,Female_White,0.0
8639,37--Soccer/37_Soccer_soccer_ball_37_924.jpg,400.0,161.0,430.0,207.0,1.0,0.0,0.0,0.0,0.0,0.0,1024.0,669.0,0.0020144338565022,Female,White,True,Female_White,0.0
8640,37--Soccer/37_Soccer_soccer_ball_37_924.jpg,473.0,149.0,503.0,193.0,1.0,0.0,0.0,0.0,0.0,0.0,1024.0,669.0,0.0019268497757847,Female,White,True,Female_White,0.0
8641,37--Soccer/37_Soccer_soccer_ball_37_924.jpg,547.0,152.0,578.0,196.0,1.0,0.0,0.0,0.0,0.0,0.0,1024.0,669.0,0.0019910781016442,Female,White,True,Female_White,0.0
8642,37--Soccer/37_Soccer_soccer_ball_37_924.jpg,639.0,156.0,671.0,199.0,1.0,0.0,0.0,0.0,0.0,0.0,1024.0,669.0,0.0020085949177877,Female,White,True,Female_White,0.0
8643,37--Soccer/37_Soccer_soccer_ball_37_924.jpg,717.0,180.0,748.0,227.0,1.0,0.0,0.0,0.0,0.0,0.0,1024.0,669.0,0.0021268334267563,Female,White,True,Female_White,0.0
8644,37--Soccer/37_Soccer_soccer_ball_37_5.jpg,486.0,42.0,542.0,122.0,0.0,0.0,0.0,0.0,0.0,0.0,1024.0,644.0,0.0067934782608695,Male,White,True,Male_White,0.0
8648,37--Soccer/37_Soccer_Soccer_37_164.jpg,284.0,106.0,352.0,196.0,0.0,0.0,0.0,0.0,0.0,0.0,1024.0,828.0,0.0072180706521739,Male,White,True,Male_White,0.0
8653,37--Soccer/37_Soccer_soccer_ball_37_133.jpg,286.0,110.0,334.0,183.0,0.0,0.0,1.0,0.0,0.0,0.0,1024.0,640.0,0.0053466796875,Male,White,True,Male_White,0.0
8661,37--Soccer/37_Soccer_Soccer_37_46.jpg,404.0,178.0,476.0,240.0,0.0,0.0,1.0,0.0,0.0,1.0,1024.0,576.0,0.007568359375,Male,White,True,Male_White,0.0
8664,37--Soccer/37_Soccer_soccer_ball_37_783.jpg,535.0,80.0,584.0,141.0,0.0,0.0,0.0,0.0,0.0,0.0,1024.0,640.0,0.0045608520507812,Male,White,True,Male_White,0.0
8714,37--Soccer/37_Soccer_soccer_ball_37_987.jpg,345.0,306.0,755.0,800.0,0.0,0.0,0.0,0.0,0.0,0.0,1024.0,1439.0,0.1374516808547602,Male,White,True,Male_White,5.0
8715,37--Soccer/37_Soccer_Soccer_37_781.jpg,558.0,262.0,632.0,346.0,1.0,0.0,0.0,0.0,0.0,0.0,1024.0,613.0,0.0099026305057096,Male,White,True,Male_White,0.0
8717,37--Soccer/37_Soccer_soccer_ball_37_462.jpg,761.0,132.0,813.0,210.0,0.0,0.0,0.0,0.0,0.0,1.0,1024.0,787.0,0.0050329574332909,Male,White,True,Male_White,0.0
8718,37--Soccer/37_Soccer_soccer_ball_37_910.jpg,444.0,70.0,674.0,408.0,0.0,0.0,0.0,0.0,0.0,0.0,1024.0,768.0,0.0988515218098958,Male,White,True,Male_White,3.0
8719,37--Soccer/37_Soccer_soccer_ball_37_332.jpg,613.0,146.0,660.0,213.0,0.0,1.0,0.0,0.0,0.0,0.0,1024.0,769.0,0.0039989535923276,Male,Black,True,Male_Black,0.0
8732,37--Soccer/37_Soccer_Soccer_37_218.jpg,436.0,54.0,500.0,142.0,0.0,0.0,0.0,0.0,0.0,0.0,1024.0,677.0,0.0081240768094534,Male,White,True,Male_White,0.0
8735,37--Soccer/37_Soccer_soccer_ball_37_251.jpg,175.0,226.0,212.0,285.0,0.0,0.0,1.0,0.0,0.0,0.0,1024.0,640.0,0.0033309936523437,Male,White,True,Male_White,0.0
8744,37--Soccer/37_Soccer_soccer_ball_37_308.jpg,392.0,202.0,468.0,334.0,0.0,1.0,0.0,0.0,0.0,0.0,1024.0,768.0,0.01275634765625,Male,White,True,Male_White,0.0
8758,37--Soccer/37_Soccer_Soccer_37_215.jpg,430.0,98.0,538.0,200.0,1.0,1.0,0.0,0.0,0.0,0.0,1024.0,688.0,0.0156363553779069,Male,White,True,Male_White,0.0
8762,37--Soccer/37_Soccer_soccer_ball_37_327.jpg,456.0,797.0,508.0,851.0,0.0,0.0,0.0,0.0,0.0,0.0,1024.0,1366.0,0.0020074579062957,Male,White,True,Male_White,0.0
8763,37--Soccer/37_Soccer_soccer_ball_37_404.jpg,468.0,80.0,526.0,152.0,0.0,0.0,0.0,0.0,0.0,0.0,1024.0,640.0,0.0063720703125,Male,White,True,Male_White,0.0
8766,37--Soccer/37_Soccer_soccer_ball_37_824.jpg,320.0,99.0,372.0,171.0,0.0,0.0,0.0,0.0,0.0,0.0,1024.0,820.0,0.0044588414634146,Male,White,True,Male_White,0.0
8796,37--Soccer/37_Soccer_soccer_ball_37_670.jpg,257.0,132.0,305.0,207.0,0.0,0.0,0.0,0.0,0.0,0.0,1024.0,640.0,0.0054931640625,Male,White,True,Male_White,0.0
8800,37--Soccer/37_Soccer_soccer_ball_37_709.jpg,432.0,142.0,746.0,554.0,0.0,0.0,0.0,0.0,1.0,0.0,1024.0,682.0,0.185243310117302,Male,White,True,Male_White,6.0
8804,38--Tennis/38_Tennis_Tennis_38_130.jpg,344.0,102.0,466.0,242.0,0.0,0.0,0.0,0.0,0.0,0.0,1024.0,685.0,0.024349908759124,Male,White,True,Male_White,0.0
8811,38--Tennis/38_Tennis_Tennis_38_419.jpg,392.0,106.0,490.0,232.0,0.0,1.0,0.0,0.0,0.0,0.0,1024.0,659.0,0.018298321320182,Male,White,True,Male_White,0.0
8814,38--Tennis/38_Tennis_Tennis_38_521.jpg,622.0,174.0,844.0,452.0,0.0,0.0,0.0,0.0,0.0,0.0,1024.0,827.0,0.0728773050181378,Male,White,True,Male_White,2.0
8818,38--Tennis/38_Tennis_Tennis_38_450.jpg,248.0,114.0,380.0,304.0,0.0,0.0,0.0,0.0,0.0,0.0,1024.0,768.0,0.031890869140625,Male,White,True,Male_White,1.0
8823,38--Tennis/38_Tennis_Tennis_38_82.jpg,511.0,46.0,566.0,117.0,1.0,0.0,0.0,0.0,0.0,0.0,1024.0,586.0,0.0065076391851535,Male,White,True,Male_White,0.0
8827,38--Tennis/38_Tennis_Tennis_38_163.jpg,634.0,378.0,729.0,489.0,0.0,0.0,0.0,0.0,0.0,0.0,1024.0,1424.0,0.0072316373332162,Male,White,True,Male_White,0.0
8829,38--Tennis/38_Tennis_Tennis_38_736.jpg,191.0,254.0,398.0,521.0,0.0,0.0,0.0,0.0,0.0,0.0,1024.0,1343.0,0.0401888554076693,Male,White,True,Male_White,1.0
8830,38--Tennis/38_Tennis_Tennis_38_768.jpg,474.0,66.0,620.0,292.0,0.0,1.0,0.0,0.0,0.0,0.0,1024.0,902.0,0.0357235656873614,Male,White,True,Male_White,1.0
8841,38--Tennis/38_Tennis_Tennis_38_380.jpg,382.0,86.0,494.0,222.0,0.0,0.0,0.0,0.0,0.0,0.0,1024.0,893.0,0.0166573348264277,Male,White,True,Male_White,0.0
8843,38--Tennis/38_Tennis_Tennis_38_787.jpg,338.0,197.0,609.0,594.0,0.0,0.0,0.0,0.0,0.0,0.0,1024.0,1177.0,0.0892654457837723,Male,Black,True,Male_Black,3.0
8848,38--Tennis/38_Tennis_Tennis_38_711.jpg,616.0,116.0,830.0,422.0,0.0,0.0,0.0,0.0,0.0,0.0,1024.0,768.0,0.0832672119140625,Male,White,True,Male_White,3.0
8849,38--Tennis/38_Tennis_Tennis_38_600.jpg,658.0,96.0,858.0,362.0,0.0,0.0,0.0,0.0,0.0,0.0,1024.0,724.0,0.0717584599447513,Male,White,True,Male_White,2.0
8856,38--Tennis/38_Tennis_Tennis_38_7.jpg,554.0,96.0,640.0,192.0,0.0,0.0,0.0,0.0,0.0,1.0,1024.0,987.0,0.0081686930091185,Male,White,True,Male_White,0.0
8857,38--Tennis/38_Tennis_Tennis_38_528.jpg,416.0,88.0,520.0,192.0,1.0,0.0,0.0,0.0,1.0,0.0,1024.0,685.0,0.015419708029197,Male,White,True,Male_White,0.0
8859,38--Tennis/38_Tennis_Tennis_38_151.jpg,142.0,106.0,254.0,238.0,0.0,0.0,0.0,0.0,0.0,0.0,1024.0,721.0,0.0200242718446601,Male,White,True,Male_White,0.0
8862,38--Tennis/38_Tennis_Tennis_38_329.jpg,508.0,56.0,636.0,258.0,0.0,1.0,0.0,0.0,0.0,0.0,1024.0,640.0,0.039453125,Male,White,True,Male_White,1.0
8877,38--Tennis/38_Tennis_Tennis_38_126.jpg,358.0,130.0,472.0,278.0,0.0,0.0,0.0,0.0,0.0,0.0,1024.0,649.0,0.0253876155624037,Male,White,True,Male_White,0.0
8885,38--Tennis/38_Tennis_Tennis_38_966.jpg,126.0,38.0,544.0,676.0,0.0,0.0,0.0,0.0,0.0,0.0,1024.0,768.0,0.3391062418619792,Male,White,True,Male_White,12.0
8889,38--Tennis/38_Tennis_Tennis_38_722.jpg,266.0,114.0,328.0,196.0,0.0,0.0,0.0,0.0,0.0,0.0,1024.0,1010.0,0.0049156868811881,Female,White,True,Female_White,0.0
8890,38--Tennis/38_Tennis_Tennis_38_722.jpg,484.0,102.0,548.0,190.0,1.0,0.0,0.0,0.0,0.0,0.0,1024.0,1010.0,0.0054455445544554,Female,White,True,Female_White,0.0
8891,38--Tennis/38_Tennis_Tennis_38_722.jpg,700.0,138.0,766.0,220.0,0.0,0.0,0.0,0.0,0.0,0.0,1024.0,1010.0,0.005232827970297,Female,White,True,Female_White,0.0
8892,38--Tennis/38_Tennis_Tennis_38_722.jpg,248.0,316.0,316.0,408.0,0.0,0.0,0.0,0.0,0.0,0.0,1024.0,1010.0,0.0060488861386138,Female,White,True,Female_White,0.0
8893,38--Tennis/38_Tennis_Tennis_38_722.jpg,502.0,328.0,574.0,416.0,0.0,0.0,0.0,0.0,0.0,0.0,1024.0,1010.0,0.0061262376237623,Female,White,True,Female_White,0.0
8894,38--Tennis/38_Tennis_Tennis_38_722.jpg,702.0,350.0,770.0,440.0,0.0,0.0,0.0,0.0,0.0,0.0,1024.0,1010.0,0.0059173886138613,Female,White,True,Female_White,0.0
8895,38--Tennis/38_Tennis_Tennis_38_279.jpg,380.0,756.0,558.0,923.0,0.0,0.0,0.0,0.0,0.0,1.0,1024.0,1475.0,0.0196808792372881,Male,White,True,Male_White,0.0
8896,38--Tennis/38_Tennis_Tennis_38_174.jpg,352.0,86.0,474.0,260.0,0.0,0.0,0.0,0.0,0.0,0.0,1024.0,768.0,0.0269927978515625,Male,White,True,Male_White,0.0
8899,38--Tennis/38_Tennis_Tennis_38_583.jpg,278.0,132.0,582.0,540.0,0.0,1.0,0.0,0.0,0.0,0.0,1024.0,663.0,0.1826923076923076,Male,White,True,Male_White,6.0
8900,38--Tennis/38_Tennis_Tennis_38_140.jpg,600.0,172.0,674.0,246.0,0.0,0.0,0.0,0.0,0.0,0.0,1024.0,926.0,0.00577500674946,Male,White,True,Male_White,0.0
8905,38--Tennis/38_Tennis_Tennis_38_122.jpg,602.0,82.0,656.0,180.0,0.0,0.0,0.0,0.0,0.0,0.0,1024.0,768.0,0.0067291259765625,Male,White,True,Male_White,0.0
8908,38--Tennis/38_Tennis_Tennis_38_314.jpg,472.0,44.0,532.0,124.0,1.0,0.0,0.0,0.0,0.0,0.0,1024.0,512.0,0.0091552734375,Male,White,True,Male_White,0.0
8910,38--Tennis/38_Tennis_Tennis_38_49.jpg,515.0,259.0,600.0,376.0,1.0,0.0,0.0,0.0,0.0,0.0,1024.0,1366.0,0.0071097467514641,Male,White,True,Male_White,0.0
8911,38--Tennis/38_Tennis_Tennis_38_324.jpg,536.0,137.0,700.0,319.0,0.0,0.0,1.0,0.0,0.0,0.0,1024.0,1295.0,0.0225084459459459,Male,White,True,Male_White,0.0
8912,38--Tennis/38_Tennis_Tennis_38_511.jpg,89.0,161.0,341.0,503.0,0.0,0.0,1.0,0.0,0.0,0.0,1024.0,768.0,0.109588623046875,Female,White,True,Female_White,4.0
8913,38--Tennis/38_Tennis_Tennis_38_511.jpg,435.0,194.0,478.0,237.0,0.0,0.0,1.0,0.0,0.0,1.0,1024.0,768.0,0.0023511250813802,Female,White,True,Female_White,0.0
8914,38--Tennis/38_Tennis_Tennis_38_511.jpg,720.0,217.0,791.0,301.0,0.0,0.0,1.0,0.0,0.0,0.0,1024.0,768.0,0.0075836181640625,Female,White,True,Female_White,0.0
8915,38--Tennis/38_Tennis_Tennis_38_220.jpg,520.0,58.0,612.0,174.0,0.0,0.0,0.0,0.0,0.0,0.0,1024.0,683.0,0.0152589677891654,Male,White,True,Male_White,0.0
8920,38--Tennis/38_Tennis_Tennis_38_41.jpg,566.0,343.0,672.0,436.0,0.0,1.0,0.0,0.0,1.0,0.0,1024.0,1107.0,0.0086964346205962,Male,White,True,Male_White,0.0
8928,38--Tennis/38_Tennis_Tennis_38_645.jpg,412.0,92.0,578.0,278.0,0.0,0.0,0.0,0.0,0.0,0.0,1024.0,768.0,0.0392608642578125,Male,White,True,Male_White,1.0
8938,38--Tennis/38_Tennis_Tennis_38_499.jpg,252.0,184.0,464.0,442.0,0.0,0.0,0.0,0.0,0.0,0.0,1024.0,820.0,0.0651391006097561,Male,White,True,Male_White,2.0
8942,38--Tennis/38_Tennis_Tennis_38_91.jpg,508.0,104.0,606.0,208.0,0.0,0.0,0.0,0.0,0.0,0.0,1024.0,576.0,0.0172797309027777,Male,White,True,Male_White,0.0
8946,38--Tennis/38_Tennis_Tennis_38_780.jpg,243.0,240.0,820.0,934.0,0.0,0.0,0.0,0.0,0.0,0.0,1024.0,1536.0,0.2545916239420573,Male,White,True,Male_White,9.0
8947,38--Tennis/38_Tennis_Tennis_38_53.jpg,680.0,88.0,800.0,242.0,0.0,1.0,0.0,0.0,0.0,0.0,1024.0,729.0,0.0247556584362139,Male,White,True,Male_White,0.0
8948,38--Tennis/38_Tennis_Tennis_38_112.jpg,572.0,114.0,668.0,246.0,0.0,0.0,0.0,0.0,0.0,0.0,1024.0,684.0,0.0180921052631578,Male,White,True,Male_White,0.0
8951,39--Ice_Skating/39_Ice_Skating_Ice_Skating_39_298.jpg,196.0,313.0,227.0,351.0,1.0,0.0,0.0,0.0,0.0,0.0,1024.0,682.0,0.0016867897727272,Male,White,True,Male_White,0.0
8956,39--Ice_Skating/39_Ice_Skating_iceskiing_39_915.jpg,354.0,310.0,418.0,408.0,1.0,0.0,0.0,0.0,0.0,0.0,1024.0,915.0,0.0066939890710382,Male,White,True,Male_White,0.0
8957,39--Ice_Skating/39_Ice_Skating_Ice_Skating_39_778.jpg,30.0,80.0,144.0,246.0,0.0,0.0,0.0,0.0,0.0,0.0,1024.0,1024.0,0.0180473327636718,Female,White,True,Female_White,0.0
8958,39--Ice_Skating/39_Ice_Skating_Ice_Skating_39_778.jpg,236.0,118.0,328.0,230.0,0.0,0.0,0.0,0.0,0.0,0.0,1024.0,1024.0,0.00982666015625,Female,White,True,Female_White,0.0
8959,39--Ice_Skating/39_Ice_Skating_Ice_Skating_39_778.jpg,394.0,26.0,480.0,154.0,0.0,0.0,0.0,0.0,0.0,0.0,1024.0,1024.0,0.010498046875,Female,White,True,Female_White,0.0
8960,39--Ice_Skating/39_Ice_Skating_Ice_Skating_39_778.jpg,512.0,90.0,598.0,210.0,1.0,0.0,0.0,0.0,0.0,0.0,1024.0,1024.0,0.0098419189453125,Female,White,True,Female_White,0.0
8961,39--Ice_Skating/39_Ice_Skating_Ice_Skating_39_778.jpg,686.0,134.0,762.0,222.0,1.0,0.0,0.0,0.0,0.0,0.0,1024.0,1024.0,0.006378173828125,Female,Indian,True,Female_Indian,0.0
8962,39--Ice_Skating/39_Ice_Skating_Ice_Skating_39_778.jpg,834.0,104.0,904.0,216.0,1.0,0.0,0.0,0.0,0.0,0.0,1024.0,1024.0,0.007476806640625,Female,White,True,Female_White,0.0
8963,39--Ice_Skating/39_Ice_Skating_Ice_Skating_39_778.jpg,942.0,102.0,1014.0,208.0,1.0,0.0,0.0,0.0,0.0,0.0,1024.0,1024.0,0.0072784423828125,Female,White,True,Female_White,0.0
8973,39--Ice_Skating/39_Ice_Skating_iceskiing_39_773.jpg,276.0,174.0,384.0,292.0,0.0,0.0,0.0,0.0,0.0,0.0,1024.0,684.0,0.0181949013157894,Male,White,True,Male_White,0.0
8986,39--Ice_Skating/39_Ice_Skating_Ice_Skating_39_232.jpg,752.0,262.0,814.0,367.0,1.0,0.0,0.0,0.0,0.0,0.0,1024.0,1314.0,0.0048382206050228,Male,White,True,Male_White,0.0
9017,39--Ice_Skating/39_Ice_Skating_iceskiing_39_734.jpg,364.0,270.0,400.0,313.0,1.0,0.0,0.0,0.0,0.0,0.0,1024.0,820.0,0.0018435594512195,Male,White,True,Male_White,0.0
9021,39--Ice_Skating/39_Ice_Skating_Ice_Skating_39_339.jpg,188.0,62.0,258.0,152.0,0.0,0.0,0.0,0.0,0.0,0.0,1024.0,768.0,0.0080108642578125,Male,White,True,Male_White,0.0
9022,39--Ice_Skating/39_Ice_Skating_Ice_Skating_39_339.jpg,380.0,112.0,432.0,182.0,0.0,0.0,0.0,0.0,0.0,0.0,1024.0,768.0,0.0046284993489583,Female,White,True,Female_White,0.0
9023,39--Ice_Skating/39_Ice_Skating_Ice_Skating_39_339.jpg,496.0,184.0,550.0,260.0,0.0,0.0,0.0,0.0,0.0,0.0,1024.0,768.0,0.005218505859375,Female,White,True,Female_White,0.0
9024,39--Ice_Skating/39_Ice_Skating_Ice_Skating_39_339.jpg,628.0,102.0,696.0,198.0,0.0,0.0,0.0,0.0,0.0,0.0,1024.0,768.0,0.00830078125,Female,White,True,Female_White,0.0
9025,39--Ice_Skating/39_Ice_Skating_Ice_Skating_39_339.jpg,850.0,102.0,916.0,196.0,0.0,0.0,0.0,0.0,0.0,0.0,1024.0,768.0,0.0078887939453125,Female,White,True,Female_White,0.0
9026,39--Ice_Skating/39_Ice_Skating_iceskiing_39_157.jpg,140.0,222.0,424.0,608.0,0.0,0.0,0.0,0.0,0.0,0.0,1024.0,768.0,0.1393941243489583,Male,White,True,Male_White,5.0
9027,39--Ice_Skating/39_Ice_Skating_Ice_Skating_39_321.jpg,466.0,134.0,530.0,216.0,0.0,0.0,0.0,0.0,0.0,1.0,1024.0,687.0,0.0074599708879184,Male,White,True,Male_White,0.0
9028,39--Ice_Skating/39_Ice_Skating_Ice_Skating_39_101.jpg,443.0,168.0,544.0,290.0,0.0,0.0,0.0,0.0,1.0,0.0,1024.0,1176.0,0.0102323155824829,Male,White,True,Male_White,0.0
9032,39--Ice_Skating/39_Ice_Skating_Ice_Skating_39_179.jpg,306.0,134.0,370.0,206.0,0.0,0.0,0.0,0.0,0.0,0.0,1024.0,898.0,0.005011135857461,Male,White,True,Male_White,0.0
9034,39--Ice_Skating/39_Ice_Skating_Ice_Skating_39_746.jpg,602.0,146.0,722.0,312.0,0.0,0.0,0.0,0.0,0.0,0.0,1024.0,1469.0,0.0132424268209666,Female,White,True,Female_White,0.0
9035,39--Ice_Skating/39_Ice_Skating_Ice_Skating_39_746.jpg,568.0,11.0,628.0,97.0,0.0,0.0,0.0,0.0,0.0,0.0,1024.0,1469.0,0.0034302671885636,Female,White,True,Female_White,0.0
9036,39--Ice_Skating/39_Ice_Skating_Ice_Skating_39_746.jpg,456.0,502.0,545.0,617.0,0.0,0.0,0.0,0.0,0.0,0.0,1024.0,1469.0,0.0068040280377808,Female,White,True,Female_White,0.0
9037,39--Ice_Skating/39_Ice_Skating_Ice_Skating_39_746.jpg,769.0,393.0,835.0,496.0,0.0,0.0,0.0,0.0,0.0,0.0,1024.0,1469.0,0.0045191775867937,Female,White,True,Female_White,0.0
9038,39--Ice_Skating/39_Ice_Skating_iceskiing_39_45.jpg,364.0,102.0,420.0,176.0,0.0,0.0,0.0,0.0,0.0,0.0,1024.0,673.0,0.0060131872213967,Male,White,True,Male_White,0.0
9041,39--Ice_Skating/39_Ice_Skating_iceskiing_39_631.jpg,609.0,203.0,660.0,263.0,1.0,0.0,0.0,0.0,1.0,0.0,1024.0,682.0,0.0043816440615835,Male,White,True,Male_White,0.0
9043,39--Ice_Skating/39_Ice_Skating_iceskiing_39_933.jpg,294.0,176.0,358.0,266.0,0.0,0.0,0.0,0.0,0.0,0.0,1024.0,488.0,0.0115266393442622,Female,White,True,Female_White,0.0
9044,39--Ice_Skating/39_Ice_Skating_iceskiing_39_933.jpg,498.0,56.0,560.0,140.0,0.0,0.0,0.0,0.0,0.0,0.0,1024.0,488.0,0.0104220030737704,Female,White,True,Female_White,0.0
9045,39--Ice_Skating/39_Ice_Skating_iceskiing_39_933.jpg,748.0,86.0,808.0,184.0,0.0,0.0,0.0,0.0,0.0,0.0,1024.0,488.0,0.0117667776639344,Female,White,True,Female_White,0.0
9056,39--Ice_Skating/39_Ice_Skating_iceskiing_39_888.jpg,430.0,981.0,506.0,1083.0,1.0,0.0,0.0,0.0,0.0,1.0,1024.0,1303.0,0.0058099098234842,Male,White,True,Male_White,0.0
9062,39--Ice_Skating/39_Ice_Skating_iceskiing_39_484.jpg,571.0,565.0,631.0,646.0,1.0,0.0,0.0,0.0,0.0,0.0,1024.0,1536.0,0.0030899047851562,Male,White,True,Male_White,0.0
9070,39--Ice_Skating/39_Ice_Skating_Ice_Skating_39_876.jpg,513.0,184.0,549.0,227.0,1.0,0.0,1.0,0.0,0.0,0.0,1024.0,684.0,0.0022101151315789,Male,White,True,Male_White,0.0
9114,39--Ice_Skating/39_Ice_Skating_Ice_Skating_39_109.jpg,434.0,532.0,552.0,700.0,0.0,0.0,0.0,0.0,0.0,1.0,1024.0,1229.0,0.0157521358828315,Male,Asian,True,Male_Asian,0.0
9122,39--Ice_Skating/39_Ice_Skating_iceskiing_39_723.jpg,471.0,78.0,511.0,129.0,1.0,0.0,0.0,0.0,0.0,0.0,1024.0,342.0,0.0058251096491228,Male,White,True,Male_White,0.0
9129,39--Ice_Skating/39_Ice_Skating_iceskiing_39_26.jpg,520.0,250.0,565.0,302.0,1.0,0.0,0.0,0.0,1.0,0.0,1024.0,684.0,0.0033408717105263,Male,White,True,Male_White,0.0
9137,39--Ice_Skating/39_Ice_Skating_Ice_Skating_39_20.jpg,588.0,133.0,757.0,360.0,0.0,0.0,0.0,0.0,0.0,0.0,1024.0,1847.0,0.0202836313955062,Male,White,True,Male_White,0.0
9138,39--Ice_Skating/39_Ice_Skating_iceskiing_39_803.jpg,446.0,373.0,490.0,434.0,1.0,0.0,0.0,0.0,0.0,1.0,1024.0,1119.0,0.0023423536639857,Male,White,True,Male_White,0.0
9155,39--Ice_Skating/39_Ice_Skating_iceskiing_39_264.jpg,502.0,687.0,584.0,796.0,0.0,0.0,0.0,0.0,0.0,0.0,1024.0,1504.0,0.0058035343251329,Male,White,True,Male_White,0.0
9156,39--Ice_Skating/39_Ice_Skating_iceskiing_39_281.jpg,378.0,284.0,664.0,670.0,0.0,0.0,0.0,0.0,0.0,0.0,1024.0,768.0,0.1403757731119791,Male,White,True,Male_White,5.0
9167,39--Ice_Skating/39_Ice_Skating_iceskiing_39_788.jpg,252.0,266.0,322.0,356.0,0.0,0.0,0.0,0.0,0.0,0.0,1024.0,721.0,0.0085330703883495,Male,White,True,Male_White,0.0
9168,39--Ice_Skating/39_Ice_Skating_Ice_Skating_39_284.jpg,232.0,623.0,371.0,749.0,1.0,0.0,0.0,0.0,0.0,1.0,1024.0,1540.0,0.0111061789772727,Male,Asian,True,Male_Asian,0.0
9195,4--Dancing/4_Dancing_Dancing_4_198.jpg,506.0,114.0,584.0,226.0,1.0,0.0,0.0,0.0,0.0,0.0,1024.0,768.0,0.0111083984375,Male,White,True,Male_White,0.0
9196,4--Dancing/4_Dancing_Dancing_4_871.jpg,126.0,8.0,404.0,320.0,0.0,0.0,0.0,0.0,0.0,0.0,1024.0,888.0,0.095386402027027,Male,White,True,Male_White,3.0
9205,4--Dancing/4_Dancing_Dancing_4_531.jpg,209.0,322.0,410.0,504.0,0.0,0.0,0.0,0.0,0.0,1.0,1024.0,1072.0,0.0333251953125,Male,Indian,True,Male_Indian,1.0
9248,4--Dancing/4_Dancing_Dancing_4_774.jpg,184.0,379.0,256.0,472.0,0.0,0.0,0.0,0.0,0.0,0.0,1024.0,1366.0,0.0047870150073206,Female,White,True,Female_White,0.0
9249,4--Dancing/4_Dancing_Dancing_4_774.jpg,349.0,371.0,424.0,462.0,0.0,0.0,0.0,0.0,0.0,0.0,1024.0,1366.0,0.004879237966691,Female,White,True,Female_White,0.0
9250,4--Dancing/4_Dancing_Dancing_4_774.jpg,509.0,427.0,576.0,507.0,0.0,0.0,0.0,0.0,0.0,0.0,1024.0,1366.0,0.0038318997071742,Female,White,True,Female_White,0.0
9251,4--Dancing/4_Dancing_Dancing_4_774.jpg,752.0,344.0,816.0,445.0,0.0,0.0,0.0,0.0,0.0,0.0,1024.0,1366.0,0.0046211566617862,Female,White,True,Female_White,0.0
9252,4--Dancing/4_Dancing_Dancing_4_774.jpg,659.0,1048.0,734.0,1152.0,0.0,0.0,0.0,0.0,0.0,1.0,1024.0,1366.0,0.0055762719619326,Female,White,True,Female_White,0.0
9255,4--Dancing/4_Dancing_Dancing_4_598.jpg,160.0,163.0,203.0,217.0,0.0,0.0,0.0,0.0,0.0,0.0,1024.0,646.0,0.0035101828560371,Female,White,True,Female_White,0.0
9256,4--Dancing/4_Dancing_Dancing_4_598.jpg,247.0,178.0,288.0,223.0,0.0,0.0,0.0,0.0,0.0,0.0,1024.0,646.0,0.0027890987809597,Female,White,True,Female_White,0.0
9257,4--Dancing/4_Dancing_Dancing_4_598.jpg,451.0,165.0,492.0,215.0,0.0,0.0,0.0,0.0,0.0,0.0,1024.0,646.0,0.0030989986455108,Female,White,True,Female_White,0.0
9258,4--Dancing/4_Dancing_Dancing_4_598.jpg,597.0,172.0,640.0,224.0,0.0,0.0,0.0,0.0,0.0,0.0,1024.0,646.0,0.0033801760835913,Female,Black,True,Female_Black,0.0
9259,4--Dancing/4_Dancing_Dancing_4_598.jpg,759.0,162.0,797.0,211.0,0.0,0.0,0.0,0.0,0.0,0.0,1024.0,646.0,0.0028147977941176,Female,White,True,Female_White,0.0
9260,4--Dancing/4_Dancing_Dancing_4_598.jpg,871.0,159.0,911.0,210.0,0.0,0.0,0.0,0.0,0.0,0.0,1024.0,646.0,0.0030838815789473,Female,White,True,Female_White,0.0
9265,4--Dancing/4_Dancing_Dancing_4_944.jpg,362.0,184.0,858.0,924.0,0.0,0.0,1.0,0.0,0.0,0.0,1024.0,1020.0,0.3514093137254901,Male,White,True,Male_White,13.0
9275,4--Dancing/4_Dancing_Dancing_4_226.jpg,453.0,207.0,654.0,422.0,0.0,0.0,0.0,0.0,0.0,0.0,1024.0,1433.0,0.029450208260642,Male,White,True,Male_White,1.0
9278,4--Dancing/4_Dancing_Dancing_4_522.jpg,441.0,155.0,643.0,464.0,0.0,0.0,0.0,0.0,0.0,0.0,1024.0,1056.0,0.0577226118607954,Male,White,True,Male_White,2.0
9309,4--Dancing/4_Dancing_Dancing_4_419.jpg,529.0,159.0,867.0,610.0,0.0,0.0,1.0,0.0,0.0,0.0,1024.0,1031.0,0.1443891701018428,Male,White,True,Male_White,5.0
9310,4--Dancing/4_Dancing_Dancing_4_862.jpg,572.0,112.0,670.0,232.0,1.0,0.0,0.0,0.0,0.0,1.0,1024.0,768.0,0.01495361328125,Male,Indian,True,Male_Indian,0.0
9318,4--Dancing/4_Dancing_Dancing_4_182.jpg,208.0,151.0,276.0,255.0,0.0,0.0,0.0,0.0,0.0,0.0,1024.0,1086.0,0.0063593462246777,Female,White,True,Female_White,0.0
9319,4--Dancing/4_Dancing_Dancing_4_182.jpg,460.0,117.0,538.0,238.0,0.0,0.0,0.0,0.0,0.0,0.0,1024.0,1086.0,0.0084869216160221,Female,White,True,Female_White,0.0
9320,4--Dancing/4_Dancing_Dancing_4_182.jpg,702.0,187.0,766.0,263.0,0.0,0.0,0.0,0.0,0.0,0.0,1024.0,1086.0,0.0043738489871086,Female,White,True,Female_White,0.0
9372,4--Dancing/4_Dancing_Dancing_4_68.jpg,402.0,349.0,439.0,402.0,1.0,0.0,1.0,0.0,0.0,0.0,1024.0,873.0,0.0021936300830469,Female,White,True,Female_White,0.0
9373,4--Dancing/4_Dancing_Dancing_4_68.jpg,650.0,337.0,683.0,385.0,1.0,0.0,1.0,0.0,0.0,0.0,1024.0,873.0,0.0017719072164948,Female,White,True,Female_White,0.0
9374,4--Dancing/4_Dancing_Dancing_4_68.jpg,875.0,318.0,908.0,367.0,1.0,0.0,1.0,0.0,0.0,0.0,1024.0,873.0,0.0018088219501718,Female,White,True,Female_White,0.0
9399,4--Dancing/4_Dancing_Dancing_4_613.jpg,361.0,349.0,407.0,412.0,1.0,0.0,0.0,0.0,0.0,0.0,1024.0,653.0,0.0043339634379785,Female,White,True,Female_White,0.0
9400,4--Dancing/4_Dancing_Dancing_4_613.jpg,547.0,111.0,596.0,168.0,1.0,0.0,0.0,0.0,0.0,0.0,1024.0,653.0,0.0041769357771822,Female,White,True,Female_White,0.0
9401,4--Dancing/4_Dancing_Dancing_4_613.jpg,599.0,246.0,651.0,319.0,1.0,0.0,0.0,0.0,0.0,0.0,1024.0,653.0,0.0056769238131699,Female,White,True,Female_White,0.0
9407,40--Gymnastics/40_Gymnastics_Gymnastics_40_204.jpg,456.0,144.0,516.0,222.0,0.0,0.0,0.0,0.0,0.0,0.0,1024.0,468.0,0.009765625,Male,White,True,Male_White,0.0
9420,40--Gymnastics/40_Gymnastics_Gymnastics_40_904.jpg,529.0,169.0,566.0,220.0,0.0,0.0,0.0,0.0,0.0,0.0,1024.0,683.0,0.0026980577415812,Male,White,True,Male_White,0.0
9434,40--Gymnastics/40_Gymnastics_Gymnastics_40_463.jpg,370.0,218.0,430.0,300.0,0.0,0.0,0.0,0.0,0.0,0.0,1024.0,768.0,0.006256103515625,Female,White,True,Female_White,0.0
9435,40--Gymnastics/40_Gymnastics_Gymnastics_40_463.jpg,516.0,184.0,588.0,280.0,0.0,0.0,0.0,0.0,0.0,0.0,1024.0,768.0,0.0087890625,Female,Asian,True,Female_Asian,0.0
9436,40--Gymnastics/40_Gymnastics_Gymnastics_40_463.jpg,710.0,184.0,780.0,284.0,0.0,0.0,0.0,0.0,0.0,0.0,1024.0,768.0,0.0089009602864583,Female,White,True,Female_White,0.0
9437,40--Gymnastics/40_Gymnastics_Gymnastics_40_463.jpg,252.0,338.0,316.0,422.0,0.0,0.0,0.0,0.0,0.0,0.0,1024.0,768.0,0.0068359375,Female,White,True,Female_White,0.0
9439,40--Gymnastics/40_Gymnastics_Gymnastics_40_26.jpg,400.0,773.0,507.0,952.0,1.0,0.0,0.0,0.0,0.0,1.0,1024.0,1366.0,0.0136926072931918,Male,Asian,True,Male_Asian,0.0
9441,40--Gymnastics/40_Gymnastics_Gymnastics_40_66.jpg,474.0,104.0,552.0,206.0,0.0,0.0,0.0,0.0,0.0,0.0,1024.0,683.0,0.0113755948023426,Male,White,True,Male_White,0.0
9442,40--Gymnastics/40_Gymnastics_Gymnastics_40_305.jpg,239.0,214.0,304.0,305.0,0.0,0.0,0.0,0.0,0.0,0.0,1024.0,681.0,0.008482183828928,Female,White,True,Female_White,0.0
9443,40--Gymnastics/40_Gymnastics_Gymnastics_40_305.jpg,269.0,137.0,332.0,215.0,0.0,0.0,0.0,0.0,0.0,0.0,1024.0,681.0,0.0070467373348017,Female,White,True,Female_White,0.0
9444,40--Gymnastics/40_Gymnastics_Gymnastics_40_305.jpg,353.0,135.0,410.0,203.0,0.0,0.0,0.0,0.0,0.0,0.0,1024.0,681.0,0.0055582323788546,Female,White,True,Female_White,0.0
9445,40--Gymnastics/40_Gymnastics_Gymnastics_40_305.jpg,448.0,159.0,501.0,220.0,0.0,0.0,0.0,0.0,0.0,0.0,1024.0,681.0,0.0046361623531571,Female,White,True,Female_White,0.0
9446,40--Gymnastics/40_Gymnastics_Gymnastics_40_305.jpg,579.0,182.0,630.0,243.0,0.0,0.0,0.0,0.0,0.0,0.0,1024.0,681.0,0.0044612128303964,Female,White,True,Female_White,0.0
9447,40--Gymnastics/40_Gymnastics_Gymnastics_40_305.jpg,735.0,143.0,790.0,202.0,0.0,0.0,0.0,0.0,0.0,0.0,1024.0,681.0,0.0046533705029368,Female,White,True,Female_White,0.0
9448,40--Gymnastics/40_Gymnastics_Gymnastics_40_305.jpg,583.0,309.0,637.0,371.0,0.0,0.0,0.0,0.0,0.0,0.0,1024.0,681.0,0.0048010737885462,Female,White,True,Female_White,0.0
9449,40--Gymnastics/40_Gymnastics_Gymnastics_40_305.jpg,483.0,297.0,540.0,364.0,0.0,0.0,0.0,0.0,0.0,0.0,1024.0,681.0,0.0054764936674008,Female,White,True,Female_White,0.0
9450,40--Gymnastics/40_Gymnastics_Gymnastics_40_305.jpg,352.0,306.0,410.0,372.0,0.0,0.0,0.0,0.0,0.0,0.0,1024.0,681.0,0.0054893997797356,Female,White,True,Female_White,0.0
9451,40--Gymnastics/40_Gymnastics_Gymnastics_40_587.jpg,144.0,182.0,252.0,350.0,0.0,0.0,0.0,0.0,0.0,0.0,1024.0,577.0,0.0307084055459272,Female,White,True,Female_White,1.0
9452,40--Gymnastics/40_Gymnastics_Gymnastics_40_587.jpg,438.0,98.0,550.0,274.0,0.0,0.0,0.0,0.0,0.0,0.0,1024.0,577.0,0.0333622183708838,Female,White,True,Female_White,1.0
9453,40--Gymnastics/40_Gymnastics_Gymnastics_40_587.jpg,682.0,42.0,816.0,220.0,0.0,0.0,0.0,0.0,0.0,0.0,1024.0,577.0,0.0403690966204506,Female,White,True,Female_White,1.0
9463,40--Gymnastics/40_Gymnastics_Gymnastics_40_388.jpg,278.0,120.0,316.0,173.0,0.0,0.0,0.0,0.0,0.0,0.0,1024.0,771.0,0.0025509687094682,Female,White,True,Female_White,0.0
9464,40--Gymnastics/40_Gymnastics_Gymnastics_40_388.jpg,450.0,137.0,486.0,186.0,0.0,0.0,0.0,0.0,0.0,0.0,1024.0,771.0,0.0022343142023346,Female,White,True,Female_White,0.0
9465,40--Gymnastics/40_Gymnastics_Gymnastics_40_388.jpg,540.0,128.0,581.0,179.0,0.0,0.0,0.0,0.0,0.0,0.0,1024.0,771.0,0.0026484982976653,Female,White,True,Female_White,0.0
9466,40--Gymnastics/40_Gymnastics_Gymnastics_40_388.jpg,655.0,146.0,693.0,196.0,0.0,0.0,0.0,0.0,0.0,0.0,1024.0,771.0,0.0024065742542153,Female,White,True,Female_White,0.0
9467,40--Gymnastics/40_Gymnastics_Gymnastics_40_388.jpg,690.0,290.0,735.0,349.0,0.0,0.0,0.0,0.0,0.0,0.0,1024.0,771.0,0.0033628708657587,Female,Black,True,Female_Black,0.0
9468,40--Gymnastics/40_Gymnastics_Gymnastics_40_388.jpg,469.0,285.0,515.0,346.0,0.0,0.0,0.0,0.0,0.0,0.0,1024.0,771.0,0.0035541301880674,Female,White,True,Female_White,0.0
9469,40--Gymnastics/40_Gymnastics_Gymnastics_40_388.jpg,332.0,276.0,379.0,342.0,0.0,0.0,0.0,0.0,0.0,0.0,1024.0,771.0,0.0039290491245136,Female,White,True,Female_White,0.0
9470,40--Gymnastics/40_Gymnastics_Gymnastics_40_388.jpg,838.0,291.0,883.0,346.0,0.0,0.0,0.0,0.0,0.0,0.0,1024.0,771.0,0.0031348796206225,Female,White,True,Female_White,0.0
9473,40--Gymnastics/40_Gymnastics_Gymnastics_40_148.jpg,494.0,183.0,524.0,224.0,0.0,0.0,0.0,0.0,0.0,0.0,1024.0,683.0,0.0017586703879941,Female,White,True,Female_White,0.0
9474,40--Gymnastics/40_Gymnastics_Gymnastics_40_148.jpg,590.0,183.0,617.0,222.0,0.0,0.0,0.0,0.0,0.0,0.0,1024.0,683.0,0.0015055934297218,Female,White,True,Female_White,0.0
9475,40--Gymnastics/40_Gymnastics_Gymnastics_40_148.jpg,674.0,209.0,705.0,244.0,0.0,0.0,0.0,0.0,0.0,0.0,1024.0,683.0,0.0015513474560761,Female,White,True,Female_White,0.0
9476,40--Gymnastics/40_Gymnastics_Gymnastics_40_148.jpg,764.0,207.0,797.0,246.0,0.0,0.0,0.0,0.0,0.0,0.0,1024.0,683.0,0.0018401697474377,Female,White,True,Female_White,0.0
9477,40--Gymnastics/40_Gymnastics_Gymnastics_40_148.jpg,847.0,201.0,876.0,239.0,0.0,0.0,0.0,0.0,0.0,0.0,1024.0,683.0,0.0015756542825768,Female,White,True,Female_White,0.0
9478,40--Gymnastics/40_Gymnastics_Gymnastics_40_148.jpg,939.0,270.0,973.0,307.0,0.0,0.0,0.0,0.0,0.0,0.0,1024.0,683.0,0.0017987051610541,Female,White,True,Female_White,0.0
9479,40--Gymnastics/40_Gymnastics_Gymnastics_40_148.jpg,836.0,358.0,872.0,403.0,0.0,0.0,0.0,0.0,0.0,0.0,1024.0,683.0,0.0023162975841874,Female,White,True,Female_White,0.0
9480,40--Gymnastics/40_Gymnastics_Gymnastics_40_148.jpg,721.0,363.0,760.0,409.0,0.0,0.0,0.0,0.0,0.0,0.0,1024.0,683.0,0.002565085102489,Female,White,True,Female_White,0.0
9481,40--Gymnastics/40_Gymnastics_Gymnastics_40_148.jpg,622.0,361.0,658.0,403.0,0.0,0.0,0.0,0.0,0.0,0.0,1024.0,683.0,0.0021618777452415,Female,White,True,Female_White,0.0
9482,40--Gymnastics/40_Gymnastics_Gymnastics_40_148.jpg,517.0,365.0,551.0,405.0,0.0,0.0,0.0,0.0,0.0,0.0,1024.0,683.0,0.0019445461200585,Female,White,True,Female_White,0.0
9483,40--Gymnastics/40_Gymnastics_Gymnastics_40_148.jpg,413.0,349.0,447.0,394.0,0.0,0.0,0.0,0.0,0.0,0.0,1024.0,683.0,0.0021876143850658,Female,White,True,Female_White,0.0
9484,40--Gymnastics/40_Gymnastics_Gymnastics_40_148.jpg,304.0,358.0,341.0,403.0,0.0,0.0,0.0,0.0,0.0,0.0,1024.0,683.0,0.0023806391837481,Female,White,True,Female_White,0.0
9485,40--Gymnastics/40_Gymnastics_Gymnastics_40_148.jpg,192.0,357.0,226.0,404.0,0.0,0.0,0.0,0.0,0.0,0.0,1024.0,683.0,0.0022848416910688,Female,White,True,Female_White,0.0
9486,40--Gymnastics/40_Gymnastics_Gymnastics_40_148.jpg,77.0,357.0,119.0,396.0,0.0,0.0,0.0,0.0,0.0,0.0,1024.0,683.0,0.0023420342240117,Female,White,True,Female_White,0.0
9487,40--Gymnastics/40_Gymnastics_Gymnastics_40_148.jpg,118.0,190.0,152.0,230.0,0.0,0.0,0.0,0.0,0.0,0.0,1024.0,683.0,0.0019445461200585,Female,White,True,Female_White,0.0
9488,40--Gymnastics/40_Gymnastics_Gymnastics_40_148.jpg,211.0,195.0,247.0,240.0,0.0,0.0,0.0,0.0,0.0,0.0,1024.0,683.0,0.0023162975841874,Female,White,True,Female_White,0.0
9489,40--Gymnastics/40_Gymnastics_Gymnastics_40_148.jpg,308.0,187.0,341.0,228.0,0.0,0.0,0.0,0.0,0.0,0.0,1024.0,683.0,0.0019345374267935,Female,White,True,Female_White,0.0
9490,40--Gymnastics/40_Gymnastics_Gymnastics_40_148.jpg,399.0,193.0,432.0,232.0,0.0,0.0,0.0,0.0,0.0,0.0,1024.0,683.0,0.0018401697474377,Female,White,True,Female_White,0.0
9491,40--Gymnastics/40_Gymnastics_Gymnastics_40_176.jpg,200.0,103.0,233.0,148.0,0.0,0.0,0.0,0.0,0.0,0.0,1024.0,750.0,0.00193359375,Female,White,True,Female_White,0.0
9492,40--Gymnastics/40_Gymnastics_Gymnastics_40_176.jpg,311.0,79.0,344.0,123.0,0.0,0.0,0.0,0.0,0.0,0.0,1024.0,750.0,0.001890625,Female,White,True,Female_White,0.0
9493,40--Gymnastics/40_Gymnastics_Gymnastics_40_176.jpg,459.0,85.0,491.0,125.0,0.0,0.0,0.0,0.0,0.0,0.0,1024.0,750.0,0.0016666666666666,Female,White,True,Female_White,0.0
9494,40--Gymnastics/40_Gymnastics_Gymnastics_40_176.jpg,581.0,100.0,614.0,140.0,0.0,0.0,0.0,0.0,0.0,0.0,1024.0,750.0,0.00171875,Female,White,True,Female_White,0.0
9495,40--Gymnastics/40_Gymnastics_Gymnastics_40_176.jpg,696.0,96.0,729.0,134.0,0.0,0.0,0.0,0.0,0.0,0.0,1024.0,750.0,0.0016328125,Female,White,True,Female_White,0.0
9496,40--Gymnastics/40_Gymnastics_Gymnastics_40_176.jpg,814.0,110.0,847.0,147.0,0.0,0.0,0.0,0.0,0.0,0.0,1024.0,750.0,0.00158984375,Female,White,True,Female_White,0.0
9498,40--Gymnastics/40_Gymnastics_Gymnastics_40_680.jpg,82.0,89.0,120.0,133.0,0.0,0.0,0.0,0.0,0.0,0.0,1024.0,554.0,0.0029473149819494,Female,White,True,Female_White,0.0
9499,40--Gymnastics/40_Gymnastics_Gymnastics_40_680.jpg,185.0,94.0,216.0,136.0,0.0,0.0,0.0,0.0,0.0,0.0,1024.0,554.0,0.0022950981498194,Female,White,True,Female_White,0.0
9500,40--Gymnastics/40_Gymnastics_Gymnastics_40_680.jpg,277.0,84.0,312.0,126.0,0.0,0.0,0.0,0.0,0.0,0.0,1024.0,554.0,0.0025912398465703,Female,White,True,Female_White,0.0
9501,40--Gymnastics/40_Gymnastics_Gymnastics_40_680.jpg,385.0,76.0,421.0,117.0,0.0,0.0,0.0,0.0,0.0,0.0,1024.0,554.0,0.00260181633574,Female,White,True,Female_White,0.0
9502,40--Gymnastics/40_Gymnastics_Gymnastics_40_680.jpg,499.0,79.0,532.0,118.0,0.0,0.0,0.0,0.0,0.0,0.0,1024.0,554.0,0.0022686569268953,Female,White,True,Female_White,0.0
9503,40--Gymnastics/40_Gymnastics_Gymnastics_40_680.jpg,613.0,82.0,645.0,126.0,0.0,0.0,0.0,0.0,0.0,0.0,1024.0,554.0,0.0024819494584837,Female,White,True,Female_White,0.0
9504,40--Gymnastics/40_Gymnastics_Gymnastics_40_680.jpg,724.0,95.0,757.0,135.0,0.0,0.0,0.0,0.0,0.0,0.0,1024.0,554.0,0.0023268276173285,Female,White,True,Female_White,0.0
9505,40--Gymnastics/40_Gymnastics_Gymnastics_40_680.jpg,824.0,99.0,860.0,140.0,0.0,0.0,0.0,0.0,0.0,0.0,1024.0,554.0,0.00260181633574,Female,White,True,Female_White,0.0
9506,40--Gymnastics/40_Gymnastics_Gymnastics_40_680.jpg,915.0,100.0,949.0,141.0,0.0,0.0,0.0,0.0,0.0,0.0,1024.0,554.0,0.0024572709837545,Female,White,True,Female_White,0.0
9566,40--Gymnastics/40_Gymnastics_Gymnastics_40_796.jpg,34.0,110.0,112.0,164.0,1.0,0.0,0.0,0.0,0.0,1.0,1024.0,563.0,0.0073060057726465,Male,White,True,Male_White,0.0
9571,40--Gymnastics/40_Gymnastics_Gymnastics_40_681.jpg,264.0,176.0,334.0,272.0,1.0,0.0,1.0,0.0,0.0,0.0,1024.0,1024.0,0.00640869140625,Female,Indian,True,Female_Indian,0.0
9572,40--Gymnastics/40_Gymnastics_Gymnastics_40_681.jpg,442.0,154.0,506.0,260.0,1.0,0.0,1.0,0.0,0.0,0.0,1024.0,1024.0,0.0064697265625,Female,White,True,Female_White,0.0
9573,40--Gymnastics/40_Gymnastics_Gymnastics_40_681.jpg,820.0,146.0,890.0,244.0,1.0,0.0,0.0,0.0,0.0,0.0,1024.0,1024.0,0.0065422058105468,Female,Black,True,Female_Black,0.0
9574,40--Gymnastics/40_Gymnastics_Gymnastics_40_681.jpg,638.0,146.0,708.0,240.0,1.0,0.0,1.0,0.0,0.0,0.0,1024.0,1024.0,0.0062751770019531,Female,White,True,Female_White,0.0
9575,40--Gymnastics/40_Gymnastics_Gymnastics_40_681.jpg,110.0,194.0,188.0,304.0,1.0,0.0,1.0,0.0,0.0,0.0,1024.0,1024.0,0.0081825256347656,Female,Black,True,Female_Black,0.0
9594,40--Gymnastics/40_Gymnastics_Gymnastics_40_931.jpg,126.0,175.0,203.0,287.0,0.0,0.0,0.0,0.0,0.0,0.0,1024.0,1195.0,0.0070475941422594,Female,White,True,Female_White,0.0
9595,40--Gymnastics/40_Gymnastics_Gymnastics_40_931.jpg,292.0,264.0,360.0,360.0,0.0,0.0,0.0,0.0,0.0,0.0,1024.0,1195.0,0.0053347280334728,Female,White,True,Female_White,0.0
9596,40--Gymnastics/40_Gymnastics_Gymnastics_40_931.jpg,616.0,107.0,684.0,212.0,0.0,0.0,0.0,0.0,0.0,0.0,1024.0,1195.0,0.0058348587866108,Female,White,True,Female_White,0.0
9597,40--Gymnastics/40_Gymnastics_Gymnastics_40_931.jpg,805.0,131.0,877.0,229.0,0.0,0.0,0.0,0.0,0.0,0.0,1024.0,1195.0,0.0057662133891213,Female,White,True,Female_White,0.0
9598,40--Gymnastics/40_Gymnastics_Gymnastics_40_931.jpg,476.0,378.0,546.0,483.0,0.0,0.0,0.0,0.0,0.0,0.0,1024.0,1195.0,0.0060064722803347,Female,White,True,Female_White,0.0
9599,40--Gymnastics/40_Gymnastics_Gymnastics_40_931.jpg,644.0,301.0,721.0,408.0,0.0,0.0,0.0,0.0,0.0,0.0,1024.0,1195.0,0.0067329694037656,Female,White,True,Female_White,0.0
9600,40--Gymnastics/40_Gymnastics_Gymnastics_40_931.jpg,816.0,299.0,888.0,397.0,0.0,0.0,0.0,0.0,0.0,0.0,1024.0,1195.0,0.0057662133891213,Female,White,True,Female_White,0.0
9601,40--Gymnastics/40_Gymnastics_Gymnastics_40_931.jpg,247.0,567.0,324.0,677.0,0.0,0.0,0.0,0.0,0.0,0.0,1024.0,1195.0,0.0069217442468619,Female,White,True,Female_White,0.0
9602,40--Gymnastics/40_Gymnastics_Gymnastics_40_931.jpg,436.0,541.0,518.0,651.0,0.0,0.0,0.0,0.0,0.0,0.0,1024.0,1195.0,0.0073712081589958,Female,White,True,Female_White,0.0
9603,40--Gymnastics/40_Gymnastics_Gymnastics_40_931.jpg,667.0,618.0,751.0,735.0,0.0,0.0,0.0,0.0,0.0,0.0,1024.0,1195.0,0.0080315115062761,Female,White,True,Female_White,0.0
9605,40--Gymnastics/40_Gymnastics_Gymnastics_40_835.jpg,236.0,50.0,310.0,142.0,0.0,0.0,0.0,0.0,0.0,0.0,1024.0,771.0,0.0086231355382619,Female,White,True,Female_White,0.0
9606,40--Gymnastics/40_Gymnastics_Gymnastics_40_835.jpg,404.0,66.0,476.0,160.0,0.0,0.0,0.0,0.0,0.0,0.0,1024.0,771.0,0.0085724708171206,Female,White,True,Female_White,0.0
9607,40--Gymnastics/40_Gymnastics_Gymnastics_40_835.jpg,592.0,56.0,656.0,146.0,0.0,0.0,0.0,0.0,0.0,0.0,1024.0,771.0,0.0072957198443579,Female,White,True,Female_White,0.0
9608,40--Gymnastics/40_Gymnastics_Gymnastics_40_835.jpg,766.0,40.0,834.0,116.0,0.0,0.0,0.0,0.0,0.0,0.0,1024.0,771.0,0.0065458819714656,Female,White,True,Female_White,0.0
9609,40--Gymnastics/40_Gymnastics_Gymnastics_40_835.jpg,420.0,388.0,512.0,482.0,0.0,0.0,0.0,0.0,0.0,0.0,1024.0,771.0,0.0109537127107652,Female,White,True,Female_White,0.0
9610,40--Gymnastics/40_Gymnastics_Gymnastics_40_835.jpg,552.0,402.0,626.0,502.0,0.0,0.0,0.0,0.0,0.0,0.0,1024.0,771.0,0.0093729734111543,Female,White,True,Female_White,0.0
9611,40--Gymnastics/40_Gymnastics_Gymnastics_40_416.jpg,260.0,174.0,338.0,288.0,0.0,0.0,0.0,0.0,0.0,0.0,1024.0,768.0,0.0113067626953125,Female,White,True,Female_White,0.0
9612,40--Gymnastics/40_Gymnastics_Gymnastics_40_416.jpg,446.0,198.0,518.0,304.0,0.0,0.0,0.0,0.0,0.0,0.0,1024.0,768.0,0.00970458984375,Female,White,True,Female_White,0.0
9613,40--Gymnastics/40_Gymnastics_Gymnastics_40_416.jpg,574.0,294.0,672.0,422.0,0.0,0.0,0.0,0.0,0.0,0.0,1024.0,768.0,0.0159505208333333,Female,White,True,Female_White,0.0
9614,40--Gymnastics/40_Gymnastics_Gymnastics_40_416.jpg,764.0,284.0,854.0,396.0,0.0,0.0,0.0,0.0,0.0,0.0,1024.0,768.0,0.0128173828125,Female,Indian,True,Female_Indian,0.0
9626,40--Gymnastics/40_Gymnastics_Gymnastics_40_926.jpg,134.0,6.0,528.0,482.0,0.0,0.0,0.0,0.0,0.0,0.0,1024.0,576.0,0.3179660373263889,Male,Indian,True,Male_Indian,11.0
9630,40--Gymnastics/40_Gymnastics_Gymnastics_40_987.jpg,428.0,468.0,484.0,560.0,0.0,0.0,0.0,0.0,0.0,0.0,1024.0,940.0,0.0053523936170212,Female,White,True,Female_White,0.0
9631,40--Gymnastics/40_Gymnastics_Gymnastics_40_987.jpg,584.0,526.0,636.0,612.0,0.0,0.0,0.0,0.0,0.0,0.0,1024.0,940.0,0.0046459441489361,Female,White,True,Female_White,0.0
9632,40--Gymnastics/40_Gymnastics_Gymnastics_40_987.jpg,728.0,486.0,790.0,564.0,0.0,0.0,0.0,0.0,0.0,0.0,1024.0,940.0,0.005024102393617,Female,White,True,Female_White,0.0
9633,40--Gymnastics/40_Gymnastics_Gymnastics_40_987.jpg,862.0,492.0,922.0,582.0,0.0,0.0,0.0,0.0,0.0,0.0,1024.0,940.0,0.005610039893617,Female,White,True,Female_White,0.0
9634,40--Gymnastics/40_Gymnastics_Gymnastics_40_987.jpg,530.0,404.0,612.0,458.0,1.0,0.0,0.0,0.0,0.0,1.0,1024.0,940.0,0.0046002327127659,Female,White,True,Female_White,0.0
9639,40--Gymnastics/40_Gymnastics_Gymnastics_40_264.jpg,197.0,107.0,246.0,171.0,0.0,0.0,0.0,0.0,0.0,0.0,1024.0,820.0,0.0037347560975609,Female,White,True,Female_White,0.0
9640,40--Gymnastics/40_Gymnastics_Gymnastics_40_264.jpg,298.0,142.0,350.0,203.0,0.0,0.0,0.0,0.0,0.0,0.0,1024.0,820.0,0.0037776295731707,Female,White,True,Female_White,0.0
9641,40--Gymnastics/40_Gymnastics_Gymnastics_40_264.jpg,411.0,117.0,461.0,174.0,0.0,0.0,0.0,0.0,0.0,0.0,1024.0,820.0,0.003394150152439,Female,White,True,Female_White,0.0
9642,40--Gymnastics/40_Gymnastics_Gymnastics_40_264.jpg,559.0,133.0,607.0,191.0,0.0,0.0,0.0,0.0,0.0,0.0,1024.0,820.0,0.0033155487804878,Female,White,True,Female_White,0.0
9643,40--Gymnastics/40_Gymnastics_Gymnastics_40_264.jpg,676.0,156.0,725.0,213.0,0.0,0.0,0.0,0.0,0.0,0.0,1024.0,820.0,0.0033262671493902,Female,White,True,Female_White,0.0
9644,40--Gymnastics/40_Gymnastics_Gymnastics_40_264.jpg,804.0,69.0,856.0,138.0,0.0,0.0,0.0,0.0,0.0,0.0,1024.0,820.0,0.004273056402439,Male,White,True,Male_White,0.0
9645,40--Gymnastics/40_Gymnastics_Gymnastics_40_264.jpg,752.0,314.0,803.0,379.0,0.0,0.0,0.0,0.0,0.0,0.0,1024.0,820.0,0.0039479325457317,Female,White,True,Female_White,0.0
9646,40--Gymnastics/40_Gymnastics_Gymnastics_40_264.jpg,578.0,354.0,630.0,420.0,0.0,0.0,0.0,0.0,0.0,0.0,1024.0,820.0,0.0040872713414634,Female,Black,True,Female_Black,0.0
9647,40--Gymnastics/40_Gymnastics_Gymnastics_40_264.jpg,466.0,368.0,519.0,427.0,0.0,0.0,0.0,0.0,0.0,0.0,1024.0,820.0,0.0037240377286585,Female,Black,True,Female_Black,0.0
9648,40--Gymnastics/40_Gymnastics_Gymnastics_40_264.jpg,361.0,357.0,410.0,417.0,0.0,0.0,0.0,0.0,0.0,0.0,1024.0,820.0,0.0035013338414634,Female,Black,True,Female_Black,0.0
9649,40--Gymnastics/40_Gymnastics_Gymnastics_40_264.jpg,247.0,342.0,293.0,394.0,0.0,0.0,0.0,0.0,0.0,0.0,1024.0,820.0,0.0028487042682926,Female,White,True,Female_White,0.0
9650,40--Gymnastics/40_Gymnastics_Gymnastics_40_264.jpg,471.0,512.0,528.0,577.0,0.0,0.0,0.0,0.0,0.0,0.0,1024.0,820.0,0.0044123951981707,Female,White,True,Female_White,0.0
9651,40--Gymnastics/40_Gymnastics_Gymnastics_40_264.jpg,580.0,501.0,639.0,570.0,0.0,0.0,0.0,0.0,0.0,0.0,1024.0,820.0,0.0048482755335365,Female,White,True,Female_White,0.0
9654,40--Gymnastics/40_Gymnastics_Gymnastics_40_1041.jpg,902.0,223.0,947.0,283.0,1.0,0.0,0.0,0.0,0.0,0.0,1024.0,752.0,0.0035062749335106,Female,Asian,True,Female_Asian,0.0
9655,40--Gymnastics/40_Gymnastics_Gymnastics_40_1041.jpg,70.0,167.0,114.0,225.0,1.0,0.0,0.0,0.0,0.0,0.0,1024.0,752.0,0.0033140791223404,Female,Asian,True,Female_Asian,0.0
9656,40--Gymnastics/40_Gymnastics_Gymnastics_40_1041.jpg,253.0,177.0,299.0,235.0,1.0,0.0,0.0,0.0,0.0,0.0,1024.0,752.0,0.0034647190824468,Female,Asian,True,Female_Asian,0.0
9657,40--Gymnastics/40_Gymnastics_Gymnastics_40_1041.jpg,425.0,193.0,471.0,251.0,1.0,0.0,0.0,0.0,0.0,0.0,1024.0,752.0,0.0034647190824468,Female,Asian,True,Female_Asian,0.0
9658,40--Gymnastics/40_Gymnastics_Gymnastics_40_1041.jpg,584.0,209.0,632.0,263.0,1.0,0.0,0.0,0.0,0.0,0.0,1024.0,752.0,0.0033660239361702,Female,Asian,True,Female_Asian,0.0
9659,40--Gymnastics/40_Gymnastics_Gymnastics_40_1041.jpg,745.0,213.0,790.0,263.0,1.0,0.0,0.0,0.0,0.0,0.0,1024.0,752.0,0.0029218957779255,Female,Asian,True,Female_Asian,0.0
9668,40--Gymnastics/40_Gymnastics_Gymnastics_40_708.jpg,201.0,194.0,250.0,251.0,0.0,0.0,0.0,0.0,0.0,0.0,1024.0,768.0,0.0035514831542968,Female,White,True,Female_White,0.0
9669,40--Gymnastics/40_Gymnastics_Gymnastics_40_708.jpg,230.0,114.0,270.0,163.0,0.0,0.0,0.0,0.0,0.0,0.0,1024.0,768.0,0.0024922688802083,Female,White,True,Female_White,0.0
9670,40--Gymnastics/40_Gymnastics_Gymnastics_40_708.jpg,357.0,67.0,396.0,121.0,0.0,0.0,0.0,0.0,0.0,0.0,1024.0,768.0,0.0026779174804687,Female,White,True,Female_White,0.0
9671,40--Gymnastics/40_Gymnastics_Gymnastics_40_708.jpg,492.0,141.0,533.0,192.0,0.0,0.0,0.0,0.0,0.0,0.0,1024.0,768.0,0.0026588439941406,Female,White,True,Female_White,0.0
9672,40--Gymnastics/40_Gymnastics_Gymnastics_40_708.jpg,633.0,80.0,673.0,136.0,0.0,0.0,0.0,0.0,0.0,0.0,1024.0,768.0,0.0028483072916666,Female,White,True,Female_White,0.0
9673,40--Gymnastics/40_Gymnastics_Gymnastics_40_708.jpg,736.0,105.0,777.0,152.0,0.0,0.0,0.0,0.0,0.0,0.0,1024.0,768.0,0.0024503072102864,Female,Black,True,Female_Black,0.0
9674,40--Gymnastics/40_Gymnastics_Gymnastics_40_708.jpg,790.0,220.0,836.0,280.0,1.0,0.0,0.0,0.0,0.0,0.0,1024.0,768.0,0.003509521484375,Female,White,True,Female_White,0.0
9675,40--Gymnastics/40_Gymnastics_Gymnastics_40_708.jpg,661.0,362.0,708.0,422.0,0.0,0.0,0.0,0.0,0.0,0.0,1024.0,768.0,0.0035858154296875,Female,Black,True,Female_Black,0.0
9676,40--Gymnastics/40_Gymnastics_Gymnastics_40_708.jpg,513.0,338.0,565.0,398.0,0.0,0.0,0.0,0.0,0.0,0.0,1024.0,768.0,0.00396728515625,Female,White,True,Female_White,0.0
9677,40--Gymnastics/40_Gymnastics_Gymnastics_40_708.jpg,354.0,375.0,401.0,435.0,0.0,0.0,0.0,0.0,0.0,0.0,1024.0,768.0,0.0035858154296875,Female,Black,True,Female_Black,0.0
9687,40--Gymnastics/40_Gymnastics_Gymnastics_40_952.jpg,336.0,84.0,458.0,208.0,0.0,0.0,0.0,0.0,0.0,1.0,1024.0,768.0,0.0192362467447916,Female,White,True,Female_White,0.0
9688,40--Gymnastics/40_Gymnastics_Gymnastics_40_952.jpg,500.0,100.0,598.0,250.0,0.0,0.0,0.0,0.0,0.0,1.0,1024.0,768.0,0.0186920166015625,Female,White,True,Female_White,0.0
9689,40--Gymnastics/40_Gymnastics_Gymnastics_40_952.jpg,610.0,192.0,708.0,312.0,0.0,0.0,0.0,0.0,0.0,1.0,1024.0,768.0,0.01495361328125,Female,White,True,Female_White,0.0
9690,40--Gymnastics/40_Gymnastics_Gymnastics_40_952.jpg,762.0,332.0,860.0,416.0,0.0,0.0,0.0,0.0,0.0,1.0,1024.0,768.0,0.010467529296875,Female,White,True,Female_White,0.0
9691,40--Gymnastics/40_Gymnastics_Gymnastics_40_952.jpg,558.0,484.0,678.0,626.0,0.0,0.0,0.0,0.0,0.0,0.0,1024.0,768.0,0.02166748046875,Female,White,True,Female_White,0.0
9692,40--Gymnastics/40_Gymnastics_Gymnastics_40_952.jpg,358.0,656.0,544.0,766.0,0.0,0.0,0.0,0.0,0.0,1.0,1024.0,768.0,0.0260162353515625,Female,Asian,True,Female_Asian,0.0
9693,40--Gymnastics/40_Gymnastics_Gymnastics_40_952.jpg,412.0,374.0,572.0,484.0,0.0,0.0,0.0,0.0,0.0,1.0,1024.0,768.0,0.0223795572916666,Female,White,True,Female_White,0.0
9694,40--Gymnastics/40_Gymnastics_Gymnastics_40_952.jpg,374.0,250.0,516.0,346.0,0.0,0.0,0.0,0.0,0.0,1.0,1024.0,768.0,0.017333984375,Female,White,True,Female_White,0.0
9695,40--Gymnastics/40_Gymnastics_Gymnastics_40_952.jpg,680.0,398.0,824.0,526.0,0.0,0.0,0.0,0.0,0.0,1.0,1024.0,768.0,0.0234375,Female,White,True,Female_White,0.0
9696,40--Gymnastics/40_Gymnastics_Gymnastics_40_517.jpg,715.0,149.0,752.0,196.0,1.0,0.0,0.0,0.0,0.0,0.0,1024.0,683.0,0.0024864453696925,Female,White,True,Female_White,0.0
9697,40--Gymnastics/40_Gymnastics_Gymnastics_40_517.jpg,268.0,220.0,309.0,271.0,0.0,0.0,0.0,0.0,0.0,0.0,1024.0,683.0,0.00298973965959,Female,White,True,Female_White,0.0
9698,40--Gymnastics/40_Gymnastics_Gymnastics_40_517.jpg,360.0,225.0,403.0,275.0,0.0,0.0,0.0,0.0,0.0,0.0,1024.0,683.0,0.0030740986456808,Female,White,True,Female_White,0.0
9699,40--Gymnastics/40_Gymnastics_Gymnastics_40_517.jpg,517.0,308.0,558.0,367.0,0.0,0.0,0.0,0.0,0.0,0.0,1024.0,683.0,0.0034587184297218,Female,White,True,Female_White,0.0
9700,40--Gymnastics/40_Gymnastics_Gymnastics_40_517.jpg,636.0,213.0,676.0,261.0,0.0,0.0,0.0,0.0,0.0,0.0,1024.0,683.0,0.0027452415812591,Female,Indian,True,Female_Indian,0.0
9701,40--Gymnastics/40_Gymnastics_Gymnastics_40_517.jpg,743.0,227.0,781.0,273.0,0.0,0.0,0.0,0.0,0.0,0.0,1024.0,683.0,0.0024993136896046,Female,White,True,Female_White,0.0
9702,40--Gymnastics/40_Gymnastics_Gymnastics_40_517.jpg,212.0,135.0,252.0,183.0,1.0,0.0,0.0,0.0,0.0,0.0,1024.0,683.0,0.0027452415812591,Female,White,True,Female_White,0.0
9703,40--Gymnastics/40_Gymnastics_Gymnastics_40_517.jpg,398.0,126.0,434.0,178.0,1.0,0.0,0.0,0.0,0.0,0.0,1024.0,683.0,0.0026766105417276,Female,White,True,Female_White,0.0
9704,40--Gymnastics/40_Gymnastics_Gymnastics_40_517.jpg,470.0,116.0,510.0,165.0,1.0,0.0,0.0,0.0,0.0,0.0,1024.0,683.0,0.002802434114202,Female,White,True,Female_White,0.0
9705,40--Gymnastics/40_Gymnastics_Gymnastics_40_517.jpg,561.0,117.0,600.0,169.0,0.0,0.0,0.0,0.0,0.0,0.0,1024.0,683.0,0.0028996614202049,Female,White,True,Female_White,0.0
9709,40--Gymnastics/40_Gymnastics_Gymnastics_40_143.jpg,376.0,116.0,440.0,214.0,0.0,0.0,0.0,0.0,0.0,0.0,1024.0,768.0,0.0079752604166666,Female,White,True,Female_White,0.0
9710,40--Gymnastics/40_Gymnastics_Gymnastics_40_143.jpg,546.0,146.0,618.0,234.0,0.0,0.0,0.0,0.0,0.0,0.0,1024.0,768.0,0.008056640625,Female,White,True,Female_White,0.0
9711,40--Gymnastics/40_Gymnastics_Gymnastics_40_143.jpg,718.0,172.0,780.0,266.0,0.0,0.0,0.0,0.0,0.0,0.0,1024.0,768.0,0.0074106852213541,Female,White,True,Female_White,0.0
9712,40--Gymnastics/40_Gymnastics_Gymnastics_40_143.jpg,188.0,102.0,256.0,196.0,0.0,0.0,0.0,0.0,0.0,0.0,1024.0,768.0,0.0081278483072916,Female,White,True,Female_White,0.0
9723,40--Gymnastics/40_Gymnastics_Gymnastics_40_213.jpg,348.0,121.0,407.0,196.0,1.0,0.0,1.0,0.0,0.0,0.0,1024.0,867.0,0.0049841857698961,Female,White,True,Female_White,0.0
9724,40--Gymnastics/40_Gymnastics_Gymnastics_40_213.jpg,507.0,117.0,563.0,189.0,1.0,0.0,1.0,0.0,0.0,0.0,1024.0,867.0,0.0045415224913494,Female,White,True,Female_White,0.0
9725,40--Gymnastics/40_Gymnastics_Gymnastics_40_213.jpg,630.0,153.0,680.0,214.0,1.0,0.0,1.0,0.0,0.0,0.0,1024.0,867.0,0.0034354274798154,Female,White,True,Female_White,0.0
9726,40--Gymnastics/40_Gymnastics_Gymnastics_40_620.jpg,244.0,61.0,295.0,119.0,0.0,0.0,0.0,0.0,0.0,0.0,1024.0,768.0,0.0037612915039062,Female,White,True,Female_White,0.0
9727,40--Gymnastics/40_Gymnastics_Gymnastics_40_620.jpg,335.0,32.0,382.0,85.0,0.0,0.0,0.0,0.0,0.0,0.0,1024.0,768.0,0.0031674702962239,Female,White,True,Female_White,0.0
9728,40--Gymnastics/40_Gymnastics_Gymnastics_40_620.jpg,419.0,38.0,471.0,97.0,0.0,0.0,0.0,0.0,0.0,0.0,1024.0,768.0,0.0039011637369791,Female,White,True,Female_White,0.0
9729,40--Gymnastics/40_Gymnastics_Gymnastics_40_620.jpg,498.0,27.0,547.0,82.0,0.0,0.0,0.0,0.0,0.0,0.0,1024.0,768.0,0.0034268697102864,Female,Indian,True,Female_Indian,0.0
9730,40--Gymnastics/40_Gymnastics_Gymnastics_40_620.jpg,580.0,36.0,630.0,96.0,0.0,0.0,0.0,0.0,0.0,0.0,1024.0,768.0,0.003814697265625,Female,White,True,Female_White,0.0
9731,40--Gymnastics/40_Gymnastics_Gymnastics_40_620.jpg,658.0,49.0,712.0,112.0,0.0,0.0,0.0,0.0,0.0,0.0,1024.0,768.0,0.0043258666992187,Female,White,True,Female_White,0.0
9732,40--Gymnastics/40_Gymnastics_Gymnastics_40_620.jpg,476.0,85.0,534.0,154.0,0.0,0.0,0.0,0.0,0.0,0.0,1024.0,768.0,0.0050888061523437,Female,White,True,Female_White,0.0
9733,40--Gymnastics/40_Gymnastics_Gymnastics_40_620.jpg,686.0,137.0,737.0,197.0,0.0,0.0,0.0,0.0,0.0,0.0,1024.0,768.0,0.0038909912109375,Female,White,True,Female_White,0.0
9734,40--Gymnastics/40_Gymnastics_Gymnastics_40_620.jpg,697.0,218.0,755.0,305.0,0.0,0.0,0.0,0.0,0.0,0.0,1024.0,768.0,0.0064163208007812,Male,White,True,Male_White,0.0
9735,40--Gymnastics/40_Gymnastics_Gymnastics_40_620.jpg,491.0,200.0,548.0,269.0,0.0,0.0,0.0,0.0,0.0,0.0,1024.0,768.0,0.0050010681152343,Female,White,True,Female_White,0.0
9736,40--Gymnastics/40_Gymnastics_Gymnastics_40_620.jpg,329.0,173.0,381.0,241.0,0.0,0.0,0.0,0.0,0.0,0.0,1024.0,768.0,0.0044962565104166,Female,White,True,Female_White,0.0
9737,40--Gymnastics/40_Gymnastics_Gymnastics_40_620.jpg,331.0,302.0,383.0,363.0,0.0,0.0,0.0,0.0,0.0,0.0,1024.0,768.0,0.0040334065755208,Female,White,True,Female_White,0.0
9738,40--Gymnastics/40_Gymnastics_Gymnastics_40_620.jpg,147.0,207.0,194.0,268.0,0.0,0.0,0.0,0.0,0.0,0.0,1024.0,768.0,0.0036455790201822,Female,White,True,Female_White,0.0
9739,40--Gymnastics/40_Gymnastics_Gymnastics_40_620.jpg,834.0,190.0,889.0,250.0,0.0,0.0,0.0,0.0,0.0,0.0,1024.0,768.0,0.0041961669921875,Female,White,True,Female_White,0.0
9740,40--Gymnastics/40_Gymnastics_Gymnastics_40_620.jpg,782.0,275.0,835.0,339.0,0.0,0.0,0.0,0.0,0.0,0.0,1024.0,768.0,0.0043131510416666,Female,White,True,Female_White,0.0
9741,40--Gymnastics/40_Gymnastics_Gymnastics_40_620.jpg,241.0,170.0,292.0,229.0,0.0,0.0,0.0,0.0,0.0,0.0,1024.0,768.0,0.0038261413574218,Female,White,True,Female_White,0.0
9743,40--Gymnastics/40_Gymnastics_Gymnastics_40_145.jpg,470.0,372.0,526.0,464.0,1.0,0.0,0.0,0.0,0.0,1.0,1024.0,678.0,0.0074207227138643,Male,Asian,True,Male_Asian,0.0
9744,40--Gymnastics/40_Gymnastics_Gymnastics_40_1007.jpg,691.0,462.0,814.0,666.0,0.0,0.0,0.0,0.0,0.0,0.0,1024.0,1536.0,0.0159530639648437,Male,White,True,Male_White,0.0
9747,40--Gymnastics/40_Gymnastics_Gymnastics_40_689.jpg,118.0,202.0,212.0,338.0,0.0,0.0,0.0,0.0,0.0,0.0,1024.0,683.0,0.0182787335285505,Female,White,True,Female_White,0.0
9748,40--Gymnastics/40_Gymnastics_Gymnastics_40_689.jpg,384.0,206.0,474.0,330.0,0.0,0.0,0.0,0.0,0.0,0.0,1024.0,683.0,0.0159567166910688,Female,White,True,Female_White,0.0
9749,40--Gymnastics/40_Gymnastics_Gymnastics_40_689.jpg,564.0,144.0,652.0,274.0,0.0,0.0,0.0,0.0,0.0,0.0,1024.0,683.0,0.0163570644216691,Female,White,True,Female_White,0.0
9750,40--Gymnastics/40_Gymnastics_Gymnastics_40_689.jpg,810.0,176.0,910.0,314.0,0.0,0.0,0.0,0.0,0.0,0.0,1024.0,683.0,0.0197314238653001,Female,White,True,Female_White,0.0
9754,40--Gymnastics/40_Gymnastics_Gymnastics_40_533.jpg,306.0,100.0,374.0,184.0,0.0,0.0,0.0,0.0,0.0,0.0,1024.0,683.0,0.0081670937042459,Male,White,True,Male_White,0.0
9761,40--Gymnastics/40_Gymnastics_Gymnastics_40_508.jpg,549.0,1272.0,699.0,1405.0,0.0,0.0,0.0,0.0,0.0,1.0,1024.0,1787.0,0.0109023065892557,Male,White,True,Male_White,0.0
9765,40--Gymnastics/40_Gymnastics_Gymnastics_40_220.jpg,270.0,210.0,354.0,316.0,0.0,0.0,0.0,0.0,0.0,0.0,1024.0,682.0,0.0127497250733137,Female,White,True,Female_White,0.0
9766,40--Gymnastics/40_Gymnastics_Gymnastics_40_220.jpg,468.0,198.0,552.0,314.0,0.0,0.0,0.0,0.0,0.0,0.0,1024.0,682.0,0.0139525293255131,Female,White,True,Female_White,0.0
9767,40--Gymnastics/40_Gymnastics_Gymnastics_40_220.jpg,594.0,192.0,670.0,296.0,0.0,0.0,0.0,0.0,0.0,0.0,1024.0,682.0,0.0113178152492668,Female,White,True,Female_White,0.0
9772,40--Gymnastics/40_Gymnastics_Gymnastics_40_667.jpg,255.0,174.0,486.0,473.0,0.0,1.0,0.0,0.0,0.0,0.0,1024.0,1532.0,0.0440275426321801,Male,Indian,True,Male_Indian,1.0
9776,40--Gymnastics/40_Gymnastics_Gymnastics_40_724.jpg,310.0,152.0,350.0,198.0,0.0,0.0,0.0,0.0,0.0,0.0,1024.0,683.0,0.0026308565153733,Female,White,True,Female_White,0.0
9777,40--Gymnastics/40_Gymnastics_Gymnastics_40_724.jpg,431.0,149.0,469.0,195.0,0.0,0.0,0.0,0.0,0.0,0.0,1024.0,683.0,0.0024993136896046,Female,White,True,Female_White,0.0
9778,40--Gymnastics/40_Gymnastics_Gymnastics_40_724.jpg,527.0,138.0,567.0,191.0,0.0,0.0,0.0,0.0,0.0,0.0,1024.0,683.0,0.0030312042459736,Female,White,True,Female_White,0.0
9779,40--Gymnastics/40_Gymnastics_Gymnastics_40_724.jpg,635.0,146.0,673.0,193.0,0.0,0.0,0.0,0.0,0.0,0.0,1024.0,683.0,0.0025536465959004,Female,White,True,Female_White,0.0
9780,40--Gymnastics/40_Gymnastics_Gymnastics_40_724.jpg,608.0,292.0,647.0,340.0,0.0,0.0,0.0,0.0,0.0,0.0,1024.0,683.0,0.0026766105417276,Female,White,True,Female_White,0.0
9781,40--Gymnastics/40_Gymnastics_Gymnastics_40_724.jpg,508.0,289.0,549.0,338.0,0.0,0.0,0.0,0.0,0.0,0.0,1024.0,683.0,0.0028724949670571,Female,White,True,Female_White,0.0
9782,40--Gymnastics/40_Gymnastics_Gymnastics_40_724.jpg,399.0,294.0,437.0,340.0,0.0,0.0,0.0,0.0,0.0,0.0,1024.0,683.0,0.0024993136896046,Female,White,True,Female_White,0.0
9783,40--Gymnastics/40_Gymnastics_Gymnastics_40_724.jpg,306.0,278.0,346.0,331.0,0.0,0.0,0.0,0.0,0.0,0.0,1024.0,683.0,0.0030312042459736,Female,White,True,Female_White,0.0
9785,40--Gymnastics/40_Gymnastics_Gymnastics_40_840.jpg,84.0,208.0,236.0,396.0,0.0,0.0,0.0,0.0,0.0,0.0,1024.0,768.0,0.0363362630208333,Female,White,True,Female_White,1.0
9786,40--Gymnastics/40_Gymnastics_Gymnastics_40_840.jpg,536.0,132.0,648.0,288.0,0.0,0.0,0.0,0.0,0.0,0.0,1024.0,768.0,0.022216796875,Female,White,True,Female_White,0.0
9787,40--Gymnastics/40_Gymnastics_Gymnastics_40_840.jpg,712.0,102.0,826.0,260.0,0.0,0.0,0.0,0.0,0.0,0.0,1024.0,768.0,0.0229034423828125,Female,White,True,Female_White,0.0
9788,40--Gymnastics/40_Gymnastics_Gymnastics_40_840.jpg,324.0,198.0,452.0,368.0,0.0,0.0,0.0,0.0,0.0,0.0,1024.0,768.0,0.0276692708333333,Female,White,True,Female_White,0.0
9795,40--Gymnastics/40_Gymnastics_Gymnastics_40_889.jpg,254.0,98.0,350.0,260.0,0.0,0.0,0.0,0.0,0.0,0.0,1024.0,681.0,0.0223017621145374,Female,Black,True,Female_Black,0.0
9796,40--Gymnastics/40_Gymnastics_Gymnastics_40_889.jpg,396.0,106.0,466.0,232.0,0.0,0.0,0.0,0.0,0.0,0.0,1024.0,681.0,0.0126479900881057,Female,White,True,Female_White,0.0
9797,40--Gymnastics/40_Gymnastics_Gymnastics_40_889.jpg,510.0,106.0,596.0,244.0,0.0,0.0,0.0,0.0,0.0,0.0,1024.0,681.0,0.0170188601321585,Female,White,True,Female_White,0.0
9798,40--Gymnastics/40_Gymnastics_Gymnastics_40_889.jpg,642.0,118.0,716.0,240.0,0.0,0.0,0.0,0.0,0.0,0.0,1024.0,681.0,0.0129462646842878,Female,White,True,Female_White,0.0
9799,40--Gymnastics/40_Gymnastics_Gymnastics_40_889.jpg,736.0,108.0,808.0,216.0,0.0,0.0,0.0,0.0,0.0,0.0,1024.0,681.0,0.0111508810572687,Female,White,True,Female_White,0.0
9800,40--Gymnastics/40_Gymnastics_Gymnastics_40_889.jpg,802.0,136.0,864.0,234.0,0.0,0.0,0.0,0.0,0.0,0.0,1024.0,681.0,0.0087130598384728,Female,Asian,True,Female_Asian,0.0
9801,40--Gymnastics/40_Gymnastics_Gymnastics_40_889.jpg,870.0,140.0,948.0,252.0,0.0,0.0,0.0,0.0,0.0,0.0,1024.0,681.0,0.0125275330396475,Female,White,True,Female_White,0.0
9805,40--Gymnastics/40_Gymnastics_Gymnastics_40_432.jpg,53.0,175.0,121.0,250.0,0.0,0.0,0.0,0.0,0.0,0.0,1024.0,768.0,0.0064849853515625,Female,White,True,Female_White,0.0
9806,40--Gymnastics/40_Gymnastics_Gymnastics_40_432.jpg,160.0,173.0,219.0,246.0,0.0,0.0,0.0,0.0,0.0,0.0,1024.0,768.0,0.0054766337076822,Female,White,True,Female_White,0.0
9807,40--Gymnastics/40_Gymnastics_Gymnastics_40_432.jpg,290.0,206.0,355.0,274.0,0.0,0.0,0.0,0.0,0.0,0.0,1024.0,768.0,0.0056203206380208,Female,White,True,Female_White,0.0
9808,40--Gymnastics/40_Gymnastics_Gymnastics_40_432.jpg,444.0,170.0,506.0,243.0,0.0,0.0,0.0,0.0,0.0,0.0,1024.0,768.0,0.0057551066080729,Female,White,True,Female_White,0.0
9809,40--Gymnastics/40_Gymnastics_Gymnastics_40_432.jpg,593.0,184.0,651.0,251.0,0.0,0.0,0.0,0.0,0.0,0.0,1024.0,768.0,0.0049413045247395,Female,White,True,Female_White,0.0
9810,40--Gymnastics/40_Gymnastics_Gymnastics_40_432.jpg,754.0,169.0,814.0,245.0,0.0,0.0,0.0,0.0,0.0,0.0,1024.0,768.0,0.00579833984375,Female,White,True,Female_White,0.0
9811,40--Gymnastics/40_Gymnastics_Gymnastics_40_432.jpg,878.0,166.0,944.0,234.0,0.0,0.0,0.0,0.0,0.0,0.0,1024.0,768.0,0.005706787109375,Female,White,True,Female_White,0.0
9812,40--Gymnastics/40_Gymnastics_Gymnastics_40_428.jpg,472.0,116.0,554.0,228.0,0.0,0.0,0.0,0.0,0.0,0.0,1024.0,622.0,0.0144192122186495,Male,White,True,Male_White,0.0
9813,40--Gymnastics/40_Gymnastics_Gymnastics_40_485.jpg,263.0,186.0,307.0,235.0,0.0,0.0,0.0,0.0,0.0,0.0,1024.0,683.0,0.0030826775256222,Female,White,True,Female_White,0.0
9814,40--Gymnastics/40_Gymnastics_Gymnastics_40_485.jpg,401.0,160.0,446.0,211.0,0.0,0.0,0.0,0.0,0.0,0.0,1024.0,683.0,0.0032814215775988,Female,White,True,Female_White,0.0
9815,40--Gymnastics/40_Gymnastics_Gymnastics_40_485.jpg,554.0,149.0,599.0,200.0,0.0,0.0,0.0,0.0,0.0,0.0,1024.0,683.0,0.0032814215775988,Female,White,True,Female_White,0.0
9816,40--Gymnastics/40_Gymnastics_Gymnastics_40_485.jpg,199.0,338.0,250.0,393.0,0.0,0.0,0.0,0.0,0.0,0.0,1024.0,683.0,0.0040106263726207,Female,White,True,Female_White,0.0
9817,40--Gymnastics/40_Gymnastics_Gymnastics_40_485.jpg,323.0,276.0,373.0,333.0,0.0,0.0,0.0,0.0,0.0,0.0,1024.0,683.0,0.0040749679721815,Female,White,True,Female_White,0.0
9818,40--Gymnastics/40_Gymnastics_Gymnastics_40_485.jpg,480.0,277.0,526.0,334.0,0.0,0.0,0.0,0.0,0.0,0.0,1024.0,683.0,0.003748970534407,Female,White,True,Female_White,0.0
9819,40--Gymnastics/40_Gymnastics_Gymnastics_40_485.jpg,637.0,293.0,684.0,349.0,0.0,0.0,0.0,0.0,0.0,0.0,1024.0,683.0,0.0037632686676427,Female,White,True,Female_White,0.0
9820,40--Gymnastics/40_Gymnastics_Gymnastics_40_485.jpg,737.0,340.0,784.0,393.0,0.0,0.0,0.0,0.0,0.0,0.0,1024.0,683.0,0.003561664989019,Female,White,True,Female_White,0.0
9821,40--Gymnastics/40_Gymnastics_Gymnastics_40_485.jpg,580.0,418.0,625.0,472.0,0.0,0.0,0.0,0.0,0.0,0.0,1024.0,683.0,0.0034744463762811,Female,White,True,Female_White,0.0
9822,40--Gymnastics/40_Gymnastics_Gymnastics_40_485.jpg,460.0,452.0,508.0,509.0,0.0,0.0,0.0,0.0,0.0,0.0,1024.0,683.0,0.0039119692532942,Female,White,True,Female_White,0.0
9823,40--Gymnastics/40_Gymnastics_Gymnastics_40_485.jpg,342.0,425.0,390.0,477.0,0.0,0.0,0.0,0.0,0.0,0.0,1024.0,683.0,0.0035688140556368,Female,White,True,Female_White,0.0
9824,40--Gymnastics/40_Gymnastics_Gymnastics_40_485.jpg,686.0,233.0,729.0,281.0,0.0,0.0,0.0,0.0,0.0,0.0,1024.0,683.0,0.0029511346998535,Female,White,True,Female_White,0.0
9830,40--Gymnastics/40_Gymnastics_Gymnastics_40_447.jpg,150.0,484.0,214.0,582.0,0.0,0.0,1.0,0.0,0.0,0.0,1024.0,1163.0,0.0052665520206362,Female,White,True,Female_White,0.0
9831,40--Gymnastics/40_Gymnastics_Gymnastics_40_447.jpg,581.0,127.0,660.0,216.0,0.0,0.0,0.0,0.0,0.0,0.0,1024.0,1163.0,0.0059038787080825,Female,White,True,Female_White,0.0
9832,40--Gymnastics/40_Gymnastics_Gymnastics_40_447.jpg,767.0,325.0,835.0,425.0,0.0,0.0,1.0,0.0,0.0,0.0,1024.0,1163.0,0.005709909716251,Female,White,True,Female_White,0.0
9835,40--Gymnastics/40_Gymnastics_Gymnastics_40_610.jpg,809.0,215.0,846.0,273.0,1.0,0.0,0.0,0.0,0.0,0.0,1024.0,682.0,0.0030728784824046,Female,White,True,Female_White,0.0
9836,40--Gymnastics/40_Gymnastics_Gymnastics_40_610.jpg,600.0,233.0,643.0,286.0,1.0,0.0,0.0,0.0,0.0,0.0,1024.0,682.0,0.0032633224890029,Female,White,True,Female_White,0.0
9837,40--Gymnastics/40_Gymnastics_Gymnastics_40_610.jpg,400.0,429.0,445.0,481.0,1.0,0.0,0.0,0.0,0.0,0.0,1024.0,682.0,0.0033506689882697,Female,White,True,Female_White,0.0
9838,40--Gymnastics/40_Gymnastics_Gymnastics_40_610.jpg,257.0,486.0,284.0,528.0,1.0,0.0,0.0,0.0,0.0,1.0,1024.0,682.0,0.0016237857404692,Female,White,True,Female_White,0.0
9843,40--Gymnastics/40_Gymnastics_Gymnastics_40_410.jpg,610.0,101.0,660.0,178.0,0.0,0.0,0.0,0.0,0.0,0.0,1024.0,684.0,0.005496733369883,Female,White,True,Female_White,0.0
9844,40--Gymnastics/40_Gymnastics_Gymnastics_40_410.jpg,536.0,125.0,596.0,203.0,0.0,0.0,0.0,0.0,0.0,0.0,1024.0,684.0,0.0066817434210526,Female,White,True,Female_White,0.0
9845,40--Gymnastics/40_Gymnastics_Gymnastics_40_410.jpg,393.0,111.0,445.0,191.0,0.0,0.0,0.0,0.0,0.0,0.0,1024.0,684.0,0.0059393274853801,Female,White,True,Female_White,0.0
9846,40--Gymnastics/40_Gymnastics_Gymnastics_40_410.jpg,283.0,112.0,328.0,180.0,0.0,0.0,0.0,0.0,0.0,0.0,1024.0,684.0,0.0043688322368421,Female,White,True,Female_White,0.0
9847,40--Gymnastics/40_Gymnastics_Gymnastics_40_410.jpg,212.0,99.0,266.0,167.0,0.0,0.0,0.0,0.0,0.0,0.0,1024.0,684.0,0.0052425986842105,Female,White,True,Female_White,0.0
9848,40--Gymnastics/40_Gymnastics_Gymnastics_40_410.jpg,177.0,109.0,219.0,171.0,0.0,0.0,0.0,0.0,0.0,0.0,1024.0,684.0,0.0037177905701754,Female,White,True,Female_White,0.0
9849,40--Gymnastics/40_Gymnastics_Gymnastics_40_410.jpg,799.0,100.0,868.0,190.0,0.0,0.0,0.0,0.0,0.0,0.0,1024.0,684.0,0.0088661595394736,Female,White,True,Female_White,0.0
9852,40--Gymnastics/40_Gymnastics_Gymnastics_40_765.jpg,353.0,198.0,563.0,473.0,0.0,0.0,0.0,0.0,0.0,0.0,1024.0,1532.0,0.0368123266155352,Male,White,True,Male_White,1.0
9855,40--Gymnastics/40_Gymnastics_Gymnastics_40_382.jpg,688.0,84.0,776.0,200.0,0.0,0.0,0.0,0.0,0.0,0.0,1024.0,920.0,0.0108355978260869,Male,White,True,Male_White,0.0
9857,40--Gymnastics/40_Gymnastics_Gymnastics_40_70.jpg,342.0,176.0,378.0,214.0,0.0,0.0,0.0,0.0,0.0,0.0,1024.0,683.0,0.0019559846266471,Female,White,True,Female_White,0.0
9858,40--Gymnastics/40_Gymnastics_Gymnastics_40_70.jpg,397.0,174.0,431.0,214.0,0.0,0.0,0.0,0.0,0.0,0.0,1024.0,683.0,0.0019445461200585,Female,White,True,Female_White,0.0
9859,40--Gymnastics/40_Gymnastics_Gymnastics_40_70.jpg,477.0,111.0,509.0,151.0,0.0,0.0,0.0,0.0,0.0,0.0,1024.0,683.0,0.0018301610541727,Female,White,True,Female_White,0.0
9860,40--Gymnastics/40_Gymnastics_Gymnastics_40_70.jpg,587.0,161.0,625.0,210.0,0.0,0.0,0.0,0.0,0.0,0.0,1024.0,683.0,0.0026623124084919,Female,Asian,True,Female_Asian,0.0
9861,40--Gymnastics/40_Gymnastics_Gymnastics_40_70.jpg,685.0,138.0,719.0,182.0,0.0,0.0,0.0,0.0,0.0,0.0,1024.0,683.0,0.0021390007320644,Female,White,True,Female_White,0.0
9862,40--Gymnastics/40_Gymnastics_Gymnastics_40_70.jpg,650.0,327.0,688.0,371.0,0.0,0.0,0.0,0.0,0.0,0.0,1024.0,683.0,0.0023906478770131,Female,Asian,True,Female_Asian,0.0
9863,40--Gymnastics/40_Gymnastics_Gymnastics_40_70.jpg,541.0,350.0,581.0,397.0,0.0,0.0,0.0,0.0,0.0,0.0,1024.0,683.0,0.0026880490483162,Female,White,True,Female_White,0.0
9864,40--Gymnastics/40_Gymnastics_Gymnastics_40_70.jpg,411.0,324.0,448.0,367.0,0.0,0.0,0.0,0.0,0.0,0.0,1024.0,683.0,0.0022748329978038,Female,Asian,True,Female_Asian,0.0
9865,40--Gymnastics/40_Gymnastics_Gymnastics_40_70.jpg,321.0,331.0,360.0,379.0,0.0,0.0,0.0,0.0,0.0,0.0,1024.0,683.0,0.0026766105417276,Female,White,True,Female_White,0.0
9869,40--Gymnastics/40_Gymnastics_Gymnastics_40_313.jpg,562.0,48.0,634.0,164.0,0.0,0.0,0.0,0.0,0.0,0.0,1024.0,683.0,0.0119418008784773,Male,White,True,Male_White,0.0
9873,40--Gymnastics/40_Gymnastics_Gymnastics_40_713.jpg,141.0,467.0,226.0,563.0,0.0,0.0,0.0,0.0,0.0,0.0,1024.0,1366.0,0.0058336383601756,Female,White,True,Female_White,0.0
9874,40--Gymnastics/40_Gymnastics_Gymnastics_40_713.jpg,504.0,485.0,568.0,584.0,1.0,0.0,0.0,0.0,0.0,0.0,1024.0,1366.0,0.0045296486090775,Female,Asian,True,Female_Asian,0.0
9875,40--Gymnastics/40_Gymnastics_Gymnastics_40_713.jpg,637.0,491.0,714.0,587.0,1.0,0.0,0.0,0.0,0.0,0.0,1024.0,1366.0,0.0052845900439238,Female,White,True,Female_White,0.0
9876,40--Gymnastics/40_Gymnastics_Gymnastics_40_713.jpg,821.0,493.0,896.0,592.0,1.0,0.0,0.0,0.0,0.0,0.0,1024.0,1366.0,0.0053081819637628,Female,White,True,Female_White,0.0
9877,40--Gymnastics/40_Gymnastics_Gymnastics_40_713.jpg,677.0,347.0,733.0,432.0,1.0,0.0,0.0,0.0,0.0,0.0,1024.0,1366.0,0.0034029557101024,Female,White,True,Female_White,0.0
9878,40--Gymnastics/40_Gymnastics_Gymnastics_40_713.jpg,496.0,339.0,571.0,451.0,1.0,0.0,0.0,0.0,0.0,0.0,1024.0,1366.0,0.0060052159590043,Female,White,True,Female_White,0.0
9879,40--Gymnastics/40_Gymnastics_Gymnastics_40_713.jpg,256.0,296.0,336.0,411.0,1.0,0.0,0.0,0.0,0.0,0.0,1024.0,1366.0,0.0065771412884333,Male,White,True,Male_White,0.0
9880,40--Gymnastics/40_Gymnastics_Gymnastics_40_713.jpg,333.0,456.0,405.0,552.0,0.0,0.0,0.0,0.0,0.0,0.0,1024.0,1366.0,0.0049414348462664,Female,White,True,Female_White,0.0
9881,40--Gymnastics/40_Gymnastics_Gymnastics_40_565.jpg,150.0,196.0,212.0,274.0,0.0,0.0,0.0,0.0,0.0,0.0,1024.0,681.0,0.0069348843612334,Female,White,True,Female_White,0.0
9882,40--Gymnastics/40_Gymnastics_Gymnastics_40_565.jpg,258.0,182.0,318.0,262.0,0.0,0.0,0.0,0.0,0.0,0.0,1024.0,681.0,0.0068832599118942,Female,White,True,Female_White,0.0
9883,40--Gymnastics/40_Gymnastics_Gymnastics_40_565.jpg,334.0,190.0,400.0,266.0,0.0,0.0,0.0,0.0,0.0,0.0,1024.0,681.0,0.0071930066079295,Female,White,True,Female_White,0.0
9884,40--Gymnastics/40_Gymnastics_Gymnastics_40_565.jpg,520.0,156.0,578.0,230.0,0.0,0.0,0.0,0.0,0.0,0.0,1024.0,681.0,0.0061547815712187,Female,White,True,Female_White,0.0
9885,40--Gymnastics/40_Gymnastics_Gymnastics_40_565.jpg,688.0,156.0,740.0,234.0,0.0,0.0,0.0,0.0,0.0,0.0,1024.0,681.0,0.0058163546255506,Female,White,True,Female_White,0.0
9886,40--Gymnastics/40_Gymnastics_Gymnastics_40_565.jpg,838.0,166.0,894.0,244.0,0.0,0.0,0.0,0.0,0.0,0.0,1024.0,681.0,0.0062637665198237,Female,White,True,Female_White,0.0
9899,40--Gymnastics/40_Gymnastics_Gymnastics_40_462.jpg,259.0,486.0,318.0,554.0,1.0,0.0,0.0,0.0,0.0,0.0,1024.0,768.0,0.0051015218098958,Female,White,True,Female_White,0.0
9900,40--Gymnastics/40_Gymnastics_Gymnastics_40_462.jpg,470.0,497.0,539.0,576.0,0.0,0.0,0.0,0.0,0.0,0.0,1024.0,768.0,0.0069313049316406,Female,White,True,Female_White,0.0
9901,40--Gymnastics/40_Gymnastics_Gymnastics_40_462.jpg,664.0,479.0,725.0,554.0,0.0,0.0,0.0,0.0,0.0,1.0,1024.0,768.0,0.0058174133300781,Female,White,True,Female_White,0.0
9916,40--Gymnastics/40_Gymnastics_Gymnastics_40_489.jpg,208.0,148.0,300.0,274.0,0.0,0.0,0.0,0.0,0.0,0.0,1024.0,768.0,0.014739990234375,Female,White,True,Female_White,0.0
9917,40--Gymnastics/40_Gymnastics_Gymnastics_40_489.jpg,406.0,94.0,488.0,224.0,0.0,0.0,0.0,0.0,0.0,0.0,1024.0,768.0,0.0135548909505208,Female,Asian,True,Female_Asian,0.0
9918,40--Gymnastics/40_Gymnastics_Gymnastics_40_489.jpg,334.0,300.0,420.0,414.0,0.0,0.0,0.0,0.0,0.0,0.0,1024.0,768.0,0.0124664306640625,Female,White,True,Female_White,0.0
9919,40--Gymnastics/40_Gymnastics_Gymnastics_40_489.jpg,500.0,262.0,576.0,374.0,0.0,0.0,0.0,0.0,0.0,0.0,1024.0,768.0,0.0108235677083333,Female,White,True,Female_White,0.0
9920,40--Gymnastics/40_Gymnastics_Gymnastics_40_489.jpg,596.0,140.0,672.0,248.0,0.0,0.0,0.0,0.0,0.0,0.0,1024.0,768.0,0.01043701171875,Female,White,True,Female_White,0.0
9921,40--Gymnastics/40_Gymnastics_Gymnastics_40_489.jpg,744.0,90.0,820.0,204.0,0.0,0.0,0.0,0.0,0.0,0.0,1024.0,768.0,0.011016845703125,Female,White,True,Female_White,0.0
9922,40--Gymnastics/40_Gymnastics_Gymnastics_40_489.jpg,820.0,160.0,906.0,294.0,0.0,0.0,0.0,0.0,0.0,0.0,1024.0,768.0,0.0146535237630208,Female,Black,True,Female_Black,0.0
9923,40--Gymnastics/40_Gymnastics_Gymnastics_40_489.jpg,658.0,250.0,742.0,372.0,0.0,0.0,0.0,0.0,0.0,0.0,1024.0,768.0,0.013031005859375,Female,Asian,True,Female_Asian,0.0
9929,41--Swimming/41_Swimming_Swimmer_41_143.jpg,382.0,194.0,558.0,470.0,0.0,1.0,0.0,0.0,0.0,0.0,1024.0,754.0,0.0629144562334217,Male,White,True,Male_White,2.0
9930,41--Swimming/41_Swimming_Swimmer_41_565.jpg,291.0,258.0,677.0,796.0,0.0,0.0,0.0,0.0,0.0,0.0,1024.0,1392.0,0.1456902164152299,Male,White,True,Male_White,5.0
9932,41--Swimming/41_Swimming_Swimmer_41_128.jpg,394.0,186.0,550.0,434.0,0.0,1.0,0.0,0.0,0.0,0.0,1024.0,577.0,0.0654787694974003,Male,White,True,Male_White,2.0
9933,41--Swimming/41_Swimming_Swimming_41_618.jpg,182.0,270.0,250.0,338.0,0.0,0.0,0.0,0.0,0.0,0.0,1024.0,640.0,0.0070556640625,Female,White,True,Female_White,0.0
9934,41--Swimming/41_Swimming_Swimming_41_618.jpg,408.0,182.0,468.0,254.0,0.0,0.0,0.0,0.0,0.0,0.0,1024.0,640.0,0.006591796875,Female,White,True,Female_White,0.0
9935,41--Swimming/41_Swimming_Swimming_41_618.jpg,496.0,294.0,564.0,356.0,0.0,0.0,0.0,0.0,0.0,0.0,1024.0,640.0,0.00643310546875,Male,White,True,Male_White,0.0
9936,41--Swimming/41_Swimming_Swimming_41_618.jpg,678.0,98.0,732.0,174.0,0.0,0.0,0.0,0.0,0.0,0.0,1024.0,640.0,0.00626220703125,Female,White,True,Female_White,0.0
9937,41--Swimming/41_Swimming_Swimming_41_618.jpg,788.0,286.0,850.0,360.0,0.0,0.0,0.0,0.0,0.0,0.0,1024.0,640.0,0.007000732421875,Female,White,True,Female_White,0.0
9938,41--Swimming/41_Swimming_Swimming_41_618.jpg,476.0,8.0,540.0,82.0,0.0,0.0,0.0,0.0,0.0,0.0,1024.0,640.0,0.0072265625,Female,White,True,Female_White,0.0
9942,41--Swimming/41_Swimming_Swimming_41_367.jpg,410.0,164.0,606.0,362.0,0.0,0.0,0.0,0.0,0.0,0.0,1024.0,686.0,0.0552455357142857,Male,White,True,Male_White,2.0
9950,41--Swimming/41_Swimming_Swimming_41_64.jpg,460.0,176.0,574.0,344.0,0.0,1.0,0.0,0.0,0.0,0.0,1024.0,686.0,0.0272640306122449,Male,White,True,Male_White,0.0
9959,41--Swimming/41_Swimming_Swimmer_41_1022.jpg,485.0,199.0,750.0,622.0,0.0,0.0,0.0,0.0,0.0,0.0,1024.0,1758.0,0.0622683580418088,Male,White,True,Male_White,2.0
9961,41--Swimming/41_Swimming_Swimming_41_53.jpg,582.0,318.0,710.0,484.0,0.0,0.0,0.0,0.0,0.0,0.0,1024.0,922.0,0.0225054229934924,Male,White,True,Male_White,0.0
9968,41--Swimming/41_Swimming_Swimmer_41_783.jpg,106.0,295.0,697.0,929.0,0.0,0.0,0.0,0.0,0.0,0.0,1024.0,1387.0,0.2638155078406633,Male,White,True,Male_White,9.0
9969,41--Swimming/41_Swimming_Swimmer_41_661.jpg,305.0,282.0,864.0,1039.0,0.0,0.0,0.0,0.0,0.0,0.0,1024.0,1303.0,0.3171489771201074,Male,White,True,Male_White,11.0
9970,41--Swimming/41_Swimming_Swimming_41_917.jpg,260.0,538.0,320.0,606.0,1.0,0.0,0.0,0.0,0.0,1.0,1024.0,827.0,0.0048178657799274,Male,White,True,Male_White,0.0
9972,41--Swimming/41_Swimming_Swimmer_41_167.jpg,526.0,206.0,678.0,386.0,0.0,0.0,0.0,0.0,0.0,0.0,1024.0,681.0,0.0392345814977973,Male,White,True,Male_White,1.0
9975,41--Swimming/41_Swimming_Swimming_41_118.jpg,628.0,318.0,752.0,418.0,1.0,0.0,0.0,0.0,1.0,1.0,1024.0,682.0,0.0177556818181818,Male,White,True,Male_White,0.0
9979,41--Swimming/41_Swimming_Swimmer_41_104.jpg,578.0,833.0,679.0,947.0,0.0,0.0,0.0,0.0,0.0,1.0,1024.0,1359.0,0.0082738341611479,Male,White,True,Male_White,0.0
9993,41--Swimming/41_Swimming_Swimming_41_811.jpg,432.0,140.0,552.0,308.0,0.0,0.0,0.0,0.0,0.0,0.0,1024.0,683.0,0.028825036603221,Female,White,True,Female_White,1.0
9994,41--Swimming/41_Swimming_Swimming_41_811.jpg,638.0,156.0,756.0,292.0,0.0,0.0,0.0,0.0,0.0,0.0,1024.0,683.0,0.022945644216691,Female,White,True,Female_White,0.0
9995,41--Swimming/41_Swimming_Swimming_41_811.jpg,166.0,134.0,286.0,300.0,0.0,0.0,0.0,0.0,0.0,0.0,1024.0,683.0,0.0284818814055636,Female,White,True,Female_White,1.0
9998,41--Swimming/41_Swimming_Swimmer_41_937.jpg,442.0,108.0,626.0,350.0,0.0,0.0,0.0,0.0,0.0,0.0,1024.0,683.0,0.0636667276720351,Male,White,True,Male_White,2.0
9999,41--Swimming/41_Swimming_Swimmer_41_121.jpg,348.0,120.0,690.0,564.0,0.0,0.0,0.0,0.0,0.0,0.0,1024.0,674.0,0.2200134458456973,Male,White,True,Male_White,8.0
10000,41--Swimming/41_Swimming_Swimmer_41_353.jpg,465.0,59.0,575.0,211.0,0.0,0.0,0.0,0.0,0.0,0.0,1024.0,1040.0,0.0157001201923076,Male,White,True,Male_White,0.0
10003,41--Swimming/41_Swimming_Swimmer_41_105.jpg,270.0,144.0,566.0,536.0,0.0,0.0,0.0,0.0,0.0,0.0,1024.0,641.0,0.1767745709828393,Male,White,True,Male_White,6.0
10004,41--Swimming/41_Swimming_Swimmer_41_241.jpg,223.0,315.0,712.0,942.0,0.0,0.0,0.0,0.0,0.0,0.0,1024.0,1392.0,0.2150984139278017,Male,White,True,Male_White,8.0
10005,41--Swimming/41_Swimming_Swimmer_41_273.jpg,459.0,489.0,642.0,720.0,0.0,1.0,0.0,0.0,0.0,0.0,1024.0,1536.0,0.0268764495849609,Male,White,True,Male_White,0.0
10008,41--Swimming/41_Swimming_Swimmer_41_186.jpg,460.0,168.0,748.0,488.0,0.0,0.0,0.0,0.0,0.0,0.0,1024.0,781.0,0.115236875800256,Male,White,True,Male_White,4.0
10010,41--Swimming/41_Swimming_Swimmer_41_888.jpg,425.0,546.0,490.0,624.0,1.0,0.0,0.0,0.0,0.0,0.0,1024.0,1376.0,0.0035982353742732,Male,White,True,Male_White,0.0
10011,41--Swimming/41_Swimming_Swimmer_41_745.jpg,454.0,468.0,542.0,556.0,1.0,1.0,0.0,0.0,0.0,1.0,1024.0,820.0,0.0092225609756097,Male,White,True,Male_White,0.0
10020,41--Swimming/41_Swimming_Swimmer_41_754.jpg,350.0,197.0,618.0,585.0,0.0,0.0,0.0,0.0,0.0,0.0,1024.0,1506.0,0.0674282038512616,Male,White,True,Male_White,2.0
10021,41--Swimming/41_Swimming_Swimmer_41_41.jpg,436.0,238.0,604.0,434.0,1.0,1.0,0.0,0.0,0.0,0.0,1024.0,768.0,0.0418701171875,Male,Black,True,Male_Black,1.0
10028,41--Swimming/41_Swimming_Swimming_41_62.jpg,474.0,276.0,596.0,416.0,0.0,0.0,0.0,0.0,0.0,0.0,1024.0,690.0,0.0241734601449275,Male,White,True,Male_White,0.0
10029,41--Swimming/41_Swimming_Swimmer_41_557.jpg,422.0,266.0,640.0,520.0,0.0,0.0,0.0,0.0,0.0,0.0,1024.0,808.0,0.0669235380569306,Male,White,True,Male_White,2.0
10030,41--Swimming/41_Swimming_Swimming_41_39.jpg,474.0,270.0,558.0,358.0,1.0,1.0,0.0,0.0,0.0,1.0,1024.0,710.0,0.0101672535211267,Male,White,True,Male_White,0.0
10031,41--Swimming/41_Swimming_Swimming_41_260.jpg,184.0,136.0,328.0,300.0,0.0,0.0,0.0,0.0,0.0,0.0,1024.0,680.0,0.0339154411764705,Female,White,True,Female_White,1.0
10032,41--Swimming/41_Swimming_Swimming_41_260.jpg,522.0,152.0,664.0,320.0,0.0,0.0,0.0,0.0,0.0,0.0,1024.0,680.0,0.0342601102941176,Female,White,True,Female_White,1.0
10033,41--Swimming/41_Swimming_Swimming_41_260.jpg,694.0,174.0,840.0,340.0,0.0,0.0,0.0,0.0,0.0,0.0,1024.0,680.0,0.0348058363970588,Female,White,True,Female_White,1.0
10035,41--Swimming/41_Swimming_Swimming_41_336.jpg,362.0,236.0,566.0,508.0,0.0,0.0,0.0,0.0,0.0,0.0,1024.0,685.0,0.0791058394160584,Male,White,True,Male_White,2.0
10036,41--Swimming/41_Swimming_Swimmer_41_391.jpg,366.0,309.0,771.0,829.0,0.0,0.0,0.0,0.0,0.0,0.0,1024.0,1539.0,0.1336348684210526,Male,White,True,Male_White,4.0
10043,41--Swimming/41_Swimming_Swimming_41_291.jpg,508.0,220.0,602.0,360.0,0.0,1.0,0.0,0.0,0.0,0.0,1024.0,581.0,0.0221197289156626,Male,White,True,Male_White,0.0
10045,41--Swimming/41_Swimming_Swimmer_41_136.jpg,285.0,71.0,649.0,546.0,0.0,0.0,0.0,0.0,0.0,0.0,1024.0,1392.0,0.1212986036278735,Male,White,True,Male_White,4.0
10048,41--Swimming/41_Swimming_Swimming_41_633.jpg,364.0,360.0,428.0,456.0,1.0,0.0,0.0,0.0,0.0,0.0,1024.0,738.0,0.008130081300813,Male,White,True,Male_White,0.0
10053,41--Swimming/41_Swimming_Swimmer_41_190.jpg,374.0,220.0,486.0,322.0,1.0,0.0,0.0,0.0,0.0,1.0,1024.0,683.0,0.0163341874084919,Male,White,True,Male_White,0.0
10054,41--Swimming/41_Swimming_Swimmer_41_243.jpg,427.0,213.0,726.0,616.0,0.0,0.0,0.0,0.0,0.0,0.0,1024.0,1366.0,0.0861441080252562,Male,White,True,Male_White,3.0
10055,41--Swimming/41_Swimming_Swimming_41_137.jpg,420.0,294.0,496.0,388.0,0.0,0.0,0.0,0.0,1.0,0.0,1024.0,683.0,0.0102145863836017,Male,White,True,Male_White,0.0
10059,41--Swimming/41_Swimming_Swimmer_41_368.jpg,432.0,68.0,600.0,304.0,0.0,0.0,0.0,0.0,0.0,0.0,1024.0,683.0,0.0566892386530014,Male,White,True,Male_White,2.0
10060,41--Swimming/41_Swimming_Swimmer_41_511.jpg,291.0,209.0,641.0,679.0,0.0,0.0,0.0,0.0,0.0,0.0,1024.0,1392.0,0.115405554058908,Male,White,True,Male_White,4.0
10078,41--Swimming/41_Swimming_Swimmer_41_917.jpg,198.0,62.0,410.0,222.0,0.0,1.0,1.0,0.0,0.0,1.0,1024.0,721.0,0.0459431345353675,Male,White,True,Male_White,1.0
10084,41--Swimming/41_Swimming_Swimming_41_726.jpg,410.0,24.0,662.0,358.0,0.0,1.0,0.0,0.0,0.0,0.0,1024.0,684.0,0.1201685855263157,Male,White,True,Male_White,4.0
10086,41--Swimming/41_Swimming_Swimmer_41_650.jpg,556.0,208.0,796.0,534.0,0.0,1.0,0.0,0.0,0.0,0.0,1024.0,681.0,0.1121971365638766,Male,White,True,Male_White,4.0
10087,41--Swimming/41_Swimming_Swimmer_41_84.jpg,462.0,164.0,596.0,344.0,0.0,1.0,0.0,0.0,0.0,0.0,1024.0,713.0,0.0330360273492286,Male,White,True,Male_White,1.0
10093,41--Swimming/41_Swimming_Swimmer_41_406.jpg,171.0,173.0,474.0,558.0,0.0,0.0,0.0,0.0,0.0,0.0,1024.0,1387.0,0.0821347501351838,Male,White,True,Male_White,3.0
10095,41--Swimming/41_Swimming_Swimmer_41_339.jpg,474.0,106.0,660.0,342.0,0.0,0.0,0.0,0.0,0.0,0.0,1024.0,684.0,0.0626713267543859,Male,White,True,Male_White,2.0
10096,41--Swimming/41_Swimming_Swimming_41_320.jpg,410.0,100.0,604.0,368.0,1.0,1.0,0.0,0.0,0.0,0.0,1024.0,682.0,0.0744478555718475,Male,White,True,Male_White,2.0
10128,41--Swimming/41_Swimming_Swimmer_41_594.jpg,374.0,176.0,600.0,530.0,0.0,0.0,0.0,0.0,0.0,0.0,1024.0,1431.0,0.0545974187631027,Male,White,True,Male_White,1.0
10129,41--Swimming/41_Swimming_Swimmer_41_613.jpg,198.0,234.0,400.0,474.0,0.0,0.0,0.0,0.0,0.0,0.0,1024.0,836.0,0.0566312799043062,Female,White,True,Female_White,2.0
10130,41--Swimming/41_Swimming_Swimmer_41_613.jpg,730.0,532.0,830.0,670.0,0.0,1.0,0.0,0.0,0.0,0.0,1024.0,836.0,0.0161202900717703,Female,White,True,Female_White,0.0
10131,41--Swimming/41_Swimming_Swimmer_41_613.jpg,828.0,112.0,894.0,216.0,0.0,1.0,0.0,0.0,0.0,0.0,1024.0,836.0,0.0080180921052631,Female,White,True,Female_White,0.0
10132,41--Swimming/41_Swimming_Swimmer_41_826.jpg,416.0,146.0,710.0,544.0,0.0,0.0,0.0,0.0,1.0,0.0,1024.0,640.0,0.178546142578125,Male,White,True,Male_White,6.0
10133,41--Swimming/41_Swimming_Swimming_41_308.jpg,456.0,322.0,594.0,512.0,1.0,1.0,0.0,0.0,0.0,0.0,1024.0,669.0,0.0382742432735426,Male,White,True,Male_White,1.0
10134,41--Swimming/41_Swimming_Swimmer_41_728.jpg,488.0,166.0,738.0,542.0,0.0,0.0,0.0,0.0,0.0,0.0,1024.0,871.0,0.1053925086107921,Male,White,True,Male_White,3.0
10135,41--Swimming/41_Swimming_Swimmer_41_53.jpg,686.0,154.0,830.0,376.0,0.0,1.0,0.0,0.0,0.0,0.0,1024.0,713.0,0.0437850631136044,Male,White,True,Male_White,1.0
10136,41--Swimming/41_Swimming_Swimmer_41_910.jpg,412.0,133.0,653.0,400.0,0.0,0.0,0.0,0.0,0.0,0.0,1024.0,1219.0,0.051549521892945,Male,White,True,Male_White,1.0
10137,41--Swimming/41_Swimming_Swimmer_41_683.jpg,596.0,348.0,770.0,512.0,1.0,0.0,0.0,0.0,0.0,0.0,1024.0,870.0,0.03203125,Male,White,True,Male_White,1.0
10139,41--Swimming/41_Swimming_Swimming_41_184.jpg,472.0,458.0,534.0,550.0,1.0,1.0,0.0,0.0,0.0,1.0,1024.0,820.0,0.0067930640243902,Male,White,True,Male_White,0.0
10141,41--Swimming/41_Swimming_Swimmer_41_5.jpg,668.0,310.0,810.0,454.0,0.0,1.0,0.0,0.0,0.0,1.0,1024.0,576.0,0.03466796875,Male,White,True,Male_White,1.0
10151,41--Swimming/41_Swimming_Swimmer_41_387.jpg,258.0,120.0,646.0,652.0,0.0,0.0,0.0,0.0,0.0,0.0,1024.0,1392.0,0.1448118714080459,Male,White,True,Male_White,5.0
10165,41--Swimming/41_Swimming_Swimmer_41_230.jpg,422.0,274.0,568.0,422.0,1.0,0.0,0.0,0.0,1.0,0.0,1024.0,684.0,0.0308502375730994,Male,White,True,Male_White,1.0
10166,41--Swimming/41_Swimming_Swimmer_41_217.jpg,142.0,43.0,192.0,108.0,0.0,0.0,0.0,0.0,0.0,0.0,1024.0,640.0,0.0049591064453125,Female,White,True,Female_White,0.0
10167,41--Swimming/41_Swimming_Swimmer_41_217.jpg,489.0,43.0,540.0,108.0,0.0,0.0,0.0,0.0,0.0,0.0,1024.0,640.0,0.0050582885742187,Female,White,True,Female_White,0.0
10168,41--Swimming/41_Swimming_Swimmer_41_217.jpg,813.0,46.0,862.0,111.0,0.0,0.0,0.0,0.0,0.0,0.0,1024.0,640.0,0.0048599243164062,Female,White,True,Female_White,0.0
10169,41--Swimming/41_Swimming_Swimming_41_12.jpg,458.0,160.0,620.0,370.0,1.0,1.0,0.0,0.0,0.0,0.0,1024.0,739.0,0.0449562330852503,Male,White,True,Male_White,1.0
10172,41--Swimming/41_Swimming_Swimmer_41_307.jpg,428.0,274.0,586.0,476.0,0.0,0.0,0.0,0.0,0.0,0.0,1024.0,683.0,0.045633922035139,Male,White,True,Male_White,1.0
10173,41--Swimming/41_Swimming_Swimming_41_203.jpg,470.0,150.0,562.0,254.0,0.0,1.0,0.0,0.0,0.0,0.0,1024.0,583.0,0.0160270154373927,Male,White,True,Male_White,0.0
10174,41--Swimming/41_Swimming_Swimming_41_199.jpg,458.0,228.0,528.0,300.0,0.0,0.0,0.0,0.0,1.0,0.0,1024.0,683.0,0.0072062591508052,Male,Black,True,Male_Black,0.0
10176,41--Swimming/41_Swimming_Swimmer_41_268.jpg,508.0,370.0,596.0,448.0,0.0,0.0,1.0,0.0,0.0,1.0,1024.0,681.0,0.0098430616740088,Male,White,True,Male_White,0.0
10177,41--Swimming/41_Swimming_Swimmer_41_662.jpg,684.0,210.0,780.0,322.0,0.0,0.0,0.0,0.0,0.0,0.0,1024.0,668.0,0.0157185628742514,Male,White,True,Male_White,0.0
10187,41--Swimming/41_Swimming_Swimmer_41_448.jpg,420.0,222.0,598.0,428.0,0.0,0.0,0.0,0.0,0.0,0.0,1024.0,683.0,0.0524283949487554,Male,White,True,Male_White,1.0
10196,41--Swimming/41_Swimming_Swimmer_41_265.jpg,434.0,216.0,620.0,468.0,0.0,0.0,0.0,0.0,0.0,0.0,1024.0,683.0,0.067018210102489,Male,White,True,Male_White,2.0
10197,41--Swimming/41_Swimming_Swimmer_41_226.jpg,392.0,156.0,606.0,448.0,0.0,0.0,0.0,0.0,0.0,0.0,1024.0,989.0,0.0617021612740141,Male,White,True,Male_White,2.0
10201,41--Swimming/41_Swimming_Swimmer_41_367.jpg,404.0,104.0,768.0,542.0,0.0,0.0,0.0,0.0,0.0,0.0,1024.0,814.0,0.1912718826781326,Male,White,True,Male_White,7.0
10202,41--Swimming/41_Swimming_Swimming_41_285.jpg,470.0,182.0,598.0,330.0,0.0,1.0,0.0,0.0,0.0,0.0,1024.0,644.0,0.0287267080745341,Male,White,True,Male_White,1.0
10204,41--Swimming/41_Swimming_Swimming_41_346.jpg,368.0,324.0,628.0,556.0,0.0,1.0,0.0,0.0,0.0,1.0,1024.0,684.0,0.0861202485380117,Male,Indian,True,Male_Indian,3.0
10205,41--Swimming/41_Swimming_Swimming_41_23.jpg,190.0,186.0,250.0,247.0,1.0,0.0,0.0,0.0,0.0,0.0,1024.0,606.0,0.0058980507425742,Female,White,True,Female_White,0.0
10206,41--Swimming/41_Swimming_Swimming_41_23.jpg,430.0,235.0,498.0,304.0,1.0,0.0,0.0,0.0,0.0,0.0,1024.0,606.0,0.0075611076732673,Female,White,True,Female_White,0.0
10207,41--Swimming/41_Swimming_Swimming_41_23.jpg,569.0,191.0,611.0,258.0,0.0,0.0,0.0,0.0,0.0,0.0,1024.0,606.0,0.0045347308168316,Female,White,True,Female_White,0.0
10208,41--Swimming/41_Swimming_Swimming_41_23.jpg,795.0,251.0,855.0,321.0,0.0,0.0,0.0,0.0,0.0,0.0,1024.0,606.0,0.006768254950495,Female,White,True,Female_White,0.0
10210,41--Swimming/41_Swimming_Swimming_41_40.jpg,484.0,186.0,580.0,334.0,1.0,1.0,0.0,0.0,0.0,0.0,1024.0,641.0,0.0216458658346333,Male,White,True,Male_White,0.0
10217,41--Swimming/41_Swimming_Swimmer_41_996.jpg,484.0,144.0,586.0,288.0,0.0,0.0,0.0,0.0,0.0,0.0,1024.0,768.0,0.0186767578125,Male,White,True,Male_White,0.0
10219,41--Swimming/41_Swimming_Swimmer_41_590.jpg,302.0,306.0,684.0,706.0,0.0,0.0,0.0,0.0,0.0,0.0,1024.0,768.0,0.1942952473958333,Male,White,True,Male_White,7.0
10220,41--Swimming/41_Swimming_Swimming_41_16.jpg,456.0,212.0,570.0,348.0,0.0,1.0,0.0,0.0,0.0,0.0,1024.0,608.0,0.02490234375,Male,White,True,Male_White,0.0
10221,41--Swimming/41_Swimming_Swimmer_41_12.jpg,470.0,174.0,608.0,356.0,1.0,1.0,0.0,0.0,0.0,0.0,1024.0,572.0,0.042879971590909,Male,White,True,Male_White,1.0
10222,41--Swimming/41_Swimming_Swimming_41_80.jpg,422.0,228.0,636.0,504.0,0.0,1.0,0.0,0.0,0.0,0.0,1024.0,633.0,0.0911211492890995,Male,White,True,Male_White,3.0
10225,41--Swimming/41_Swimming_Swimming_41_231.jpg,490.0,242.0,584.0,374.0,1.0,1.0,0.0,0.0,0.0,0.0,1024.0,577.0,0.0210003249566724,Male,White,True,Male_White,0.0
10226,41--Swimming/41_Swimming_Swimmer_41_61.jpg,210.0,140.0,404.0,362.0,0.0,0.0,0.0,0.0,0.0,0.0,1024.0,683.0,0.0615792002196193,Male,White,True,Male_White,2.0
10227,41--Swimming/41_Swimming_Swimmer_41_279.jpg,480.0,230.0,560.0,326.0,1.0,0.0,0.0,0.0,0.0,0.0,1024.0,683.0,0.0109809663250366,Male,White,True,Male_White,0.0
10232,41--Swimming/41_Swimming_Swimmer_41_129.jpg,520.0,236.0,870.0,622.0,0.0,0.0,0.0,0.0,0.0,0.0,1024.0,680.0,0.1940199908088235,Male,White,True,Male_White,7.0
10233,41--Swimming/41_Swimming_Swimmer_41_789.jpg,448.0,242.0,588.0,402.0,1.0,1.0,0.0,0.0,0.0,0.0,1024.0,615.0,0.0355691056910569,Male,White,True,Male_White,1.0
10244,41--Swimming/41_Swimming_Swimming_41_849.jpg,198.0,64.0,292.0,196.0,0.0,0.0,0.0,0.0,0.0,0.0,1024.0,768.0,0.015777587890625,Male,White,True,Male_White,0.0
10245,41--Swimming/41_Swimming_Swimmer_41_519.jpg,364.0,234.0,544.0,472.0,0.0,0.0,0.0,0.0,0.0,0.0,1024.0,768.0,0.054473876953125,Male,White,True,Male_White,1.0
10247,41--Swimming/41_Swimming_Swimming_41_403.jpg,248.0,338.0,444.0,608.0,0.0,1.0,0.0,0.0,0.0,0.0,1024.0,768.0,0.067291259765625,Male,White,True,Male_White,2.0
10251,41--Swimming/41_Swimming_Swimming_41_112.jpg,482.0,328.0,584.0,464.0,1.0,1.0,0.0,0.0,0.0,0.0,1024.0,660.0,0.0205255681818181,Male,White,True,Male_White,0.0
10255,41--Swimming/41_Swimming_Swimmer_41_325.jpg,298.0,262.0,746.0,886.0,0.0,0.0,0.0,0.0,0.0,0.0,1024.0,939.0,0.2907348242811501,Male,White,True,Male_White,10.0
10268,41--Swimming/41_Swimming_Swimmer_41_78.jpg,436.0,236.0,634.0,502.0,0.0,0.0,0.0,0.0,0.0,0.0,1024.0,682.0,0.0754158266129032,Male,White,True,Male_White,2.0
10269,41--Swimming/41_Swimming_Swimmer_41_182.jpg,404.0,284.0,560.0,488.0,0.0,0.0,0.0,0.0,1.0,0.0,1024.0,615.0,0.0505335365853658,Male,White,True,Male_White,1.0
10273,41--Swimming/41_Swimming_Swimmer_41_784.jpg,168.0,351.0,781.0,1105.0,0.0,0.0,0.0,0.0,0.0,0.0,1024.0,1536.0,0.293860117594401,Male,White,True,Male_White,11.0
10277,41--Swimming/41_Swimming_Swimmer_41_62.jpg,430.0,202.0,634.0,512.0,0.0,0.0,0.0,0.0,0.0,0.0,1024.0,829.0,0.0744967581423401,Male,White,True,Male_White,2.0
10278,41--Swimming/41_Swimming_Swimmer_41_442.jpg,490.0,50.0,550.0,152.0,0.0,0.0,0.0,0.0,0.0,0.0,1024.0,911.0,0.0065604418221734,Female,White,True,Female_White,0.0
10279,41--Swimming/41_Swimming_Swimmer_41_442.jpg,940.0,78.0,1008.0,162.0,0.0,0.0,0.0,0.0,0.0,0.0,1024.0,911.0,0.0061230790340285,Female,White,True,Female_White,0.0
10280,41--Swimming/41_Swimming_Swimmer_41_442.jpg,6.0,70.0,60.0,154.0,0.0,0.0,0.0,0.0,0.0,0.0,1024.0,911.0,0.0048624451152579,Female,White,True,Female_White,0.0
10286,41--Swimming/41_Swimming_Swimmer_41_229.jpg,470.0,212.0,670.0,460.0,1.0,1.0,0.0,0.0,0.0,0.0,1024.0,576.0,0.0840928819444444,Male,White,True,Male_White,3.0
10287,41--Swimming/41_Swimming_Swimmer_41_34.jpg,458.0,374.0,596.0,552.0,1.0,1.0,0.0,0.0,0.0,0.0,1024.0,808.0,0.0296884668935643,Male,White,True,Male_White,1.0
10292,41--Swimming/41_Swimming_Swimmer_41_767.jpg,216.0,82.0,302.0,180.0,0.0,0.0,0.0,0.0,0.0,0.0,1024.0,683.0,0.0120504666910688,Female,White,True,Female_White,0.0
10293,41--Swimming/41_Swimming_Swimmer_41_767.jpg,432.0,82.0,510.0,184.0,0.0,0.0,0.0,0.0,0.0,0.0,1024.0,683.0,0.0113755948023426,Female,White,True,Female_White,0.0
10294,41--Swimming/41_Swimming_Swimmer_41_767.jpg,588.0,90.0,672.0,190.0,0.0,0.0,0.0,0.0,0.0,0.0,1024.0,683.0,0.0120104319180087,Female,White,True,Female_White,0.0
10295,41--Swimming/41_Swimming_Swimmer_41_767.jpg,754.0,90.0,826.0,192.0,0.0,0.0,0.0,0.0,0.0,0.0,1024.0,683.0,0.0105005490483162,Female,White,True,Female_White,0.0
10320,42--Car_Racing/42_Car_Racing_Nascar_42_390.jpg,478.0,290.0,564.0,410.0,1.0,0.0,0.0,0.0,0.0,0.0,1024.0,718.0,0.0140363857938718,Male,White,True,Male_White,0.0
10326,42--Car_Racing/42_Car_Racing_Car_Racing_42_822.jpg,510.0,76.0,562.0,150.0,0.0,0.0,0.0,0.0,0.0,0.0,1024.0,711.0,0.0052852496483825,Male,White,True,Male_White,0.0
10327,42--Car_Racing/42_Car_Racing_Car_Racing_42_536.jpg,887.0,47.0,927.0,104.0,0.0,0.0,0.0,0.0,0.0,0.0,1024.0,756.0,0.0029451884920634,Male,White,True,Male_White,0.0
10328,42--Car_Racing/42_Car_Racing_Nascar_42_410.jpg,310.0,164.0,705.0,710.0,0.0,0.0,0.0,0.0,0.0,0.0,1024.0,1359.0,0.154978097406181,Male,White,True,Male_White,5.0
10329,42--Car_Racing/42_Car_Racing_Nascar_42_673.jpg,624.0,60.0,760.0,242.0,0.0,0.0,0.0,0.0,0.0,0.0,1024.0,768.0,0.0314737955729166,Male,White,True,Male_White,1.0
10330,42--Car_Racing/42_Car_Racing_Nascar_42_551.jpg,694.0,162.0,802.0,290.0,1.0,0.0,0.0,0.0,0.0,0.0,1024.0,576.0,0.0234375,Male,White,True,Male_White,0.0
10344,42--Car_Racing/42_Car_Racing_Nascar_42_530.jpg,382.0,78.0,574.0,340.0,0.0,0.0,0.0,0.0,0.0,0.0,1024.0,577.0,0.0851386481802426,Male,White,True,Male_White,3.0
10347,42--Car_Racing/42_Car_Racing_Car_Racing_42_516.jpg,542.0,190.0,578.0,235.0,1.0,0.0,0.0,0.0,0.0,0.0,1024.0,834.0,0.0018969199640287,Male,White,True,Male_White,0.0
10352,42--Car_Racing/42_Car_Racing_Nascar_42_635.jpg,54.0,92.0,306.0,440.0,0.0,0.0,0.0,0.0,0.0,0.0,1024.0,768.0,0.11151123046875,Male,White,True,Male_White,4.0
10354,42--Car_Racing/42_Car_Racing_Car_Racing_42_839.jpg,433.0,150.0,609.0,349.0,1.0,0.0,0.0,0.0,0.0,0.0,1024.0,1967.0,0.0173884722928317,Male,White,True,Male_White,0.0
10355,42--Car_Racing/42_Car_Racing_Nascar_42_507.jpg,448.0,55.0,488.0,110.0,1.0,0.0,0.0,0.0,0.0,0.0,1024.0,576.0,0.0037299262152777,Male,White,True,Male_White,0.0
10357,42--Car_Racing/42_Car_Racing_Nascar_42_367.jpg,784.0,82.0,886.0,186.0,1.0,0.0,0.0,0.0,0.0,0.0,1024.0,682.0,0.0151896994134897,Male,White,True,Male_White,0.0
10359,42--Car_Racing/42_Car_Racing_Nascar_42_522.jpg,502.0,90.0,708.0,388.0,0.0,0.0,0.0,0.0,0.0,0.0,1024.0,577.0,0.1038981260831889,Male,White,True,Male_White,3.0
10361,42--Car_Racing/42_Car_Racing_Nascar_42_361.jpg,779.0,50.0,811.0,87.0,1.0,0.0,1.0,0.0,0.0,0.0,1024.0,768.0,0.0015055338541666,Male,White,True,Male_White,0.0
10362,42--Car_Racing/42_Car_Racing_Nascar_42_331.jpg,750.0,118.0,898.0,282.0,0.0,0.0,0.0,0.0,0.0,0.0,1024.0,683.0,0.034704428989751,Male,White,True,Male_White,1.0
10363,42--Car_Racing/42_Car_Racing_Nascar_42_208.jpg,321.0,318.0,654.0,729.0,0.0,0.0,0.0,0.0,0.0,0.0,1024.0,1539.0,0.0868455317982456,Male,White,True,Male_White,3.0
10364,42--Car_Racing/42_Car_Racing_Nascar_42_192.jpg,704.0,116.0,766.0,192.0,0.0,0.0,1.0,0.0,0.0,0.0,1024.0,682.0,0.006747159090909,Male,White,True,Male_White,0.0
10388,43--Row_Boat/43_Row_Boat_Canoe_43_1000.jpg,681.0,270.0,743.0,346.0,0.0,0.0,1.0,0.0,0.0,0.0,1024.0,577.0,0.0079749783362218,Male,White,True,Male_White,0.0
10389,43--Row_Boat/43_Row_Boat_Rowboat_43_183.jpg,476.0,564.0,525.0,627.0,1.0,0.0,0.0,0.0,0.0,0.0,1024.0,1544.0,0.0019524925113341,Male,White,True,Male_White,0.0
10390,43--Row_Boat/43_Row_Boat_Canoe_43_1028.jpg,348.0,44.0,578.0,380.0,0.0,0.0,0.0,0.0,0.0,0.0,1024.0,577.0,0.1307950606585788,Male,White,True,Male_White,4.0
10392,43--Row_Boat/43_Row_Boat_Rowboat_43_381.jpg,504.0,132.0,538.0,174.0,1.0,0.0,0.0,0.0,0.0,0.0,1024.0,594.0,0.0023476957070707,Male,White,True,Male_White,0.0
10395,43--Row_Boat/43_Row_Boat_Canoe_43_919.jpg,452.0,266.0,532.0,388.0,1.0,0.0,0.0,0.0,0.0,0.0,1024.0,1024.0,0.009307861328125,Male,White,True,Male_White,0.0
10403,43--Row_Boat/43_Row_Boat_Rowboat_43_693.jpg,224.0,230.0,900.0,1021.0,0.0,0.0,0.0,0.0,0.0,0.0,1024.0,1435.0,0.363891006097561,Male,White,True,Male_White,13.0
10410,43--Row_Boat/43_Row_Boat_Canoe_43_891.jpg,628.0,6.0,896.0,276.0,0.0,0.0,0.0,0.0,0.0,0.0,1024.0,933.0,0.0757385450160771,Male,White,True,Male_White,2.0
10413,43--Row_Boat/43_Row_Boat_Canoe_43_385.jpg,548.0,163.0,589.0,214.0,1.0,0.0,0.0,0.0,0.0,0.0,1024.0,659.0,0.0030986224393019,Male,White,True,Male_White,0.0
10422,43--Row_Boat/43_Row_Boat_Canoe_43_455.jpg,565.0,400.0,602.0,455.0,0.0,0.0,0.0,0.0,0.0,0.0,1024.0,768.0,0.0025876363118489,Male,White,True,Male_White,0.0
10423,43--Row_Boat/43_Row_Boat_Canoe_43_525.jpg,576.0,232.0,644.0,286.0,1.0,0.0,0.0,0.0,0.0,1.0,1024.0,768.0,0.004669189453125,Male,White,True,Male_White,0.0
10424,43--Row_Boat/43_Row_Boat_Canoe_43_266.jpg,436.0,206.0,528.0,352.0,0.0,0.0,1.0,0.0,0.0,0.0,1024.0,768.0,0.0170796712239583,Male,White,True,Male_White,0.0
10425,43--Row_Boat/43_Row_Boat_Canoe_43_24.jpg,766.0,68.0,804.0,116.0,1.0,0.0,0.0,0.0,0.0,0.0,1024.0,680.0,0.0026194852941176,Male,White,True,Male_White,0.0
10426,43--Row_Boat/43_Row_Boat_Canoe_43_1024.jpg,398.0,413.0,430.0,451.0,1.0,0.0,0.0,0.0,0.0,1.0,1024.0,683.0,0.0017386530014641,Male,White,True,Male_White,0.0
10437,43--Row_Boat/43_Row_Boat_Rowboat_43_821.jpg,254.0,118.0,308.0,202.0,1.0,0.0,0.0,0.0,0.0,0.0,1024.0,899.0,0.0049273498331479,Male,White,True,Male_White,0.0
10447,43--Row_Boat/43_Row_Boat_Canoe_43_77.jpg,301.0,119.0,342.0,174.0,1.0,0.0,0.0,0.0,0.0,0.0,1024.0,681.0,0.0032336981461086,Male,White,True,Male_White,0.0
10460,43--Row_Boat/43_Row_Boat_Canoe_43_779.jpg,675.0,571.0,734.0,664.0,1.0,0.0,0.0,0.0,0.0,0.0,1024.0,1366.0,0.003922692853221,Male,White,True,Male_White,0.0
10473,43--Row_Boat/43_Row_Boat_Rowboat_43_931.jpg,804.0,76.0,856.0,160.0,1.0,0.0,0.0,0.0,0.0,0.0,1024.0,571.0,0.0074704465849387,Female,White,True,Female_White,0.0
10474,43--Row_Boat/43_Row_Boat_Rowboat_43_931.jpg,480.0,120.0,538.0,196.0,0.0,1.0,0.0,0.0,0.0,0.0,1024.0,571.0,0.0075388572679509,Female,White,True,Female_White,0.0
10475,43--Row_Boat/43_Row_Boat_Rowboat_43_931.jpg,248.0,152.0,302.0,226.0,0.0,0.0,0.0,0.0,0.0,0.0,1024.0,571.0,0.0068342272329246,Female,White,True,Female_White,0.0
10476,43--Row_Boat/43_Row_Boat_Canoe_43_941.jpg,530.0,4.0,716.0,286.0,0.0,0.0,0.0,0.0,0.0,0.0,1024.0,577.0,0.0887741009532062,Male,White,True,Male_White,3.0
10477,43--Row_Boat/43_Row_Boat_Canoe_43_844.jpg,480.0,46.0,548.0,142.0,1.0,0.0,0.0,0.0,0.0,0.0,1024.0,786.0,0.0081106870229007,Male,White,True,Male_White,0.0
10478,43--Row_Boat/43_Row_Boat_Rowboat_43_16.jpg,528.0,250.0,558.0,294.0,1.0,0.0,1.0,0.0,0.0,0.0,1024.0,740.0,0.0017419763513513,Male,White,True,Male_White,0.0
10485,43--Row_Boat/43_Row_Boat_Canoe_43_833.jpg,330.0,42.0,688.0,568.0,0.0,0.0,0.0,0.0,0.0,0.0,1024.0,577.0,0.3187080264298093,Male,White,True,Male_White,11.0
10490,43--Row_Boat/43_Row_Boat_Rowboat_43_18.jpg,464.0,94.0,508.0,146.0,1.0,0.0,0.0,0.0,0.0,0.0,1024.0,703.0,0.0031783428165007,Male,White,True,Male_White,0.0
10492,43--Row_Boat/43_Row_Boat_Canoe_43_221.jpg,154.0,287.0,189.0,332.0,1.0,0.0,0.0,0.0,0.0,0.0,1024.0,762.0,0.0020184854822834,Male,White,True,Male_White,0.0
10499,43--Row_Boat/43_Row_Boat_Canoe_43_273.jpg,614.0,202.0,670.0,294.0,1.0,0.0,0.0,0.0,0.0,0.0,1024.0,704.0,0.0071466619318181,Male,White,True,Male_White,0.0
10509,44--Aerobics/44_Aerobics_Aerobics_44_528.jpg,866.0,105.0,907.0,160.0,0.0,0.0,0.0,0.0,0.0,0.0,1024.0,693.0,0.0031777033730158,Female,White,True,Female_White,0.0
10510,44--Aerobics/44_Aerobics_Aerobics_44_528.jpg,549.0,135.0,601.0,193.0,0.0,0.0,0.0,0.0,0.0,0.0,1024.0,693.0,0.0042500901875901,Female,White,True,Female_White,0.0
10511,44--Aerobics/44_Aerobics_Aerobics_44_528.jpg,310.0,108.0,346.0,153.0,0.0,0.0,0.0,0.0,0.0,0.0,1024.0,693.0,0.0022828733766233,Female,White,True,Female_White,0.0
10512,44--Aerobics/44_Aerobics_Aerobics_44_528.jpg,81.0,150.0,124.0,193.0,0.0,0.0,0.0,0.0,0.0,0.0,1024.0,693.0,0.0026055758477633,Female,White,True,Female_White,0.0
10521,44--Aerobics/44_Aerobics_Aerobics_44_438.jpg,512.0,155.0,593.0,277.0,0.0,0.0,0.0,0.0,0.0,0.0,1024.0,754.0,0.0127989265583554,Female,White,True,Female_White,0.0
10522,44--Aerobics/44_Aerobics_Aerobics_44_438.jpg,368.0,203.0,435.0,300.0,0.0,0.0,0.0,0.0,0.0,0.0,1024.0,754.0,0.0084173470656498,Female,White,True,Female_White,0.0
10523,44--Aerobics/44_Aerobics_Aerobics_44_438.jpg,182.0,235.0,232.0,315.0,0.0,0.0,0.0,0.0,0.0,0.0,1024.0,754.0,0.0051807029177718,Female,White,True,Female_White,0.0
10537,44--Aerobics/44_Aerobics_Aerobics_44_434.jpg,698.0,118.0,816.0,264.0,0.0,0.0,0.0,0.0,0.0,0.0,1024.0,860.0,0.0195630450581395,Female,White,True,Female_White,0.0
10538,44--Aerobics/44_Aerobics_Aerobics_44_434.jpg,462.0,82.0,588.0,228.0,0.0,0.0,0.0,0.0,0.0,0.0,1024.0,860.0,0.0208893531976744,Female,Asian,True,Female_Asian,0.0
10539,44--Aerobics/44_Aerobics_Aerobics_44_434.jpg,236.0,76.0,362.0,250.0,0.0,0.0,0.0,0.0,0.0,0.0,1024.0,860.0,0.0248955305232558,Female,White,True,Female_White,0.0
10571,44--Aerobics/44_Aerobics_Aerobics_44_660.jpg,198.0,320.0,306.0,452.0,0.0,0.0,0.0,0.0,0.0,0.0,1024.0,1024.0,0.0135955810546875,Female,White,True,Female_White,0.0
10572,44--Aerobics/44_Aerobics_Aerobics_44_660.jpg,362.0,294.0,448.0,396.0,0.0,0.0,0.0,0.0,0.0,0.0,1024.0,1024.0,0.0083656311035156,Female,White,True,Female_White,0.0
10573,44--Aerobics/44_Aerobics_Aerobics_44_660.jpg,522.0,264.0,610.0,384.0,0.0,0.0,0.0,0.0,0.0,0.0,1024.0,1024.0,0.01007080078125,Female,White,True,Female_White,0.0
10574,44--Aerobics/44_Aerobics_Aerobics_44_660.jpg,656.0,318.0,738.0,420.0,1.0,0.0,0.0,0.0,0.0,0.0,1024.0,1024.0,0.0079765319824218,Female,White,True,Female_White,0.0
10575,44--Aerobics/44_Aerobics_Aerobics_44_660.jpg,772.0,296.0,846.0,402.0,1.0,0.0,0.0,0.0,0.0,0.0,1024.0,1024.0,0.0074806213378906,Female,White,True,Female_White,0.0
10584,44--Aerobics/44_Aerobics_Aerobics_44_765.jpg,815.0,120.0,855.0,226.0,0.0,0.0,0.0,0.0,0.0,0.0,1024.0,1024.0,0.0040435791015625,Female,White,True,Female_White,0.0
10585,44--Aerobics/44_Aerobics_Aerobics_44_765.jpg,335.0,55.0,485.0,272.0,0.0,0.0,0.0,0.0,0.0,0.0,1024.0,1024.0,0.0310420989990234,Female,White,True,Female_White,1.0
10593,44--Aerobics/44_Aerobics_Aerobics_44_492.jpg,224.0,222.0,306.0,334.0,0.0,0.0,0.0,0.0,0.0,0.0,1024.0,768.0,0.0116780598958333,Female,White,True,Female_White,0.0
10594,44--Aerobics/44_Aerobics_Aerobics_44_492.jpg,400.0,222.0,480.0,334.0,0.0,0.0,0.0,0.0,0.0,0.0,1024.0,768.0,0.0113932291666666,Female,White,True,Female_White,0.0
10595,44--Aerobics/44_Aerobics_Aerobics_44_492.jpg,586.0,226.0,676.0,340.0,0.0,0.0,0.0,0.0,0.0,0.0,1024.0,768.0,0.0130462646484375,Female,White,True,Female_White,0.0
10596,44--Aerobics/44_Aerobics_Aerobics_44_492.jpg,756.0,226.0,842.0,344.0,0.0,0.0,0.0,0.0,0.0,0.0,1024.0,768.0,0.0129038492838541,Female,White,True,Female_White,0.0
10598,44--Aerobics/44_Aerobics_Aerobics_44_940.jpg,438.0,164.0,652.0,508.0,0.0,0.0,0.0,0.0,0.0,0.0,1024.0,768.0,0.0936075846354166,Female,White,True,Female_White,3.0
10599,44--Aerobics/44_Aerobics_Aerobics_44_940.jpg,858.0,140.0,956.0,270.0,0.0,0.0,0.0,0.0,0.0,0.0,1024.0,768.0,0.0161997477213541,Female,White,True,Female_White,0.0
10600,44--Aerobics/44_Aerobics_Aerobics_44_543.jpg,127.0,245.0,202.0,355.0,1.0,0.0,0.0,0.0,0.0,0.0,1024.0,1280.0,0.0062942504882812,Female,White,True,Female_White,0.0
10601,44--Aerobics/44_Aerobics_Aerobics_44_543.jpg,292.0,275.0,359.0,380.0,1.0,0.0,0.0,0.0,0.0,0.0,1024.0,1280.0,0.0053672790527343,Female,White,True,Female_White,0.0
10602,44--Aerobics/44_Aerobics_Aerobics_44_543.jpg,425.0,210.0,495.0,315.0,1.0,0.0,0.0,0.0,0.0,0.0,1024.0,1280.0,0.0056076049804687,Female,White,True,Female_White,0.0
10603,44--Aerobics/44_Aerobics_Aerobics_44_543.jpg,582.0,300.0,644.0,390.0,1.0,0.0,0.0,0.0,0.0,0.0,1024.0,1280.0,0.0042572021484375,Female,White,True,Female_White,0.0
10604,44--Aerobics/44_Aerobics_Aerobics_44_543.jpg,699.0,250.0,754.0,342.0,1.0,0.0,0.0,0.0,0.0,0.0,1024.0,1280.0,0.0038604736328125,Female,White,True,Female_White,0.0
10605,44--Aerobics/44_Aerobics_Aerobics_44_543.jpg,814.0,225.0,886.0,325.0,1.0,0.0,0.0,0.0,0.0,0.0,1024.0,1280.0,0.0054931640625,Female,White,True,Female_White,0.0
10606,44--Aerobics/44_Aerobics_Aerobics_44_543.jpg,809.0,582.0,901.0,697.0,1.0,0.0,0.0,0.0,0.0,0.0,1024.0,1280.0,0.0080718994140625,Female,White,True,Female_White,0.0
10607,44--Aerobics/44_Aerobics_Aerobics_44_543.jpg,592.0,604.0,677.0,719.0,1.0,0.0,0.0,0.0,0.0,0.0,1024.0,1280.0,0.0074577331542968,Female,White,True,Female_White,0.0
10608,44--Aerobics/44_Aerobics_Aerobics_44_543.jpg,395.0,674.0,480.0,781.0,1.0,0.0,0.0,0.0,0.0,0.0,1024.0,1280.0,0.0069389343261718,Female,White,True,Female_White,0.0
10609,44--Aerobics/44_Aerobics_Aerobics_44_543.jpg,180.0,617.0,262.0,727.0,1.0,0.0,0.0,0.0,0.0,0.0,1024.0,1280.0,0.0068817138671875,Female,White,True,Female_White,0.0
10627,44--Aerobics/44_Aerobics_Aerobics_44_605.jpg,893.0,111.0,923.0,145.0,1.0,0.0,0.0,0.0,0.0,0.0,1024.0,427.0,0.0023327722482435,Female,White,True,Female_White,0.0
10628,44--Aerobics/44_Aerobics_Aerobics_44_605.jpg,777.0,129.0,812.0,161.0,1.0,0.0,0.0,0.0,0.0,0.0,1024.0,427.0,0.002561475409836,Female,White,True,Female_White,0.0
10629,44--Aerobics/44_Aerobics_Aerobics_44_605.jpg,605.0,120.0,642.0,173.0,1.0,0.0,0.0,0.0,0.0,1.0,1024.0,427.0,0.004484868998829,Female,White,True,Female_White,0.0
10630,44--Aerobics/44_Aerobics_Aerobics_44_605.jpg,363.0,121.0,414.0,179.0,1.0,0.0,0.0,0.0,0.0,0.0,1024.0,427.0,0.0067650395199063,Female,White,True,Female_White,0.0
10634,44--Aerobics/44_Aerobics_Aerobics_44_463.jpg,540.0,375.0,606.0,471.0,1.0,0.0,0.0,0.0,0.0,0.0,1024.0,1362.0,0.0045429515418502,Male,White,True,Male_White,0.0
10636,44--Aerobics/44_Aerobics_Aerobics_44_474.jpg,566.0,186.0,726.0,374.0,0.0,0.0,0.0,0.0,0.0,0.0,1024.0,754.0,0.0389588859416445,Female,White,True,Female_White,1.0
10637,44--Aerobics/44_Aerobics_Aerobics_44_474.jpg,402.0,138.0,504.0,276.0,1.0,0.0,0.0,0.0,0.0,0.0,1024.0,754.0,0.0182308935676392,Female,White,True,Female_White,0.0
10638,44--Aerobics/44_Aerobics_Aerobics_44_474.jpg,274.0,204.0,364.0,316.0,1.0,0.0,0.0,0.0,0.0,0.0,1024.0,754.0,0.0130553713527851,Female,White,True,Female_White,0.0
10639,44--Aerobics/44_Aerobics_Aerobics_44_80.jpg,452.0,324.0,568.0,456.0,0.0,0.0,0.0,0.0,0.0,0.0,1024.0,754.0,0.0198317307692307,Female,White,True,Female_White,0.0
10640,44--Aerobics/44_Aerobics_Aerobics_44_80.jpg,296.0,230.0,396.0,350.0,0.0,0.0,0.0,0.0,0.0,0.0,1024.0,754.0,0.0155421087533156,Female,White,True,Female_White,0.0
10641,44--Aerobics/44_Aerobics_Aerobics_44_80.jpg,168.0,128.0,248.0,222.0,0.0,0.0,0.0,0.0,0.0,0.0,1024.0,754.0,0.0097397214854111,Female,White,True,Female_White,0.0
10643,44--Aerobics/44_Aerobics_Aerobics_44_114.jpg,663.0,56.0,729.0,160.0,0.0,0.0,0.0,0.0,0.0,0.0,1024.0,547.0,0.0122543418647166,Female,White,True,Female_White,0.0
10644,44--Aerobics/44_Aerobics_Aerobics_44_114.jpg,900.0,49.0,959.0,130.0,1.0,0.0,0.0,0.0,0.0,0.0,1024.0,547.0,0.008531978404936,Female,White,True,Female_White,0.0
10645,44--Aerobics/44_Aerobics_Aerobics_44_114.jpg,474.0,40.0,516.0,113.0,1.0,0.0,0.0,0.0,0.0,0.0,1024.0,547.0,0.005473748857404,Male,White,True,Male_White,0.0
10646,44--Aerobics/44_Aerobics_Aerobics_44_114.jpg,340.0,88.0,388.0,164.0,1.0,0.0,0.0,0.0,0.0,0.0,1024.0,547.0,0.0065127970749542,Female,White,True,Female_White,0.0
10660,44--Aerobics/44_Aerobics_Aerobics_44_768.jpg,232.0,152.0,290.0,232.0,1.0,0.0,0.0,0.0,1.0,0.0,1024.0,1024.0,0.004425048828125,Female,White,True,Female_White,0.0
10661,44--Aerobics/44_Aerobics_Aerobics_44_768.jpg,68.0,174.0,124.0,248.0,1.0,0.0,0.0,0.0,0.0,0.0,1024.0,1024.0,0.0039520263671875,Female,White,True,Female_White,0.0
10662,44--Aerobics/44_Aerobics_Aerobics_44_768.jpg,568.0,74.0,646.0,170.0,1.0,0.0,0.0,0.0,0.0,0.0,1024.0,1024.0,0.00714111328125,Female,White,True,Female_White,0.0
10663,44--Aerobics/44_Aerobics_Aerobics_44_768.jpg,880.0,164.0,932.0,236.0,1.0,0.0,0.0,0.0,0.0,0.0,1024.0,1024.0,0.003570556640625,Female,White,True,Female_White,0.0
10674,44--Aerobics/44_Aerobics_Aerobics_44_946.jpg,324.0,80.0,426.0,242.0,0.0,0.0,0.0,0.0,0.0,0.0,1024.0,1001.0,0.0161205981518481,Female,White,True,Female_White,0.0
10675,44--Aerobics/44_Aerobics_Aerobics_44_946.jpg,644.0,56.0,722.0,164.0,1.0,0.0,0.0,0.0,0.0,0.0,1024.0,1001.0,0.0082183441558441,Female,White,True,Female_White,0.0
10676,44--Aerobics/44_Aerobics_Aerobics_44_946.jpg,54.0,112.0,110.0,190.0,1.0,0.0,0.0,0.0,0.0,0.0,1024.0,1001.0,0.0042613636363636,Female,White,True,Female_White,0.0
10678,44--Aerobics/44_Aerobics_Aerobics_44_94.jpg,566.0,156.0,684.0,312.0,0.0,0.0,0.0,0.0,0.0,0.0,1024.0,754.0,0.0238415948275862,Female,White,True,Female_White,0.0
10679,44--Aerobics/44_Aerobics_Aerobics_44_94.jpg,394.0,268.0,480.0,372.0,0.0,0.0,0.0,0.0,0.0,0.0,1024.0,754.0,0.0115840517241379,Female,White,True,Female_White,0.0
10680,44--Aerobics/44_Aerobics_Aerobics_44_94.jpg,260.0,266.0,328.0,364.0,0.0,0.0,0.0,0.0,0.0,0.0,1024.0,754.0,0.0086310510610079,Female,Indian,True,Female_Indian,0.0
10681,44--Aerobics/44_Aerobics_Aerobics_44_846.jpg,662.0,72.0,738.0,172.0,0.0,0.0,0.0,0.0,0.0,0.0,1024.0,762.0,0.0097399934383202,Male,White,True,Male_White,0.0
10682,44--Aerobics/44_Aerobics_Aerobics_44_846.jpg,562.0,240.0,620.0,320.0,1.0,0.0,0.0,0.0,0.0,0.0,1024.0,762.0,0.0059465223097112,Female,White,True,Female_White,0.0
10683,44--Aerobics/44_Aerobics_Aerobics_44_846.jpg,248.0,222.0,310.0,308.0,1.0,0.0,0.0,0.0,0.0,0.0,1024.0,762.0,0.006833374343832,Female,White,True,Female_White,0.0
10684,44--Aerobics/44_Aerobics_Aerobics_44_846.jpg,104.0,234.0,182.0,316.0,1.0,0.0,0.0,0.0,0.0,0.0,1024.0,762.0,0.0081969734251968,Female,White,True,Female_White,0.0
10695,44--Aerobics/44_Aerobics_Aerobics_44_156.jpg,162.0,232.0,232.0,330.0,0.0,0.0,0.0,0.0,0.0,0.0,1024.0,839.0,0.007984766090584,Female,White,True,Female_White,0.0
10696,44--Aerobics/44_Aerobics_Aerobics_44_156.jpg,306.0,240.0,370.0,328.0,0.0,0.0,0.0,0.0,0.0,0.0,1024.0,839.0,0.0065554231227651,Female,White,True,Female_White,0.0
10697,44--Aerobics/44_Aerobics_Aerobics_44_156.jpg,520.0,150.0,582.0,228.0,0.0,0.0,0.0,0.0,0.0,0.0,1024.0,839.0,0.0056289109058402,Female,Asian,True,Female_Asian,0.0
10698,44--Aerobics/44_Aerobics_Aerobics_44_156.jpg,612.0,206.0,680.0,298.0,0.0,0.0,0.0,0.0,0.0,0.0,1024.0,839.0,0.0072817342073897,Female,Asian,True,Female_Asian,0.0
10699,44--Aerobics/44_Aerobics_Aerobics_44_156.jpg,824.0,160.0,902.0,264.0,0.0,0.0,0.0,0.0,0.0,0.0,1024.0,839.0,0.0094420441001191,Female,White,True,Female_White,0.0
10700,44--Aerobics/44_Aerobics_Aerobics_44_156.jpg,452.0,482.0,546.0,592.0,0.0,0.0,0.0,0.0,0.0,0.0,1024.0,839.0,0.0120353471394517,Female,White,True,Female_White,0.0
10702,44--Aerobics/44_Aerobics_Aerobics_44_152.jpg,527.0,323.0,596.0,414.0,0.0,0.0,0.0,0.0,0.0,0.0,1024.0,754.0,0.0081324084051724,Female,White,True,Female_White,0.0
10703,44--Aerobics/44_Aerobics_Aerobics_44_152.jpg,440.0,166.0,509.0,260.0,0.0,0.0,0.0,0.0,0.0,0.0,1024.0,754.0,0.0084005097811671,Female,White,True,Female_White,0.0
10704,44--Aerobics/44_Aerobics_Aerobics_44_152.jpg,296.0,92.0,354.0,179.0,1.0,0.0,0.0,0.0,0.0,0.0,1024.0,754.0,0.0065354567307692,Female,White,True,Female_White,0.0
10705,44--Aerobics/44_Aerobics_Aerobics_44_751.jpg,292.0,192.0,408.0,308.0,0.0,0.0,1.0,0.0,0.0,1.0,1024.0,682.0,0.0192677785923753,Female,White,True,Female_White,0.0
10706,44--Aerobics/44_Aerobics_Aerobics_44_751.jpg,662.0,200.0,750.0,308.0,0.0,0.0,0.0,0.0,0.0,1.0,1024.0,682.0,0.0136088709677419,Female,White,True,Female_White,0.0
10712,44--Aerobics/44_Aerobics_Aerobics_44_905.jpg,775.0,203.0,803.0,246.0,0.0,0.0,0.0,0.0,0.0,0.0,1024.0,681.0,0.0017265510279001,Female,Asian,True,Female_Asian,0.0
10713,44--Aerobics/44_Aerobics_Aerobics_44_905.jpg,614.0,237.0,644.0,286.0,0.0,0.0,0.0,0.0,0.0,0.0,1024.0,681.0,0.0021079983480176,Female,White,True,Female_White,0.0
10714,44--Aerobics/44_Aerobics_Aerobics_44_905.jpg,470.0,272.0,501.0,308.0,0.0,0.0,0.0,0.0,0.0,1.0,1024.0,681.0,0.0016003579295154,Female,White,True,Female_White,0.0
10715,44--Aerobics/44_Aerobics_Aerobics_44_905.jpg,463.0,207.0,494.0,243.0,0.0,0.0,0.0,0.0,0.0,1.0,1024.0,681.0,0.0016003579295154,Female,White,True,Female_White,0.0
10716,44--Aerobics/44_Aerobics_Aerobics_44_905.jpg,243.0,232.0,273.0,277.0,0.0,0.0,0.0,0.0,0.0,0.0,1024.0,681.0,0.0019359168502202,Female,White,True,Female_White,0.0
10717,44--Aerobics/44_Aerobics_Aerobics_44_905.jpg,160.0,195.0,189.0,242.0,0.0,0.0,0.0,0.0,0.0,0.0,1024.0,681.0,0.0019545590124816,Female,Asian,True,Female_Asian,0.0
10731,44--Aerobics/44_Aerobics_Aerobics_44_108.jpg,516.0,354.0,590.0,456.0,0.0,0.0,0.0,0.0,0.0,0.0,1024.0,988.0,0.0074606212044534,Male,White,True,Male_White,0.0
10732,44--Aerobics/44_Aerobics_Aerobics_44_108.jpg,698.0,98.0,774.0,194.0,0.0,0.0,0.0,0.0,0.0,0.0,1024.0,988.0,0.0072115384615384,Female,Asian,True,Female_Asian,0.0
10733,44--Aerobics/44_Aerobics_Aerobics_44_108.jpg,754.0,476.0,822.0,574.0,0.0,0.0,0.0,0.0,0.0,0.0,1024.0,988.0,0.006586854757085,Female,White,True,Female_White,0.0
10734,44--Aerobics/44_Aerobics_Aerobics_44_108.jpg,294.0,414.0,376.0,506.0,0.0,0.0,0.0,0.0,0.0,0.0,1024.0,988.0,0.0074566675101214,Female,White,True,Female_White,0.0
10735,44--Aerobics/44_Aerobics_Aerobics_44_108.jpg,346.0,212.0,420.0,300.0,0.0,0.0,0.0,0.0,0.0,0.0,1024.0,988.0,0.0064366143724696,Female,Black,True,Female_Black,0.0
10736,44--Aerobics/44_Aerobics_Aerobics_44_108.jpg,554.0,110.0,614.0,194.0,0.0,0.0,0.0,0.0,0.0,0.0,1024.0,988.0,0.0049816548582995,Female,White,True,Female_White,0.0
10737,44--Aerobics/44_Aerobics_Aerobics_44_108.jpg,392.0,96.0,462.0,174.0,0.0,0.0,0.0,0.0,0.0,0.0,1024.0,988.0,0.0053967927631578,Female,White,True,Female_White,0.0
10741,44--Aerobics/44_Aerobics_Aerobics_44_484.jpg,526.0,151.0,611.0,283.0,1.0,0.0,0.0,0.0,0.0,0.0,1024.0,1408.0,0.007781982421875,Male,White,True,Male_White,0.0
10745,44--Aerobics/44_Aerobics_Aerobics_44_773.jpg,207.0,90.0,380.0,309.0,0.0,0.0,0.0,0.0,0.0,0.0,1024.0,1070.0,0.0345785265771028,Female,White,True,Female_White,1.0
10746,44--Aerobics/44_Aerobics_Aerobics_44_773.jpg,428.0,107.0,572.0,335.0,0.0,0.0,0.0,0.0,0.0,0.0,1024.0,1070.0,0.029964953271028,Female,White,True,Female_White,1.0
10747,44--Aerobics/44_Aerobics_Aerobics_44_1041.jpg,458.0,310.0,548.0,438.0,1.0,0.0,0.0,0.0,0.0,0.0,1024.0,1397.0,0.0080529706513958,Male,White,True,Male_White,0.0
10748,44--Aerobics/44_Aerobics_Aerobics_44_317.jpg,915.0,174.0,952.0,220.0,1.0,0.0,0.0,0.0,0.0,0.0,1024.0,684.0,0.0024299844663742,Female,White,True,Female_White,0.0
10749,44--Aerobics/44_Aerobics_Aerobics_44_317.jpg,823.0,174.0,856.0,225.0,1.0,0.0,0.0,0.0,0.0,0.0,1024.0,684.0,0.0024028577302631,Female,White,True,Female_White,0.0
10750,44--Aerobics/44_Aerobics_Aerobics_44_317.jpg,705.0,168.0,738.0,213.0,1.0,0.0,0.0,0.0,0.0,0.0,1024.0,684.0,0.0021201685855263,Female,White,True,Female_White,0.0
10751,44--Aerobics/44_Aerobics_Aerobics_44_317.jpg,813.0,293.0,845.0,337.0,1.0,0.0,0.0,0.0,0.0,0.0,1024.0,684.0,0.0020102339181286,Female,White,True,Female_White,0.0
10752,44--Aerobics/44_Aerobics_Aerobics_44_317.jpg,690.0,295.0,727.0,342.0,1.0,0.0,0.0,0.0,0.0,0.0,1024.0,684.0,0.0024828102156432,Female,White,True,Female_White,0.0
10753,44--Aerobics/44_Aerobics_Aerobics_44_317.jpg,601.0,291.0,635.0,336.0,1.0,0.0,0.0,0.0,0.0,0.0,1024.0,684.0,0.002184416118421,Female,White,True,Female_White,0.0
10754,44--Aerobics/44_Aerobics_Aerobics_44_317.jpg,596.0,180.0,630.0,220.0,1.0,0.0,0.0,0.0,0.0,0.0,1024.0,684.0,0.0019417032163742,Female,White,True,Female_White,0.0
10755,44--Aerobics/44_Aerobics_Aerobics_44_317.jpg,507.0,174.0,540.0,219.0,1.0,0.0,0.0,0.0,0.0,0.0,1024.0,684.0,0.0021201685855263,Female,White,True,Female_White,0.0
10756,44--Aerobics/44_Aerobics_Aerobics_44_317.jpg,491.0,287.0,523.0,334.0,1.0,0.0,0.0,0.0,0.0,0.0,1024.0,684.0,0.0021472953216374,Female,White,True,Female_White,0.0
10757,44--Aerobics/44_Aerobics_Aerobics_44_317.jpg,389.0,291.0,424.0,336.0,1.0,0.0,0.0,0.0,0.0,0.0,1024.0,684.0,0.0022486636513157,Female,White,True,Female_White,0.0
10758,44--Aerobics/44_Aerobics_Aerobics_44_317.jpg,407.0,149.0,439.0,197.0,1.0,0.0,0.0,0.0,0.0,0.0,1024.0,684.0,0.0021929824561403,Female,White,True,Female_White,0.0
10759,44--Aerobics/44_Aerobics_Aerobics_44_317.jpg,277.0,291.0,312.0,338.0,1.0,0.0,0.0,0.0,0.0,0.0,1024.0,684.0,0.0023486042580409,Female,White,True,Female_White,0.0
10760,44--Aerobics/44_Aerobics_Aerobics_44_317.jpg,185.0,282.0,220.0,327.0,1.0,0.0,0.0,0.0,0.0,0.0,1024.0,684.0,0.0022486636513157,Female,White,True,Female_White,0.0
10761,44--Aerobics/44_Aerobics_Aerobics_44_317.jpg,103.0,290.0,136.0,338.0,1.0,0.0,0.0,0.0,0.0,0.0,1024.0,684.0,0.0022615131578947,Female,White,True,Female_White,0.0
10762,44--Aerobics/44_Aerobics_Aerobics_44_317.jpg,108.0,171.0,141.0,215.0,1.0,0.0,0.0,0.0,0.0,0.0,1024.0,684.0,0.0020730537280701,Female,White,True,Female_White,0.0
10763,44--Aerobics/44_Aerobics_Aerobics_44_317.jpg,209.0,168.0,240.0,212.0,1.0,0.0,0.0,0.0,0.0,0.0,1024.0,684.0,0.0019474141081871,Female,White,True,Female_White,0.0
10764,44--Aerobics/44_Aerobics_Aerobics_44_317.jpg,305.0,167.0,335.0,212.0,1.0,0.0,0.0,0.0,0.0,0.0,1024.0,684.0,0.0019274259868421,Female,White,True,Female_White,0.0
10765,44--Aerobics/44_Aerobics_Aerobics_44_317.jpg,464.0,408.0,501.0,456.0,1.0,0.0,0.0,0.0,0.0,0.0,1024.0,684.0,0.0025356359649122,Female,White,True,Female_White,0.0
10766,44--Aerobics/44_Aerobics_Aerobics_44_502.jpg,504.0,185.0,556.0,258.0,1.0,0.0,0.0,0.0,0.0,0.0,1024.0,764.0,0.004852135143979,Female,White,True,Female_White,0.0
10767,44--Aerobics/44_Aerobics_Aerobics_44_502.jpg,664.0,155.0,715.0,220.0,1.0,0.0,0.0,0.0,0.0,0.0,1024.0,764.0,0.0042373098003926,Female,White,True,Female_White,0.0
10768,44--Aerobics/44_Aerobics_Aerobics_44_502.jpg,764.0,100.0,818.0,171.0,1.0,0.0,0.0,0.0,0.0,0.0,1024.0,764.0,0.0049007076243455,Female,White,True,Female_White,0.0
10769,44--Aerobics/44_Aerobics_Aerobics_44_502.jpg,291.0,40.0,351.0,123.0,1.0,0.0,0.0,0.0,0.0,0.0,1024.0,764.0,0.0063655513743455,Male,White,True,Male_White,0.0
10770,44--Aerobics/44_Aerobics_Aerobics_44_502.jpg,180.0,131.0,237.0,206.0,1.0,0.0,0.0,0.0,0.0,0.0,1024.0,764.0,0.0054644040412303,Female,Indian,True,Female_Indian,0.0
10772,44--Aerobics/44_Aerobics_Aerobics_44_709.jpg,541.0,627.0,617.0,718.0,1.0,0.0,0.0,0.0,0.0,0.0,1024.0,1294.0,0.0052194020479134,Female,White,True,Female_White,0.0
10773,44--Aerobics/44_Aerobics_Aerobics_44_709.jpg,688.0,311.0,759.0,377.0,1.0,0.0,0.0,0.0,0.0,0.0,1024.0,1294.0,0.0035364543083462,Female,White,True,Female_White,0.0
10774,44--Aerobics/44_Aerobics_Aerobics_44_709.jpg,491.0,109.0,552.0,177.0,1.0,0.0,0.0,0.0,0.0,0.0,1024.0,1294.0,0.003130433732612,Female,White,True,Female_White,0.0
10775,44--Aerobics/44_Aerobics_Aerobics_44_729.jpg,330.0,74.0,516.0,314.0,0.0,0.0,0.0,0.0,0.0,0.0,1024.0,683.0,0.0638268667642752,Male,White,True,Male_White,2.0
10783,44--Aerobics/44_Aerobics_Aerobics_44_613.jpg,26.0,36.0,346.0,448.0,0.0,0.0,0.0,0.0,0.0,0.0,1024.0,683.0,0.188506588579795,Female,White,True,Female_White,7.0
10784,44--Aerobics/44_Aerobics_Aerobics_44_613.jpg,340.0,130.0,614.0,496.0,0.0,0.0,0.0,0.0,0.0,0.0,1024.0,683.0,0.143387399341142,Female,White,True,Female_White,5.0
10785,44--Aerobics/44_Aerobics_Aerobics_44_613.jpg,642.0,90.0,1004.0,512.0,0.0,0.0,0.0,0.0,0.0,0.0,1024.0,683.0,0.2184240025622254,Female,White,True,Female_White,8.0
10790,44--Aerobics/44_Aerobics_Aerobics_44_757.jpg,195.0,88.0,329.0,240.0,1.0,0.0,0.0,0.0,0.0,0.0,1024.0,1560.0,0.0127504006410256,Female,White,True,Female_White,0.0
10791,44--Aerobics/44_Aerobics_Aerobics_44_757.jpg,475.0,94.0,594.0,262.0,1.0,0.0,0.0,0.0,0.0,0.0,1024.0,1560.0,0.0125150240384615,Female,White,True,Female_White,0.0
10792,44--Aerobics/44_Aerobics_Aerobics_44_757.jpg,731.0,94.0,868.0,271.0,1.0,0.0,0.0,0.0,0.0,0.0,1024.0,1560.0,0.0151799128605769,Female,White,True,Female_White,0.0
10804,44--Aerobics/44_Aerobics_Aerobics_44_161.jpg,742.0,161.0,787.0,233.0,1.0,0.0,0.0,0.0,0.0,0.0,1024.0,768.0,0.004119873046875,Female,White,True,Female_White,0.0
10805,44--Aerobics/44_Aerobics_Aerobics_44_161.jpg,605.0,215.0,650.0,279.0,1.0,0.0,0.0,0.0,0.0,0.0,1024.0,768.0,0.003662109375,Female,White,True,Female_White,0.0
10806,44--Aerobics/44_Aerobics_Aerobics_44_161.jpg,471.0,272.0,513.0,328.0,1.0,0.0,0.0,0.0,0.0,0.0,1024.0,768.0,0.00299072265625,Female,White,True,Female_White,0.0
10807,44--Aerobics/44_Aerobics_Aerobics_44_161.jpg,285.0,216.0,328.0,279.0,1.0,0.0,0.0,0.0,1.0,1.0,1024.0,768.0,0.0034446716308593,Female,White,True,Female_White,0.0
10808,44--Aerobics/44_Aerobics_Aerobics_44_161.jpg,164.0,199.0,212.0,263.0,1.0,0.0,0.0,0.0,1.0,0.0,1024.0,768.0,0.00390625,Female,White,True,Female_White,0.0
10814,44--Aerobics/44_Aerobics_Aerobics_44_500.jpg,442.0,162.0,530.0,290.0,1.0,1.0,0.0,0.0,0.0,0.0,1024.0,1024.0,0.0107421875,Male,White,True,Male_White,0.0
10822,44--Aerobics/44_Aerobics_Aerobics_44_168.jpg,544.0,309.0,670.0,492.0,0.0,0.0,0.0,0.0,0.0,0.0,1024.0,1216.0,0.0185177451685855,Female,White,True,Female_White,0.0
10823,44--Aerobics/44_Aerobics_Aerobics_44_168.jpg,418.0,157.0,501.0,271.0,0.0,0.0,0.0,0.0,0.0,0.0,1024.0,1216.0,0.007598876953125,Female,Black,True,Female_Black,0.0
10824,44--Aerobics/44_Aerobics_Aerobics_44_168.jpg,271.0,461.0,390.0,566.0,0.0,0.0,0.0,0.0,0.0,1.0,1024.0,1216.0,0.0100346615439967,Female,Asian,True,Female_Asian,0.0
10825,44--Aerobics/44_Aerobics_Aerobics_44_168.jpg,133.0,273.0,209.0,363.0,0.0,0.0,0.0,0.0,0.0,0.0,1024.0,1216.0,0.0054931640625,Female,White,True,Female_White,0.0
10826,44--Aerobics/44_Aerobics_Aerobics_44_595.jpg,731.0,80.0,774.0,143.0,1.0,0.0,0.0,0.0,0.0,0.0,1024.0,396.0,0.0066805752840909,Female,White,True,Female_White,0.0
10827,44--Aerobics/44_Aerobics_Aerobics_44_595.jpg,355.0,27.0,407.0,103.0,1.0,0.0,0.0,0.0,0.0,0.0,1024.0,396.0,0.0097458964646464,Female,White,True,Female_White,0.0
10828,44--Aerobics/44_Aerobics_Aerobics_44_595.jpg,187.0,89.0,225.0,147.0,1.0,1.0,0.0,0.0,0.0,0.0,1024.0,396.0,0.0054352114898989,Female,White,True,Female_White,0.0
10830,44--Aerobics/44_Aerobics_Aerobics_44_752.jpg,756.0,360.0,856.0,492.0,0.0,0.0,0.0,0.0,0.0,0.0,1024.0,768.0,0.01678466796875,Female,White,True,Female_White,0.0
10831,44--Aerobics/44_Aerobics_Aerobics_44_752.jpg,536.0,378.0,630.0,496.0,0.0,0.0,0.0,0.0,0.0,0.0,1024.0,768.0,0.0141042073567708,Female,White,True,Female_White,0.0
10832,44--Aerobics/44_Aerobics_Aerobics_44_752.jpg,366.0,348.0,458.0,468.0,0.0,0.0,0.0,0.0,0.0,0.0,1024.0,768.0,0.0140380859375,Female,White,True,Female_White,0.0
10833,44--Aerobics/44_Aerobics_Aerobics_44_752.jpg,174.0,166.0,260.0,268.0,0.0,0.0,0.0,0.0,0.0,0.0,1024.0,768.0,0.0111541748046875,Female,White,True,Female_White,0.0
10834,44--Aerobics/44_Aerobics_Aerobics_44_752.jpg,300.0,108.0,372.0,212.0,0.0,0.0,0.0,0.0,0.0,0.0,1024.0,768.0,0.009521484375,Female,White,True,Female_White,0.0
10835,44--Aerobics/44_Aerobics_Aerobics_44_752.jpg,378.0,116.0,444.0,200.0,0.0,0.0,0.0,0.0,0.0,0.0,1024.0,768.0,0.007049560546875,Female,White,True,Female_White,0.0
10836,44--Aerobics/44_Aerobics_Aerobics_44_752.jpg,454.0,58.0,524.0,158.0,0.0,0.0,0.0,0.0,0.0,0.0,1024.0,768.0,0.0089009602864583,Female,White,True,Female_White,0.0
10837,44--Aerobics/44_Aerobics_Aerobics_44_752.jpg,582.0,132.0,650.0,218.0,0.0,0.0,0.0,0.0,0.0,0.0,1024.0,768.0,0.0074361165364583,Female,White,True,Female_White,0.0
10838,44--Aerobics/44_Aerobics_Aerobics_44_752.jpg,676.0,128.0,762.0,226.0,0.0,0.0,0.0,0.0,0.0,0.0,1024.0,768.0,0.0107167561848958,Female,White,True,Female_White,0.0
10839,44--Aerobics/44_Aerobics_Aerobics_44_189.jpg,558.0,152.0,702.0,332.0,0.0,0.0,0.0,0.0,0.0,0.0,1024.0,754.0,0.0335709549071618,Female,Indian,True,Female_Indian,1.0
10840,44--Aerobics/44_Aerobics_Aerobics_44_189.jpg,408.0,106.0,508.0,248.0,0.0,0.0,0.0,0.0,0.0,0.0,1024.0,754.0,0.0183914953580901,Female,White,True,Female_White,0.0
10841,44--Aerobics/44_Aerobics_Aerobics_44_189.jpg,266.0,176.0,352.0,274.0,1.0,0.0,0.0,0.0,0.0,0.0,1024.0,754.0,0.0109157410477453,Female,White,True,Female_White,0.0
10842,45--Balloonist/45_Balloonist_Balloonist_45_761.jpg,206.0,24.0,542.0,546.0,0.0,0.0,0.0,0.0,0.0,0.0,1024.0,775.0,0.221008064516129,Male,White,True,Male_White,8.0
10847,45--Balloonist/45_Balloonist_Balloonist_45_721.jpg,608.0,298.0,720.0,460.0,1.0,0.0,0.0,0.0,1.0,0.0,1024.0,768.0,0.0230712890625,Male,White,True,Male_White,0.0
10849,45--Balloonist/45_Balloonist_Balloonist_45_451.jpg,574.0,291.0,623.0,338.0,1.0,0.0,0.0,0.0,0.0,1.0,1024.0,576.0,0.003904554578993,Male,Indian,True,Male_Indian,0.0
10863,45--Balloonist/45_Balloonist_Balloonist_45_663.jpg,514.0,547.0,595.0,628.0,1.0,0.0,0.0,0.0,0.0,0.0,1024.0,1538.0,0.0041659470497399,Male,White,True,Male_White,0.0
10866,45--Balloonist/45_Balloonist_Balloonist_45_527.jpg,524.0,304.0,642.0,422.0,0.0,0.0,0.0,0.0,0.0,1.0,1024.0,684.0,0.0198796144005847,Male,White,True,Male_White,0.0
10871,45--Balloonist/45_Balloonist_Balloonist_45_773.jpg,413.0,160.0,606.0,478.0,0.0,0.0,1.0,0.0,0.0,0.0,1024.0,1190.0,0.0503660057773109,Male,White,True,Male_White,1.0
10874,45--Balloonist/45_Balloonist_Balloonist_45_487.jpg,486.0,594.0,547.0,662.0,0.0,0.0,0.0,0.0,1.0,0.0,1024.0,1535.0,0.0026389454397394,Male,White,True,Male_White,0.0
10879,45--Balloonist/45_Balloonist_Balloonist_45_224.jpg,574.0,509.0,644.0,589.0,1.0,0.0,0.0,0.0,0.0,0.0,1024.0,1373.0,0.0039830662782228,Male,White,True,Male_White,0.0
10889,45--Balloonist/45_Balloonist_Balloonist_45_853.jpg,583.0,1288.0,682.0,1456.0,0.0,0.0,0.0,0.0,0.0,1.0,1024.0,1539.0,0.0105537280701754,Male,White,True,Male_White,0.0
10892,45--Balloonist/45_Balloonist_Balloonist_45_183.jpg,322.0,126.0,652.0,551.0,0.0,0.0,0.0,0.0,0.0,0.0,1024.0,1434.0,0.0955110813284518,Male,White,True,Male_White,3.0
10899,45--Balloonist/45_Balloonist_Balloonist_45_572.jpg,384.0,384.0,616.0,709.0,0.0,0.0,0.0,0.0,0.0,0.0,1024.0,1366.0,0.0539039622986822,Male,White,True,Male_White,1.0
10903,45--Balloonist/45_Balloonist_Balloonist_45_295.jpg,506.0,120.0,744.0,414.0,0.0,0.0,0.0,0.0,0.0,0.0,1024.0,683.0,0.1000468978770131,Male,White,True,Male_White,3.0
10904,45--Balloonist/45_Balloonist_Balloonist_45_405.jpg,504.0,128.0,578.0,238.0,0.0,1.0,0.0,0.0,0.0,0.0,1024.0,1024.0,0.0077629089355468,Male,White,True,Male_White,0.0
10905,45--Balloonist/45_Balloonist_Balloonist_45_613.jpg,328.0,734.0,394.0,818.0,1.0,0.0,0.0,0.0,0.0,1.0,1024.0,1024.0,0.0052871704101562,Male,White,True,Male_White,0.0
10921,45--Balloonist/45_Balloonist_Balloonist_45_436.jpg,340.0,128.0,458.0,302.0,0.0,0.0,0.0,0.0,0.0,0.0,1024.0,683.0,0.02935692715959,Male,White,True,Male_White,1.0
10922,45--Balloonist/45_Balloonist_Balloonist_45_808.jpg,334.0,268.0,410.0,370.0,0.0,0.0,0.0,0.0,0.0,0.0,1024.0,682.0,0.0111001649560117,Male,White,True,Male_White,0.0
10925,45--Balloonist/45_Balloonist_Balloonist_45_385.jpg,220.0,1021.0,508.0,1336.0,0.0,0.0,0.0,0.0,0.0,1.0,1024.0,1734.0,0.0510921280276816,Male,White,True,Male_White,1.0
10933,45--Balloonist/45_Balloonist_Balloonist_45_442.jpg,652.0,196.0,817.0,381.0,0.0,0.0,0.0,0.0,0.0,0.0,1024.0,1431.0,0.0208312860324947,Male,White,True,Male_White,0.0
10943,45--Balloonist/45_Balloonist_Balloonist_45_657.jpg,346.0,118.0,448.0,320.0,0.0,0.0,0.0,0.0,0.0,0.0,1024.0,534.0,0.0376799508426966,Male,White,True,Male_White,1.0
10946,45--Balloonist/45_Balloonist_Balloonist_45_564.jpg,548.0,28.0,756.0,310.0,0.0,0.0,0.0,0.0,0.0,0.0,1024.0,683.0,0.083867130307467,Male,White,True,Male_White,3.0
10947,45--Balloonist/45_Balloonist_Balloonist_45_616.jpg,336.0,244.0,488.0,456.0,0.0,0.0,0.0,0.0,0.0,0.0,1024.0,682.0,0.0461418621700879,Male,White,True,Male_White,1.0
10948,45--Balloonist/45_Balloonist_Balloonist_45_188.jpg,286.0,264.0,556.0,654.0,0.0,0.0,0.0,0.0,0.0,0.0,1024.0,1024.0,0.1004219055175781,Male,White,True,Male_White,3.0
10951,45--Balloonist/45_Balloonist_Balloonist_45_20.jpg,269.0,342.0,672.0,1000.0,0.0,0.0,0.0,0.0,0.0,0.0,1024.0,1718.0,0.1507328197759022,Male,White,True,Male_White,5.0
10963,45--Balloonist/45_Balloonist_Balloonist_45_665.jpg,243.0,132.0,781.0,997.0,0.0,0.0,0.0,0.0,0.0,0.0,1024.0,1536.0,0.295874277750651,Male,White,True,Male_White,11.0
10966,46--Jockey/46_Jockey_Jockey_46_619.jpg,696.0,189.0,821.0,346.0,0.0,0.0,0.0,0.0,0.0,0.0,1024.0,1366.0,0.0140300432375549,Male,White,True,Male_White,0.0
10967,46--Jockey/46_Jockey_Jockey_46_936.jpg,340.0,179.0,686.0,642.0,0.0,0.0,0.0,0.0,0.0,0.0,1024.0,1528.0,0.1023843974967277,Male,White,True,Male_White,3.0
10971,46--Jockey/46_Jockey_Jockey_46_27.jpg,633.0,70.0,688.0,116.0,1.0,0.0,0.0,0.0,1.0,0.0,1024.0,644.0,0.0038364955357142,Male,White,True,Male_White,0.0
10973,46--Jockey/46_Jockey_Jockey_46_716.jpg,364.0,106.0,536.0,310.0,0.0,0.0,0.0,0.0,0.0,0.0,1024.0,698.0,0.0490911532951289,Male,White,True,Male_White,1.0
10975,46--Jockey/46_Jockey_Jockey_46_383.jpg,606.0,44.0,676.0,134.0,1.0,0.0,0.0,0.0,0.0,1.0,1024.0,768.0,0.0080108642578125,Male,Indian,True,Male_Indian,0.0
10976,46--Jockey/46_Jockey_Jockey_46_574.jpg,276.0,261.0,488.0,540.0,0.0,0.0,0.0,0.0,0.0,0.0,1024.0,1910.0,0.030241737565445,Male,White,True,Male_White,1.0
10979,46--Jockey/46_Jockey_Jockey_46_783.jpg,371.0,47.0,623.0,411.0,0.0,0.0,0.0,0.0,0.0,0.0,1024.0,1267.0,0.0707009668508287,Male,White,True,Male_White,2.0
10983,46--Jockey/46_Jockey_Jockey_46_206.jpg,428.0,107.0,639.0,417.0,0.0,0.0,0.0,0.0,0.0,0.0,1024.0,1483.0,0.0430727937457855,Male,White,True,Male_White,1.0
10985,46--Jockey/46_Jockey_Jockey_46_509.jpg,529.0,116.0,728.0,420.0,0.0,0.0,0.0,0.0,0.0,0.0,1024.0,1417.0,0.0416923959068454,Male,White,True,Male_White,1.0
10988,46--Jockey/46_Jockey_Jockey_46_217.jpg,417.0,130.0,674.0,506.0,0.0,0.0,0.0,0.0,0.0,0.0,1024.0,1908.0,0.0494586936582809,Male,White,True,Male_White,1.0
10990,46--Jockey/46_Jockey_Jockey_46_243.jpg,261.0,197.0,522.0,562.0,0.0,0.0,0.0,0.0,0.0,0.0,1024.0,1908.0,0.0487590285966981,Male,White,True,Male_White,1.0
11008,46--Jockey/46_Jockey_Jockey_46_36.jpg,600.0,113.0,789.0,377.0,0.0,0.0,0.0,0.0,0.0,0.0,1024.0,1229.0,0.0396473250610252,Male,White,True,Male_White,1.0
11009,46--Jockey/46_Jockey_Jockey_46_471.jpg,294.0,162.0,502.0,468.0,0.0,0.0,0.0,0.0,0.0,0.0,1024.0,768.0,0.0809326171875,Male,White,True,Male_White,2.0
11014,46--Jockey/46_Jockey_Jockey_46_304.jpg,476.0,141.0,535.0,206.0,1.0,0.0,0.0,0.0,0.0,0.0,1024.0,817.0,0.0045839867656058,Male,White,True,Male_White,0.0
11018,46--Jockey/46_Jockey_Jockey_46_549.jpg,477.0,179.0,674.0,496.0,0.0,0.0,0.0,0.0,0.0,0.0,1024.0,1908.0,0.0319629725170335,Male,White,True,Male_White,1.0
11025,46--Jockey/46_Jockey_Jockey_46_77.jpg,493.0,151.0,718.0,464.0,0.0,0.0,0.0,0.0,0.0,0.0,1024.0,1359.0,0.0506066328642384,Male,White,True,Male_White,1.0
11026,46--Jockey/46_Jockey_Jockey_46_362.jpg,805.0,179.0,857.0,240.0,1.0,0.0,0.0,0.0,0.0,0.0,1024.0,727.0,0.0042608751719394,Male,White,True,Male_White,0.0
11028,46--Jockey/46_Jockey_Jockey_46_277.jpg,461.0,137.0,585.0,327.0,0.0,0.0,0.0,0.0,0.0,0.0,1024.0,1678.0,0.0137114496424314,Male,White,True,Male_White,0.0
11030,46--Jockey/46_Jockey_Jockey_46_622.jpg,490.0,160.0,554.0,250.0,0.0,0.0,0.0,0.0,0.0,0.0,1024.0,749.0,0.0075100133511348,Male,White,True,Male_White,0.0
11031,46--Jockey/46_Jockey_Jockey_46_332.jpg,728.0,64.0,822.0,220.0,0.0,0.0,0.0,0.0,0.0,0.0,1024.0,683.0,0.0209667825768667,Male,White,True,Male_White,0.0
11049,46--Jockey/46_Jockey_Jockey_46_659.jpg,404.0,172.0,626.0,476.0,0.0,0.0,0.0,0.0,0.0,0.0,1024.0,669.0,0.0985145739910313,Male,White,True,Male_White,3.0
11054,46--Jockey/46_Jockey_Jockey_46_824.jpg,414.0,84.0,538.0,216.0,1.0,0.0,0.0,0.0,0.0,0.0,1024.0,574.0,0.0278473432055749,Male,White,True,Male_White,0.0
11057,46--Jockey/46_Jockey_Jockey_46_642.jpg,554.0,76.0,716.0,275.0,0.0,0.0,0.0,0.0,0.0,0.0,1024.0,1434.0,0.0219542690899581,Male,White,True,Male_White,0.0
11058,46--Jockey/46_Jockey_Jockey_46_802.jpg,682.0,82.0,890.0,422.0,0.0,0.0,0.0,0.0,0.0,0.0,1024.0,734.0,0.0940905994550408,Male,White,True,Male_White,3.0
11063,46--Jockey/46_Jockey_Jockey_46_8.jpg,540.0,24.0,648.0,180.0,0.0,0.0,1.0,0.0,0.0,0.0,1024.0,768.0,0.02142333984375,Male,White,True,Male_White,0.0
11067,46--Jockey/46_Jockey_Jockey_46_703.jpg,667.0,123.0,726.0,198.0,1.0,0.0,0.0,0.0,0.0,0.0,1024.0,978.0,0.0044184959739263,Male,White,True,Male_White,0.0
11069,46--Jockey/46_Jockey_Jockey_46_529.jpg,300.0,160.0,472.0,402.0,0.0,0.0,0.0,0.0,0.0,0.0,1024.0,714.0,0.0569305847338935,Male,White,True,Male_White,2.0
11082,47--Matador_Bullfighter/47_Matador_Bullfighter_Matador_Bullfighter_47_993.jpg,375.0,138.0,663.0,552.0,0.0,0.0,0.0,0.0,0.0,0.0,1024.0,1536.0,0.0758056640625,Male,White,True,Male_White,2.0
11083,47--Matador_Bullfighter/47_Matador_Bullfighter_Matador_Bullfighter_47_81.jpg,606.0,64.0,670.0,140.0,1.0,1.0,0.0,0.0,0.0,0.0,1024.0,786.0,0.0060432569974554,Male,White,True,Male_White,0.0
11085,47--Matador_Bullfighter/47_Matador_Bullfighter_Matador_Bullfighter_47_876.jpg,389.0,137.0,604.0,412.0,0.0,0.0,0.0,0.0,0.0,0.0,1024.0,1466.0,0.0393855783168485,Male,White,True,Male_White,1.0
11088,47--Matador_Bullfighter/47_Matador_Bullfighter_Matador_Bullfighter_47_672.jpg,554.0,72.0,608.0,132.0,1.0,0.0,0.0,0.0,0.0,0.0,1024.0,708.0,0.0044690148305084,Male,White,True,Male_White,0.0
11089,47--Matador_Bullfighter/47_Matador_Bullfighter_Matador_Bullfighter_47_212.jpg,530.0,106.0,648.0,210.0,0.0,0.0,0.0,0.0,0.0,0.0,1024.0,1024.0,0.0117034912109375,Male,White,True,Male_White,0.0
11092,47--Matador_Bullfighter/47_Matador_Bullfighter_matadorbullfighting_47_468.jpg,350.0,34.0,404.0,108.0,1.0,0.0,0.0,0.0,0.0,0.0,1024.0,617.0,0.0063247062398703,Male,White,True,Male_White,0.0
11095,47--Matador_Bullfighter/47_Matador_Bullfighter_Matador_Bullfighter_47_140.jpg,593.0,117.0,646.0,160.0,1.0,0.0,0.0,0.0,0.0,1.0,1024.0,721.0,0.003086804351595,Male,White,True,Male_White,0.0
11096,47--Matador_Bullfighter/47_Matador_Bullfighter_Matador_Bullfighter_47_485.jpg,440.0,99.0,653.0,386.0,0.0,0.0,0.0,0.0,1.0,0.0,1024.0,2531.0,0.0235868203032398,Male,White,True,Male_White,0.0
11097,47--Matador_Bullfighter/47_Matador_Bullfighter_matadorbullfighting_47_170.jpg,467.0,118.0,559.0,196.0,0.0,0.0,1.0,0.0,1.0,0.0,1024.0,1044.0,0.0067124640804597,Male,White,True,Male_White,0.0
11098,47--Matador_Bullfighter/47_Matador_Bullfighter_matadorbullfighting_47_372.jpg,716.0,196.0,758.0,258.0,1.0,0.0,0.0,0.0,0.0,0.0,1024.0,817.0,0.0031125688494492,Male,White,True,Male_White,0.0
11099,47--Matador_Bullfighter/47_Matador_Bullfighter_Matador_Bullfighter_47_896.jpg,836.0,256.0,922.0,420.0,0.0,0.0,0.0,0.0,0.0,1.0,1024.0,576.0,0.0239122178819444,Male,White,True,Male_White,0.0
11100,47--Matador_Bullfighter/47_Matador_Bullfighter_matadorbullfighting_47_298.jpg,577.0,75.0,628.0,144.0,0.0,0.0,1.0,0.0,0.0,0.0,1024.0,741.0,0.004637683451417,Male,White,True,Male_White,0.0
11101,47--Matador_Bullfighter/47_Matador_Bullfighter_matadorbullfighting_47_126.jpg,316.0,654.0,370.0,710.0,1.0,0.0,0.0,0.0,0.0,1.0,1024.0,1024.0,0.0028839111328125,Male,White,True,Male_White,0.0
11102,47--Matador_Bullfighter/47_Matador_Bullfighter_matadorbullfighting_47_628.jpg,412.0,150.0,584.0,350.0,0.0,0.0,0.0,0.0,0.0,0.0,1024.0,752.0,0.044672539893617,Male,White,True,Male_White,1.0
11103,47--Matador_Bullfighter/47_Matador_Bullfighter_matadorbullfighting_47_34.jpg,568.0,145.0,609.0,214.0,1.0,0.0,0.0,0.0,0.0,0.0,1024.0,739.0,0.0037384239682002,Male,White,True,Male_White,0.0
11107,47--Matador_Bullfighter/47_Matador_Bullfighter_matadorbullfighting_47_79.jpg,658.0,128.0,738.0,233.0,1.0,0.0,0.0,0.0,0.0,0.0,1024.0,1423.0,0.0057646697118763,Male,White,True,Male_White,0.0
11108,47--Matador_Bullfighter/47_Matador_Bullfighter_matadorbullfighting_47_125.jpg,269.0,216.0,309.0,249.0,1.0,0.0,0.0,0.0,0.0,0.0,1024.0,683.0,0.0018873535871156,Male,White,True,Male_White,0.0
11109,47--Matador_Bullfighter/47_Matador_Bullfighter_matadorbullfighting_47_719.jpg,466.0,124.0,552.0,238.0,0.0,0.0,0.0,0.0,0.0,0.0,1024.0,681.0,0.014059058370044,Male,White,True,Male_White,0.0
11115,47--Matador_Bullfighter/47_Matador_Bullfighter_matadorbullfighting_47_373.jpg,380.0,117.0,415.0,171.0,1.0,0.0,0.0,0.0,0.0,0.0,1024.0,683.0,0.0027023471815519,Male,White,True,Male_White,0.0
11116,47--Matador_Bullfighter/47_Matador_Bullfighter_matadorbullfighting_47_116.jpg,508.0,72.0,552.0,125.0,1.0,0.0,0.0,0.0,0.0,0.0,1024.0,689.0,0.0033052884615384,Male,White,True,Male_White,0.0
11117,47--Matador_Bullfighter/47_Matador_Bullfighter_Matador_Bullfighter_47_788.jpg,538.0,68.0,594.0,146.0,1.0,0.0,0.0,0.0,0.0,0.0,1024.0,794.0,0.0053723236775818,Male,White,True,Male_White,0.0
11118,47--Matador_Bullfighter/47_Matador_Bullfighter_Matador_Bullfighter_47_513.jpg,234.0,208.0,446.0,484.0,0.0,0.0,0.0,0.0,0.0,0.0,1024.0,690.0,0.0828125,Male,White,True,Male_White,3.0
11123,47--Matador_Bullfighter/47_Matador_Bullfighter_Matador_Bullfighter_47_437.jpg,578.0,76.0,630.0,126.0,1.0,1.0,0.0,0.0,0.0,1.0,1024.0,670.0,0.003789645522388,Male,White,True,Male_White,0.0
11124,47--Matador_Bullfighter/47_Matador_Bullfighter_matadorbullfighting_47_118.jpg,450.0,44.0,504.0,124.0,1.0,1.0,0.0,0.0,0.0,0.0,1024.0,683.0,0.006176793557833,Male,White,True,Male_White,0.0
11125,47--Matador_Bullfighter/47_Matador_Bullfighter_Matador_Bullfighter_47_337.jpg,366.0,142.0,407.0,173.0,1.0,0.0,0.0,0.0,0.0,1.0,1024.0,588.0,0.0021109029549319,Male,White,True,Male_White,0.0
11131,47--Matador_Bullfighter/47_Matador_Bullfighter_matadorbullfighting_47_615.jpg,564.0,264.0,683.0,353.0,0.0,0.0,0.0,0.0,0.0,1.0,1024.0,682.0,0.0151653569464809,Female,White,True,Female_White,0.0
11132,47--Matador_Bullfighter/47_Matador_Bullfighter_matadorbullfighting_47_615.jpg,472.0,388.0,538.0,479.0,0.0,0.0,0.0,0.0,0.0,0.0,1024.0,682.0,0.0086000504032258,Female,White,True,Female_White,0.0
11133,47--Matador_Bullfighter/47_Matador_Bullfighter_matadorbullfighting_47_615.jpg,407.0,221.0,491.0,341.0,0.0,0.0,0.0,0.0,0.0,0.0,1024.0,682.0,0.0144336510263929,Female,White,True,Female_White,0.0
11134,47--Matador_Bullfighter/47_Matador_Bullfighter_matadorbullfighting_47_615.jpg,198.0,365.0,255.0,428.0,1.0,0.0,0.0,0.0,1.0,0.0,1024.0,682.0,0.0051419881781524,Female,White,True,Female_White,0.0
11135,47--Matador_Bullfighter/47_Matador_Bullfighter_Matador_Bullfighter_47_551.jpg,268.0,406.0,368.0,534.0,0.0,0.0,0.0,0.0,0.0,0.0,1024.0,1024.0,0.01220703125,Male,White,True,Male_White,0.0
11136,47--Matador_Bullfighter/47_Matador_Bullfighter_Matador_Bullfighter_47_686.jpg,602.0,232.0,718.0,346.0,0.0,0.0,0.0,0.0,0.0,0.0,1024.0,683.0,0.0189078513909224,Male,White,True,Male_White,0.0
11138,47--Matador_Bullfighter/47_Matador_Bullfighter_Matador_Bullfighter_47_685.jpg,479.0,410.0,545.0,495.0,1.0,0.0,0.0,0.0,0.0,0.0,1024.0,1362.0,0.0040224050110132,Male,White,True,Male_White,0.0
11141,47--Matador_Bullfighter/47_Matador_Bullfighter_matadorbullfighting_47_111.jpg,442.0,18.0,494.0,66.0,1.0,0.0,0.0,0.0,0.0,0.0,1024.0,683.0,0.0035688140556368,Male,White,True,Male_White,0.0
11142,47--Matador_Bullfighter/47_Matador_Bullfighter_Matador_Bullfighter_47_579.jpg,310.0,230.0,502.0,494.0,0.0,0.0,0.0,0.0,0.0,0.0,1024.0,747.0,0.0662650602409638,Male,White,True,Male_White,2.0
11143,47--Matador_Bullfighter/47_Matador_Bullfighter_matadorbullfighting_47_571.jpg,650.0,50.0,710.0,124.0,1.0,0.0,0.0,0.0,0.0,0.0,1024.0,769.0,0.0056384102730819,Male,White,True,Male_White,0.0
11145,47--Matador_Bullfighter/47_Matador_Bullfighter_matadorbullfighting_47_781.jpg,368.0,306.0,460.0,440.0,0.0,0.0,0.0,0.0,0.0,0.0,1024.0,1024.0,0.0117568969726562,Male,White,True,Male_White,0.0
11147,47--Matador_Bullfighter/47_Matador_Bullfighter_Matador_Bullfighter_47_571.jpg,874.0,464.0,972.0,558.0,0.0,0.0,0.0,0.0,0.0,1.0,1024.0,661.0,0.0136098241301059,Male,White,True,Male_White,0.0
11149,47--Matador_Bullfighter/47_Matador_Bullfighter_matadorbullfighting_47_729.jpg,430.0,372.0,484.0,432.0,1.0,0.0,0.0,0.0,0.0,0.0,1024.0,682.0,0.004639387829912,Male,White,True,Male_White,0.0
11150,47--Matador_Bullfighter/47_Matador_Bullfighter_Matador_Bullfighter_47_809.jpg,260.0,214.0,372.0,348.0,1.0,0.0,0.0,0.0,0.0,1.0,1024.0,768.0,0.0190836588541666,Male,White,True,Male_White,0.0
11151,47--Matador_Bullfighter/47_Matador_Bullfighter_matadorbullfighting_47_37.jpg,341.0,145.0,395.0,190.0,1.0,0.0,0.0,0.0,0.0,0.0,1024.0,702.0,0.0033804086538461,Male,White,True,Male_White,0.0
11152,47--Matador_Bullfighter/47_Matador_Bullfighter_matadorbullfighting_47_607.jpg,498.0,48.0,549.0,104.0,1.0,0.0,0.0,0.0,0.0,0.0,1024.0,683.0,0.0040835468521229,Male,White,True,Male_White,0.0
11153,47--Matador_Bullfighter/47_Matador_Bullfighter_Matador_Bullfighter_47_858.jpg,412.0,176.0,440.0,218.0,1.0,0.0,0.0,0.0,0.0,0.0,1024.0,684.0,0.0016790021929824,Male,White,True,Male_White,0.0
11157,47--Matador_Bullfighter/47_Matador_Bullfighter_matadorbullfighting_47_33.jpg,517.0,97.0,549.0,165.0,1.0,0.0,0.0,0.0,0.0,0.0,1024.0,768.0,0.0027669270833333,Male,White,True,Male_White,0.0
11159,47--Matador_Bullfighter/47_Matador_Bullfighter_Matador_Bullfighter_47_326.jpg,442.0,224.0,538.0,348.0,0.0,1.0,0.0,0.0,0.0,0.0,1024.0,730.0,0.0159246575342465,Male,White,True,Male_White,0.0
11160,47--Matador_Bullfighter/47_Matador_Bullfighter_Matador_Bullfighter_47_620.jpg,734.0,290.0,826.0,370.0,1.0,0.0,0.0,0.0,0.0,1.0,1024.0,682.0,0.0105388563049853,Male,White,True,Male_White,0.0
11161,47--Matador_Bullfighter/47_Matador_Bullfighter_Matador_Bullfighter_47_537.jpg,576.0,332.0,692.0,500.0,0.0,0.0,0.0,0.0,0.0,0.0,1024.0,1024.0,0.018585205078125,Male,White,True,Male_White,0.0
11162,47--Matador_Bullfighter/47_Matador_Bullfighter_Matador_Bullfighter_47_840.jpg,495.0,140.0,596.0,330.0,0.0,0.0,0.0,0.0,0.0,0.0,1024.0,1432.0,0.0130867558484636,Male,White,True,Male_White,0.0
11163,47--Matador_Bullfighter/47_Matador_Bullfighter_matadorbullfighting_47_397.jpg,654.0,42.0,708.0,116.0,0.0,0.0,0.0,0.0,1.0,0.0,1024.0,744.0,0.0052450856854838,Male,White,True,Male_White,0.0
11165,47--Matador_Bullfighter/47_Matador_Bullfighter_Matador_Bullfighter_47_878.jpg,314.0,78.0,464.0,240.0,0.0,0.0,0.0,0.0,0.0,0.0,1024.0,809.0,0.0293330886897404,Male,White,True,Male_White,1.0
11166,47--Matador_Bullfighter/47_Matador_Bullfighter_Matador_Bullfighter_47_144.jpg,620.0,164.0,657.0,236.0,1.0,1.0,0.0,0.0,0.0,1.0,1024.0,569.0,0.0045721660808435,Male,White,True,Male_White,0.0
11167,47--Matador_Bullfighter/47_Matador_Bullfighter_Matador_Bullfighter_47_963.jpg,424.0,192.0,546.0,326.0,1.0,0.0,0.0,0.0,0.0,0.0,1024.0,1561.0,0.0102273182254964,Male,White,True,Male_White,0.0
11168,47--Matador_Bullfighter/47_Matador_Bullfighter_matadorbullfighting_47_622.jpg,574.0,114.0,670.0,300.0,0.0,0.0,0.0,0.0,0.0,1.0,1024.0,682.0,0.0255681818181818,Male,White,True,Male_White,0.0
11169,47--Matador_Bullfighter/47_Matador_Bullfighter_matadorbullfighting_47_60.jpg,715.0,103.0,765.0,173.0,1.0,1.0,0.0,0.0,0.0,0.0,1024.0,700.0,0.0048828125,Male,White,True,Male_White,0.0
11170,47--Matador_Bullfighter/47_Matador_Bullfighter_matadorbullfighting_47_66.jpg,480.0,120.0,542.0,190.0,1.0,0.0,0.0,0.0,0.0,1.0,1024.0,768.0,0.0055185953776041,Male,White,True,Male_White,0.0
11171,47--Matador_Bullfighter/47_Matador_Bullfighter_matadorbullfighting_47_335.jpg,508.0,268.0,571.0,362.0,1.0,0.0,0.0,0.0,0.0,0.0,1024.0,1296.0,0.0044623480902777,Male,White,True,Male_White,0.0
11173,47--Matador_Bullfighter/47_Matador_Bullfighter_Matador_Bullfighter_47_439.jpg,292.0,226.0,640.0,652.0,0.0,0.0,0.0,0.0,0.0,0.0,1024.0,1024.0,0.1413803100585937,Male,White,True,Male_White,5.0
11174,47--Matador_Bullfighter/47_Matador_Bullfighter_Matador_Bullfighter_47_828.jpg,478.0,141.0,551.0,237.0,0.0,0.0,0.0,0.0,0.0,0.0,1024.0,1097.0,0.0062386052871467,Male,White,True,Male_White,0.0
11175,47--Matador_Bullfighter/47_Matador_Bullfighter_matadorbullfighting_47_201.jpg,532.0,86.0,584.0,176.0,1.0,1.0,0.0,0.0,0.0,0.0,1024.0,560.0,0.0081612723214285,Male,White,True,Male_White,0.0
11176,47--Matador_Bullfighter/47_Matador_Bullfighter_matadorbullfighting_47_312.jpg,662.0,112.0,784.0,266.0,0.0,0.0,0.0,0.0,1.0,0.0,1024.0,768.0,0.0238901774088541,Male,White,True,Male_White,0.0
11177,47--Matador_Bullfighter/47_Matador_Bullfighter_matadorbullfighting_47_661.jpg,139.0,153.0,249.0,304.0,1.0,0.0,0.0,0.0,0.0,0.0,1024.0,1047.0,0.0154925531279847,Male,White,True,Male_White,0.0
11178,47--Matador_Bullfighter/47_Matador_Bullfighter_matadorbullfighting_47_736.jpg,708.0,312.0,798.0,402.0,0.0,0.0,0.0,0.0,0.0,0.0,1024.0,658.0,0.0120215140577507,Male,White,True,Male_White,0.0
11180,47--Matador_Bullfighter/47_Matador_Bullfighter_matadorbullfighting_47_598.jpg,604.0,326.0,698.0,420.0,1.0,0.0,0.0,0.0,0.0,0.0,1024.0,1502.0,0.0057449442410119,Male,White,True,Male_White,0.0
11183,47--Matador_Bullfighter/47_Matador_Bullfighter_matadorbullfighting_47_153.jpg,226.0,155.0,261.0,187.0,1.0,0.0,0.0,0.0,0.0,0.0,1024.0,680.0,0.0016084558823529,Male,White,True,Male_White,0.0
11184,47--Matador_Bullfighter/47_Matador_Bullfighter_Matador_Bullfighter_47_709.jpg,736.0,202.0,954.0,478.0,0.0,0.0,0.0,0.0,0.0,0.0,1024.0,686.0,0.0856527879008746,Male,White,True,Male_White,3.0
11185,47--Matador_Bullfighter/47_Matador_Bullfighter_matadorbullfighting_47_556.jpg,476.0,208.0,530.0,280.0,0.0,0.0,0.0,0.0,0.0,0.0,1024.0,683.0,0.0055591142020497,Male,White,True,Male_White,0.0
11187,47--Matador_Bullfighter/47_Matador_Bullfighter_matadorbullfighting_47_636.jpg,116.0,228.0,176.0,288.0,1.0,0.0,0.0,0.0,0.0,1.0,1024.0,680.0,0.0051700367647058,Male,White,True,Male_White,0.0
11188,47--Matador_Bullfighter/47_Matador_Bullfighter_matadorbullfighting_47_165.jpg,176.0,452.0,274.0,510.0,1.0,0.0,0.0,0.0,0.0,1.0,1024.0,661.0,0.0083975510590015,Male,White,True,Male_White,0.0
11189,47--Matador_Bullfighter/47_Matador_Bullfighter_Matador_Bullfighter_47_66.jpg,310.0,92.0,422.0,216.0,0.0,0.0,0.0,0.0,0.0,0.0,1024.0,714.0,0.0189950980392156,Male,White,True,Male_White,0.0
11190,47--Matador_Bullfighter/47_Matador_Bullfighter_Matador_Bullfighter_47_428.jpg,204.0,54.0,286.0,118.0,0.0,0.0,0.0,0.0,0.0,0.0,1024.0,646.0,0.0079334365325077,Male,White,True,Male_White,0.0
11193,47--Matador_Bullfighter/47_Matador_Bullfighter_matadorbullfighting_47_595.jpg,411.0,204.0,519.0,289.0,1.0,0.0,0.0,0.0,0.0,1.0,1024.0,1451.0,0.0061783899035148,Male,White,True,Male_White,0.0
11194,47--Matador_Bullfighter/47_Matador_Bullfighter_matadorbullfighting_47_6.jpg,671.0,53.0,729.0,136.0,0.0,0.0,0.0,0.0,0.0,0.0,1024.0,825.0,0.0056983901515151,Male,White,True,Male_White,0.0
11195,47--Matador_Bullfighter/47_Matador_Bullfighter_Matador_Bullfighter_47_425.jpg,168.0,400.0,792.0,1233.0,0.0,0.0,0.0,0.0,0.0,0.0,1024.0,1305.0,0.3889727011494253,Male,White,True,Male_White,14.0
11196,47--Matador_Bullfighter/47_Matador_Bullfighter_matadorbullfighting_47_97.jpg,518.0,124.0,572.0,192.0,1.0,0.0,0.0,0.0,0.0,0.0,1024.0,668.0,0.0053681699101796,Male,White,True,Male_White,0.0
11197,47--Matador_Bullfighter/47_Matador_Bullfighter_Matador_Bullfighter_47_731.jpg,376.0,236.0,640.0,574.0,0.0,0.0,0.0,0.0,1.0,0.0,1024.0,641.0,0.1359448127925117,Male,White,True,Male_White,5.0
11198,47--Matador_Bullfighter/47_Matador_Bullfighter_matadorbullfighting_47_563.jpg,148.0,550.0,256.0,600.0,1.0,0.0,0.0,0.0,0.0,1.0,1024.0,661.0,0.0079779689863842,Male,White,True,Male_White,0.0
11199,47--Matador_Bullfighter/47_Matador_Bullfighter_Matador_Bullfighter_47_40.jpg,380.0,90.0,442.0,204.0,0.0,1.0,0.0,0.0,0.0,0.0,1024.0,918.0,0.0075188929738562,Male,White,True,Male_White,0.0
11200,47--Matador_Bullfighter/47_Matador_Bullfighter_Matador_Bullfighter_47_332.jpg,522.0,57.0,573.0,116.0,1.0,0.0,0.0,0.0,0.0,0.0,1024.0,641.0,0.0045842068057722,Male,White,True,Male_White,0.0
11202,47--Matador_Bullfighter/47_Matador_Bullfighter_matadorbullfighting_47_168.jpg,791.0,506.0,903.0,645.0,0.0,0.0,1.0,0.0,1.0,0.0,1024.0,1149.0,0.0132316144473455,Male,White,True,Male_White,0.0
11203,47--Matador_Bullfighter/47_Matador_Bullfighter_Matador_Bullfighter_47_167.jpg,324.0,112.0,384.0,168.0,1.0,0.0,0.0,0.0,0.0,0.0,1024.0,688.0,0.0047692587209302,Male,White,True,Male_White,0.0
11204,47--Matador_Bullfighter/47_Matador_Bullfighter_Matador_Bullfighter_47_205.jpg,308.0,175.0,460.0,368.0,0.0,0.0,0.0,0.0,0.0,0.0,1024.0,1338.0,0.0214113882660687,Male,White,True,Male_White,0.0
11205,47--Matador_Bullfighter/47_Matador_Bullfighter_matadorbullfighting_47_74.jpg,216.0,72.0,310.0,174.0,0.0,0.0,0.0,0.0,0.0,0.0,1024.0,768.0,0.0121917724609375,Male,White,True,Male_White,0.0
11209,47--Matador_Bullfighter/47_Matador_Bullfighter_Matador_Bullfighter_47_711.jpg,663.0,202.0,694.0,246.0,1.0,0.0,0.0,0.0,0.0,0.0,1024.0,768.0,0.0017344156901041,Male,White,True,Male_White,0.0
11210,47--Matador_Bullfighter/47_Matador_Bullfighter_Matador_Bullfighter_47_724.jpg,412.0,106.0,760.0,602.0,0.0,0.0,0.0,0.0,0.0,0.0,1024.0,683.0,0.2467972181551976,Male,White,True,Male_White,9.0
11213,47--Matador_Bullfighter/47_Matador_Bullfighter_matadorbullfighting_47_57.jpg,564.0,71.0,608.0,126.0,1.0,1.0,0.0,0.0,0.0,1.0,1024.0,698.0,0.0033857897564469,Male,White,True,Male_White,0.0
11215,47--Matador_Bullfighter/47_Matador_Bullfighter_matadorbullfighting_47_102.jpg,76.0,550.0,152.0,634.0,1.0,0.0,0.0,0.0,0.0,1.0,1024.0,797.0,0.0078223023839397,Male,White,True,Male_White,0.0
11217,47--Matador_Bullfighter/47_Matador_Bullfighter_Matador_Bullfighter_47_976.jpg,372.0,50.0,720.0,534.0,0.0,0.0,0.0,0.0,0.0,0.0,1024.0,576.0,0.2855631510416667,Male,White,True,Male_White,10.0
11218,47--Matador_Bullfighter/47_Matador_Bullfighter_Matador_Bullfighter_47_600.jpg,310.0,88.0,382.0,192.0,0.0,0.0,0.0,0.0,0.0,0.0,1024.0,683.0,0.0107064421669106,Male,White,True,Male_White,0.0
11219,47--Matador_Bullfighter/47_Matador_Bullfighter_matadorbullfighting_47_528.jpg,422.0,22.0,528.0,158.0,0.0,0.0,0.0,0.0,0.0,0.0,1024.0,578.0,0.0243566176470588,Male,White,True,Male_White,0.0
11220,47--Matador_Bullfighter/47_Matador_Bullfighter_matadorbullfighting_47_526.jpg,236.0,224.0,420.0,356.0,1.0,0.0,0.0,0.0,0.0,1.0,1024.0,840.0,0.0282366071428571,Male,White,True,Male_White,1.0
11221,47--Matador_Bullfighter/47_Matador_Bullfighter_matadorbullfighting_47_517.jpg,483.0,207.0,565.0,319.0,1.0,1.0,0.0,0.0,0.0,1.0,1024.0,1557.0,0.0057602761721258,Male,White,True,Male_White,0.0
11223,47--Matador_Bullfighter/47_Matador_Bullfighter_matadorbullfighting_47_171.jpg,540.0,100.0,630.0,182.0,1.0,0.0,0.0,0.0,0.0,1.0,1024.0,804.0,0.0089639692164179,Male,White,True,Male_White,0.0
11224,47--Matador_Bullfighter/47_Matador_Bullfighter_matadorbullfighting_47_735.jpg,544.0,94.0,598.0,152.0,0.0,0.0,0.0,0.0,0.0,0.0,1024.0,774.0,0.0039516715116279,Male,White,True,Male_White,0.0
11229,47--Matador_Bullfighter/47_Matador_Bullfighter_Matador_Bullfighter_47_781.jpg,332.0,36.0,388.0,114.0,1.0,0.0,0.0,0.0,0.0,0.0,1024.0,579.0,0.0073672279792746,Male,White,True,Male_White,0.0
11230,47--Matador_Bullfighter/47_Matador_Bullfighter_matadorbullfighting_47_626.jpg,347.0,103.0,464.0,256.0,0.0,0.0,0.0,0.0,0.0,0.0,1024.0,1422.0,0.0122935621044303,Male,White,True,Male_White,0.0
11231,47--Matador_Bullfighter/47_Matador_Bullfighter_Matador_Bullfighter_47_891.jpg,536.0,319.0,753.0,575.0,0.0,0.0,0.0,0.0,0.0,0.0,1024.0,1545.0,0.0351132686084142,Male,White,True,Male_White,1.0
11239,47--Matador_Bullfighter/47_Matador_Bullfighter_Matador_Bullfighter_47_772.jpg,400.0,98.0,598.0,384.0,0.0,0.0,0.0,0.0,1.0,0.0,1024.0,679.0,0.0814444495581737,Male,White,True,Male_White,3.0
11240,47--Matador_Bullfighter/47_Matador_Bullfighter_matadorbullfighting_47_206.jpg,424.0,88.0,486.0,152.0,1.0,0.0,0.0,0.0,0.0,0.0,1024.0,816.0,0.0047487745098039,Male,White,True,Male_White,0.0
11241,47--Matador_Bullfighter/47_Matador_Bullfighter_Matador_Bullfighter_47_730.jpg,609.0,66.0,665.0,120.0,1.0,0.0,0.0,0.0,0.0,0.0,1024.0,676.0,0.0043685281065088,Male,White,True,Male_White,0.0
11242,47--Matador_Bullfighter/47_Matador_Bullfighter_Matador_Bullfighter_47_480.jpg,204.0,170.0,258.0,220.0,1.0,0.0,0.0,0.0,1.0,0.0,1024.0,670.0,0.0039354011194029,Male,White,True,Male_White,0.0
11243,47--Matador_Bullfighter/47_Matador_Bullfighter_matadorbullfighting_47_121.jpg,572.0,62.0,624.0,112.0,1.0,0.0,0.0,0.0,0.0,0.0,1024.0,640.0,0.00396728515625,Male,White,True,Male_White,0.0
11245,47--Matador_Bullfighter/47_Matador_Bullfighter_matadorbullfighting_47_141.jpg,666.0,67.0,797.0,353.0,0.0,0.0,0.0,0.0,0.0,1.0,1024.0,1369.0,0.0267259975346968,Male,White,True,Male_White,0.0
11246,47--Matador_Bullfighter/47_Matador_Bullfighter_Matador_Bullfighter_47_573.jpg,432.0,308.0,502.0,386.0,1.0,0.0,0.0,0.0,0.0,0.0,1024.0,1024.0,0.0052070617675781,Male,White,True,Male_White,0.0
11248,47--Matador_Bullfighter/47_Matador_Bullfighter_Matador_Bullfighter_47_132.jpg,712.0,145.0,830.0,296.0,0.0,1.0,0.0,0.0,0.0,0.0,1024.0,1552.0,0.0112115918975515,Male,White,True,Male_White,0.0
11249,47--Matador_Bullfighter/47_Matador_Bullfighter_matadorbullfighting_47_613.jpg,524.0,166.0,614.0,250.0,1.0,0.0,0.0,0.0,0.0,0.0,1024.0,768.0,0.009613037109375,Male,White,True,Male_White,0.0
11250,47--Matador_Bullfighter/47_Matador_Bullfighter_matadorbullfighting_47_869.jpg,449.0,141.0,661.0,431.0,0.0,0.0,0.0,0.0,0.0,0.0,1024.0,1339.0,0.0448387322628827,Male,White,True,Male_White,1.0
11263,48--Parachutist_Paratrooper/48_Parachutist_Paratrooper_Parachutist_Paratrooper_48_595.jpg,373.0,961.0,475.0,1084.0,1.0,0.0,0.0,0.0,0.0,0.0,1024.0,1543.0,0.0079403455119896,Female,White,True,Female_White,0.0
11264,48--Parachutist_Paratrooper/48_Parachutist_Paratrooper_Parachutist_Paratrooper_48_595.jpg,199.0,651.0,280.0,784.0,1.0,0.0,1.0,0.0,0.0,0.0,1024.0,1543.0,0.0068182163399222,Female,White,True,Female_White,0.0
11265,48--Parachutist_Paratrooper/48_Parachutist_Paratrooper_Parachutist_Paratrooper_48_595.jpg,494.0,690.0,560.0,807.0,1.0,0.0,0.0,0.0,0.0,0.0,1024.0,1543.0,0.0048872427900194,Female,White,True,Female_White,0.0
11266,48--Parachutist_Paratrooper/48_Parachutist_Paratrooper_Parachutist_Paratrooper_48_595.jpg,747.0,985.0,837.0,1108.0,1.0,0.0,0.0,0.0,0.0,0.0,1024.0,1543.0,0.0070061872164614,Male,White,True,Male_White,0.0
11267,48--Parachutist_Paratrooper/48_Parachutist_Paratrooper_Parachutist_Paratrooper_48_595.jpg,762.0,681.0,843.0,795.0,1.0,0.0,0.0,0.0,0.0,0.0,1024.0,1543.0,0.005844185434219,Female,White,True,Female_White,0.0
11270,48--Parachutist_Paratrooper/48_Parachutist_Paratrooper_Parachutist_Paratrooper_48_420.jpg,508.0,126.0,556.0,181.0,0.0,0.0,1.0,0.0,0.0,0.0,1024.0,768.0,0.00335693359375,Male,White,True,Male_White,0.0
11282,48--Parachutist_Paratrooper/48_Parachutist_Paratrooper_Parachutist_Paratrooper_48_53.jpg,302.0,70.0,364.0,162.0,0.0,0.0,0.0,0.0,0.0,0.0,1024.0,726.0,0.0076726067493112,Male,White,True,Male_White,0.0
11296,48--Parachutist_Paratrooper/48_Parachutist_Paratrooper_Parachutist_Paratrooper_48_771.jpg,722.0,162.0,852.0,332.0,0.0,0.0,0.0,0.0,0.0,0.0,1024.0,679.0,0.0317850239322533,Male,White,True,Male_White,1.0
11297,48--Parachutist_Paratrooper/48_Parachutist_Paratrooper_Parachutist_Paratrooper_48_459.jpg,178.0,300.0,712.0,986.0,0.0,0.0,0.0,0.0,0.0,0.0,1024.0,1493.0,0.2396103692230408,Male,White,True,Male_White,8.0
11299,48--Parachutist_Paratrooper/48_Parachutist_Paratrooper_Parachutist_Paratrooper_48_756.jpg,415.0,300.0,581.0,508.0,1.0,0.0,0.0,0.0,0.0,0.0,1024.0,1438.0,0.0234483657858136,Male,White,True,Male_White,0.0
11303,48--Parachutist_Paratrooper/48_Parachutist_Paratrooper_Parachutist_Paratrooper_48_505.jpg,124.0,171.0,399.0,491.0,0.0,0.0,1.0,0.0,0.0,0.0,1024.0,1271.0,0.0676140833988985,Male,White,True,Male_White,2.0
11304,48--Parachutist_Paratrooper/48_Parachutist_Paratrooper_Parachutist_Paratrooper_48_146.jpg,236.0,304.0,298.0,384.0,0.0,0.0,0.0,0.0,0.0,0.0,1024.0,679.0,0.0071336524300441,Male,White,True,Male_White,0.0
11306,48--Parachutist_Paratrooper/48_Parachutist_Paratrooper_Parachutist_Paratrooper_48_626.jpg,439.0,172.0,485.0,224.0,1.0,0.0,0.0,0.0,0.0,0.0,1024.0,768.0,0.0030415852864583,Male,White,True,Male_White,0.0
11307,48--Parachutist_Paratrooper/48_Parachutist_Paratrooper_Parachutist_Paratrooper_48_805.jpg,346.0,88.0,398.0,170.0,0.0,0.0,0.0,0.0,0.0,0.0,1024.0,768.0,0.0054219563802083,Male,White,True,Male_White,0.0
11308,48--Parachutist_Paratrooper/48_Parachutist_Paratrooper_Parachutist_Paratrooper_48_329.jpg,289.0,461.0,609.0,858.0,0.0,0.0,1.0,0.0,0.0,0.0,1024.0,1575.0,0.0787698412698412,Male,White,True,Male_White,2.0
11309,48--Parachutist_Paratrooper/48_Parachutist_Paratrooper_Parachutist_Paratrooper_48_277.jpg,491.0,123.0,598.0,254.0,1.0,0.0,0.0,0.0,0.0,0.0,1024.0,1366.0,0.0100208466782576,Male,White,True,Male_White,0.0
11310,48--Parachutist_Paratrooper/48_Parachutist_Paratrooper_Parachutist_Paratrooper_48_733.jpg,730.0,134.0,890.0,276.0,0.0,0.0,0.0,0.0,0.0,0.0,1024.0,686.0,0.0323432944606414,Female,Indian,True,Female_Indian,1.0
11311,48--Parachutist_Paratrooper/48_Parachutist_Paratrooper_Parachutist_Paratrooper_48_733.jpg,508.0,240.0,608.0,336.0,1.0,0.0,0.0,0.0,0.0,0.0,1024.0,686.0,0.0136661807580174,Female,Indian,True,Female_Indian,0.0
11312,48--Parachutist_Paratrooper/48_Parachutist_Paratrooper_Parachutist_Paratrooper_48_733.jpg,362.0,214.0,448.0,318.0,1.0,0.0,0.0,0.0,0.0,0.0,1024.0,686.0,0.0127323250728862,Female,Indian,True,Female_Indian,0.0
11313,48--Parachutist_Paratrooper/48_Parachutist_Paratrooper_Parachutist_Paratrooper_48_733.jpg,274.0,206.0,350.0,298.0,1.0,0.0,0.0,0.0,0.0,0.0,1024.0,686.0,0.0099535349854227,Female,Indian,True,Female_Indian,0.0
11314,48--Parachutist_Paratrooper/48_Parachutist_Paratrooper_Parachutist_Paratrooper_48_733.jpg,214.0,212.0,276.0,282.0,1.0,0.0,0.0,0.0,0.0,0.0,1024.0,686.0,0.0061782525510204,Female,Indian,True,Female_Indian,0.0
11315,48--Parachutist_Paratrooper/48_Parachutist_Paratrooper_Parachutist_Paratrooper_48_733.jpg,124.0,206.0,176.0,270.0,1.0,0.0,0.0,0.0,0.0,0.0,1024.0,686.0,0.004737609329446,Female,Indian,True,Female_Indian,0.0
11317,48--Parachutist_Paratrooper/48_Parachutist_Paratrooper_Parachutist_Paratrooper_48_83.jpg,894.0,306.0,1010.0,482.0,0.0,0.0,0.0,0.0,1.0,0.0,1024.0,682.0,0.0292338709677419,Male,White,True,Male_White,1.0
11322,48--Parachutist_Paratrooper/48_Parachutist_Paratrooper_Parachutist_Paratrooper_48_487.jpg,690.0,130.0,768.0,232.0,0.0,0.0,0.0,0.0,0.0,0.0,1024.0,544.0,0.0142822265625,Male,White,True,Male_White,0.0
11323,48--Parachutist_Paratrooper/48_Parachutist_Paratrooper_Parachutist_Paratrooper_48_802.jpg,324.0,284.0,424.0,396.0,1.0,0.0,1.0,0.0,0.0,0.0,1024.0,1275.0,0.008578431372549,Male,White,True,Male_White,0.0
11324,48--Parachutist_Paratrooper/48_Parachutist_Paratrooper_Parachutist_Paratrooper_48_347.jpg,457.0,199.0,574.0,358.0,1.0,0.0,0.0,0.0,0.0,0.0,1024.0,1572.0,0.0115566108062977,Male,White,True,Male_White,0.0
11333,48--Parachutist_Paratrooper/48_Parachutist_Paratrooper_Parachutist_Paratrooper_48_664.jpg,402.0,255.0,499.0,390.0,1.0,0.0,0.0,0.0,0.0,0.0,1024.0,1304.0,0.0098068143692484,Male,White,True,Male_White,0.0
11342,48--Parachutist_Paratrooper/48_Parachutist_Paratrooper_Parachutist_Paratrooper_48_895.jpg,325.0,167.0,541.0,421.0,0.0,0.0,0.0,0.0,0.0,0.0,1024.0,1397.0,0.0383522727272727,Male,White,True,Male_White,1.0
11345,48--Parachutist_Paratrooper/48_Parachutist_Paratrooper_Parachutist_Paratrooper_48_382.jpg,370.0,132.0,422.0,192.0,0.0,0.0,0.0,0.0,0.0,1.0,1024.0,695.0,0.0043839928057553,Male,White,True,Male_White,0.0
11346,48--Parachutist_Paratrooper/48_Parachutist_Paratrooper_Parachutist_Paratrooper_48_1026.jpg,62.0,18.0,150.0,152.0,0.0,0.0,0.0,0.0,0.0,0.0,1024.0,216.0,0.0533130787037037,Male,White,True,Male_White,1.0
11347,48--Parachutist_Paratrooper/48_Parachutist_Paratrooper_Parachutist_Paratrooper_48_531.jpg,527.0,138.0,646.0,296.0,0.0,0.0,0.0,0.0,0.0,0.0,1024.0,1687.0,0.0108840119294605,Male,White,True,Male_White,0.0
11348,48--Parachutist_Paratrooper/48_Parachutist_Paratrooper_Parachutist_Paratrooper_48_774.jpg,684.0,38.0,788.0,194.0,0.0,0.0,0.0,0.0,0.0,0.0,1024.0,578.0,0.0274113321799307,Male,White,True,Male_White,0.0
11361,49--Greeting/49_Greeting_peoplegreeting_49_115.jpg,595.0,341.0,684.0,440.0,0.0,0.0,0.0,0.0,0.0,0.0,1024.0,1058.0,0.0081327903473534,Male,White,True,Male_White,0.0
11369,49--Greeting/49_Greeting_peoplegreeting_49_637.jpg,486.0,164.0,730.0,446.0,0.0,0.0,0.0,0.0,0.0,0.0,1024.0,681.0,0.0986715308370044,Male,White,True,Male_White,3.0
11386,49--Greeting/49_Greeting_peoplegreeting_49_267.jpg,574.0,143.0,874.0,516.0,0.0,0.0,0.0,0.0,0.0,0.0,1024.0,1033.0,0.1057863927879961,Male,White,True,Male_White,3.0
11406,49--Greeting/49_Greeting_peoplegreeting_49_108.jpg,282.0,124.0,350.0,210.0,0.0,0.0,0.0,0.0,0.0,0.0,1024.0,576.0,0.0099148220486111,Female,Asian,True,Female_Asian,0.0
11407,49--Greeting/49_Greeting_peoplegreeting_49_108.jpg,472.0,84.0,542.0,180.0,0.0,1.0,0.0,0.0,0.0,0.0,1024.0,576.0,0.0113932291666666,Female,White,True,Female_White,0.0
11408,49--Greeting/49_Greeting_peoplegreeting_49_108.jpg,664.0,48.0,740.0,148.0,0.0,1.0,0.0,0.0,0.0,0.0,1024.0,576.0,0.0128851996527777,Female,White,True,Female_White,0.0
11449,49--Greeting/49_Greeting_peoplegreeting_49_365.jpg,360.0,153.0,439.0,257.0,1.0,0.0,0.0,0.0,0.0,0.0,1024.0,1400.0,0.0057310267857142,Male,White,True,Male_White,0.0
11473,49--Greeting/49_Greeting_peoplegreeting_49_427.jpg,399.0,173.0,592.0,383.0,0.0,0.0,0.0,0.0,0.0,0.0,1024.0,2105.0,0.0188028874703087,Male,White,True,Male_White,0.0
11486,49--Greeting/49_Greeting_peoplegreeting_49_145.jpg,148.0,160.0,312.0,406.0,0.0,0.0,0.0,0.0,0.0,0.0,1024.0,682.0,0.0577689699413489,Female,Asian,True,Female_Asian,2.0
11487,49--Greeting/49_Greeting_peoplegreeting_49_145.jpg,410.0,252.0,574.0,472.0,0.0,0.0,0.0,0.0,0.0,0.0,1024.0,682.0,0.0516633064516129,Female,Asian,True,Female_Asian,1.0
11488,49--Greeting/49_Greeting_peoplegreeting_49_145.jpg,340.0,26.0,482.0,216.0,0.0,0.0,0.0,0.0,0.0,0.0,1024.0,682.0,0.0386329270527859,Female,Asian,True,Female_Asian,1.0
11489,49--Greeting/49_Greeting_peoplegreeting_49_145.jpg,570.0,110.0,746.0,326.0,0.0,0.0,0.0,0.0,0.0,0.0,1024.0,682.0,0.0544354838709677,Female,Asian,True,Female_Asian,1.0
11491,49--Greeting/49_Greeting_peoplegreeting_49_866.jpg,80.0,154.0,156.0,254.0,0.0,0.0,0.0,0.0,0.0,0.0,1024.0,683.0,0.0108665812591508,Female,White,True,Female_White,0.0
11492,49--Greeting/49_Greeting_peoplegreeting_49_866.jpg,276.0,140.0,348.0,238.0,0.0,0.0,0.0,0.0,0.0,0.0,1024.0,683.0,0.0100887628111273,Female,White,True,Female_White,0.0
11493,49--Greeting/49_Greeting_peoplegreeting_49_866.jpg,436.0,168.0,514.0,272.0,0.0,0.0,0.0,0.0,0.0,0.0,1024.0,683.0,0.0115986456808199,Female,White,True,Female_White,0.0
11559,49--Greeting/49_Greeting_peoplegreeting_49_407.jpg,721.0,101.0,819.0,240.0,0.0,0.0,0.0,0.0,0.0,0.0,1024.0,1399.0,0.0095087450857755,Male,White,True,Male_White,0.0
11561,49--Greeting/49_Greeting_peoplegreeting_49_239.jpg,498.0,138.0,768.0,516.0,0.0,0.0,0.0,0.0,0.0,0.0,1024.0,1536.0,0.0648880004882812,Male,White,True,Male_White,2.0
11574,49--Greeting/49_Greeting_peoplegreeting_49_54.jpg,294.0,86.0,366.0,194.0,0.0,0.0,0.0,0.0,0.0,0.0,1024.0,576.0,0.01318359375,Female,White,True,Female_White,0.0
11575,49--Greeting/49_Greeting_peoplegreeting_49_54.jpg,492.0,114.0,562.0,208.0,0.0,0.0,0.0,0.0,0.0,0.0,1024.0,576.0,0.0111558702256944,Female,Asian,True,Female_Asian,0.0
11576,49--Greeting/49_Greeting_peoplegreeting_49_54.jpg,684.0,66.0,756.0,170.0,0.0,0.0,0.0,0.0,0.0,0.0,1024.0,576.0,0.0126953125,Female,White,True,Female_White,0.0
11596,49--Greeting/49_Greeting_peoplegreeting_49_106.jpg,498.0,246.0,640.0,438.0,0.0,0.0,0.0,0.0,0.0,0.0,1024.0,768.0,0.03466796875,Male,White,True,Male_White,1.0
11598,49--Greeting/49_Greeting_peoplegreeting_49_21.jpg,294.0,78.0,368.0,190.0,0.0,0.0,0.0,0.0,0.0,0.0,1024.0,576.0,0.0140516493055555,Female,White,True,Female_White,0.0
11599,49--Greeting/49_Greeting_peoplegreeting_49_21.jpg,500.0,104.0,572.0,200.0,0.0,0.0,0.0,0.0,0.0,0.0,1024.0,576.0,0.01171875,Female,Asian,True,Female_Asian,0.0
11600,49--Greeting/49_Greeting_peoplegreeting_49_21.jpg,682.0,44.0,752.0,148.0,0.0,1.0,0.0,0.0,0.0,0.0,1024.0,576.0,0.0123426649305555,Female,White,True,Female_White,0.0
11607,49--Greeting/49_Greeting_peoplegreeting_49_484.jpg,592.0,90.0,804.0,398.0,0.0,0.0,0.0,0.0,0.0,0.0,1024.0,558.0,0.1142753136200716,Male,White,True,Male_White,4.0
11614,5--Car_Accident/5_Car_Accident_Car_Crash_5_531.jpg,420.0,190.0,474.0,266.0,1.0,0.0,0.0,0.0,0.0,0.0,1024.0,719.0,0.0055741481223922,Male,White,True,Male_White,0.0
11615,5--Car_Accident/5_Car_Accident_Car_Crash_5_823.jpg,217.0,321.0,813.0,1096.0,0.0,0.0,0.0,0.0,0.0,0.0,1024.0,1370.0,0.3292512545620438,Male,Black,True,Male_Black,12.0
11616,5--Car_Accident/5_Car_Accident_Accident_5_672.jpg,292.0,184.0,434.0,448.0,0.0,0.0,0.0,0.0,0.0,1.0,1024.0,728.0,0.050287603021978,Female,Asian,True,Female_Asian,1.0
11617,5--Car_Accident/5_Car_Accident_Accident_5_672.jpg,436.0,172.0,562.0,422.0,0.0,0.0,0.0,0.0,0.0,0.0,1024.0,728.0,0.0422551081730769,Female,Asian,True,Female_Asian,1.0
11618,5--Car_Accident/5_Car_Accident_Accident_5_672.jpg,704.0,132.0,828.0,328.0,0.0,0.0,0.0,0.0,0.0,0.0,1024.0,728.0,0.0326021634615384,Female,Asian,True,Female_Asian,1.0
11619,5--Car_Accident/5_Car_Accident_Accident_5_672.jpg,618.0,116.0,680.0,210.0,1.0,0.0,0.0,0.0,0.0,0.0,1024.0,728.0,0.0078178657280219,Male,Asian,True,Male_Asian,0.0
11620,5--Car_Accident/5_Car_Accident_Accident_5_283.jpg,678.0,376.0,730.0,452.0,1.0,0.0,0.0,0.0,1.0,1.0,1024.0,768.0,0.0050252278645833,Male,Black,True,Male_Black,0.0
11632,5--Car_Accident/5_Car_Accident_Accident_5_867.jpg,670.0,662.0,778.0,750.0,1.0,0.0,0.0,0.0,0.0,1.0,1024.0,1024.0,0.009063720703125,Male,White,True,Male_White,0.0
11639,5--Car_Accident/5_Car_Accident_Car_Crash_5_382.jpg,522.0,360.0,618.0,478.0,1.0,0.0,0.0,0.0,0.0,1.0,1024.0,795.0,0.0139150943396226,Male,White,True,Male_White,0.0
11641,5--Car_Accident/5_Car_Accident_Accident_5_482.jpg,88.0,158.0,130.0,202.0,1.0,0.0,0.0,0.0,0.0,0.0,1024.0,756.0,0.0023871527777777,Male,White,True,Male_White,0.0
11645,5--Car_Accident/5_Car_Accident_Car_Crash_5_739.jpg,704.0,162.0,758.0,246.0,1.0,0.0,0.0,0.0,0.0,1.0,1024.0,681.0,0.00650468061674,Male,White,True,Male_White,0.0
11649,5--Car_Accident/5_Car_Accident_Accident_5_265.jpg,639.0,159.0,683.0,210.0,0.0,0.0,0.0,0.0,0.0,0.0,1024.0,683.0,0.0032085010980966,Male,White,True,Male_White,0.0
11653,5--Car_Accident/5_Car_Accident_Car_Crash_5_315.jpg,644.0,78.0,756.0,228.0,1.0,0.0,0.0,0.0,0.0,0.0,1024.0,577.0,0.0284337088388214,Male,White,True,Male_White,1.0
11656,5--Car_Accident/5_Car_Accident_Car_Crash_5_520.jpg,178.0,26.0,350.0,292.0,0.0,0.0,0.0,0.0,0.0,0.0,1024.0,760.0,0.0587890625,Male,White,True,Male_White,2.0
11657,5--Car_Accident/5_Car_Accident_Accident_5_220.jpg,340.0,250.0,502.0,491.0,0.0,0.0,0.0,0.0,0.0,0.0,1024.0,1453.0,0.0262401604439091,Male,White,True,Male_White,0.0
11661,5--Car_Accident/5_Car_Accident_Car_Crash_5_263.jpg,779.0,99.0,826.0,146.0,1.0,0.0,0.0,0.0,0.0,0.0,1024.0,664.0,0.0032488351844879,Male,White,True,Male_White,0.0
11665,5--Car_Accident/5_Car_Accident_Accident_5_901.jpg,576.0,74.0,634.0,150.0,1.0,0.0,0.0,0.0,0.0,1.0,1024.0,682.0,0.0063118585043988,Male,Asian,True,Male_Asian,0.0
11668,5--Car_Accident/5_Car_Accident_Accident_5_540.jpg,196.0,14.0,476.0,489.0,0.0,0.0,0.0,0.0,0.0,0.0,1024.0,1392.0,0.0933066181752873,Male,White,True,Male_White,3.0
11669,5--Car_Accident/5_Car_Accident_Car_Crash_5_853.jpg,133.0,464.0,182.0,521.0,1.0,0.0,0.0,0.0,0.0,1.0,1024.0,768.0,0.0035514831542968,Male,White,True,Male_White,0.0
11671,5--Car_Accident/5_Car_Accident_Car_Crash_5_403.jpg,829.0,178.0,864.0,218.0,1.0,0.0,0.0,0.0,0.0,0.0,1024.0,569.0,0.0024027899824253,Male,White,True,Male_White,0.0
11681,5--Car_Accident/5_Car_Accident_Accident_5_936.jpg,232.0,134.0,360.0,322.0,0.0,0.0,0.0,0.0,0.0,0.0,1024.0,618.0,0.0380258899676375,Male,White,True,Male_White,1.0
11684,5--Car_Accident/5_Car_Accident_Accident_5_332.jpg,246.0,225.0,282.0,272.0,1.0,0.0,0.0,0.0,0.0,0.0,1024.0,683.0,0.0024192441434846,Male,White,True,Male_White,0.0
11686,5--Car_Accident/5_Car_Accident_Car_Crash_5_322.jpg,191.0,163.0,250.0,229.0,1.0,0.0,0.0,0.0,0.0,0.0,1024.0,685.0,0.0055514370437956,Male,White,True,Male_White,0.0
11688,5--Car_Accident/5_Car_Accident_Accident_5_210.jpg,128.0,336.0,304.0,462.0,1.0,0.0,0.0,0.0,1.0,1.0,1024.0,771.0,0.0280885214007782,Male,White,True,Male_White,1.0
11737,50--Celebration_Or_Party/50_Celebration_Or_Party_houseparty_50_390.jpg,277.0,208.0,774.0,850.0,0.0,0.0,1.0,0.0,0.0,0.0,1024.0,1542.0,0.2020724404182879,Male,White,True,Male_White,7.0
11741,50--Celebration_Or_Party/50_Celebration_Or_Party_houseparty_50_468.jpg,430.0,105.0,690.0,456.0,0.0,0.0,0.0,0.0,0.0,0.0,1024.0,1500.0,0.0594140625,Male,White,True,Male_White,2.0
11756,50--Celebration_Or_Party/50_Celebration_Or_Party_houseparty_50_72.jpg,92.0,2.0,606.0,602.0,0.0,0.0,0.0,0.0,0.0,0.0,1024.0,1024.0,0.2941131591796875,Male,Black,True,Male_Black,11.0
11764,50--Celebration_Or_Party/50_Celebration_Or_Party_houseparty_50_994.jpg,42.0,502.0,202.0,702.0,0.0,0.0,0.0,0.0,0.0,0.0,1024.0,745.0,0.0419463087248322,Male,White,True,Male_White,1.0
11775,50--Celebration_Or_Party/50_Celebration_Or_Party_houseparty_50_283.jpg,284.0,137.0,390.0,289.0,0.0,0.0,0.0,0.0,0.0,0.0,1024.0,1322.0,0.011901947806354,Male,White,True,Male_White,0.0
11783,50--Celebration_Or_Party/50_Celebration_Or_Party_birthdayparty_50_42.jpg,726.0,542.0,834.0,672.0,0.0,0.0,0.0,0.0,0.0,0.0,1024.0,1024.0,0.0133895874023437,Male,White,True,Male_White,0.0
11802,50--Celebration_Or_Party/50_Celebration_Or_Party_houseparty_50_92.jpg,372.0,72.0,490.0,248.0,0.0,0.0,0.0,0.0,0.0,0.0,1024.0,768.0,0.0264078776041666,Female,White,True,Female_White,0.0
11803,50--Celebration_Or_Party/50_Celebration_Or_Party_houseparty_50_92.jpg,158.0,256.0,318.0,438.0,0.0,0.0,0.0,0.0,0.0,0.0,1024.0,768.0,0.0370279947916666,Female,White,True,Female_White,1.0
11804,50--Celebration_Or_Party/50_Celebration_Or_Party_houseparty_50_92.jpg,372.0,270.0,514.0,488.0,0.0,0.0,0.0,0.0,0.0,0.0,1024.0,768.0,0.0393625895182291,Female,White,True,Female_White,1.0
11805,50--Celebration_Or_Party/50_Celebration_Or_Party_houseparty_50_92.jpg,526.0,228.0,666.0,418.0,0.0,0.0,0.0,0.0,0.0,0.0,1024.0,768.0,0.0338236490885416,Female,Asian,True,Female_Asian,1.0
11806,50--Celebration_Or_Party/50_Celebration_Or_Party_houseparty_50_92.jpg,758.0,234.0,924.0,422.0,0.0,0.0,0.0,0.0,0.0,0.0,1024.0,768.0,0.0396830240885416,Female,White,True,Female_White,1.0
11834,50--Celebration_Or_Party/50_Celebration_Or_Party_houseparty_50_347.jpg,434.0,256.0,729.0,590.0,0.0,0.0,0.0,0.0,0.0,0.0,1024.0,1541.0,0.0624404303212199,Male,Black,True,Male_Black,2.0
11854,50--Celebration_Or_Party/50_Celebration_Or_Party_houseparty_50_462.jpg,550.0,166.0,710.0,332.0,0.0,0.0,1.0,0.0,0.0,0.0,1024.0,683.0,0.0379758418740849,Male,White,True,Male_White,1.0
11867,50--Celebration_Or_Party/50_Celebration_Or_Party_birthdayparty_50_295.jpg,176.0,266.0,213.0,309.0,1.0,0.0,0.0,0.0,0.0,0.0,1024.0,768.0,0.0020230611165364,Female,White,True,Female_White,0.0
11868,50--Celebration_Or_Party/50_Celebration_Or_Party_birthdayparty_50_295.jpg,360.0,242.0,409.0,300.0,0.0,0.0,0.0,0.0,0.0,0.0,1024.0,768.0,0.003613789876302,Female,White,True,Female_White,0.0
11869,50--Celebration_Or_Party/50_Celebration_Or_Party_birthdayparty_50_295.jpg,354.0,399.0,408.0,466.0,0.0,0.0,0.0,0.0,0.0,0.0,1024.0,768.0,0.0046005249023437,Female,White,True,Female_White,0.0
11870,50--Celebration_Or_Party/50_Celebration_Or_Party_birthdayparty_50_295.jpg,208.0,369.0,253.0,429.0,1.0,0.0,0.0,0.0,0.0,0.0,1024.0,768.0,0.0034332275390625,Female,White,True,Female_White,0.0
11871,50--Celebration_Or_Party/50_Celebration_Or_Party_birthdayparty_50_295.jpg,246.0,443.0,300.0,507.0,0.0,0.0,0.0,0.0,0.0,0.0,1024.0,768.0,0.00439453125,Female,White,True,Female_White,0.0
11872,50--Celebration_Or_Party/50_Celebration_Or_Party_birthdayparty_50_295.jpg,160.0,428.0,219.0,503.0,0.0,0.0,0.0,0.0,0.0,0.0,1024.0,768.0,0.0056266784667968,Female,White,True,Female_White,0.0
11873,50--Celebration_Or_Party/50_Celebration_Or_Party_birthdayparty_50_295.jpg,115.0,374.0,166.0,435.0,1.0,0.0,0.0,0.0,1.0,0.0,1024.0,768.0,0.0039558410644531,Female,White,True,Female_White,0.0
11874,50--Celebration_Or_Party/50_Celebration_Or_Party_birthdayparty_50_295.jpg,509.0,384.0,559.0,450.0,1.0,0.0,0.0,0.0,0.0,0.0,1024.0,768.0,0.0041961669921875,Female,White,True,Female_White,0.0
11875,50--Celebration_Or_Party/50_Celebration_Or_Party_birthdayparty_50_295.jpg,564.0,334.0,606.0,380.0,0.0,0.0,0.0,0.0,0.0,0.0,1024.0,768.0,0.0024566650390625,Female,White,True,Female_White,0.0
11876,50--Celebration_Or_Party/50_Celebration_Or_Party_birthdayparty_50_295.jpg,638.0,350.0,690.0,414.0,0.0,0.0,0.0,0.0,0.0,0.0,1024.0,768.0,0.0042317708333333,Female,White,True,Female_White,0.0
11877,50--Celebration_Or_Party/50_Celebration_Or_Party_birthdayparty_50_295.jpg,694.0,373.0,725.0,419.0,0.0,0.0,0.0,0.0,1.0,0.0,1024.0,768.0,0.001813252766927,Male,White,True,Male_White,0.0
11878,50--Celebration_Or_Party/50_Celebration_Or_Party_birthdayparty_50_295.jpg,621.0,492.0,675.0,552.0,0.0,0.0,0.0,0.0,0.0,0.0,1024.0,768.0,0.004119873046875,Female,White,True,Female_White,0.0
11879,50--Celebration_Or_Party/50_Celebration_Or_Party_birthdayparty_50_295.jpg,815.0,487.0,875.0,555.0,0.0,0.0,0.0,0.0,0.0,0.0,1024.0,768.0,0.00518798828125,Female,White,True,Female_White,0.0
11880,50--Celebration_Or_Party/50_Celebration_Or_Party_houseparty_50_707.jpg,440.0,96.0,534.0,232.0,0.0,1.0,0.0,0.0,0.0,0.0,1024.0,785.0,0.0159036624203821,Male,Black,True,Male_Black,0.0
11888,50--Celebration_Or_Party/50_Celebration_Or_Party_houseparty_50_583.jpg,437.0,286.0,642.0,590.0,0.0,0.0,1.0,0.0,0.0,0.0,1024.0,1541.0,0.0394934295911745,Male,Black,True,Male_Black,1.0
11898,50--Celebration_Or_Party/50_Celebration_Or_Party_houseparty_50_516.jpg,170.0,290.0,227.0,348.0,1.0,0.0,0.0,0.0,0.0,0.0,1024.0,767.0,0.0042092772164276,Female,White,True,Female_White,0.0
11899,50--Celebration_Or_Party/50_Celebration_Or_Party_houseparty_50_516.jpg,325.0,256.0,379.0,319.0,1.0,0.0,0.0,0.0,0.0,0.0,1024.0,767.0,0.0043315066818774,Female,White,True,Female_White,0.0
11900,50--Celebration_Or_Party/50_Celebration_Or_Party_houseparty_50_516.jpg,466.0,246.0,508.0,298.0,1.0,0.0,0.0,0.0,0.0,0.0,1024.0,767.0,0.002780720338983,Female,White,True,Female_White,0.0
11901,50--Celebration_Or_Party/50_Celebration_Or_Party_houseparty_50_516.jpg,505.0,251.0,557.0,305.0,1.0,0.0,0.0,0.0,0.0,1.0,1024.0,767.0,0.0035752118644067,Female,White,True,Female_White,0.0
11902,50--Celebration_Or_Party/50_Celebration_Or_Party_houseparty_50_516.jpg,542.0,167.0,587.0,221.0,1.0,0.0,0.0,0.0,0.0,0.0,1024.0,767.0,0.0030939333441981,Male,White,True,Male_White,0.0
11903,50--Celebration_Or_Party/50_Celebration_Or_Party_houseparty_50_516.jpg,651.0,253.0,694.0,308.0,1.0,0.0,0.0,0.0,0.0,0.0,1024.0,767.0,0.0030111738102998,Female,White,True,Female_White,0.0
11997,50--Celebration_Or_Party/50_Celebration_Or_Party_birthdayparty_50_85.jpg,16.0,324.0,148.0,516.0,0.0,0.0,0.0,0.0,0.0,0.0,1024.0,847.0,0.0292207792207792,Female,White,True,Female_White,1.0
11998,50--Celebration_Or_Party/50_Celebration_Or_Party_birthdayparty_50_85.jpg,150.0,216.0,292.0,402.0,0.0,0.0,0.0,0.0,0.0,0.0,1024.0,847.0,0.0304521472845336,Female,White,True,Female_White,1.0
11999,50--Celebration_Or_Party/50_Celebration_Or_Party_birthdayparty_50_85.jpg,420.0,298.0,574.0,500.0,0.0,0.0,0.0,0.0,0.0,0.0,1024.0,847.0,0.0358664772727272,Female,White,True,Female_White,1.0
12000,50--Celebration_Or_Party/50_Celebration_Or_Party_birthdayparty_50_85.jpg,636.0,386.0,780.0,564.0,0.0,0.0,0.0,0.0,0.0,0.0,1024.0,847.0,0.0295528335301062,Female,White,True,Female_White,1.0
12001,50--Celebration_Or_Party/50_Celebration_Or_Party_birthdayparty_50_85.jpg,834.0,370.0,952.0,558.0,0.0,0.0,0.0,0.0,0.0,0.0,1024.0,847.0,0.0255774055489964,Female,White,True,Female_White,0.0
12017,51--Dresses/51_Dresses_wearingdress_51_375.jpg,136.0,66.0,206.0,154.0,1.0,0.0,0.0,0.0,0.0,0.0,1024.0,978.0,0.0061509458077709,Female,White,True,Female_White,0.0
12018,51--Dresses/51_Dresses_wearingdress_51_375.jpg,502.0,56.0,576.0,168.0,0.0,0.0,0.0,0.0,0.0,0.0,1024.0,978.0,0.00827581799591,Female,White,True,Female_White,0.0
12019,51--Dresses/51_Dresses_wearingdress_51_375.jpg,820.0,60.0,890.0,160.0,0.0,0.0,0.0,0.0,0.0,0.0,1024.0,978.0,0.0069897111451942,Female,White,True,Female_White,0.0
12038,51--Dresses/51_Dresses_wearingdress_51_467.jpg,258.0,102.0,410.0,306.0,0.0,0.0,0.0,0.0,0.0,0.0,1024.0,768.0,0.0394287109375,Male,White,True,Male_White,1.0
12040,51--Dresses/51_Dresses_wearingdress_51_119.jpg,325.0,215.0,424.0,363.0,0.0,0.0,0.0,0.0,0.0,0.0,1024.0,1486.0,0.0096289325370121,Female,White,True,Female_White,0.0
12041,51--Dresses/51_Dresses_wearingdress_51_119.jpg,804.0,102.0,917.0,264.0,0.0,0.0,0.0,0.0,0.0,0.0,1024.0,1486.0,0.0120302510935397,Female,White,True,Female_White,0.0
12064,51--Dresses/51_Dresses_wearingdress_51_511.jpg,240.0,48.0,298.0,130.0,0.0,0.0,0.0,0.0,0.0,0.0,1024.0,1024.0,0.0045356750488281,Female,White,True,Female_White,0.0
12065,51--Dresses/51_Dresses_wearingdress_51_511.jpg,738.0,74.0,800.0,150.0,0.0,0.0,0.0,0.0,0.0,0.0,1024.0,1024.0,0.0044937133789062,Female,White,True,Female_White,0.0
12066,51--Dresses/51_Dresses_wearingdress_51_511.jpg,930.0,844.0,988.0,916.0,0.0,0.0,0.0,0.0,0.0,0.0,1024.0,1024.0,0.0039825439453125,Female,White,True,Female_White,0.0
12076,51--Dresses/51_Dresses_wearingdress_51_481.jpg,223.0,55.0,297.0,162.0,0.0,0.0,0.0,0.0,0.0,0.0,1024.0,1077.0,0.0071795931987,Female,White,True,Female_White,0.0
12077,51--Dresses/51_Dresses_wearingdress_51_481.jpg,751.0,114.0,909.0,349.0,0.0,0.0,0.0,0.0,0.0,0.0,1024.0,1077.0,0.033667377553389,Female,White,True,Female_White,1.0
12084,51--Dresses/51_Dresses_wearingdress_51_53.jpg,308.0,263.0,461.0,479.0,0.0,0.0,0.0,0.0,0.0,0.0,1024.0,1536.0,0.0210113525390625,Female,White,True,Female_White,0.0
12085,51--Dresses/51_Dresses_wearingdress_51_53.jpg,171.0,575.0,321.0,782.0,0.0,0.0,0.0,0.0,0.0,0.0,1024.0,1536.0,0.0197410583496093,Female,White,True,Female_White,0.0
12086,51--Dresses/51_Dresses_wearingdress_51_53.jpg,623.0,428.0,782.0,644.0,0.0,0.0,0.0,0.0,0.0,0.0,1024.0,1536.0,0.0218353271484375,Female,White,True,Female_White,0.0
12087,51--Dresses/51_Dresses_wearingdress_51_53.jpg,425.0,686.0,551.0,923.0,0.0,1.0,0.0,0.0,0.0,0.0,1024.0,1536.0,0.0189857482910156,Female,White,True,Female_White,0.0
12088,51--Dresses/51_Dresses_wearingdress_51_53.jpg,219.0,925.0,366.0,1117.0,0.0,0.0,0.0,0.0,0.0,0.0,1024.0,1536.0,0.0179443359375,Female,White,True,Female_White,0.0
12103,51--Dresses/51_Dresses_wearingdress_51_343.jpg,849.0,83.0,932.0,193.0,0.0,0.0,0.0,0.0,0.0,0.0,1024.0,959.0,0.0092972008602711,Female,White,True,Female_White,0.0
12104,51--Dresses/51_Dresses_wearingdress_51_343.jpg,982.0,81.0,1024.0,161.0,1.0,0.0,0.0,0.0,0.0,1.0,1024.0,959.0,0.0034215328467153,Male,White,True,Male_White,0.0
12105,51--Dresses/51_Dresses_wearingdress_51_343.jpg,505.0,35.0,581.0,140.0,0.0,0.0,0.0,0.0,0.0,0.0,1024.0,959.0,0.0081261405109489,Female,White,True,Female_White,0.0
12106,51--Dresses/51_Dresses_wearingdress_51_343.jpg,130.0,45.0,213.0,143.0,1.0,0.0,0.0,0.0,0.0,0.0,1024.0,959.0,0.0082829607664233,Female,White,True,Female_White,0.0
12115,51--Dresses/51_Dresses_wearingdress_51_33.jpg,469.0,160.0,624.0,365.0,0.0,0.0,0.0,0.0,0.0,0.0,1024.0,1366.0,0.0227161591782576,Male,White,True,Male_White,0.0
12124,51--Dresses/51_Dresses_wearingdress_51_899.jpg,138.0,34.0,206.0,124.0,0.0,0.0,0.0,0.0,0.0,0.0,1024.0,854.0,0.0069983167447306,Female,White,True,Female_White,0.0
12125,51--Dresses/51_Dresses_wearingdress_51_899.jpg,444.0,12.0,510.0,108.0,0.0,1.0,0.0,0.0,0.0,0.0,1024.0,854.0,0.0072453161592505,Female,White,True,Female_White,0.0
12126,51--Dresses/51_Dresses_wearingdress_51_899.jpg,808.0,32.0,870.0,124.0,0.0,0.0,0.0,0.0,0.0,0.0,1024.0,854.0,0.0065226141686182,Female,White,True,Female_White,0.0
12128,51--Dresses/51_Dresses_wearingdress_51_324.jpg,993.0,19.0,1024.0,85.0,1.0,0.0,0.0,0.0,0.0,0.0,1024.0,717.0,0.0027866762552301,Male,White,True,Male_White,0.0
12129,51--Dresses/51_Dresses_wearingdress_51_324.jpg,870.0,61.0,919.0,127.0,1.0,0.0,0.0,0.0,0.0,0.0,1024.0,717.0,0.0044047463389121,Female,White,True,Female_White,0.0
12130,51--Dresses/51_Dresses_wearingdress_51_324.jpg,691.0,41.0,754.0,124.0,1.0,0.0,0.0,0.0,0.0,0.0,1024.0,717.0,0.0071219599895397,Female,White,True,Female_White,0.0
12131,51--Dresses/51_Dresses_wearingdress_51_324.jpg,495.0,28.0,551.0,96.0,0.0,0.0,0.0,0.0,0.0,0.0,1024.0,717.0,0.0051865411436541,Female,White,True,Female_White,0.0
12132,51--Dresses/51_Dresses_wearingdress_51_324.jpg,302.0,53.0,359.0,126.0,1.0,0.0,0.0,0.0,0.0,0.0,1024.0,717.0,0.0056673313284518,Female,White,True,Female_White,0.0
12133,51--Dresses/51_Dresses_wearingdress_51_324.jpg,65.0,43.0,140.0,143.0,0.0,0.0,0.0,0.0,0.0,0.0,1024.0,717.0,0.0102150889121338,Female,White,True,Female_White,0.0
12151,51--Dresses/51_Dresses_wearingdress_51_951.jpg,920.0,37.0,959.0,88.0,0.0,0.0,0.0,0.0,0.0,0.0,1024.0,552.0,0.0035188094429347,Female,White,True,Female_White,0.0
12152,51--Dresses/51_Dresses_wearingdress_51_951.jpg,745.0,35.0,785.0,84.0,0.0,0.0,0.0,0.0,0.0,0.0,1024.0,552.0,0.0034675045289855,Female,Black,True,Female_Black,0.0
12153,51--Dresses/51_Dresses_wearingdress_51_951.jpg,583.0,33.0,624.0,83.0,1.0,0.0,0.0,0.0,0.0,0.0,1024.0,552.0,0.0036267266757246,Female,White,True,Female_White,0.0
12154,51--Dresses/51_Dresses_wearingdress_51_951.jpg,401.0,28.0,442.0,79.0,0.0,0.0,0.0,0.0,0.0,0.0,1024.0,552.0,0.0036992612092391,Female,White,True,Female_White,0.0
12155,51--Dresses/51_Dresses_wearingdress_51_951.jpg,241.0,39.0,280.0,91.0,0.0,0.0,0.0,0.0,0.0,0.0,1024.0,552.0,0.0035878057065217,Female,White,True,Female_White,0.0
12156,51--Dresses/51_Dresses_wearingdress_51_951.jpg,63.0,42.0,104.0,97.0,1.0,1.0,0.0,0.0,0.0,0.0,1024.0,552.0,0.0039893993432971,Female,Black,True,Female_Black,0.0
12192,51--Dresses/51_Dresses_wearingdress_51_217.jpg,866.0,29.0,909.0,80.0,1.0,0.0,0.0,0.0,0.0,0.0,1024.0,475.0,0.004508634868421,Female,White,True,Female_White,0.0
12193,51--Dresses/51_Dresses_wearingdress_51_217.jpg,612.0,35.0,653.0,85.0,1.0,0.0,0.0,0.0,0.0,0.0,1024.0,475.0,0.0042146381578947,Female,White,True,Female_White,0.0
12194,51--Dresses/51_Dresses_wearingdress_51_217.jpg,333.0,50.0,373.0,97.0,0.0,0.0,0.0,0.0,0.0,0.0,1024.0,475.0,0.0038651315789473,Female,White,True,Female_White,0.0
12195,51--Dresses/51_Dresses_wearingdress_51_217.jpg,109.0,42.0,151.0,102.0,0.0,0.0,0.0,0.0,0.0,0.0,1024.0,475.0,0.0051809210526315,Female,White,True,Female_White,0.0
12196,51--Dresses/51_Dresses_wearingdress_51_466.jpg,773.0,30.0,822.0,93.0,0.0,0.0,0.0,0.0,0.0,0.0,1024.0,792.0,0.0038063742897727,Female,White,True,Female_White,0.0
12197,51--Dresses/51_Dresses_wearingdress_51_466.jpg,232.0,56.0,295.0,139.0,0.0,0.0,0.0,0.0,0.0,0.0,1024.0,792.0,0.0064475319602272,Female,White,True,Female_White,0.0
12206,51--Dresses/51_Dresses_wearingdress_51_244.jpg,250.0,74.0,392.0,266.0,0.0,0.0,0.0,0.0,0.0,0.0,1024.0,1024.0,0.0260009765625,Female,White,True,Female_White,0.0
12207,51--Dresses/51_Dresses_wearingdress_51_244.jpg,766.0,70.0,878.0,222.0,0.0,0.0,0.0,0.0,0.0,0.0,1024.0,1024.0,0.0162353515625,Female,White,True,Female_White,0.0
12208,51--Dresses/51_Dresses_wearingdress_51_244.jpg,800.0,626.0,902.0,744.0,0.0,0.0,0.0,0.0,0.0,0.0,1024.0,1024.0,0.0114784240722656,Female,White,True,Female_White,0.0
12210,51--Dresses/51_Dresses_wearingdress_51_796.jpg,98.0,48.0,162.0,144.0,0.0,1.0,0.0,0.0,0.0,0.0,1024.0,721.0,0.0083217753120665,Female,White,True,Female_White,0.0
12211,51--Dresses/51_Dresses_wearingdress_51_796.jpg,392.0,50.0,454.0,144.0,0.0,1.0,0.0,0.0,0.0,0.0,1024.0,721.0,0.0078937673370319,Female,White,True,Female_White,0.0
12212,51--Dresses/51_Dresses_wearingdress_51_796.jpg,828.0,66.0,910.0,184.0,0.0,1.0,0.0,0.0,0.0,0.0,1024.0,721.0,0.013105712552011,Female,White,True,Female_White,0.0
12236,51--Dresses/51_Dresses_wearingdress_51_634.jpg,881.0,22.0,921.0,82.0,1.0,0.0,0.0,0.0,0.0,0.0,1024.0,659.0,0.0035565250379362,Female,White,True,Female_White,0.0
12237,51--Dresses/51_Dresses_wearingdress_51_634.jpg,581.0,66.0,629.0,128.0,1.0,0.0,0.0,0.0,0.0,0.0,1024.0,659.0,0.0044100910470409,Female,Asian,True,Female_Asian,0.0
12238,51--Dresses/51_Dresses_wearingdress_51_634.jpg,353.0,69.0,404.0,115.0,1.0,0.0,0.0,0.0,0.0,1.0,1024.0,659.0,0.0034765032245827,Female,White,True,Female_White,0.0
12239,51--Dresses/51_Dresses_wearingdress_51_634.jpg,72.0,10.0,120.0,71.0,1.0,0.0,0.0,0.0,0.0,0.0,1024.0,659.0,0.0043389605462822,Female,White,True,Female_White,0.0
12241,51--Dresses/51_Dresses_wearingdress_51_505.jpg,182.0,24.0,262.0,136.0,0.0,0.0,0.0,0.0,0.0,0.0,1024.0,1000.0,0.00875,Female,White,True,Female_White,0.0
12242,51--Dresses/51_Dresses_wearingdress_51_505.jpg,474.0,36.0,558.0,156.0,0.0,0.0,0.0,0.0,0.0,0.0,1024.0,1000.0,0.00984375,Female,White,True,Female_White,0.0
12243,51--Dresses/51_Dresses_wearingdress_51_505.jpg,818.0,52.0,898.0,172.0,0.0,0.0,0.0,0.0,0.0,0.0,1024.0,1000.0,0.009375,Female,White,True,Female_White,0.0
12246,51--Dresses/51_Dresses_wearingdress_51_257.jpg,197.0,69.0,322.0,221.0,0.0,0.0,0.0,0.0,0.0,0.0,1024.0,1363.0,0.013613123624358,Female,White,True,Female_White,0.0
12247,51--Dresses/51_Dresses_wearingdress_51_257.jpg,702.0,74.0,822.0,271.0,0.0,0.0,1.0,0.0,0.0,0.0,1024.0,1363.0,0.0169375917094644,Female,White,True,Female_White,0.0
12255,51--Dresses/51_Dresses_wearingdress_51_449.jpg,161.0,120.0,261.0,249.0,0.0,0.0,0.0,0.0,0.0,0.0,1024.0,1504.0,0.0083761012300531,Female,White,True,Female_White,0.0
12256,51--Dresses/51_Dresses_wearingdress_51_449.jpg,402.0,135.0,490.0,282.0,0.0,0.0,0.0,0.0,0.0,0.0,1024.0,1504.0,0.0083994763962765,Female,White,True,Female_White,0.0
12257,51--Dresses/51_Dresses_wearingdress_51_449.jpg,763.0,94.0,851.0,217.0,0.0,0.0,0.0,0.0,0.0,0.0,1024.0,1504.0,0.0070281333111702,Female,White,True,Female_White,0.0
12259,51--Dresses/51_Dresses_wearingdress_51_529.jpg,522.0,65.0,661.0,263.0,0.0,0.0,0.0,0.0,0.0,0.0,1024.0,1661.0,0.0161811879139072,Male,White,True,Male_White,0.0
12302,51--Dresses/51_Dresses_wearingdress_51_855.jpg,98.0,16.0,162.0,88.0,1.0,0.0,0.0,0.0,0.0,0.0,1024.0,859.0,0.0052386495925494,Female,White,True,Female_White,0.0
12303,51--Dresses/51_Dresses_wearingdress_51_855.jpg,342.0,42.0,404.0,118.0,1.0,0.0,0.0,0.0,0.0,0.0,1024.0,859.0,0.0053568830034924,Female,White,True,Female_White,0.0
12304,51--Dresses/51_Dresses_wearingdress_51_855.jpg,622.0,44.0,688.0,132.0,1.0,0.0,0.0,0.0,0.0,0.0,1024.0,859.0,0.0066028812572759,Female,White,True,Female_White,0.0
12305,51--Dresses/51_Dresses_wearingdress_51_855.jpg,900.0,42.0,960.0,138.0,1.0,0.0,0.0,0.0,0.0,0.0,1024.0,859.0,0.0065483119906868,Female,White,True,Female_White,0.0
12339,51--Dresses/51_Dresses_wearingdress_51_500.jpg,873.0,336.0,915.0,383.0,1.0,0.0,0.0,0.0,0.0,0.0,1024.0,584.0,0.0033009150256849,Female,White,True,Female_White,0.0
12340,51--Dresses/51_Dresses_wearingdress_51_500.jpg,580.0,82.0,626.0,141.0,1.0,0.0,0.0,0.0,0.0,0.0,1024.0,584.0,0.0045383401113013,Female,White,True,Female_White,0.0
12341,51--Dresses/51_Dresses_wearingdress_51_500.jpg,184.0,141.0,215.0,180.0,1.0,0.0,0.0,0.0,0.0,0.0,1024.0,584.0,0.0020216850385273,Female,White,True,Female_White,0.0
12378,51--Dresses/51_Dresses_wearingdress_51_439.jpg,301.0,204.0,622.0,608.0,0.0,0.0,0.0,0.0,0.0,0.0,1024.0,1470.0,0.0861527423469387,Male,White,True,Male_White,3.0
12386,52--Photographers/52_Photographers_photographertakingphoto_52_660.jpg,441.0,71.0,635.0,367.0,0.0,0.0,0.0,0.0,0.0,0.0,1024.0,1032.0,0.0543392684108527,Male,White,True,Male_White,1.0
12393,52--Photographers/52_Photographers_photographertakingphoto_52_789.jpg,345.0,252.0,687.0,699.0,0.0,0.0,0.0,0.0,0.0,0.0,1024.0,1536.0,0.0971946716308593,Male,White,True,Male_White,3.0
12403,52--Photographers/52_Photographers_photographertakingphoto_52_431.jpg,248.0,245.0,659.0,729.0,0.0,0.0,0.0,0.0,0.0,0.0,1024.0,1134.0,0.1713066302910053,Male,White,True,Male_White,6.0
12406,52--Photographers/52_Photographers_photographertakingphoto_52_190.jpg,510.0,94.0,562.0,188.0,1.0,0.0,0.0,0.0,0.0,0.0,1024.0,684.0,0.0069787097953216,Male,White,True,Male_White,0.0
12407,52--Photographers/52_Photographers_photographertakingphoto_52_22.jpg,32.0,12.0,512.0,568.0,0.0,0.0,1.0,0.0,0.0,1.0,1024.0,751.0,0.3470372836218375,Male,White,True,Male_White,13.0
12412,52--Photographers/52_Photographers_photographertakingphoto_52_644.jpg,303.0,259.0,740.0,910.0,0.0,0.0,0.0,0.0,0.0,0.0,1024.0,1265.0,0.2196200284090909,Male,White,True,Male_White,8.0
12413,52--Photographers/52_Photographers_photographertakingphoto_52_590.jpg,790.0,144.0,926.0,322.0,1.0,0.0,0.0,0.0,1.0,0.0,1024.0,636.0,0.0371707940251572,Male,White,True,Male_White,1.0
12424,52--Photographers/52_Photographers_photographertakingphoto_52_153.jpg,369.0,125.0,584.0,447.0,0.0,0.0,0.0,0.0,1.0,0.0,1024.0,1052.0,0.0642656101473384,Male,White,True,Male_White,2.0
12436,52--Photographers/52_Photographers_photographertakingphoto_52_336.jpg,401.0,221.0,428.0,272.0,1.0,0.0,0.0,0.0,0.0,0.0,1024.0,684.0,0.0019659745065789,Male,White,True,Male_White,0.0
12439,52--Photographers/52_Photographers_photographertakingphoto_52_229.jpg,646.0,312.0,675.0,360.0,1.0,0.0,0.0,0.0,0.0,0.0,1024.0,672.0,0.0020228794642857,Male,White,True,Male_White,0.0
12454,52--Photographers/52_Photographers_photographertakingphoto_52_6.jpg,636.0,172.0,694.0,256.0,1.0,0.0,0.0,0.0,1.0,1.0,1024.0,754.0,0.0063100961538461,Male,Asian,True,Male_Asian,0.0
12455,52--Photographers/52_Photographers_photographertakingphoto_52_551.jpg,350.0,88.0,548.0,388.0,0.0,0.0,0.0,0.0,0.0,0.0,1024.0,576.0,0.1007080078125,Male,White,True,Male_White,3.0
12458,52--Photographers/52_Photographers_photographertakingphoto_52_685.jpg,80.0,118.0,272.0,420.0,0.0,0.0,0.0,0.0,0.0,0.0,1024.0,683.0,0.0829062957540263,Male,White,True,Male_White,3.0
12467,52--Photographers/52_Photographers_photographertakingphoto_52_462.jpg,306.0,276.0,374.0,354.0,1.0,0.0,0.0,0.0,0.0,0.0,1024.0,843.0,0.0061443505338078,Male,White,True,Male_White,0.0
12470,52--Photographers/52_Photographers_photographertakingphoto_52_628.jpg,195.0,219.0,473.0,476.0,1.0,0.0,0.0,0.0,0.0,1.0,1024.0,1535.0,0.0454537357491856,Male,Asian,True,Male_Asian,1.0
12471,52--Photographers/52_Photographers_taketouristphotos_52_59.jpg,576.0,166.0,668.0,286.0,1.0,0.0,0.0,0.0,0.0,0.0,1024.0,684.0,0.0157620614035087,Male,White,True,Male_White,0.0
12474,52--Photographers/52_Photographers_photographertakingphoto_52_786.jpg,162.0,289.0,761.0,992.0,0.0,0.0,0.0,0.0,0.0,0.0,1024.0,1482.0,0.2774814703525641,Male,White,True,Male_White,10.0
12487,52--Photographers/52_Photographers_taketouristphotos_52_306.jpg,279.0,372.0,711.0,928.0,0.0,0.0,0.0,0.0,0.0,0.0,1024.0,1539.0,0.1524122807017544,Male,White,True,Male_White,5.0
12488,52--Photographers/52_Photographers_photographertakingphoto_52_64.jpg,369.0,254.0,525.0,445.0,0.0,0.0,0.0,0.0,1.0,0.0,1024.0,1397.0,0.0208286730493915,Male,White,True,Male_White,0.0
12494,52--Photographers/52_Photographers_photographertakingphoto_52_782.jpg,688.0,64.0,818.0,226.0,1.0,0.0,0.0,0.0,1.0,0.0,1024.0,717.0,0.0286839696652719,Male,White,True,Male_White,1.0
12497,52--Photographers/52_Photographers_photographertakingphoto_52_720.jpg,382.0,294.0,621.0,598.0,0.0,0.0,0.0,0.0,0.0,0.0,1024.0,1289.0,0.0550450930954228,Male,White,True,Male_White,2.0
12500,52--Photographers/52_Photographers_photographertakingphoto_52_246.jpg,457.0,263.0,496.0,313.0,1.0,0.0,0.0,0.0,0.0,0.0,1024.0,639.0,0.0029801203051643,Male,White,True,Male_White,0.0
12504,52--Photographers/52_Photographers_photographertakingphoto_52_473.jpg,397.0,329.0,519.0,476.0,0.0,0.0,0.0,0.0,0.0,0.0,1024.0,1392.0,0.0125816608297413,Male,White,True,Male_White,0.0
12506,52--Photographers/52_Photographers_photographertakingphoto_52_804.jpg,305.0,145.0,716.0,722.0,0.0,0.0,0.0,0.0,0.0,0.0,1024.0,1324.0,0.174916062830438,Male,White,True,Male_White,6.0
12523,52--Photographers/52_Photographers_photographertakingphoto_52_491.jpg,44.0,164.0,280.0,462.0,0.0,0.0,0.0,0.0,0.0,0.0,1024.0,474.0,0.144893855485232,Male,White,True,Male_White,5.0
12526,52--Photographers/52_Photographers_photographertakingphoto_52_363.jpg,286.0,112.0,586.0,506.0,0.0,0.0,0.0,0.0,0.0,0.0,1024.0,859.0,0.1343768189755529,Male,White,True,Male_White,5.0
12534,52--Photographers/52_Photographers_photographertakingphoto_52_514.jpg,232.0,312.0,808.0,953.0,0.0,0.0,0.0,0.0,0.0,0.0,1024.0,1519.0,0.2373683344305464,Male,White,True,Male_White,8.0
12537,52--Photographers/52_Photographers_photographertakingphoto_52_63.jpg,689.0,189.0,732.0,233.0,1.0,0.0,0.0,0.0,0.0,1.0,1024.0,754.0,0.0024504724801061,Male,Asian,True,Male_Asian,0.0
12548,52--Photographers/52_Photographers_photographertakingphoto_52_9.jpg,26.0,60.0,352.0,488.0,1.0,0.0,0.0,0.0,1.0,0.0,1024.0,751.0,0.1814351697736351,Male,White,True,Male_White,6.0
12552,52--Photographers/52_Photographers_taketouristphotos_52_87.jpg,948.0,156.0,1018.0,268.0,1.0,0.0,0.0,0.0,0.0,0.0,1024.0,768.0,0.0099690755208333,Male,White,True,Male_White,0.0
12553,52--Photographers/52_Photographers_photographertakingphoto_52_391.jpg,688.0,190.0,812.0,364.0,0.0,0.0,0.0,0.0,0.0,0.0,1024.0,662.0,0.0318282666163142,Male,White,True,Male_White,1.0
12560,52--Photographers/52_Photographers_photographertakingphoto_52_394.jpg,440.0,206.0,626.0,516.0,0.0,0.0,0.0,0.0,1.0,0.0,1024.0,1024.0,0.0549888610839843,Male,White,True,Male_White,2.0
12566,52--Photographers/52_Photographers_photographertakingphoto_52_787.jpg,506.0,117.0,717.0,430.0,0.0,0.0,0.0,0.0,0.0,0.0,1024.0,1540.0,0.0418799462256493,Male,White,True,Male_White,1.0
12574,52--Photographers/52_Photographers_photographertakingphoto_52_205.jpg,512.0,232.0,666.0,478.0,0.0,1.0,0.0,0.0,0.0,0.0,1024.0,683.0,0.0541670479502196,Male,Asian,True,Male_Asian,1.0
12582,52--Photographers/52_Photographers_photographertakingphoto_52_355.jpg,213.0,139.0,520.0,518.0,0.0,0.0,0.0,0.0,0.0,0.0,1024.0,1366.0,0.083181534818814,Male,White,True,Male_White,3.0
12586,52--Photographers/52_Photographers_photographertakingphoto_52_619.jpg,303.0,269.0,818.0,801.0,0.0,0.0,0.0,0.0,0.0,0.0,1024.0,1450.0,0.1845231681034482,Male,White,True,Male_White,6.0
12593,52--Photographers/52_Photographers_photographertakingphoto_52_8.jpg,538.0,473.0,614.0,573.0,1.0,0.0,0.0,0.0,1.0,1.0,1024.0,1393.0,0.0053279791816223,Male,Asian,True,Male_Asian,0.0
12597,52--Photographers/52_Photographers_photographertakingphoto_52_437.jpg,238.0,90.0,320.0,216.0,1.0,0.0,0.0,0.0,0.0,0.0,1024.0,668.0,0.015104556511976,Male,White,True,Male_White,0.0
12603,53--Raid/53_Raid_policeraid_53_657.jpg,398.0,66.0,456.0,122.0,0.0,0.0,0.0,0.0,0.0,0.0,1024.0,660.0,0.0048058712121212,Male,White,True,Male_White,0.0
12607,53--Raid/53_Raid_policeraid_53_909.jpg,400.0,159.0,609.0,446.0,0.0,0.0,0.0,0.0,0.0,0.0,1024.0,1288.0,0.0454791525135869,Male,White,True,Male_White,1.0
12611,53--Raid/53_Raid_policeraid_53_515.jpg,381.0,75.0,570.0,387.0,0.0,0.0,0.0,0.0,0.0,0.0,1024.0,1536.0,0.0374908447265625,Male,White,True,Male_White,1.0
12612,53--Raid/53_Raid_policeraid_53_662.jpg,527.0,122.0,565.0,171.0,1.0,0.0,0.0,0.0,0.0,0.0,1024.0,660.0,0.0027550899621212,Male,White,True,Male_White,0.0
12613,53--Raid/53_Raid_policeraid_53_740.jpg,348.0,58.0,468.0,244.0,0.0,0.0,0.0,0.0,0.0,0.0,1024.0,683.0,0.0319134333821376,Male,White,True,Male_White,1.0
12618,53--Raid/53_Raid_policeraid_53_370.jpg,300.0,42.0,442.0,212.0,0.0,0.0,0.0,0.0,0.0,1.0,1024.0,577.0,0.0408565316291161,Male,White,True,Male_White,1.0
12622,53--Raid/53_Raid_policeraid_53_984.jpg,364.0,106.0,590.0,464.0,0.0,0.0,0.0,0.0,0.0,0.0,1024.0,623.0,0.1268245886837881,Male,Indian,True,Male_Indian,4.0
12628,53--Raid/53_Raid_policeraid_53_964.jpg,472.0,72.0,556.0,188.0,1.0,0.0,1.0,0.0,0.0,0.0,1024.0,717.0,0.0132714435146443,Male,White,True,Male_White,0.0
12631,53--Raid/53_Raid_policeraid_53_419.jpg,494.0,264.0,582.0,378.0,0.0,0.0,1.0,0.0,0.0,0.0,1024.0,712.0,0.0137596558988764,Male,White,True,Male_White,0.0
12642,53--Raid/53_Raid_policeraid_53_942.jpg,332.0,265.0,562.0,595.0,0.0,0.0,0.0,0.0,0.0,0.0,1024.0,1385.0,0.0535170351985559,Male,White,True,Male_White,1.0
12646,53--Raid/53_Raid_policeraid_53_323.jpg,248.0,146.0,310.0,198.0,1.0,0.0,0.0,0.0,0.0,1.0,1024.0,711.0,0.004428182137834,Male,White,True,Male_White,0.0
12651,53--Raid/53_Raid_policeraid_53_590.jpg,638.0,60.0,756.0,216.0,0.0,0.0,0.0,0.0,0.0,0.0,1024.0,683.0,0.0263200036603221,Male,White,True,Male_White,0.0
12652,53--Raid/53_Raid_policeraid_53_782.jpg,66.0,160.0,164.0,288.0,0.0,0.0,0.0,0.0,0.0,0.0,1024.0,683.0,0.0179355783308931,Female,White,True,Female_White,0.0
12653,53--Raid/53_Raid_policeraid_53_782.jpg,282.0,176.0,346.0,286.0,0.0,0.0,0.0,0.0,0.0,0.0,1024.0,683.0,0.0100658857979502,Female,White,True,Female_White,0.0
12654,53--Raid/53_Raid_policeraid_53_782.jpg,402.0,110.0,480.0,212.0,0.0,0.0,0.0,0.0,0.0,0.0,1024.0,683.0,0.0113755948023426,Female,White,True,Female_White,0.0
12655,53--Raid/53_Raid_policeraid_53_782.jpg,564.0,84.0,630.0,184.0,0.0,0.0,0.0,0.0,0.0,0.0,1024.0,683.0,0.0094367679355783,Female,White,True,Female_White,0.0
12656,53--Raid/53_Raid_policeraid_53_782.jpg,676.0,120.0,756.0,218.0,0.0,0.0,0.0,0.0,0.0,0.0,1024.0,683.0,0.0112097364568081,Female,Asian,True,Female_Asian,0.0
12657,53--Raid/53_Raid_policeraid_53_782.jpg,822.0,202.0,904.0,308.0,0.0,0.0,0.0,0.0,0.0,0.0,1024.0,683.0,0.0124279374084919,Female,White,True,Female_White,0.0
12658,53--Raid/53_Raid_policeraid_53_782.jpg,688.0,240.0,778.0,364.0,0.0,0.0,0.0,0.0,0.0,0.0,1024.0,683.0,0.0159567166910688,Female,White,True,Female_White,0.0
12659,53--Raid/53_Raid_policeraid_53_782.jpg,506.0,248.0,602.0,362.0,0.0,0.0,0.0,0.0,0.0,0.0,1024.0,683.0,0.0156478770131771,Female,White,True,Female_White,0.0
12660,53--Raid/53_Raid_policeraid_53_782.jpg,390.0,326.0,466.0,448.0,0.0,0.0,0.0,0.0,0.0,0.0,1024.0,683.0,0.0132572291361639,Female,White,True,Female_White,0.0
12661,53--Raid/53_Raid_policeraid_53_140.jpg,520.0,308.0,574.0,376.0,1.0,0.0,0.0,0.0,0.0,0.0,1024.0,679.0,0.0052812039764359,Male,White,True,Male_White,0.0
12665,53--Raid/53_Raid_policeraid_53_265.jpg,350.0,126.0,646.0,546.0,0.0,0.0,0.0,0.0,0.0,0.0,1024.0,747.0,0.1625251004016064,Male,White,True,Male_White,6.0
12666,53--Raid/53_Raid_policeraid_53_607.jpg,414.0,160.0,517.0,294.0,1.0,0.0,0.0,0.0,0.0,0.0,1024.0,1461.0,0.0092255411533196,Male,White,True,Male_White,0.0
12679,53--Raid/53_Raid_policeraid_53_425.jpg,811.0,169.0,850.0,215.0,1.0,0.0,0.0,0.0,0.0,0.0,1024.0,684.0,0.0025613349780701,Male,White,True,Male_White,0.0
12680,53--Raid/53_Raid_policeraid_53_907.jpg,764.0,100.0,900.0,302.0,0.0,0.0,0.0,0.0,0.0,0.0,1024.0,685.0,0.0391651459854014,Male,White,True,Male_White,1.0
12681,53--Raid/53_Raid_policeraid_53_609.jpg,94.0,144.0,188.0,284.0,0.0,0.0,0.0,0.0,0.0,1.0,1024.0,666.0,0.0192966403903903,Male,White,True,Male_White,0.0
12682,53--Raid/53_Raid_policeraid_53_845.jpg,318.0,140.0,756.0,762.0,1.0,0.0,0.0,0.0,0.0,0.0,1024.0,845.0,0.3148529955621302,Male,Black,True,Male_Black,11.0
12683,53--Raid/53_Raid_policeraid_53_947.jpg,545.0,89.0,575.0,141.0,1.0,0.0,0.0,0.0,0.0,0.0,1024.0,661.0,0.0023047465960665,Male,White,True,Male_White,0.0
12708,53--Raid/53_Raid_policeraid_53_778.jpg,339.0,489.0,579.0,786.0,0.0,0.0,0.0,0.0,0.0,0.0,1024.0,1536.0,0.045318603515625,Male,White,True,Male_White,1.0
12713,53--Raid/53_Raid_policeraid_53_955.jpg,466.0,180.0,564.0,332.0,0.0,0.0,0.0,0.0,0.0,0.0,1024.0,577.0,0.0252112218370883,Male,White,True,Male_White,0.0
12730,54--Rescue/54_Rescue_rescuepeople_54_847.jpg,304.0,20.0,448.0,210.0,0.0,0.0,1.0,0.0,0.0,0.0,1024.0,768.0,0.0347900390625,Male,White,True,Male_White,1.0
12741,54--Rescue/54_Rescue_firemanrescue_54_511.jpg,497.0,221.0,694.0,476.0,0.0,0.0,0.0,0.0,0.0,0.0,1024.0,1743.0,0.0281455061316695,Male,White,True,Male_White,1.0
12745,54--Rescue/54_Rescue_firemanrescue_54_536.jpg,606.0,130.0,660.0,230.0,1.0,0.0,0.0,0.0,0.0,0.0,1024.0,862.0,0.0061176769141531,Male,White,True,Male_White,0.0
12756,54--Rescue/54_Rescue_firemanrescue_54_115.jpg,8.0,254.0,288.0,612.0,0.0,0.0,0.0,0.0,0.0,0.0,1024.0,1024.0,0.0955963134765625,Male,White,True,Male_White,3.0
12761,54--Rescue/54_Rescue_firemanrescue_54_184.jpg,174.0,0.0,635.0,350.0,0.0,0.0,0.0,0.0,0.0,1.0,1024.0,1059.0,0.1487897633380547,Male,White,True,Male_White,5.0
12762,54--Rescue/54_Rescue_firemanrescue_54_265.jpg,447.0,221.0,586.0,360.0,0.0,0.0,0.0,0.0,0.0,0.0,1024.0,1231.0,0.0153275093927701,Male,White,True,Male_White,0.0
12763,54--Rescue/54_Rescue_rescuepeople_54_719.jpg,388.0,220.0,562.0,458.0,0.0,0.0,0.0,0.0,0.0,0.0,1024.0,1024.0,0.0394935607910156,Male,White,True,Male_White,1.0
12774,54--Rescue/54_Rescue_firemanrescue_54_613.jpg,324.0,501.0,831.0,1123.0,0.0,0.0,0.0,0.0,0.0,0.0,1024.0,1540.0,0.1999759030032467,Male,White,True,Male_White,7.0
12775,54--Rescue/54_Rescue_firemanrescue_54_436.jpg,594.0,120.0,830.0,412.0,0.0,0.0,0.0,0.0,0.0,0.0,1024.0,768.0,0.0876261393229166,Male,White,True,Male_White,3.0
12783,54--Rescue/54_Rescue_rescuepeople_54_104.jpg,454.0,72.0,718.0,434.0,0.0,0.0,0.0,0.0,0.0,0.0,1024.0,590.0,0.1581832627118644,Male,White,True,Male_White,5.0
12784,54--Rescue/54_Rescue_firemanrescue_54_804.jpg,502.0,699.0,571.0,789.0,1.0,0.0,1.0,0.0,0.0,0.0,1024.0,1531.0,0.0039611058948399,Male,White,True,Male_White,0.0
12793,54--Rescue/54_Rescue_rescuepeople_54_662.jpg,636.0,135.0,696.0,226.0,1.0,0.0,0.0,0.0,0.0,0.0,1024.0,1333.0,0.0040000234433608,Female,White,True,Female_White,0.0
12794,54--Rescue/54_Rescue_rescuepeople_54_662.jpg,795.0,109.0,860.0,205.0,1.0,1.0,0.0,0.0,0.0,0.0,1024.0,1333.0,0.0045714553638409,Female,White,True,Female_White,0.0
12795,54--Rescue/54_Rescue_rescuepeople_54_662.jpg,216.0,701.0,305.0,818.0,1.0,1.0,0.0,0.0,0.0,0.0,1024.0,1333.0,0.0076286161384096,Female,White,True,Female_White,0.0
12796,54--Rescue/54_Rescue_rescuepeople_54_662.jpg,422.0,745.0,503.0,854.0,1.0,0.0,0.0,0.0,0.0,0.0,1024.0,1333.0,0.0064681697768192,Male,White,True,Male_White,0.0
12797,54--Rescue/54_Rescue_rescuepeople_54_662.jpg,560.0,766.0,636.0,886.0,1.0,1.0,0.0,0.0,0.0,0.0,1024.0,1333.0,0.0066813578394598,Female,White,True,Female_White,0.0
12798,54--Rescue/54_Rescue_rescuepeople_54_662.jpg,698.0,813.0,781.0,938.0,1.0,0.0,0.0,0.0,0.0,0.0,1024.0,1333.0,0.0076007771474118,Female,White,True,Female_White,0.0
12802,54--Rescue/54_Rescue_firemanrescue_54_228.jpg,586.0,18.0,692.0,150.0,1.0,0.0,0.0,0.0,0.0,0.0,1024.0,577.0,0.0236812175043327,Male,White,True,Male_White,0.0
12847,54--Rescue/54_Rescue_rescuepeople_54_83.jpg,407.0,238.0,493.0,364.0,0.0,0.0,0.0,0.0,0.0,0.0,1024.0,1470.0,0.0071986607142857,Male,White,True,Male_White,0.0
12851,54--Rescue/54_Rescue_firemanrescue_54_176.jpg,510.0,78.0,900.0,540.0,1.0,0.0,0.0,0.0,1.0,0.0,1024.0,959.0,0.1834796989051094,Male,White,True,Male_White,6.0
12852,54--Rescue/54_Rescue_firemanrescue_54_806.jpg,296.0,293.0,619.0,709.0,0.0,0.0,0.0,0.0,0.0,0.0,1024.0,1536.0,0.0854288736979166,Male,White,True,Male_White,3.0
12884,54--Rescue/54_Rescue_rescuepeople_54_957.jpg,272.0,100.0,490.0,410.0,0.0,0.0,0.0,0.0,0.0,0.0,1024.0,554.0,0.1191265230144404,Male,White,True,Male_White,4.0
12885,54--Rescue/54_Rescue_firemanrescue_54_849.jpg,526.0,94.0,666.0,276.0,0.0,0.0,0.0,0.0,0.0,0.0,1024.0,576.0,0.0431993272569444,Male,White,True,Male_White,1.0
12886,54--Rescue/54_Rescue_rescuepeople_54_621.jpg,312.0,76.0,486.0,346.0,0.0,0.0,1.0,0.0,0.0,0.0,1024.0,576.0,0.07965087890625,Male,White,True,Male_White,2.0
12888,54--Rescue/54_Rescue_rescuepeople_54_596.jpg,249.0,467.0,431.0,587.0,1.0,0.0,0.0,0.0,0.0,1.0,1024.0,1227.0,0.0173823349633251,Male,White,True,Male_White,0.0
12889,54--Rescue/54_Rescue_firemanrescue_54_187.jpg,552.0,212.0,654.0,342.0,0.0,0.0,0.0,0.0,0.0,0.0,1024.0,807.0,0.0160461198884758,Male,White,True,Male_White,0.0
12893,54--Rescue/54_Rescue_rescuepeople_54_163.jpg,371.0,125.0,648.0,540.0,0.0,0.0,0.0,0.0,1.0,0.0,1024.0,1418.0,0.0791683654354725,Male,White,True,Male_White,2.0
12894,54--Rescue/54_Rescue_firemanrescue_54_671.jpg,253.0,265.0,552.0,620.0,0.0,0.0,0.0,0.0,0.0,0.0,1024.0,1579.0,0.0656473885766307,Male,White,True,Male_White,2.0
12895,54--Rescue/54_Rescue_firemanrescue_54_315.jpg,410.0,68.0,558.0,246.0,0.0,0.0,0.0,0.0,0.0,0.0,1024.0,832.0,0.0309213491586538,Male,White,True,Male_White,1.0
12896,54--Rescue/54_Rescue_firemanrescue_54_329.jpg,320.0,44.0,470.0,244.0,0.0,0.0,0.0,0.0,0.0,0.0,1024.0,768.0,0.03814697265625,Male,White,True,Male_White,1.0
12907,54--Rescue/54_Rescue_firemanrescue_54_728.jpg,183.0,322.0,474.0,679.0,0.0,0.0,0.0,0.0,0.0,0.0,1024.0,1462.0,0.0693927143895348,Male,White,True,Male_White,2.0
12913,54--Rescue/54_Rescue_firemanrescue_54_556.jpg,816.0,50.0,926.0,198.0,0.0,0.0,0.0,0.0,0.0,0.0,1024.0,400.0,0.03974609375,Male,White,True,Male_White,1.0
12914,54--Rescue/54_Rescue_rescuepeople_54_520.jpg,362.0,152.0,438.0,276.0,0.0,1.0,0.0,0.0,0.0,0.0,1024.0,578.0,0.0159223615916955,Male,White,True,Male_White,0.0
12917,54--Rescue/54_Rescue_firemanrescue_54_569.jpg,338.0,334.0,728.0,768.0,0.0,0.0,0.0,0.0,0.0,0.0,1024.0,947.0,0.1745437895987328,Male,White,True,Male_White,6.0
12928,54--Rescue/54_Rescue_firemanrescue_54_669.jpg,286.0,502.0,734.0,1095.0,0.0,0.0,0.0,0.0,0.0,0.0,1024.0,1260.0,0.2059027777777777,Male,White,True,Male_White,7.0
12929,54--Rescue/54_Rescue_firemanrescue_54_159.jpg,678.0,301.0,777.0,433.0,0.0,0.0,0.0,0.0,0.0,0.0,1024.0,1205.0,0.0105906379668049,Male,White,True,Male_White,0.0
12936,54--Rescue/54_Rescue_firemanrescue_54_734.jpg,942.0,230.0,996.0,312.0,1.0,0.0,0.0,0.0,0.0,0.0,1024.0,1024.0,0.0042228698730468,Male,White,True,Male_White,0.0
12940,54--Rescue/54_Rescue_firemanrescue_54_723.jpg,292.0,80.0,406.0,240.0,1.0,0.0,1.0,0.0,0.0,0.0,1024.0,917.0,0.0194247546346783,Male,White,True,Male_White,0.0
12968,55--Sports_Coach_Trainer/55_Sports_Coach_Trainer_sportcoaching_55_714.jpg,458.0,18.0,608.0,230.0,0.0,1.0,0.0,0.0,0.0,0.0,1024.0,576.0,0.0539143880208333,Male,White,True,Male_White,1.0
12976,55--Sports_Coach_Trainer/55_Sports_Coach_Trainer_sportcoaching_55_797.jpg,326.0,126.0,628.0,558.0,0.0,0.0,0.0,0.0,0.0,0.0,1024.0,1024.0,0.124420166015625,Male,White,True,Male_White,4.0
13008,55--Sports_Coach_Trainer/55_Sports_Coach_Trainer_sportcoaching_55_753.jpg,540.0,38.0,642.0,158.0,0.0,0.0,0.0,0.0,1.0,0.0,1024.0,576.0,0.020751953125,Male,White,True,Male_White,0.0
13018,55--Sports_Coach_Trainer/55_Sports_Coach_Trainer_sportcoaching_55_464.jpg,162.0,34.0,228.0,128.0,0.0,0.0,0.0,0.0,0.0,0.0,1024.0,696.0,0.0087048760775862,Female,White,True,Female_White,0.0
13019,55--Sports_Coach_Trainer/55_Sports_Coach_Trainer_sportcoaching_55_464.jpg,372.0,60.0,430.0,150.0,0.0,0.0,0.0,0.0,0.0,0.0,1024.0,696.0,0.00732421875,Female,White,True,Female_White,0.0
13020,55--Sports_Coach_Trainer/55_Sports_Coach_Trainer_sportcoaching_55_464.jpg,584.0,64.0,652.0,152.0,0.0,0.0,0.0,0.0,0.0,0.0,1024.0,696.0,0.0083961925287356,Female,White,True,Female_White,0.0
13021,55--Sports_Coach_Trainer/55_Sports_Coach_Trainer_sportcoaching_55_464.jpg,790.0,58.0,870.0,140.0,0.0,0.0,0.0,0.0,0.0,1.0,1024.0,696.0,0.009204382183908,Female,White,True,Female_White,0.0
13026,55--Sports_Coach_Trainer/55_Sports_Coach_Trainer_sportcoaching_55_1043.jpg,428.0,56.0,568.0,238.0,0.0,0.0,0.0,0.0,0.0,0.0,1024.0,576.0,0.0431993272569444,Male,White,True,Male_White,1.0
13028,55--Sports_Coach_Trainer/55_Sports_Coach_Trainer_sportcoaching_55_782.jpg,358.0,162.0,682.0,610.0,0.0,0.0,0.0,0.0,0.0,0.0,1024.0,863.0,0.164252607184241,Male,White,True,Male_White,6.0
13036,55--Sports_Coach_Trainer/55_Sports_Coach_Trainer_sportcoaching_55_739.jpg,208.0,62.0,414.0,318.0,0.0,1.0,0.0,0.0,0.0,0.0,1024.0,576.0,0.0894097222222222,Male,White,True,Male_White,3.0
13040,55--Sports_Coach_Trainer/55_Sports_Coach_Trainer_sportcoaching_55_607.jpg,401.0,125.0,643.0,475.0,0.0,0.0,0.0,0.0,0.0,0.0,1024.0,1049.0,0.0788511379885605,Male,White,True,Male_White,2.0
13041,55--Sports_Coach_Trainer/55_Sports_Coach_Trainer_sportcoaching_55_761.jpg,415.0,130.0,787.0,692.0,0.0,0.0,0.0,0.0,0.0,0.0,1024.0,1280.0,0.159503173828125,Male,White,True,Male_White,5.0
13066,55--Sports_Coach_Trainer/55_Sports_Coach_Trainer_sportcoaching_55_290.jpg,500.0,4.0,760.0,324.0,0.0,0.0,1.0,0.0,0.0,0.0,1024.0,1024.0,0.079345703125,Male,White,True,Male_White,2.0
13070,55--Sports_Coach_Trainer/55_Sports_Coach_Trainer_sportcoaching_55_537.jpg,400.0,138.0,474.0,204.0,0.0,0.0,0.0,0.0,0.0,1.0,1024.0,603.0,0.0079096703980099,Male,White,True,Male_White,0.0
13076,55--Sports_Coach_Trainer/55_Sports_Coach_Trainer_sportcoaching_55_758.jpg,282.0,160.0,356.0,258.0,1.0,0.0,0.0,0.0,0.0,0.0,1024.0,682.0,0.0103842100439882,Female,White,True,Female_White,0.0
13077,55--Sports_Coach_Trainer/55_Sports_Coach_Trainer_sportcoaching_55_758.jpg,442.0,170.0,526.0,284.0,1.0,0.0,0.0,0.0,0.0,0.0,1024.0,682.0,0.0137119684750733,Female,White,True,Female_White,0.0
13078,55--Sports_Coach_Trainer/55_Sports_Coach_Trainer_sportcoaching_55_758.jpg,706.0,200.0,826.0,356.0,1.0,0.0,0.0,0.0,0.0,0.0,1024.0,682.0,0.0268053519061583,Female,White,True,Female_White,0.0
13080,55--Sports_Coach_Trainer/55_Sports_Coach_Trainer_sportcoaching_55_771.jpg,460.0,92.0,678.0,352.0,0.0,0.0,0.0,0.0,0.0,0.0,1024.0,576.0,0.0960964626736111,Male,White,True,Male_White,3.0
13087,55--Sports_Coach_Trainer/55_Sports_Coach_Trainer_sportcoaching_55_574.jpg,444.0,90.0,610.0,284.0,0.0,0.0,0.0,0.0,0.0,0.0,1024.0,1024.0,0.0307121276855468,Male,White,True,Male_White,1.0
13088,55--Sports_Coach_Trainer/55_Sports_Coach_Trainer_sportcoaching_55_214.jpg,390.0,108.0,632.0,440.0,0.0,0.0,0.0,0.0,0.0,0.0,1024.0,1024.0,0.0766220092773437,Male,White,True,Male_White,2.0
13095,55--Sports_Coach_Trainer/55_Sports_Coach_Trainer_sportcoaching_55_545.jpg,404.0,16.0,580.0,268.0,0.0,0.0,0.0,0.0,0.0,0.0,1024.0,576.0,0.0751953125,Male,White,True,Male_White,2.0
13096,55--Sports_Coach_Trainer/55_Sports_Coach_Trainer_sportcoaching_55_746.jpg,283.0,238.0,804.0,1033.0,0.0,0.0,0.0,0.0,0.0,0.0,1024.0,1543.0,0.2621434249432923,Male,White,True,Male_White,9.0
13100,55--Sports_Coach_Trainer/55_Sports_Coach_Trainer_sportcoaching_55_682.jpg,712.0,280.0,842.0,472.0,0.0,0.0,0.0,0.0,0.0,0.0,1024.0,921.0,0.0264657980456026,Male,White,True,Male_White,0.0
13101,55--Sports_Coach_Trainer/55_Sports_Coach_Trainer_sportcoaching_55_433.jpg,484.0,12.0,568.0,132.0,0.0,0.0,0.0,0.0,0.0,0.0,1024.0,366.0,0.0268954918032786,Male,White,True,Male_White,0.0
13116,55--Sports_Coach_Trainer/55_Sports_Coach_Trainer_sportcoaching_55_448.jpg,452.0,106.0,481.0,144.0,1.0,0.0,0.0,0.0,0.0,0.0,1024.0,535.0,0.0020115362149532,Male,White,True,Male_White,0.0
13118,55--Sports_Coach_Trainer/55_Sports_Coach_Trainer_sportcoaching_55_388.jpg,298.0,228.0,628.0,712.0,0.0,0.0,0.0,0.0,0.0,0.0,1024.0,874.0,0.1784628861556064,Male,White,True,Male_White,6.0
13119,55--Sports_Coach_Trainer/55_Sports_Coach_Trainer_sportcoaching_55_734.jpg,490.0,60.0,548.0,142.0,0.0,0.0,0.0,0.0,0.0,0.0,1024.0,724.0,0.0064150984116022,Male,White,True,Male_White,0.0
13120,55--Sports_Coach_Trainer/55_Sports_Coach_Trainer_sportcoaching_55_713.jpg,474.0,76.0,690.0,396.0,0.0,0.0,1.0,0.0,0.0,0.0,1024.0,576.0,0.1171875,Male,White,True,Male_White,4.0
13122,55--Sports_Coach_Trainer/55_Sports_Coach_Trainer_sportcoaching_55_849.jpg,450.0,166.0,506.0,271.0,1.0,0.0,0.0,0.0,0.0,0.0,1024.0,1372.0,0.0041852678571428,Male,White,True,Male_White,0.0
13123,55--Sports_Coach_Trainer/55_Sports_Coach_Trainer_sportcoaching_55_952.jpg,358.0,354.0,840.0,1063.0,0.0,0.0,0.0,0.0,0.0,0.0,1024.0,1817.0,0.1836700691386901,Male,White,True,Male_White,6.0
13124,55--Sports_Coach_Trainer/55_Sports_Coach_Trainer_sportcoaching_55_715.jpg,376.0,22.0,598.0,314.0,0.0,0.0,0.0,0.0,0.0,0.0,1024.0,576.0,0.1099039713541666,Male,White,True,Male_White,4.0
13130,55--Sports_Coach_Trainer/55_Sports_Coach_Trainer_sportcoaching_55_845.jpg,528.0,64.0,776.0,378.0,0.0,0.0,0.0,0.0,0.0,0.0,1024.0,512.0,0.148529052734375,Male,White,True,Male_White,5.0
13132,55--Sports_Coach_Trainer/55_Sports_Coach_Trainer_sportcoaching_55_461.jpg,256.0,244.0,624.0,434.0,0.0,0.0,0.0,0.0,0.0,1.0,1024.0,1024.0,0.066680908203125,Male,White,True,Male_White,2.0
13155,55--Sports_Coach_Trainer/55_Sports_Coach_Trainer_sportcoaching_55_924.jpg,578.0,88.0,712.0,256.0,0.0,0.0,0.0,0.0,0.0,0.0,1024.0,740.0,0.0297086148648648,Male,White,True,Male_White,1.0
13164,55--Sports_Coach_Trainer/55_Sports_Coach_Trainer_sportcoaching_55_900.jpg,362.0,297.0,657.0,719.0,0.0,0.0,0.0,0.0,0.0,0.0,1024.0,1280.0,0.0949783325195312,Male,White,True,Male_White,3.0
13166,55--Sports_Coach_Trainer/55_Sports_Coach_Trainer_sportcoaching_55_703.jpg,686.0,663.0,817.0,834.0,0.0,0.0,0.0,0.0,0.0,0.0,1024.0,1457.0,0.0150143970916266,Male,White,True,Male_White,0.0
13172,55--Sports_Coach_Trainer/55_Sports_Coach_Trainer_sportcoaching_55_692.jpg,464.0,155.0,510.0,224.0,0.0,0.0,0.0,0.0,0.0,0.0,1024.0,576.0,0.0053812662760416,Male,White,True,Male_White,0.0
13176,55--Sports_Coach_Trainer/55_Sports_Coach_Trainer_sportcoaching_55_800.jpg,317.0,257.0,447.0,408.0,0.0,0.0,0.0,0.0,0.0,0.0,1024.0,1547.0,0.012391675420168,Male,White,True,Male_White,0.0
13181,55--Sports_Coach_Trainer/55_Sports_Coach_Trainer_sportcoaching_55_185.jpg,396.0,116.0,634.0,446.0,0.0,0.0,0.0,0.0,0.0,0.0,1024.0,1024.0,0.0749015808105468,Male,White,True,Male_White,2.0
13184,55--Sports_Coach_Trainer/55_Sports_Coach_Trainer_sportcoaching_55_55.jpg,130.0,84.0,228.0,232.0,0.0,1.0,0.0,0.0,0.0,0.0,1024.0,681.0,0.0207989170337738,Female,White,True,Female_White,0.0
13185,55--Sports_Coach_Trainer/55_Sports_Coach_Trainer_sportcoaching_55_55.jpg,540.0,80.0,634.0,212.0,0.0,0.0,0.0,0.0,0.0,0.0,1024.0,681.0,0.0177932268722466,Female,White,True,Female_White,0.0
13186,55--Sports_Coach_Trainer/55_Sports_Coach_Trainer_sportcoaching_55_55.jpg,646.0,134.0,732.0,272.0,0.0,1.0,0.0,0.0,0.0,0.0,1024.0,681.0,0.0170188601321585,Female,White,True,Female_White,0.0
13187,55--Sports_Coach_Trainer/55_Sports_Coach_Trainer_sportcoaching_55_55.jpg,858.0,56.0,944.0,192.0,0.0,0.0,0.0,0.0,0.0,0.0,1024.0,681.0,0.0167722099853157,Female,White,True,Female_White,0.0
13204,55--Sports_Coach_Trainer/55_Sports_Coach_Trainer_sportcoaching_55_874.jpg,446.0,70.0,644.0,344.0,0.0,0.0,0.0,0.0,0.0,0.0,1024.0,576.0,0.09197998046875,Male,White,True,Male_White,3.0
13225,55--Sports_Coach_Trainer/55_Sports_Coach_Trainer_sportcoaching_55_925.jpg,334.0,98.0,582.0,428.0,0.0,0.0,0.0,0.0,0.0,0.0,1024.0,581.0,0.137559165232358,Male,White,True,Male_White,5.0
13229,55--Sports_Coach_Trainer/55_Sports_Coach_Trainer_sportcoaching_55_621.jpg,142.0,218.0,644.0,950.0,0.0,0.0,1.0,0.0,0.0,0.0,1024.0,958.0,0.3745840944676409,Male,White,True,Male_White,14.0
13232,55--Sports_Coach_Trainer/55_Sports_Coach_Trainer_sportcoaching_55_821.jpg,432.0,232.0,646.0,544.0,0.0,1.0,0.0,0.0,0.0,0.0,1024.0,768.0,0.08489990234375,Male,White,True,Male_White,3.0
13242,55--Sports_Coach_Trainer/55_Sports_Coach_Trainer_sportcoaching_55_372.jpg,412.0,162.0,674.0,520.0,0.0,0.0,0.0,0.0,0.0,0.0,1024.0,681.0,0.1345046347283406,Male,White,True,Male_White,5.0
13252,56--Voter/56_Voter_peoplevoting_56_853.jpg,364.0,156.0,722.0,660.0,0.0,0.0,0.0,0.0,0.0,0.0,1024.0,922.0,0.1911096800433839,Male,White,True,Male_White,7.0
13268,56--Voter/56_Voter_peoplevoting_56_933.jpg,417.0,251.0,703.0,643.0,0.0,1.0,0.0,0.0,0.0,0.0,1024.0,1396.0,0.078427202722063,Male,Black,True,Male_Black,2.0
13269,56--Voter/56_Voter_peoplevoting_56_840.jpg,655.0,132.0,925.0,493.0,0.0,0.0,0.0,0.0,0.0,0.0,1024.0,1412.0,0.0674118603930594,Male,Black,True,Male_Black,2.0
13273,56--Voter/56_Voter_peoplevoting_56_1041.jpg,395.0,330.0,642.0,605.0,0.0,0.0,0.0,0.0,0.0,0.0,1024.0,1280.0,0.0518226623535156,Male,White,True,Male_White,1.0
13274,56--Voter/56_Voter_peoplevoting_56_629.jpg,338.0,158.0,754.0,746.0,0.0,0.0,0.0,0.0,0.0,0.0,1024.0,820.0,0.2913109756097561,Male,White,True,Male_White,10.0
13276,56--Voter/56_Voter_peoplevoting_56_856.jpg,134.0,38.0,538.0,642.0,0.0,0.0,0.0,0.0,0.0,0.0,1024.0,683.0,0.3488973279648609,Male,Indian,True,Male_Indian,13.0
13282,56--Voter/56_Voter_peoplevoting_56_633.jpg,380.0,26.0,518.0,204.0,0.0,0.0,0.0,0.0,0.0,0.0,1024.0,682.0,0.0351734329178885,Male,White,True,Male_White,1.0
13298,56--Voter/56_Voter_peoplevoting_56_804.jpg,76.0,4.0,372.0,346.0,0.0,0.0,0.0,0.0,0.0,0.0,1024.0,575.0,0.1719293478260869,Male,White,True,Male_White,6.0
13299,56--Voter/56_Voter_peoplevoting_56_97.jpg,456.0,290.0,598.0,432.0,0.0,1.0,0.0,0.0,0.0,1.0,1024.0,512.0,0.0384597778320312,Male,White,True,Male_White,1.0
13303,56--Voter/56_Voter_peoplevoting_56_406.jpg,386.0,88.0,666.0,478.0,0.0,0.0,0.0,0.0,0.0,0.0,1024.0,577.0,0.1848191074523396,Male,White,True,Male_White,6.0
13307,56--Voter/56_Voter_peoplevoting_56_512.jpg,644.0,26.0,750.0,184.0,1.0,0.0,0.0,0.0,0.0,0.0,1024.0,641.0,0.0255155518720748,Male,White,True,Male_White,0.0
13316,56--Voter/56_Voter_peoplevoting_56_162.jpg,401.0,178.0,639.0,536.0,0.0,0.0,0.0,0.0,0.0,0.0,1024.0,1541.0,0.0539954777741726,Male,White,True,Male_White,1.0
13321,56--Voter/56_Voter_peoplevoting_56_425.jpg,40.0,1101.0,92.0,1168.0,1.0,0.0,0.0,0.0,0.0,0.0,1024.0,1280.0,0.0026580810546875,Male,White,True,Male_White,0.0
13338,56--Voter/56_Voter_peoplevoting_56_381.jpg,170.0,0.0,516.0,398.0,0.0,0.0,0.0,0.0,0.0,0.0,1024.0,428.0,0.3142067026869158,Male,White,True,Male_White,11.0
13342,56--Voter/56_Voter_peoplevoting_56_886.jpg,56.0,302.0,270.0,616.0,0.0,0.0,0.0,0.0,0.0,0.0,1024.0,902.0,0.0727506582594235,Female,Asian,True,Female_Asian,2.0
13343,56--Voter/56_Voter_peoplevoting_56_886.jpg,274.0,258.0,498.0,594.0,0.0,0.0,0.0,0.0,0.0,0.0,1024.0,902.0,0.0814855875831485,Female,Asian,True,Female_Asian,3.0
13344,56--Voter/56_Voter_peoplevoting_56_886.jpg,496.0,248.0,724.0,590.0,0.0,0.0,0.0,0.0,0.0,0.0,1024.0,902.0,0.0844217710643015,Female,Asian,True,Female_Asian,3.0
13345,56--Voter/56_Voter_peoplevoting_56_886.jpg,750.0,266.0,996.0,586.0,0.0,0.0,0.0,0.0,0.0,0.0,1024.0,902.0,0.0852272727272727,Female,Asian,True,Female_Asian,3.0
13351,56--Voter/56_Voter_peoplevoting_56_1009.jpg,384.0,124.0,686.0,556.0,0.0,0.0,0.0,0.0,0.0,0.0,1024.0,767.0,0.1661098435462842,Male,White,True,Male_White,6.0
13360,56--Voter/56_Voter_peoplevoting_56_373.jpg,212.0,54.0,480.0,444.0,0.0,0.0,0.0,0.0,0.0,0.0,1024.0,555.0,0.1839104729729729,Male,White,True,Male_White,6.0
13361,56--Voter/56_Voter_peoplevoting_56_384.jpg,326.0,68.0,678.0,588.0,0.0,0.0,0.0,0.0,0.0,0.0,1024.0,683.0,0.2617130307467057,Male,White,True,Male_White,9.0
13370,56--Voter/56_Voter_peoplevoting_56_1014.jpg,232.0,204.0,732.0,878.0,0.0,0.0,0.0,0.0,0.0,0.0,1024.0,1099.0,0.2994554708826206,Male,Black,True,Male_Black,11.0
13383,56--Voter/56_Voter_peoplevoting_56_1005.jpg,70.0,114.0,716.0,870.0,0.0,0.0,0.0,0.0,0.0,0.0,1024.0,1716.0,0.2779310533216783,Male,White,True,Male_White,10.0
13384,56--Voter/56_Voter_peoplevoting_56_584.jpg,588.0,148.0,780.0,384.0,1.0,0.0,0.0,0.0,0.0,1.0,1024.0,885.0,0.05,Male,Indian,True,Male_Indian,1.0
13385,56--Voter/56_Voter_peoplevoting_56_605.jpg,507.0,260.0,789.0,658.0,0.0,1.0,0.0,0.0,0.0,0.0,1024.0,1802.0,0.0608243444783573,Male,Black,True,Male_Black,2.0
13390,56--Voter/56_Voter_peoplevoting_56_7.jpg,428.0,318.0,604.0,476.0,0.0,0.0,0.0,0.0,0.0,1.0,1024.0,797.0,0.0340730865746549,Male,White,True,Male_White,1.0
13394,56--Voter/56_Voter_peoplevoting_56_472.jpg,278.0,146.0,394.0,304.0,1.0,0.0,0.0,0.0,0.0,0.0,1024.0,683.0,0.0262056185944363,Male,White,True,Male_White,0.0
13395,56--Voter/56_Voter_peoplevoting_56_581.jpg,444.0,82.0,584.0,238.0,1.0,0.0,0.0,0.0,0.0,0.0,1024.0,683.0,0.0312271229868228,Male,Black,True,Male_Black,1.0
13403,56--Voter/56_Voter_peoplevoting_56_188.jpg,458.0,132.0,744.0,492.0,0.0,0.0,0.0,0.0,0.0,0.0,1024.0,615.0,0.1634908536585365,Male,White,True,Male_White,6.0
13443,56--Voter/56_Voter_peoplevoting_56_226.jpg,438.0,42.0,550.0,210.0,0.0,0.0,0.0,0.0,0.0,0.0,1024.0,579.0,0.0317357512953367,Male,White,True,Male_White,1.0
13456,56--Voter/56_Voter_peoplevoting_56_278.jpg,128.0,10.0,214.0,84.0,1.0,0.0,0.0,0.0,1.0,1.0,1024.0,684.0,0.009086028874269,Male,Black,True,Male_Black,0.0
13457,57--Angler/57_Angler_peoplefishing_57_343.jpg,586.0,114.0,676.0,220.0,1.0,0.0,0.0,0.0,0.0,0.0,1024.0,693.0,0.0134435876623376,Male,White,True,Male_White,0.0
13467,57--Angler/57_Angler_peoplefishing_57_807.jpg,288.0,224.0,364.0,314.0,0.0,0.0,0.0,0.0,0.0,0.0,1024.0,768.0,0.008697509765625,Female,White,True,Female_White,0.0
13468,57--Angler/57_Angler_peoplefishing_57_807.jpg,412.0,232.0,490.0,330.0,0.0,0.0,0.0,0.0,0.0,0.0,1024.0,768.0,0.0097198486328125,Female,White,True,Female_White,0.0
13469,57--Angler/57_Angler_peoplefishing_57_807.jpg,614.0,252.0,672.0,328.0,0.0,0.0,0.0,0.0,0.0,0.0,1024.0,768.0,0.0056050618489583,Female,White,True,Female_White,0.0
13470,57--Angler/57_Angler_peoplefishing_57_807.jpg,676.0,330.0,732.0,398.0,0.0,0.0,0.0,0.0,0.0,0.0,1024.0,768.0,0.0048421223958333,Female,White,True,Female_White,0.0
13474,57--Angler/57_Angler_peoplefishing_57_83.jpg,727.0,213.0,758.0,260.0,0.0,0.0,1.0,0.0,0.0,0.0,1024.0,683.0,0.002083238012445,Male,White,True,Male_White,0.0
13475,57--Angler/57_Angler_peoplefishing_57_782.jpg,770.0,410.0,870.0,552.0,0.0,0.0,0.0,0.0,0.0,0.0,1024.0,898.0,0.01544230233853,Male,White,True,Male_White,0.0
13480,57--Angler/57_Angler_peoplefishing_57_716.jpg,592.0,216.0,702.0,362.0,1.0,0.0,0.0,0.0,0.0,0.0,1024.0,768.0,0.0204213460286458,Male,White,True,Male_White,0.0
13483,57--Angler/57_Angler_peoplefishing_57_380.jpg,446.0,134.0,542.0,276.0,0.0,0.0,0.0,0.0,0.0,0.0,1024.0,768.0,0.017333984375,Male,White,True,Male_White,0.0
13484,57--Angler/57_Angler_peoplefishing_57_616.jpg,802.0,202.0,854.0,272.0,1.0,0.0,0.0,0.0,0.0,0.0,1024.0,788.0,0.0045110247461928,Male,White,True,Male_White,0.0
13488,57--Angler/57_Angler_peoplefishing_57_1020.jpg,489.0,209.0,950.0,1062.0,0.0,0.0,0.0,0.0,0.0,0.0,1024.0,1593.0,0.2410650355069052,Male,White,True,Male_White,9.0
13489,57--Angler/57_Angler_peoplefishing_57_699.jpg,876.0,158.0,960.0,256.0,1.0,0.0,0.0,0.0,0.0,0.0,1024.0,768.0,0.010467529296875,Male,White,True,Male_White,0.0
13491,57--Angler/57_Angler_peoplefishing_57_725.jpg,600.0,76.0,728.0,240.0,0.0,0.0,0.0,0.0,0.0,0.0,1024.0,683.0,0.0300146412884333,Male,White,True,Male_White,1.0
13493,57--Angler/57_Angler_peoplefishing_57_440.jpg,852.0,140.0,922.0,222.0,1.0,0.0,0.0,0.0,1.0,0.0,1024.0,699.0,0.0080192685979971,Male,White,True,Male_White,0.0
13495,57--Angler/57_Angler_peoplefishing_57_45.jpg,348.0,218.0,466.0,342.0,1.0,0.0,0.0,0.0,0.0,0.0,1024.0,768.0,0.0186055501302083,Male,White,True,Male_White,0.0
13522,57--Angler/57_Angler_peoplefishing_57_980.jpg,526.0,122.0,742.0,362.0,0.0,0.0,0.0,0.0,0.0,0.0,1024.0,716.0,0.0707053072625698,Male,White,True,Male_White,2.0
13523,57--Angler/57_Angler_peoplefishing_57_504.jpg,698.0,276.0,772.0,372.0,1.0,0.0,1.0,0.0,0.0,1.0,1024.0,768.0,0.009033203125,Male,Asian,True,Male_Asian,0.0
13531,57--Angler/57_Angler_peoplefishing_57_736.jpg,410.0,81.0,477.0,178.0,1.0,0.0,0.0,0.0,0.0,0.0,1024.0,1179.0,0.0053831040606446,Male,White,True,Male_White,0.0
13533,57--Angler/57_Angler_peoplefishing_57_464.jpg,460.0,210.0,550.0,304.0,1.0,0.0,0.0,0.0,0.0,0.0,1024.0,766.0,0.0107855336161879,Male,White,True,Male_White,0.0
13536,57--Angler/57_Angler_peoplefishing_57_360.jpg,246.0,52.0,304.0,118.0,1.0,0.0,0.0,0.0,0.0,1.0,1024.0,777.0,0.0048111727799227,Male,White,True,Male_White,0.0
13537,57--Angler/57_Angler_peoplefishing_57_163.jpg,340.0,102.0,466.0,244.0,1.0,0.0,0.0,0.0,0.0,0.0,1024.0,992.0,0.0176135647681451,Male,White,True,Male_White,0.0
13538,57--Angler/57_Angler_peoplefishing_57_34.jpg,390.0,62.0,526.0,238.0,0.0,0.0,0.0,0.0,0.0,0.0,1024.0,768.0,0.0304361979166666,Male,White,True,Male_White,1.0
13540,57--Angler/57_Angler_peoplefishing_57_570.jpg,565.0,165.0,690.0,344.0,1.0,0.0,0.0,0.0,0.0,0.0,1024.0,1366.0,0.015996036557467,Male,White,True,Male_White,0.0
13541,57--Angler/57_Angler_peoplefishing_57_596.jpg,240.0,180.0,330.0,284.0,1.0,0.0,0.0,0.0,0.0,0.0,1024.0,684.0,0.0133634868421052,Male,White,True,Male_White,0.0
13543,57--Angler/57_Angler_peoplefishing_57_151.jpg,450.0,315.0,686.0,548.0,0.0,0.0,0.0,0.0,0.0,0.0,1024.0,1440.0,0.0372911241319444,Male,White,True,Male_White,1.0
13549,57--Angler/57_Angler_peoplefishing_57_943.jpg,378.0,88.0,668.0,488.0,0.0,0.0,0.0,0.0,0.0,0.0,1024.0,682.0,0.1661015395894428,Male,Black,True,Male_Black,6.0
13557,57--Angler/57_Angler_peoplefishing_57_501.jpg,483.0,261.0,558.0,370.0,1.0,0.0,0.0,0.0,0.0,0.0,1024.0,1366.0,0.0058443619601024,Male,White,True,Male_White,0.0
13562,57--Angler/57_Angler_peoplefishing_57_922.jpg,410.0,194.0,628.0,438.0,0.0,0.0,0.0,0.0,0.0,0.0,1024.0,920.0,0.0564622961956521,Male,White,True,Male_White,2.0
13567,57--Angler/57_Angler_peoplefishing_57_844.jpg,371.0,400.0,590.0,635.0,0.0,0.0,0.0,0.0,0.0,0.0,1024.0,1366.0,0.0367926713488286,Male,White,True,Male_White,1.0
13575,57--Angler/57_Angler_peoplefishing_57_28.jpg,762.0,134.0,818.0,190.0,1.0,0.0,0.0,0.0,0.0,0.0,1024.0,839.0,0.0036501787842669,Male,White,True,Male_White,0.0
13580,57--Angler/57_Angler_peoplefishing_57_965.jpg,464.0,104.0,558.0,220.0,0.0,0.0,0.0,0.0,0.0,0.0,1024.0,706.0,0.0150827726628895,Male,White,True,Male_White,0.0
13584,57--Angler/57_Angler_peoplefishing_57_929.jpg,470.0,84.0,584.0,214.0,0.0,0.0,0.0,0.0,0.0,0.0,1024.0,768.0,0.0188446044921875,Male,White,True,Male_White,0.0
13585,58--Hockey/58_Hockey_icehockey_puck_58_286.jpg,554.0,551.0,656.0,650.0,0.0,0.0,0.0,0.0,1.0,0.0,1024.0,1543.0,0.0063910098023331,Male,White,True,Male_White,0.0
13590,58--Hockey/58_Hockey_icehockey_puck_58_112.jpg,420.0,184.0,460.0,233.0,0.0,0.0,0.0,0.0,0.0,0.0,1024.0,666.0,0.0028739677177177,Male,White,True,Male_White,0.0
13591,58--Hockey/58_Hockey_icehockey_puck_58_394.jpg,550.0,22.0,620.0,108.0,1.0,0.0,0.0,0.0,0.0,0.0,1024.0,637.0,0.0092290521978021,Female,White,True,Female_White,0.0
13592,58--Hockey/58_Hockey_icehockey_puck_58_394.jpg,686.0,190.0,760.0,282.0,1.0,0.0,0.0,0.0,0.0,0.0,1024.0,637.0,0.0104371075353218,Female,White,True,Female_White,0.0
13593,58--Hockey/58_Hockey_icehockey_puck_58_394.jpg,674.0,228.0,730.0,302.0,1.0,0.0,0.0,0.0,0.0,0.0,1024.0,637.0,0.0063530219780219,Female,White,True,Female_White,0.0
13594,58--Hockey/58_Hockey_icehockey_puck_58_394.jpg,414.0,224.0,490.0,314.0,1.0,0.0,0.0,0.0,0.0,0.0,1024.0,637.0,0.0104861656200941,Female,White,True,Female_White,0.0
13595,58--Hockey/58_Hockey_icehockey_puck_58_394.jpg,230.0,264.0,310.0,352.0,1.0,0.0,0.0,0.0,0.0,0.0,1024.0,637.0,0.0107927786499215,Female,White,True,Female_White,0.0
13599,58--Hockey/58_Hockey_icehockey_puck_58_370.jpg,294.0,52.0,422.0,242.0,0.0,0.0,0.0,0.0,0.0,0.0,1024.0,640.0,0.037109375,Male,White,True,Male_White,1.0
13600,58--Hockey/58_Hockey_icehockey_puck_58_73.jpg,406.0,36.0,488.0,174.0,1.0,0.0,0.0,0.0,0.0,0.0,1024.0,768.0,0.0143890380859375,Male,White,True,Male_White,0.0
13601,58--Hockey/58_Hockey_icehockey_puck_58_283.jpg,577.0,147.0,700.0,348.0,0.0,0.0,0.0,0.0,0.0,0.0,1024.0,1536.0,0.0157184600830078,Male,White,True,Male_White,0.0
13615,58--Hockey/58_Hockey_icehockey_puck_58_763.jpg,461.0,258.0,578.0,437.0,1.0,0.0,0.0,0.0,0.0,0.0,1024.0,1501.0,0.0136256818371085,Male,White,True,Male_White,0.0
13616,58--Hockey/58_Hockey_icehockey_puck_58_747.jpg,112.0,634.0,220.0,768.0,1.0,0.0,1.0,0.0,0.0,0.0,1024.0,768.0,0.018402099609375,Male,White,True,Male_White,0.0
13625,58--Hockey/58_Hockey_icehockey_puck_58_748.jpg,190.0,225.0,603.0,651.0,0.0,0.0,0.0,0.0,0.0,0.0,1024.0,1392.0,0.1234299232219827,Male,White,True,Male_White,4.0
13628,58--Hockey/58_Hockey_icehockey_puck_58_540.jpg,318.0,258.0,514.0,528.0,0.0,0.0,0.0,0.0,0.0,0.0,1024.0,911.0,0.0567285263446761,Male,White,True,Male_White,2.0
13672,58--Hockey/58_Hockey_icehockey_puck_58_901.jpg,262.0,98.0,430.0,268.0,0.0,0.0,0.0,0.0,0.0,0.0,1024.0,768.0,0.03631591796875,Male,White,True,Male_White,1.0
13674,58--Hockey/58_Hockey_icehockey_puck_58_590.jpg,531.0,269.0,790.0,616.0,0.0,0.0,0.0,0.0,0.0,0.0,1024.0,1366.0,0.0642508064147144,Male,White,True,Male_White,2.0
13675,58--Hockey/58_Hockey_icehockey_puck_58_260.jpg,430.0,80.0,486.0,156.0,1.0,0.0,0.0,0.0,0.0,0.0,1024.0,683.0,0.0060852855051244,Male,White,True,Male_White,0.0
13687,58--Hockey/58_Hockey_icehockey_puck_58_406.jpg,440.0,168.0,665.0,511.0,0.0,0.0,0.0,0.0,0.0,0.0,1024.0,1211.0,0.0622346911127167,Male,White,True,Male_White,2.0
13688,58--Hockey/58_Hockey_icehockey_puck_58_9.jpg,650.0,94.0,758.0,228.0,0.0,0.0,0.0,0.0,1.0,0.0,1024.0,1024.0,0.0138015747070312,Male,White,True,Male_White,0.0
13699,58--Hockey/58_Hockey_icehockey_puck_58_736.jpg,553.0,186.0,763.0,477.0,0.0,0.0,0.0,0.0,0.0,0.0,1024.0,1539.0,0.0387769554093567,Male,White,True,Male_White,1.0
13704,58--Hockey/58_Hockey_icehockey_puck_58_732.jpg,717.0,107.0,818.0,246.0,1.0,0.0,0.0,0.0,0.0,0.0,1024.0,1366.0,0.0100365746248169,Male,White,True,Male_White,0.0
13705,58--Hockey/58_Hockey_icehockey_puck_58_890.jpg,566.0,106.0,758.0,356.0,0.0,0.0,0.0,0.0,0.0,0.0,1024.0,768.0,0.06103515625,Male,White,True,Male_White,2.0
13709,58--Hockey/58_Hockey_icehockey_puck_58_420.jpg,475.0,130.0,576.0,265.0,1.0,0.0,0.0,0.0,0.0,0.0,1024.0,1359.0,0.0097979615066225,Male,White,True,Male_White,0.0
13726,58--Hockey/58_Hockey_icehockey_puck_58_596.jpg,722.0,82.0,788.0,168.0,1.0,0.0,0.0,0.0,1.0,0.0,1024.0,577.0,0.0096065316291161,Male,White,True,Male_White,0.0
13729,58--Hockey/58_Hockey_icehockey_puck_58_1033.jpg,383.0,132.0,606.0,469.0,0.0,0.0,0.0,0.0,0.0,0.0,1024.0,1224.0,0.0599588631025326,Male,White,True,Male_White,2.0
13730,58--Hockey/58_Hockey_icehockey_puck_58_223.jpg,312.0,116.0,394.0,222.0,1.0,0.0,0.0,0.0,0.0,0.0,1024.0,811.0,0.0104664380394574,Male,White,True,Male_White,0.0
13733,58--Hockey/58_Hockey_icehockey_puck_58_215.jpg,685.0,74.0,724.0,120.0,1.0,0.0,0.0,0.0,0.0,0.0,1024.0,1147.0,0.0015274220793374,Male,White,True,Male_White,0.0
13734,58--Hockey/58_Hockey_icehockey_puck_58_643.jpg,299.0,160.0,527.0,486.0,0.0,0.0,0.0,0.0,0.0,0.0,1024.0,1391.0,0.0521825575125808,Male,White,True,Male_White,1.0
13735,58--Hockey/58_Hockey_icehockey_puck_58_594.jpg,168.0,470.0,442.0,771.0,0.0,0.0,0.0,0.0,0.0,0.0,1024.0,1392.0,0.0578599250179597,Male,White,True,Male_White,2.0
13737,58--Hockey/58_Hockey_icehockey_puck_58_364.jpg,640.0,18.0,766.0,188.0,0.0,0.0,0.0,0.0,0.0,0.0,1024.0,577.0,0.0362529787694974,Male,White,True,Male_White,1.0
13745,58--Hockey/58_Hockey_icehockey_puck_58_533.jpg,514.0,232.0,612.0,352.0,1.0,0.0,0.0,0.0,0.0,0.0,1024.0,768.0,0.01495361328125,Male,White,True,Male_White,0.0
13770,58--Hockey/58_Hockey_icehockey_puck_58_1030.jpg,914.0,66.0,1002.0,186.0,1.0,0.0,0.0,0.0,0.0,0.0,1024.0,800.0,0.012890625,Female,White,True,Female_White,0.0
13771,58--Hockey/58_Hockey_icehockey_puck_58_1030.jpg,670.0,102.0,768.0,222.0,1.0,0.0,0.0,0.0,0.0,0.0,1024.0,800.0,0.01435546875,Female,White,True,Female_White,0.0
13772,58--Hockey/58_Hockey_icehockey_puck_58_1030.jpg,354.0,112.0,456.0,258.0,1.0,0.0,0.0,0.0,0.0,0.0,1024.0,800.0,0.0181787109375,Female,White,True,Female_White,0.0
13773,58--Hockey/58_Hockey_icehockey_puck_58_1030.jpg,550.0,146.0,640.0,260.0,1.0,0.0,0.0,0.0,0.0,0.0,1024.0,800.0,0.0125244140625,Female,White,True,Female_White,0.0
13774,58--Hockey/58_Hockey_icehockey_puck_58_917.jpg,301.0,200.0,712.0,816.0,0.0,0.0,0.0,0.0,0.0,0.0,1024.0,1366.0,0.1809972090043924,Male,White,True,Male_White,6.0
13776,58--Hockey/58_Hockey_icehockey_puck_58_196.jpg,582.0,24.0,654.0,114.0,1.0,0.0,0.0,0.0,0.0,0.0,1024.0,679.0,0.0093197717231222,Male,White,True,Male_White,0.0
13777,58--Hockey/58_Hockey_icehockey_puck_58_470.jpg,322.0,236.0,442.0,402.0,0.0,0.0,0.0,0.0,0.0,0.0,1024.0,577.0,0.0337142547660311,Male,White,True,Male_White,1.0
13779,59--people--driving--car/59_peopledrivingcar_peopledrivingcar_59_15.jpg,626.0,219.0,657.0,259.0,1.0,0.0,0.0,0.0,0.0,0.0,1024.0,582.0,0.0020806486254295,Male,White,True,Male_White,0.0
13782,59--people--driving--car/59_peopledrivingcar_peopledrivingcar_59_50.jpg,252.0,28.0,418.0,324.0,0.0,1.0,0.0,0.0,0.0,0.0,1024.0,682.0,0.0703583211143695,Male,White,True,Male_White,2.0
13785,59--people--driving--car/59_peopledrivingcar_peopledrivingcar_59_230.jpg,358.0,4.0,462.0,88.0,1.0,0.0,0.0,0.0,0.0,1.0,1024.0,632.0,0.0134988132911392,Male,Asian,True,Male_Asian,0.0
13796,59--people--driving--car/59_peopledrivingcar_peopledrivingcar_59_368.jpg,148.0,154.0,318.0,330.0,1.0,1.0,0.0,0.0,0.0,1.0,1024.0,704.0,0.04150390625,Male,Black,True,Male_Black,1.0
13801,59--people--driving--car/59_peopledrivingcar_peopledrivingcar_59_914.jpg,618.0,148.0,670.0,220.0,1.0,0.0,0.0,0.0,0.0,0.0,1024.0,768.0,0.0047607421875,Male,White,True,Male_White,0.0
13804,59--people--driving--car/59_peopledrivingcar_peopledrivingcar_59_42.jpg,398.0,146.0,638.0,474.0,0.0,0.0,0.0,0.0,0.0,0.0,1024.0,719.0,0.1069193324061196,Male,White,True,Male_White,3.0
13807,59--people--driving--car/59_peopledrivingcar_peopledrivingcar_59_190.jpg,236.0,124.0,444.0,428.0,0.0,0.0,0.0,0.0,0.0,0.0,1024.0,710.0,0.0869718309859154,Male,White,True,Male_White,3.0
13811,59--people--driving--car/59_peopledrivingcar_peopledrivingcar_59_36.jpg,246.0,208.0,364.0,376.0,0.0,0.0,0.0,0.0,0.0,0.0,1024.0,683.0,0.0283446193265007,Male,White,True,Male_White,1.0
13813,59--people--driving--car/59_peopledrivingcar_peopledrivingcar_59_92.jpg,552.0,142.0,636.0,202.0,1.0,0.0,0.0,0.0,1.0,1.0,1024.0,576.0,0.008544921875,Male,White,True,Male_White,0.0
13816,59--people--driving--car/59_peopledrivingcar_peopledrivingcar_59_206.jpg,422.0,169.0,465.0,222.0,1.0,0.0,1.0,0.0,0.0,0.0,1024.0,768.0,0.0028978983561197,Male,White,True,Male_White,0.0
13822,59--people--driving--car/59_peopledrivingcar_peopledrivingcar_59_2.jpg,622.0,126.0,764.0,332.0,0.0,0.0,0.0,0.0,0.0,0.0,1024.0,685.0,0.0417027828467153,Male,White,True,Male_White,1.0
13823,59--people--driving--car/59_peopledrivingcar_peopledrivingcar_59_440.jpg,460.0,172.0,546.0,278.0,1.0,0.0,0.0,0.0,0.0,0.0,1024.0,714.0,0.0124682685574229,Male,White,True,Male_White,0.0
13838,59--people--driving--car/59_peopledrivingcar_peopledrivingcar_59_177.jpg,488.0,156.0,706.0,442.0,0.0,0.0,0.0,0.0,0.0,0.0,1024.0,713.0,0.0853951174614305,Male,White,True,Male_White,3.0
13847,59--people--driving--car/59_peopledrivingcar_peopledrivingcar_59_493.jpg,448.0,130.0,516.0,212.0,1.0,0.0,0.0,0.0,0.0,0.0,1024.0,672.0,0.0081031436011904,Male,White,True,Male_White,0.0
13855,59--people--driving--car/59_peopledrivingcar_peopledrivingcar_59_903.jpg,298.0,135.0,804.0,878.0,0.0,0.0,0.0,0.0,0.0,0.0,1024.0,1211.0,0.3031762876754748,Male,Black,True,Male_Black,11.0
13856,59--people--driving--car/59_peopledrivingcar_peopledrivingcar_59_882.jpg,502.0,122.0,684.0,366.0,0.0,0.0,0.0,0.0,0.0,0.0,1024.0,576.0,0.0752902560763889,Male,White,True,Male_White,2.0
13866,59--people--driving--car/59_peopledrivingcar_peopledrivingcar_59_233.jpg,684.0,182.0,792.0,372.0,0.0,0.0,0.0,0.0,0.0,0.0,1024.0,768.0,0.026092529296875,Male,White,True,Male_White,0.0
13869,59--people--driving--car/59_peopledrivingcar_peopledrivingcar_59_439.jpg,122.0,106.0,198.0,210.0,0.0,0.0,0.0,0.0,0.0,0.0,1024.0,776.0,0.0099468427835051,Male,White,True,Male_White,0.0
13873,59--people--driving--car/59_peopledrivingcar_peopledrivingcar_59_874.jpg,728.0,100.0,844.0,236.0,0.0,0.0,0.0,0.0,0.0,0.0,1024.0,652.0,0.023629217791411,Male,White,True,Male_White,0.0
13874,59--people--driving--car/59_peopledrivingcar_peopledrivingcar_59_955.jpg,596.0,120.0,686.0,268.0,1.0,0.0,0.0,0.0,0.0,0.0,1024.0,669.0,0.0194436659192825,Male,White,True,Male_White,0.0
13877,59--people--driving--car/59_peopledrivingcar_peopledrivingcar_59_115.jpg,366.0,318.0,472.0,454.0,1.0,0.0,0.0,0.0,0.0,1.0,1024.0,714.0,0.0197172619047619,Male,White,True,Male_White,0.0
13889,59--people--driving--car/59_peopledrivingcar_peopledrivingcar_59_908.jpg,175.0,164.0,212.0,215.0,1.0,0.0,0.0,0.0,0.0,0.0,1024.0,712.0,0.0025881649403089,Male,White,True,Male_White,0.0
13895,59--people--driving--car/59_peopledrivingcar_peopledrivingcar_59_416.jpg,722.0,204.0,844.0,368.0,0.0,0.0,0.0,0.0,0.0,0.0,1024.0,661.0,0.0295598524962178,Male,White,True,Male_White,1.0
13898,59--people--driving--car/59_peopledrivingcar_peopledrivingcar_59_56.jpg,592.0,60.0,782.0,358.0,1.0,1.0,0.0,0.0,0.0,0.0,1024.0,678.0,0.0815530512536873,Male,White,True,Male_White,3.0
13905,59--people--driving--car/59_peopledrivingcar_peopledrivingcar_59_529.jpg,666.0,58.0,770.0,216.0,0.0,0.0,0.0,0.0,0.0,0.0,1024.0,478.0,0.0335708682008368,Male,White,True,Male_White,1.0
13913,59--people--driving--car/59_peopledrivingcar_peopledrivingcar_59_83.jpg,182.0,146.0,254.0,288.0,0.0,0.0,0.0,0.0,0.0,0.0,1024.0,683.0,0.0146184114202049,Male,White,True,Male_White,0.0
13917,6--Funeral/6_Funeral_Funeral_6_237.jpg,322.0,384.0,404.0,450.0,1.0,0.0,0.0,0.0,0.0,1.0,1024.0,651.0,0.0081185195852534,Male,Indian,True,Male_Indian,0.0
13918,6--Funeral/6_Funeral_Funeral_6_233.jpg,366.0,396.0,454.0,464.0,1.0,0.0,0.0,0.0,0.0,1.0,1024.0,684.0,0.0085434941520467,Male,Black,True,Male_Black,0.0
13926,6--Funeral/6_Funeral_Funeral_6_417.jpg,360.0,76.0,446.0,204.0,0.0,0.0,0.0,0.0,0.0,0.0,1024.0,683.0,0.0157393850658858,Male,White,True,Male_White,0.0
13986,6--Funeral/6_Funeral_Funeral_6_540.jpg,630.0,54.0,778.0,252.0,0.0,0.0,1.0,0.0,0.0,0.0,1024.0,428.0,0.0668625876168224,Male,White,True,Male_White,2.0
14000,6--Funeral/6_Funeral_Funeral_6_227.jpg,274.0,362.0,390.0,446.0,1.0,0.0,0.0,0.0,0.0,1.0,1024.0,686.0,0.0138711734693877,Male,Indian,True,Male_Indian,0.0
14009,6--Funeral/6_Funeral_Funeral_6_904.jpg,260.0,134.0,352.0,254.0,0.0,0.0,0.0,0.0,0.0,0.0,1024.0,445.0,0.0242275280898876,Female,White,True,Female_White,0.0
14010,6--Funeral/6_Funeral_Funeral_6_904.jpg,452.0,230.0,554.0,368.0,1.0,0.0,0.0,0.0,0.0,0.0,1024.0,445.0,0.0308900983146067,Female,White,True,Female_White,1.0
14011,6--Funeral/6_Funeral_Funeral_6_904.jpg,644.0,172.0,752.0,326.0,0.0,0.0,0.0,0.0,0.0,0.0,1024.0,445.0,0.0364992977528089,Male,White,True,Male_White,1.0
14012,6--Funeral/6_Funeral_Funeral_6_904.jpg,554.0,34.0,652.0,156.0,0.0,0.0,0.0,0.0,0.0,0.0,1024.0,445.0,0.0262377106741573,Female,White,True,Female_White,0.0
14095,6--Funeral/6_Funeral_Funeral_6_1003.jpg,392.0,246.0,642.0,568.0,0.0,0.0,0.0,0.0,0.0,0.0,1024.0,992.0,0.0792472593245967,Male,White,True,Male_White,2.0
14112,61--Street_Battle/61_Street_Battle_streetfight_61_554.jpg,734.0,270.0,822.0,390.0,1.0,0.0,0.0,0.0,0.0,0.0,1024.0,576.0,0.0179036458333333,Male,White,True,Male_White,0.0
14113,61--Street_Battle/61_Street_Battle_streetfight_61_770.jpg,430.0,56.0,716.0,462.0,0.0,0.0,0.0,0.0,0.0,0.0,1024.0,576.0,0.1968655056423611,Male,White,True,Male_White,7.0
14130,61--Street_Battle/61_Street_Battle_streetfight_61_290.jpg,326.0,36.0,374.0,96.0,1.0,0.0,0.0,0.0,0.0,0.0,1024.0,576.0,0.0048828125,Male,White,True,Male_White,0.0
14135,61--Street_Battle/61_Street_Battle_streetfight_61_716.jpg,868.0,246.0,940.0,320.0,0.0,0.0,0.0,0.0,0.0,1.0,1024.0,680.0,0.0076516544117647,Male,White,True,Male_White,0.0
14139,61--Street_Battle/61_Street_Battle_streetfight_61_832.jpg,352.0,54.0,694.0,526.0,0.0,0.0,0.0,0.0,0.0,0.0,1024.0,1024.0,0.1539459228515625,Male,White,True,Male_White,5.0
14140,61--Street_Battle/61_Street_Battle_streetfight_61_868.jpg,288.0,30.0,506.0,320.0,0.0,0.0,0.0,0.0,0.0,0.0,1024.0,606.0,0.1018783518976897,Male,White,True,Male_White,3.0
14147,61--Street_Battle/61_Street_Battle_streetfight_61_729.jpg,303.0,192.0,730.0,778.0,0.0,0.0,0.0,0.0,0.0,0.0,1024.0,1449.0,0.1686386624396135,Male,White,True,Male_White,6.0
14148,61--Street_Battle/61_Street_Battle_streetfight_61_613.jpg,353.0,177.0,718.0,632.0,0.0,0.0,0.0,0.0,0.0,0.0,1024.0,1534.0,0.1057253045550847,Male,White,True,Male_White,3.0
14159,61--Street_Battle/61_Street_Battle_streetfight_61_415.jpg,602.0,176.0,714.0,335.0,1.0,0.0,0.0,0.0,0.0,0.0,1024.0,1434.0,0.0121273535564853,Male,White,True,Male_White,0.0
14167,61--Street_Battle/61_Street_Battle_streetfight_61_570.jpg,430.0,376.0,604.0,596.0,0.0,0.0,0.0,0.0,0.0,0.0,1024.0,1326.0,0.0281921662895927,Male,White,True,Male_White,1.0
14188,61--Street_Battle/61_Street_Battle_streetfight_61_201.jpg,178.0,100.0,362.0,350.0,0.0,0.0,1.0,0.0,0.0,0.0,1024.0,577.0,0.0778542027729636,Male,White,True,Male_White,2.0
14208,61--Street_Battle/61_Street_Battle_streetfight_61_326.jpg,373.0,315.0,568.0,574.0,0.0,0.0,0.0,0.0,0.0,0.0,1024.0,1366.0,0.0361063609535139,Male,White,True,Male_White,1.0
14213,61--Street_Battle/61_Street_Battle_streetfight_61_1036.jpg,906.0,184.0,972.0,284.0,1.0,0.0,0.0,0.0,1.0,0.0,1024.0,640.0,0.01007080078125,Male,White,True,Male_White,0.0
14298,7--Cheering/7_Cheering_Cheering_7_526.jpg,46.0,58.0,124.0,164.0,0.0,0.0,1.0,0.0,0.0,0.0,1024.0,289.0,0.027938473183391,Female,Indian,True,Female_Indian,0.0
14299,7--Cheering/7_Cheering_Cheering_7_526.jpg,184.0,108.0,258.0,196.0,0.0,0.0,1.0,0.0,0.0,0.0,1024.0,289.0,0.0220047577854671,Female,Indian,True,Female_Indian,0.0
14300,7--Cheering/7_Cheering_Cheering_7_526.jpg,274.0,130.0,344.0,236.0,0.0,0.0,0.0,0.0,0.0,0.0,1024.0,289.0,0.0250729887543252,Female,Asian,True,Female_Asian,0.0
14301,7--Cheering/7_Cheering_Cheering_7_526.jpg,352.0,46.0,412.0,140.0,0.0,0.0,1.0,0.0,0.0,0.0,1024.0,289.0,0.0190581747404844,Male,White,True,Male_White,0.0
14302,7--Cheering/7_Cheering_Cheering_7_526.jpg,402.0,138.0,468.0,226.0,0.0,0.0,0.0,0.0,0.0,0.0,1024.0,289.0,0.0196258650519031,Female,Asian,True,Female_Asian,0.0
14303,7--Cheering/7_Cheering_Cheering_7_526.jpg,500.0,68.0,562.0,142.0,0.0,0.0,0.0,0.0,0.0,0.0,1024.0,289.0,0.0155033520761245,Female,White,True,Female_White,0.0
14304,7--Cheering/7_Cheering_Cheering_7_526.jpg,540.0,110.0,610.0,224.0,0.0,0.0,0.0,0.0,0.0,0.0,1024.0,289.0,0.0269652897923875,Female,Indian,True,Female_Indian,0.0
14305,7--Cheering/7_Cheering_Cheering_7_526.jpg,688.0,150.0,776.0,268.0,0.0,1.0,0.0,0.0,0.0,0.0,1024.0,289.0,0.0350886678200692,Female,White,True,Female_White,1.0
14306,7--Cheering/7_Cheering_Cheering_7_526.jpg,732.0,88.0,804.0,182.0,0.0,0.0,1.0,0.0,1.0,0.0,1024.0,289.0,0.0228698096885813,Female,Asian,True,Female_Asian,0.0
14307,7--Cheering/7_Cheering_Cheering_7_526.jpg,772.0,8.0,866.0,104.0,0.0,0.0,0.0,0.0,0.0,1.0,1024.0,289.0,0.030493079584775,Male,White,True,Male_White,1.0
14333,7--Cheering/7_Cheering_Cheering_7_882.jpg,217.0,140.0,265.0,195.0,1.0,0.0,1.0,0.0,0.0,0.0,1024.0,782.0,0.0032968350383631,Female,White,True,Female_White,0.0
14334,7--Cheering/7_Cheering_Cheering_7_882.jpg,340.0,131.0,380.0,175.0,1.0,0.0,1.0,0.0,0.0,0.0,1024.0,782.0,0.0021978900255754,Female,White,True,Female_White,0.0
14335,7--Cheering/7_Cheering_Cheering_7_882.jpg,508.0,150.0,548.0,200.0,1.0,0.0,1.0,0.0,0.0,0.0,1024.0,782.0,0.0024976023017902,Female,White,True,Female_White,0.0
14336,7--Cheering/7_Cheering_Cheering_7_882.jpg,506.0,74.0,542.0,123.0,1.0,0.0,1.0,0.0,0.0,0.0,1024.0,782.0,0.002202885230179,Male,White,True,Male_White,0.0
14337,7--Cheering/7_Cheering_Cheering_7_882.jpg,656.0,139.0,699.0,188.0,1.0,0.0,1.0,0.0,0.0,0.0,1024.0,782.0,0.002631224024936,Female,White,True,Female_White,0.0
14338,7--Cheering/7_Cheering_Cheering_7_882.jpg,774.0,156.0,823.0,209.0,1.0,0.0,1.0,0.0,0.0,0.0,1024.0,782.0,0.0032431365888746,Female,White,True,Female_White,0.0
14364,7--Cheering/7_Cheering_Cheering_7_857.jpg,88.0,79.0,135.0,140.0,1.0,0.0,0.0,0.0,0.0,0.0,1024.0,656.0,0.0042679949504573,Female,White,True,Female_White,0.0
14365,7--Cheering/7_Cheering_Cheering_7_857.jpg,162.0,38.0,208.0,99.0,1.0,0.0,0.0,0.0,0.0,0.0,1024.0,656.0,0.004177186547256,Female,White,True,Female_White,0.0
14366,7--Cheering/7_Cheering_Cheering_7_857.jpg,169.0,190.0,222.0,255.0,1.0,0.0,0.0,0.0,0.0,0.0,1024.0,656.0,0.0051284417873475,Female,White,True,Female_White,0.0
14367,7--Cheering/7_Cheering_Cheering_7_857.jpg,257.0,116.0,303.0,170.0,1.0,0.0,0.0,0.0,0.0,0.0,1024.0,656.0,0.0036978372713414,Female,White,True,Female_White,0.0
14368,7--Cheering/7_Cheering_Cheering_7_857.jpg,277.0,196.0,327.0,258.0,1.0,0.0,0.0,0.0,0.0,0.0,1024.0,656.0,0.004614853277439,Female,White,True,Female_White,0.0
14369,7--Cheering/7_Cheering_Cheering_7_857.jpg,313.0,103.0,352.0,155.0,1.0,0.0,0.0,0.0,0.0,0.0,1024.0,656.0,0.0030190072408536,Female,White,True,Female_White,0.0
14370,7--Cheering/7_Cheering_Cheering_7_857.jpg,356.0,95.0,393.0,141.0,1.0,0.0,0.0,0.0,0.0,0.0,1024.0,656.0,0.0025337033155487,Female,White,True,Female_White,0.0
14371,7--Cheering/7_Cheering_Cheering_7_857.jpg,391.0,157.0,430.0,210.0,1.0,0.0,0.0,0.0,0.0,0.0,1024.0,656.0,0.0030770650724085,Female,White,True,Female_White,0.0
14372,7--Cheering/7_Cheering_Cheering_7_857.jpg,426.0,212.0,475.0,273.0,1.0,0.0,0.0,0.0,0.0,0.0,1024.0,656.0,0.0044496117568597,Female,White,True,Female_White,0.0
14373,7--Cheering/7_Cheering_Cheering_7_857.jpg,415.0,82.0,449.0,125.0,0.0,0.0,0.0,0.0,0.0,0.0,1024.0,656.0,0.0021764243521341,Female,White,True,Female_White,0.0
14374,7--Cheering/7_Cheering_Cheering_7_857.jpg,473.0,112.0,512.0,163.0,1.0,0.0,0.0,0.0,0.0,0.0,1024.0,656.0,0.0029609494092987,Female,White,True,Female_White,0.0
14375,7--Cheering/7_Cheering_Cheering_7_857.jpg,490.0,62.0,520.0,96.0,1.0,0.0,0.0,0.0,0.0,0.0,1024.0,656.0,0.0015184355945121,Male,White,True,Male_White,0.0
14376,7--Cheering/7_Cheering_Cheering_7_857.jpg,508.0,255.0,558.0,315.0,1.0,0.0,0.0,0.0,0.0,0.0,1024.0,656.0,0.0044659870426829,Female,White,True,Female_White,0.0
14377,7--Cheering/7_Cheering_Cheering_7_857.jpg,549.0,103.0,590.0,147.0,1.0,0.0,0.0,0.0,0.0,0.0,1024.0,656.0,0.002685546875,Female,White,True,Female_White,0.0
14378,7--Cheering/7_Cheering_Cheering_7_857.jpg,612.0,47.0,645.0,90.0,1.0,0.0,0.0,0.0,0.0,0.0,1024.0,656.0,0.002112411871189,Male,White,True,Male_White,0.0
14379,7--Cheering/7_Cheering_Cheering_7_857.jpg,642.0,98.0,682.0,145.0,1.0,0.0,0.0,0.0,0.0,0.0,1024.0,656.0,0.0027986852134146,Female,White,True,Female_White,0.0
14380,7--Cheering/7_Cheering_Cheering_7_857.jpg,607.0,240.0,657.0,305.0,0.0,0.0,0.0,0.0,0.0,0.0,1024.0,656.0,0.0048381526295731,Female,White,True,Female_White,0.0
14381,7--Cheering/7_Cheering_Cheering_7_857.jpg,690.0,88.0,732.0,140.0,1.0,0.0,0.0,0.0,0.0,0.0,1024.0,656.0,0.0032512385670731,Female,White,True,Female_White,0.0
14382,7--Cheering/7_Cheering_Cheering_7_857.jpg,739.0,119.0,788.0,174.0,1.0,0.0,0.0,0.0,0.0,0.0,1024.0,656.0,0.0040119450266768,Female,White,True,Female_White,0.0
14383,7--Cheering/7_Cheering_Cheering_7_857.jpg,812.0,106.0,860.0,163.0,1.0,0.0,0.0,0.0,0.0,0.0,1024.0,656.0,0.0040729801829268,Female,White,True,Female_White,0.0
14384,7--Cheering/7_Cheering_Cheering_7_857.jpg,868.0,113.0,916.0,166.0,1.0,0.0,0.0,0.0,0.0,0.0,1024.0,656.0,0.0037871570121951,Female,White,True,Female_White,0.0
14391,7--Cheering/7_Cheering_Cheering_7_702.jpg,312.0,119.0,363.0,188.0,0.0,0.0,0.0,0.0,0.0,0.0,1024.0,768.0,0.0044746398925781,Female,White,True,Female_White,0.0
14392,7--Cheering/7_Cheering_Cheering_7_702.jpg,228.0,411.0,290.0,487.0,0.0,0.0,0.0,0.0,0.0,0.0,1024.0,768.0,0.0059916178385416,Female,White,True,Female_White,0.0
14393,7--Cheering/7_Cheering_Cheering_7_702.jpg,434.0,152.0,487.0,214.0,0.0,0.0,0.0,0.0,0.0,0.0,1024.0,768.0,0.0041783650716145,Female,White,True,Female_White,0.0
14394,7--Cheering/7_Cheering_Cheering_7_702.jpg,500.0,357.0,556.0,432.0,0.0,0.0,0.0,0.0,0.0,0.0,1024.0,768.0,0.005340576171875,Female,White,True,Female_White,0.0
14395,7--Cheering/7_Cheering_Cheering_7_702.jpg,597.0,136.0,647.0,198.0,0.0,0.0,0.0,0.0,0.0,0.0,1024.0,768.0,0.0039418538411458,Female,White,True,Female_White,0.0
14396,7--Cheering/7_Cheering_Cheering_7_702.jpg,749.0,139.0,803.0,209.0,0.0,0.0,0.0,0.0,0.0,0.0,1024.0,768.0,0.0048065185546875,Female,White,True,Female_White,0.0
14443,7--Cheering/7_Cheering_Cheering_7_74.jpg,152.0,141.0,196.0,193.0,0.0,0.0,0.0,0.0,0.0,0.0,1024.0,683.0,0.0032714128843338,Female,White,True,Female_White,0.0
14444,7--Cheering/7_Cheering_Cheering_7_74.jpg,255.0,103.0,298.0,158.0,0.0,0.0,0.0,0.0,0.0,0.0,1024.0,683.0,0.0033815085102489,Female,White,True,Female_White,0.0
14445,7--Cheering/7_Cheering_Cheering_7_74.jpg,364.0,95.0,402.0,145.0,0.0,0.0,0.0,0.0,0.0,0.0,1024.0,683.0,0.0027166453147877,Female,White,True,Female_White,0.0
14446,7--Cheering/7_Cheering_Cheering_7_74.jpg,492.0,70.0,532.0,118.0,0.0,0.0,0.0,0.0,0.0,0.0,1024.0,683.0,0.0027452415812591,Female,White,True,Female_White,0.0
14447,7--Cheering/7_Cheering_Cheering_7_74.jpg,600.0,82.0,642.0,131.0,0.0,0.0,0.0,0.0,0.0,0.0,1024.0,683.0,0.0029425558199121,Female,White,True,Female_White,0.0
14448,7--Cheering/7_Cheering_Cheering_7_74.jpg,707.0,87.0,750.0,146.0,0.0,0.0,0.0,0.0,0.0,0.0,1024.0,683.0,0.0036274364019033,Female,White,True,Female_White,0.0
14449,7--Cheering/7_Cheering_Cheering_7_74.jpg,838.0,109.0,878.0,162.0,0.0,0.0,0.0,0.0,0.0,0.0,1024.0,683.0,0.0030312042459736,Female,White,True,Female_White,0.0
14450,7--Cheering/7_Cheering_Cheering_7_74.jpg,667.0,264.0,705.0,318.0,0.0,0.0,0.0,0.0,0.0,0.0,1024.0,683.0,0.0029339769399707,Female,White,True,Female_White,0.0
14451,7--Cheering/7_Cheering_Cheering_7_74.jpg,577.0,237.0,623.0,288.0,0.0,0.0,0.0,0.0,0.0,0.0,1024.0,683.0,0.003354342057101,Female,White,True,Female_White,0.0
14452,7--Cheering/7_Cheering_Cheering_7_74.jpg,490.0,231.0,531.0,280.0,0.0,0.0,0.0,0.0,0.0,0.0,1024.0,683.0,0.0028724949670571,Female,White,True,Female_White,0.0
14453,7--Cheering/7_Cheering_Cheering_7_74.jpg,373.0,232.0,416.0,290.0,0.0,0.0,0.0,0.0,0.0,0.0,1024.0,683.0,0.0035659544289897,Female,White,True,Female_White,0.0
14454,7--Cheering/7_Cheering_Cheering_7_74.jpg,288.0,265.0,326.0,313.0,0.0,0.0,0.0,0.0,0.0,0.0,1024.0,683.0,0.0026079795021961,Female,White,True,Female_White,0.0
14464,7--Cheering/7_Cheering_Cheering_7_657.jpg,461.0,198.0,568.0,331.0,0.0,0.0,0.0,0.0,0.0,1.0,1024.0,1450.0,0.0095844558189655,Female,White,True,Female_White,0.0
14465,7--Cheering/7_Cheering_Cheering_7_657.jpg,311.0,1117.0,438.0,1219.0,0.0,0.0,0.0,0.0,0.0,1.0,1024.0,1450.0,0.0087244073275862,Female,White,True,Female_White,0.0
14466,7--Cheering/7_Cheering_Cheering_7_657.jpg,659.0,1049.0,738.0,1148.0,0.0,0.0,0.0,0.0,1.0,1.0,1024.0,1450.0,0.0052673760775862,Female,White,True,Female_White,0.0
14467,7--Cheering/7_Cheering_Cheering_7_657.jpg,750.0,1075.0,832.0,1233.0,0.0,0.0,0.0,0.0,0.0,0.0,1024.0,1450.0,0.0087257543103448,Female,White,True,Female_White,0.0
14768,9--Press_Conference/9_Press_Conference_Press_Conference_9_118.jpg,122.0,397.0,157.0,435.0,1.0,0.0,0.0,0.0,0.0,0.0,1024.0,768.0,0.001691182454427,Female,White,True,Female_White,0.0
14769,9--Press_Conference/9_Press_Conference_Press_Conference_9_118.jpg,255.0,383.0,298.0,425.0,1.0,0.0,0.0,0.0,0.0,0.0,1024.0,768.0,0.0022964477539062,Female,White,True,Female_White,0.0
14770,9--Press_Conference/9_Press_Conference_Press_Conference_9_118.jpg,443.0,391.0,487.0,442.0,1.0,0.0,0.0,0.0,0.0,0.0,1024.0,768.0,0.0028533935546875,Female,White,True,Female_White,0.0
14771,9--Press_Conference/9_Press_Conference_Press_Conference_9_118.jpg,610.0,362.0,652.0,417.0,1.0,0.0,0.0,0.0,0.0,0.0,1024.0,768.0,0.0029373168945312,Male,White,True,Male_White,0.0
14772,9--Press_Conference/9_Press_Conference_Press_Conference_9_118.jpg,787.0,378.0,825.0,431.0,1.0,0.0,0.0,0.0,0.0,0.0,1024.0,768.0,0.0025609334309895,Female,White,True,Female_White,0.0
15059,0--Parade/0_Parade_Parade_0_757.jpg,238.0,52.0,442.0,362.0,0.0,0.0,0.0,0.0,0.0,0.0,1024.0,745.0,0.0828963926174496,Male,White,True,Male_White,3.0
15074,1--Handshaking/1_Handshaking_Handshaking_1_362.jpg,104.0,10.0,586.0,518.0,0.0,0.0,1.0,0.0,0.0,0.0,1024.0,551.0,0.4339694872958258,Male,White,True,Male_White,
15094,1--Handshaking/1_Handshaking_Handshaking_1_465.jpg,388.0,172.0,788.0,680.0,0.0,0.0,0.0,0.0,0.0,0.0,1024.0,768.0,0.2583821614583333,Male,Asian,True,Male_Asian,9.0
15102,1--Handshaking/1_Handshaking_Handshaking_1_107.jpg,391.0,177.0,565.0,435.0,0.0,0.0,0.0,0.0,0.0,0.0,1024.0,1392.0,0.031494140625,Male,White,True,Male_White,1.0
15137,10--People_Marching/10_People_Marching_People_Marching_2_934.jpg,446.0,196.0,560.0,348.0,0.0,0.0,1.0,0.0,0.0,0.0,1024.0,1006.0,0.0168209493041749,Male,White,True,Male_White,0.0
15138,10--People_Marching/10_People_Marching_People_Marching_2_433.jpg,614.0,346.0,771.0,568.0,0.0,0.0,0.0,0.0,0.0,0.0,1024.0,1320.0,0.0257856889204545,Male,White,True,Male_White,0.0
15139,10--People_Marching/10_People_Marching_People_Marching_2_433.jpg,245.0,382.0,392.0,570.0,0.0,0.0,0.0,0.0,0.0,0.0,1024.0,1320.0,0.0204456676136363,Female,White,True,Female_White,0.0
15140,10--People_Marching/10_People_Marching_People_Marching_2_433.jpg,353.0,222.0,461.0,390.0,0.0,0.0,0.0,0.0,0.0,0.0,1024.0,1320.0,0.0134232954545454,Female,White,True,Female_White,0.0
15141,10--People_Marching/10_People_Marching_People_Marching_2_433.jpg,498.0,237.0,630.0,399.0,0.0,0.0,0.0,0.0,0.0,0.0,1024.0,1320.0,0.0158203125,Female,White,True,Female_White,0.0
15190,11--Meeting/11_Meeting_Meeting_11_Meeting_Meeting_11_633.jpg,464.0,240.0,650.0,454.0,0.0,0.0,0.0,0.0,0.0,0.0,1024.0,856.0,0.04541015625,Female,White,True,Female_White,1.0
15191,11--Meeting/11_Meeting_Meeting_11_Meeting_Meeting_11_633.jpg,708.0,378.0,856.0,552.0,0.0,0.0,0.0,0.0,0.0,0.0,1024.0,856.0,0.029379015771028,Female,White,True,Female_White,1.0
15192,11--Meeting/11_Meeting_Meeting_11_Meeting_Meeting_11_633.jpg,178.0,494.0,340.0,626.0,0.0,0.0,0.0,0.0,0.0,0.0,1024.0,856.0,0.0243958089953271,Female,White,True,Female_White,0.0
15238,12--Group/12_Group_Group_12_Group_Group_12_101.jpg,166.0,436.0,217.0,510.0,0.0,0.0,1.0,0.0,0.0,0.0,1024.0,763.0,0.0048303366644823,Female,White,True,Female_White,0.0
15239,12--Group/12_Group_Group_12_Group_Group_12_101.jpg,350.0,207.0,401.0,270.0,0.0,0.0,1.0,0.0,0.0,0.0,1024.0,763.0,0.0041123136467889,Female,White,True,Female_White,0.0
15240,12--Group/12_Group_Group_12_Group_Group_12_101.jpg,321.0,140.0,373.0,202.0,0.0,0.0,1.0,0.0,0.0,0.0,1024.0,763.0,0.0041263925294888,Female,White,True,Female_White,0.0
15241,12--Group/12_Group_Group_12_Group_Group_12_101.jpg,479.0,128.0,529.0,187.0,0.0,0.0,1.0,0.0,0.0,0.0,1024.0,763.0,0.0037757003604193,Female,Asian,True,Female_Asian,0.0
15242,12--Group/12_Group_Group_12_Group_Group_12_101.jpg,520.0,186.0,569.0,254.0,0.0,0.0,1.0,0.0,0.0,0.0,1024.0,763.0,0.004264621559633,Female,White,True,Female_White,0.0
15243,12--Group/12_Group_Group_12_Group_Group_12_101.jpg,661.0,133.0,717.0,194.0,0.0,0.0,1.0,0.0,0.0,0.0,1024.0,763.0,0.0043721330275229,Female,Asian,True,Female_Asian,0.0
15244,12--Group/12_Group_Group_12_Group_Group_12_101.jpg,730.0,227.0,781.0,286.0,0.0,0.0,1.0,0.0,0.0,0.0,1024.0,763.0,0.0038512143676277,Female,White,True,Female_White,0.0
15245,12--Group/12_Group_Group_12_Group_Group_12_101.jpg,829.0,140.0,881.0,210.0,0.0,0.0,1.0,0.0,0.0,0.0,1024.0,763.0,0.0046588302752293,Female,White,True,Female_White,0.0
15246,12--Group/12_Group_Group_12_Group_Group_12_198.jpg,174.0,422.0,242.0,510.0,0.0,0.0,1.0,0.0,0.0,0.0,1024.0,1459.0,0.0040053118574366,Female,Asian,True,Female_Asian,0.0
15247,12--Group/12_Group_Group_12_Group_Group_12_198.jpg,351.0,396.0,431.0,493.0,0.0,0.0,1.0,0.0,0.0,0.0,1024.0,1459.0,0.0051940541466758,Female,Asian,True,Female_Asian,0.0
15248,12--Group/12_Group_Group_12_Group_Group_12_198.jpg,491.0,414.0,557.0,500.0,0.0,0.0,1.0,0.0,0.0,0.0,1024.0,1459.0,0.0037991561000685,Female,Asian,True,Female_Asian,0.0
15249,12--Group/12_Group_Group_12_Group_Group_12_198.jpg,667.0,425.0,730.0,513.0,0.0,0.0,1.0,0.0,1.0,0.0,1024.0,1459.0,0.003710803632625,Female,Asian,True,Female_Asian,0.0
15250,12--Group/12_Group_Group_12_Group_Group_12_198.jpg,847.0,411.0,915.0,497.0,0.0,0.0,1.0,0.0,0.0,0.0,1024.0,1459.0,0.0039142820424948,Female,Asian,True,Female_Asian,0.0
15303,12--Group/12_Group_Team_Organized_Group_12_Group_Team_Organized_Group_12_644.jpg,148.0,152.0,358.0,426.0,0.0,0.0,1.0,0.0,0.0,0.0,1024.0,684.0,0.0821511787280701,Male,White,True,Male_White,3.0
15418,12--Group/12_Group_Large_Group_12_Group_Large_Group_12_196.jpg,875.0,86.0,924.0,147.0,0.0,0.0,0.0,0.0,0.0,0.0,1024.0,732.0,0.0039876302083333,Male,White,True,Male_White,0.0
15419,12--Group/12_Group_Large_Group_12_Group_Large_Group_12_196.jpg,805.0,141.0,846.0,199.0,0.0,0.0,0.0,0.0,0.0,0.0,1024.0,732.0,0.003172494023224,Female,White,True,Female_White,0.0
15420,12--Group/12_Group_Large_Group_12_Group_Large_Group_12_196.jpg,615.0,253.0,650.0,299.0,0.0,1.0,0.0,0.0,0.0,0.0,1024.0,732.0,0.0021479038592896,Female,White,True,Female_White,0.0
15421,12--Group/12_Group_Large_Group_12_Group_Large_Group_12_196.jpg,542.0,193.0,577.0,240.0,0.0,0.0,0.0,0.0,0.0,0.0,1024.0,732.0,0.002194597421448,Female,White,True,Female_White,0.0
15422,12--Group/12_Group_Large_Group_12_Group_Large_Group_12_196.jpg,475.0,317.0,507.0,359.0,0.0,0.0,0.0,0.0,0.0,0.0,1024.0,732.0,0.0017930327868852,Female,White,True,Female_White,0.0
15423,12--Group/12_Group_Large_Group_12_Group_Large_Group_12_196.jpg,404.0,280.0,437.0,324.0,0.0,0.0,0.0,0.0,0.0,0.0,1024.0,732.0,0.0019371157786885,Female,White,True,Female_White,0.0
15424,12--Group/12_Group_Large_Group_12_Group_Large_Group_12_196.jpg,309.0,194.0,346.0,241.0,0.0,0.0,0.0,0.0,0.0,0.0,1024.0,732.0,0.0023200029883879,Female,White,True,Female_White,0.0
15425,12--Group/12_Group_Large_Group_12_Group_Large_Group_12_196.jpg,232.0,195.0,268.0,246.0,0.0,0.0,0.0,0.0,0.0,0.0,1024.0,732.0,0.0024494108606557,Female,White,True,Female_White,0.0
15426,12--Group/12_Group_Large_Group_12_Group_Large_Group_12_196.jpg,164.0,192.0,205.0,243.0,0.0,0.0,0.0,0.0,0.0,0.0,1024.0,732.0,0.0027896068135245,Female,White,True,Female_White,0.0
15427,12--Group/12_Group_Large_Group_12_Group_Large_Group_12_196.jpg,102.0,107.0,155.0,176.0,0.0,0.0,0.0,0.0,0.0,0.0,1024.0,732.0,0.0048788101946721,Male,White,True,Male_White,0.0
15428,12--Group/12_Group_Large_Group_12_Group_Large_Group_12_196.jpg,716.0,134.0,761.0,191.0,0.0,0.0,0.0,0.0,0.0,0.0,1024.0,732.0,0.0034219710553278,Male,White,True,Male_White,0.0
15438,12--Group/12_Group_Group_12_Group_Group_12_38.jpg,104.0,77.0,152.0,136.0,1.0,0.0,0.0,0.0,0.0,0.0,1024.0,606.0,0.0045637376237623,Female,Asian,True,Female_Asian,0.0
15439,12--Group/12_Group_Group_12_Group_Group_12_38.jpg,199.0,78.0,246.0,129.0,1.0,0.0,0.0,0.0,0.0,0.0,1024.0,606.0,0.0038627397896039,Female,Asian,True,Female_Asian,0.0
15440,12--Group/12_Group_Group_12_Group_Group_12_38.jpg,272.0,69.0,318.0,128.0,1.0,0.0,0.0,0.0,0.0,0.0,1024.0,606.0,0.0043735818894389,Female,Asian,True,Female_Asian,0.0
15441,12--Group/12_Group_Group_12_Group_Group_12_38.jpg,411.0,88.0,458.0,139.0,1.0,0.0,0.0,0.0,0.0,0.0,1024.0,606.0,0.0038627397896039,Female,Asian,True,Female_Asian,0.0
15442,12--Group/12_Group_Group_12_Group_Group_12_38.jpg,491.0,89.0,533.0,140.0,1.0,0.0,0.0,0.0,0.0,0.0,1024.0,606.0,0.0034518100247524,Female,Asian,True,Female_Asian,0.0
15443,12--Group/12_Group_Group_12_Group_Group_12_38.jpg,572.0,76.0,613.0,127.0,1.0,0.0,0.0,0.0,0.0,0.0,1024.0,606.0,0.0033696240717821,Female,Asian,True,Female_Asian,0.0
15444,12--Group/12_Group_Group_12_Group_Group_12_38.jpg,723.0,68.0,757.0,113.0,0.0,0.0,0.0,0.0,0.0,0.0,1024.0,606.0,0.0024655785891089,Female,Asian,True,Female_Asian,0.0
15445,12--Group/12_Group_Group_12_Group_Group_12_38.jpg,789.0,69.0,835.0,118.0,1.0,0.0,0.0,0.0,0.0,0.0,1024.0,606.0,0.0036322968234323,Female,Asian,True,Female_Asian,0.0
15479,12--Group/12_Group_Group_12_Group_Group_12_144.jpg,220.0,62.0,336.0,224.0,0.0,0.0,0.0,0.0,0.0,0.0,1024.0,683.0,0.0268690519765739,Female,White,True,Female_White,0.0
15480,12--Group/12_Group_Group_12_Group_Group_12_144.jpg,362.0,144.0,472.0,296.0,0.0,0.0,0.0,0.0,0.0,0.0,1024.0,683.0,0.0239064787701317,Female,White,True,Female_White,0.0
15481,12--Group/12_Group_Group_12_Group_Group_12_144.jpg,512.0,110.0,638.0,280.0,0.0,0.0,0.0,0.0,0.0,0.0,1024.0,683.0,0.0306266013909224,Female,White,True,Female_White,1.0
15482,12--Group/12_Group_Group_12_Group_Group_12_144.jpg,708.0,144.0,820.0,300.0,0.0,0.0,0.0,0.0,0.0,0.0,1024.0,683.0,0.0249816983894582,Female,White,True,Female_White,0.0
15532,12--Group/12_Group_Large_Group_12_Group_Large_Group_12_942.jpg,272.0,234.0,793.0,951.0,0.0,0.0,0.0,0.0,0.0,0.0,1024.0,1497.0,0.2436885489729459,Male,White,True,Male_White,9.0
15561,12--Group/12_Group_Large_Group_12_Group_Large_Group_12_461.jpg,130.0,170.0,188.0,243.0,1.0,0.0,0.0,0.0,0.0,0.0,1024.0,768.0,0.005383809407552,Female,White,True,Female_White,0.0
15562,12--Group/12_Group_Large_Group_12_Group_Large_Group_12_461.jpg,222.0,152.0,273.0,220.0,1.0,0.0,0.0,0.0,0.0,0.0,1024.0,768.0,0.0044097900390625,Female,White,True,Female_White,0.0
15563,12--Group/12_Group_Large_Group_12_Group_Large_Group_12_461.jpg,377.0,94.0,433.0,177.0,1.0,0.0,0.0,0.0,0.0,0.0,1024.0,768.0,0.0059102376302083,Male,White,True,Male_White,0.0
15564,12--Group/12_Group_Large_Group_12_Group_Large_Group_12_461.jpg,458.0,120.0,506.0,186.0,1.0,0.0,0.0,0.0,0.0,0.0,1024.0,768.0,0.0040283203125,Female,White,True,Female_White,0.0
15565,12--Group/12_Group_Large_Group_12_Group_Large_Group_12_461.jpg,524.0,185.0,576.0,251.0,1.0,0.0,0.0,0.0,0.0,0.0,1024.0,768.0,0.004364013671875,Female,Asian,True,Female_Asian,0.0
15566,12--Group/12_Group_Large_Group_12_Group_Large_Group_12_461.jpg,592.0,117.0,639.0,182.0,1.0,0.0,0.0,0.0,0.0,0.0,1024.0,768.0,0.0038846333821614,Male,White,True,Male_White,0.0
15567,12--Group/12_Group_Large_Group_12_Group_Large_Group_12_461.jpg,668.0,142.0,715.0,203.0,1.0,0.0,0.0,0.0,0.0,0.0,1024.0,768.0,0.0036455790201822,Female,White,True,Female_White,0.0
15568,12--Group/12_Group_Large_Group_12_Group_Large_Group_12_461.jpg,824.0,135.0,879.0,208.0,1.0,0.0,1.0,0.0,0.0,0.0,1024.0,768.0,0.0051053365071614,Female,Asian,True,Female_Asian,0.0
15581,12--Group/12_Group_Team_Organized_Group_12_Group_Team_Organized_Group_12_270.jpg,444.0,16.0,506.0,96.0,0.0,0.0,0.0,0.0,0.0,1.0,1024.0,606.0,0.0079929867986798,Male,Black,True,Male_Black,0.0
15582,12--Group/12_Group_Team_Organized_Group_12_Group_Team_Organized_Group_12_319.jpg,448.0,202.0,548.0,338.0,0.0,0.0,0.0,0.0,1.0,0.0,1024.0,684.0,0.0194170321637426,Male,White,True,Male_White,0.0
15583,12--Group/12_Group_Team_Organized_Group_12_Group_Team_Organized_Group_12_274.jpg,635.0,191.0,690.0,265.0,0.0,0.0,0.0,0.0,0.0,0.0,1024.0,684.0,0.0058108324195906,Female,White,True,Female_White,0.0
15584,12--Group/12_Group_Team_Organized_Group_12_Group_Team_Organized_Group_12_274.jpg,534.0,207.0,585.0,276.0,0.0,0.0,0.0,0.0,0.0,0.0,1024.0,684.0,0.0050241570723684,Female,White,True,Female_White,0.0
15585,12--Group/12_Group_Team_Organized_Group_12_Group_Team_Organized_Group_12_274.jpg,442.0,185.0,500.0,255.0,0.0,0.0,0.0,0.0,0.0,0.0,1024.0,684.0,0.0057965551900584,Female,White,True,Female_White,0.0
15586,12--Group/12_Group_Team_Organized_Group_12_Group_Team_Organized_Group_12_274.jpg,332.0,179.0,390.0,251.0,0.0,0.0,0.0,0.0,0.0,0.0,1024.0,684.0,0.0059621710526315,Female,White,True,Female_White,0.0
15587,12--Group/12_Group_Team_Organized_Group_12_Group_Team_Organized_Group_12_274.jpg,256.0,197.0,319.0,273.0,0.0,0.0,0.0,0.0,0.0,0.0,1024.0,684.0,0.0068359375,Female,White,True,Female_White,0.0
15626,13--Interview/13_Interview_Interview_Sequences_13_609.jpg,486.0,92.0,654.0,328.0,0.0,0.0,0.0,0.0,0.0,0.0,1024.0,589.0,0.0657364176570458,Male,White,True,Male_White,2.0
15640,13--Interview/13_Interview_Interview_On_Location_13_512.jpg,345.0,133.0,546.0,402.0,0.0,0.0,0.0,0.0,0.0,0.0,1024.0,1510.0,0.0349680515314569,Male,White,True,Male_White,1.0
15651,13--Interview/13_Interview_Interview_Sequences_13_477.jpg,378.0,114.0,606.0,476.0,0.0,0.0,0.0,0.0,0.0,0.0,1024.0,840.0,0.0959542410714285,Male,White,True,Male_White,3.0
15653,13--Interview/13_Interview_Interview_Sequences_13_134.jpg,342.0,100.0,546.0,376.0,0.0,0.0,0.0,0.0,0.0,0.0,1024.0,576.0,0.095458984375,Male,White,True,Male_White,3.0
15656,13--Interview/13_Interview_Interview_2_People_Visible_13_409.jpg,304.0,38.0,689.0,642.0,0.0,0.0,0.0,0.0,0.0,0.0,1024.0,1288.0,0.1763119904891304,Male,White,True,Male_White,6.0
15659,13--Interview/13_Interview_Interview_2_People_Visible_13_381.jpg,390.0,180.0,574.0,424.0,1.0,0.0,0.0,0.0,0.0,0.0,1024.0,852.0,0.0514598004694835,Male,Indian,True,Male_Indian,1.0
15660,13--Interview/13_Interview_Interview_Sequences_13_937.jpg,241.0,275.0,738.0,997.0,0.0,0.0,0.0,0.0,0.0,0.0,1024.0,1369.0,0.2559706560445581,Male,White,True,Male_White,9.0
15661,13--Interview/13_Interview_Interview_Sequences_13_807.jpg,418.0,110.0,588.0,376.0,0.0,0.0,0.0,0.0,0.0,0.0,1024.0,634.0,0.0696532432965299,Male,White,True,Male_White,2.0
15669,13--Interview/13_Interview_Interview_Sequences_13_11.jpg,284.0,48.0,470.0,256.0,0.0,0.0,0.0,0.0,0.0,1.0,1024.0,576.0,0.0655924479166666,Male,White,True,Male_White,2.0
15674,13--Interview/13_Interview_Interview_Sequences_13_513.jpg,350.0,118.0,496.0,292.0,0.0,0.0,0.0,0.0,0.0,0.0,1024.0,641.0,0.0387029543681747,Male,White,True,Male_White,1.0
15676,13--Interview/13_Interview_Interview_Sequences_13_3.jpg,182.0,30.0,502.0,512.0,0.0,0.0,1.0,0.0,0.0,0.0,1024.0,576.0,0.2615017361111111,Male,White,True,Male_White,9.0
15680,13--Interview/13_Interview_Interview_Sequences_13_135.jpg,376.0,98.0,508.0,278.0,0.0,0.0,0.0,0.0,0.0,0.0,1024.0,576.0,0.040283203125,Male,White,True,Male_White,1.0
15684,13--Interview/13_Interview_Interview_Sequences_13_15.jpg,782.0,280.0,852.0,370.0,1.0,0.0,0.0,0.0,0.0,1.0,1024.0,684.0,0.0089946546052631,Male,White,True,Male_White,0.0
15685,13--Interview/13_Interview_Interview_On_Location_13_433.jpg,432.0,84.0,560.0,274.0,0.0,0.0,0.0,0.0,0.0,0.0,1024.0,576.0,0.0412326388888888,Male,White,True,Male_White,1.0
15690,13--Interview/13_Interview_Interview_On_Location_13_491.jpg,664.0,34.0,802.0,230.0,0.0,0.0,0.0,0.0,0.0,0.0,1024.0,401.0,0.0658704800498753,Male,White,True,Male_White,2.0
15695,13--Interview/13_Interview_Interview_On_Location_13_849.jpg,292.0,218.0,646.0,636.0,0.0,0.0,0.0,0.0,0.0,0.0,1024.0,1024.0,0.1411170959472656,Male,White,True,Male_White,5.0
15702,13--Interview/13_Interview_Interview_Sequences_13_237.jpg,552.0,74.0,732.0,314.0,0.0,0.0,0.0,0.0,0.0,0.0,1024.0,492.0,0.0857469512195122,Male,White,True,Male_White,3.0
15705,13--Interview/13_Interview_Interview_On_Location_13_225.jpg,412.0,124.0,573.0,374.0,0.0,0.0,0.0,0.0,0.0,0.0,1024.0,1060.0,0.0370817364386792,Male,White,True,Male_White,1.0
15709,13--Interview/13_Interview_Interview_Sequences_13_189.jpg,290.0,2.0,706.0,544.0,0.0,0.0,0.0,0.0,0.0,0.0,1024.0,576.0,0.3822699652777778,Male,White,True,Male_White,14.0
15710,13--Interview/13_Interview_Interview_On_Location_13_301.jpg,149.0,95.0,666.0,729.0,0.0,0.0,0.0,0.0,0.0,0.0,1024.0,1155.0,0.2771391369047619,Male,White,True,Male_White,10.0
15714,13--Interview/13_Interview_Interview_On_Location_13_912.jpg,301.0,270.0,704.0,902.0,0.0,0.0,0.0,0.0,0.0,0.0,1024.0,1424.0,0.1746675298455056,Male,White,True,Male_White,6.0
15715,13--Interview/13_Interview_Interview_Sequences_13_1032.jpg,414.0,151.0,595.0,414.0,0.0,0.0,0.0,0.0,0.0,0.0,1024.0,1545.0,0.0300888703478964,Male,White,True,Male_White,1.0
15716,13--Interview/13_Interview_Interview_On_Location_13_246.jpg,228.0,312.0,754.0,1039.0,0.0,0.0,0.0,0.0,0.0,0.0,1024.0,1536.0,0.2431246439615885,Male,White,True,Male_White,9.0
15732,13--Interview/13_Interview_Interview_On_Location_13_282.jpg,666.0,76.0,824.0,312.0,0.0,0.0,0.0,0.0,0.0,0.0,1024.0,566.0,0.0643357994699646,Male,White,True,Male_White,2.0
15734,13--Interview/13_Interview_Interview_Sequences_13_691.jpg,274.0,50.0,654.0,574.0,0.0,0.0,0.0,0.0,0.0,0.0,1024.0,576.0,0.3375922309027778,Male,White,True,Male_White,12.0
15735,13--Interview/13_Interview_Interview_Sequences_13_270.jpg,311.0,119.0,678.0,601.0,0.0,0.0,0.0,0.0,0.0,0.0,1024.0,1106.0,0.1561917241184448,Male,White,True,Male_White,5.0
15738,13--Interview/13_Interview_Interview_On_Location_13_513.jpg,492.0,100.0,628.0,316.0,0.0,0.0,0.0,0.0,0.0,0.0,1024.0,480.0,0.059765625,Male,White,True,Male_White,2.0
15749,13--Interview/13_Interview_Interview_Sequences_13_764.jpg,418.0,100.0,620.0,386.0,0.0,0.0,1.0,0.0,0.0,0.0,1024.0,634.0,0.0889873324132492,Male,White,True,Male_White,3.0
15750,13--Interview/13_Interview_Interview_Sequences_13_121.jpg,418.0,144.0,662.0,494.0,0.0,0.0,0.0,0.0,0.0,0.0,1024.0,684.0,0.1219275402046783,Male,White,True,Male_White,4.0
15753,13--Interview/13_Interview_Interview_Sequences_13_347.jpg,334.0,160.0,414.0,278.0,1.0,0.0,0.0,0.0,0.0,0.0,1024.0,684.0,0.0134777046783625,Male,White,True,Male_White,0.0
15754,13--Interview/13_Interview_Interview_Sequences_13_373.jpg,488.0,190.0,564.0,280.0,1.0,0.0,0.0,0.0,0.0,0.0,1024.0,684.0,0.009765625,Male,White,True,Male_White,0.0
15762,13--Interview/13_Interview_Interview_2_People_Visible_13_217.jpg,336.0,120.0,618.0,546.0,0.0,0.0,0.0,0.0,0.0,0.0,1024.0,1539.0,0.0762289839181286,Male,White,True,Male_White,2.0
15793,15--Stock_Market/15_Stock_Market_Stock_Market_15_241.jpg,138.0,346.0,196.0,430.0,0.0,0.0,0.0,0.0,0.0,0.0,1024.0,685.0,0.0069457116788321,Female,Black,True,Female_Black,0.0
15794,15--Stock_Market/15_Stock_Market_Stock_Market_15_241.jpg,352.0,364.0,406.0,438.0,0.0,0.0,0.0,0.0,0.0,0.0,1024.0,685.0,0.005696852189781,Female,White,True,Female_White,0.0
15795,15--Stock_Market/15_Stock_Market_Stock_Market_15_241.jpg,562.0,380.0,624.0,460.0,0.0,0.0,0.0,0.0,0.0,0.0,1024.0,685.0,0.0070711678832116,Female,White,True,Female_White,0.0
15796,15--Stock_Market/15_Stock_Market_Stock_Market_15_241.jpg,698.0,326.0,752.0,420.0,0.0,0.0,0.0,0.0,0.0,0.0,1024.0,685.0,0.0072365419708029,Male,White,True,Male_White,0.0
15797,15--Stock_Market/15_Stock_Market_Stock_Market_15_303.jpg,652.0,102.0,954.0,550.0,0.0,0.0,0.0,0.0,1.0,0.0,1024.0,682.0,0.1937316715542522,Male,White,True,Male_White,7.0
15800,15--Stock_Market/15_Stock_Market_Stock_Market_15_846.jpg,277.0,217.0,708.0,904.0,0.0,0.0,0.0,0.0,0.0,0.0,1024.0,1544.0,0.1872779964783031,Male,White,True,Male_White,6.0
15802,15--Stock_Market/15_Stock_Market_Stock_Market_15_382.jpg,290.0,88.0,394.0,256.0,0.0,0.0,0.0,0.0,0.0,0.0,1024.0,512.0,0.0333251953125,Male,White,True,Male_White,1.0
15830,16--Award_Ceremony/16_Award_Ceremony_Awards_Ceremony_16_94.jpg,144.0,292.0,216.0,386.0,0.0,0.0,0.0,0.0,0.0,0.0,1024.0,768.0,0.00860595703125,Female,White,True,Female_White,0.0
15831,16--Award_Ceremony/16_Award_Ceremony_Awards_Ceremony_16_94.jpg,386.0,340.0,454.0,436.0,0.0,0.0,0.0,0.0,0.0,0.0,1024.0,768.0,0.00830078125,Female,White,True,Female_White,0.0
15832,16--Award_Ceremony/16_Award_Ceremony_Awards_Ceremony_16_94.jpg,560.0,350.0,632.0,448.0,0.0,0.0,0.0,0.0,0.0,0.0,1024.0,768.0,0.00897216796875,Female,White,True,Female_White,0.0
15833,16--Award_Ceremony/16_Award_Ceremony_Awards_Ceremony_16_94.jpg,782.0,384.0,846.0,484.0,0.0,0.0,0.0,0.0,0.0,0.0,1024.0,768.0,0.0081380208333333,Female,White,True,Female_White,0.0
15850,16--Award_Ceremony/16_Award_Ceremony_Awards_Ceremony_16_124.jpg,442.0,67.0,702.0,471.0,0.0,0.0,0.0,0.0,0.0,0.0,1024.0,1233.0,0.0831939375506893,Male,White,True,Male_White,3.0
15851,16--Award_Ceremony/16_Award_Ceremony_Awards_Ceremony_16_135.jpg,351.0,81.0,621.0,459.0,0.0,0.0,0.0,0.0,0.0,0.0,1024.0,1536.0,0.0648880004882812,Male,White,True,Male_White,2.0
15853,16--Award_Ceremony/16_Award_Ceremony_Awards_Ceremony_16_317.jpg,217.0,105.0,254.0,155.0,0.0,0.0,0.0,0.0,0.0,0.0,1024.0,677.0,0.0026685976735598,Female,White,True,Female_White,0.0
15854,16--Award_Ceremony/16_Award_Ceremony_Awards_Ceremony_16_317.jpg,600.0,138.0,628.0,178.0,0.0,0.0,0.0,0.0,1.0,0.0,1024.0,677.0,0.0016155834564254,Female,White,True,Female_White,0.0
15855,16--Award_Ceremony/16_Award_Ceremony_Awards_Ceremony_16_317.jpg,844.0,117.0,873.0,161.0,0.0,0.0,0.0,0.0,0.0,0.0,1024.0,677.0,0.0018406111521418,Female,White,True,Female_White,0.0
15864,16--Award_Ceremony/16_Award_Ceremony_Awards_Ceremony_16_637.jpg,396.0,65.0,640.0,459.0,0.0,0.0,0.0,0.0,0.0,0.0,1024.0,1276.0,0.0735758718652037,Male,White,True,Male_White,2.0
15865,16--Award_Ceremony/16_Award_Ceremony_Awards_Ceremony_16_64.jpg,428.0,182.0,660.0,521.0,0.0,0.0,0.0,0.0,0.0,0.0,1024.0,1415.0,0.0542789310954063,Male,White,True,Male_White,1.0
15871,16--Award_Ceremony/16_Award_Ceremony_Awards_Ceremony_16_311.jpg,390.0,106.0,581.0,387.0,0.0,0.0,0.0,0.0,0.0,0.0,1024.0,1358.0,0.0385957922956553,Male,White,True,Male_White,1.0
15903,17--Ceremony/17_Ceremony_Ceremony_17_300.jpg,734.0,139.0,776.0,189.0,0.0,0.0,0.0,0.0,0.0,0.0,1024.0,681.0,0.0030114262114537,Female,White,True,Female_White,0.0
15904,17--Ceremony/17_Ceremony_Ceremony_17_300.jpg,600.0,152.0,641.0,204.0,0.0,0.0,0.0,0.0,0.0,0.0,1024.0,681.0,0.0030573146108663,Female,White,True,Female_White,0.0
15905,17--Ceremony/17_Ceremony_Ceremony_17_300.jpg,427.0,137.0,471.0,194.0,0.0,0.0,0.0,0.0,0.0,0.0,1024.0,681.0,0.0035965033039647,Female,White,True,Female_White,0.0
15906,17--Ceremony/17_Ceremony_Ceremony_17_300.jpg,314.0,155.0,357.0,208.0,0.0,0.0,0.0,0.0,0.0,0.0,1024.0,681.0,0.0032681144456681,Female,White,True,Female_White,0.0
15907,17--Ceremony/17_Ceremony_Ceremony_17_300.jpg,188.0,150.0,231.0,210.0,0.0,0.0,0.0,0.0,0.0,0.0,1024.0,681.0,0.0036997522026431,Female,White,True,Female_White,0.0
15926,18--Concerts/18_Concerts_Concerts_18_27.jpg,365.0,99.0,814.0,770.0,0.0,0.0,0.0,0.0,0.0,0.0,1024.0,1536.0,0.1915480295817057,Male,White,True,Male_White,7.0
15947,18--Concerts/18_Concerts_Concerts_18_612.jpg,192.0,306.0,571.0,909.0,0.0,0.0,0.0,0.0,0.0,1.0,1024.0,1245.0,0.1792615775602409,Male,Black,True,Male_Black,6.0
15952,18--Concerts/18_Concerts_Concerts_18_486.jpg,277.0,196.0,503.0,458.0,0.0,0.0,0.0,0.0,0.0,1.0,1024.0,1542.0,0.0374994933527885,Male,White,True,Male_White,1.0
15955,18--Concerts/18_Concerts_Concerts_18_872.jpg,518.0,107.0,611.0,252.0,1.0,0.0,0.0,0.0,0.0,0.0,1024.0,1480.0,0.0088979360219594,Male,White,True,Male_White,0.0
15960,18--Concerts/18_Concerts_Concerts_18_1004.jpg,318.0,54.0,568.0,362.0,0.0,0.0,1.0,0.0,0.0,0.0,1024.0,682.0,0.1102570564516129,Male,White,True,Male_White,4.0
15961,18--Concerts/18_Concerts_Concerts_18_655.jpg,234.0,150.0,578.0,584.0,0.0,0.0,0.0,0.0,0.0,0.0,1024.0,614.0,0.2374541938110749,Male,Black,True,Male_Black,8.0
15962,18--Concerts/18_Concerts_Concerts_18_402.jpg,313.0,197.0,785.0,860.0,0.0,0.0,0.0,0.0,0.0,0.0,1024.0,1293.0,0.236350783062645,Male,Black,True,Male_Black,8.0
15966,18--Concerts/18_Concerts_Concerts_18_102.jpg,504.0,148.0,619.0,329.0,0.0,0.0,0.0,0.0,1.0,0.0,1024.0,1546.0,0.0131482202053686,Male,White,True,Male_White,0.0
15972,18--Concerts/18_Concerts_Concerts_18_350.jpg,122.0,82.0,508.0,532.0,0.0,0.0,0.0,0.0,0.0,0.0,1024.0,682.0,0.2487227364369501,Male,White,True,Male_White,9.0
15973,18--Concerts/18_Concerts_Concerts_18_403.jpg,538.0,98.0,696.0,344.0,1.0,0.0,0.0,0.0,1.0,0.0,1024.0,989.0,0.0383792024772497,Male,Black,True,Male_Black,1.0
16010,19--Couple/19_Couple_Couple_19_125.jpg,334.0,86.0,548.0,420.0,0.0,0.0,0.0,0.0,0.0,0.0,1024.0,683.0,0.1021973371156661,Female,White,True,Female_White,3.0
16011,19--Couple/19_Couple_Couple_19_125.jpg,678.0,114.0,878.0,426.0,0.0,0.0,0.0,0.0,0.0,0.0,1024.0,683.0,0.0892203513909224,Female,White,True,Female_White,3.0
16012,19--Couple/19_Couple_Couple_19_125.jpg,38.0,174.0,224.0,450.0,0.0,0.0,0.0,0.0,0.0,0.0,1024.0,683.0,0.0734008967789165,Female,Black,True,Female_Black,2.0
16035,2--Demonstration/2_Demonstration_Political_Rally_2_219.jpg,319.0,170.0,700.0,727.0,0.0,0.0,0.0,0.0,0.0,0.0,1024.0,1383.0,0.1498504440075922,Male,Black,True,Male_Black,5.0
16045,2--Demonstration/2_Demonstration_Political_Rally_2_566.jpg,385.0,201.0,716.0,654.0,0.0,0.0,0.0,0.0,0.0,0.0,1024.0,1516.0,0.0965888594574538,Male,White,True,Male_White,3.0
16050,2--Demonstration/2_Demonstration_Demonstration_Or_Protest_2_364.jpg,218.0,328.0,350.0,518.0,0.0,0.0,0.0,0.0,0.0,0.0,1024.0,768.0,0.031890869140625,Female,Indian,True,Female_Indian,1.0
16051,2--Demonstration/2_Demonstration_Demonstration_Or_Protest_2_364.jpg,472.0,286.0,596.0,462.0,0.0,0.0,0.0,0.0,0.0,0.0,1024.0,768.0,0.0277506510416666,Female,Indian,True,Female_Indian,0.0
16052,2--Demonstration/2_Demonstration_Demonstration_Or_Protest_2_364.jpg,678.0,344.0,806.0,538.0,0.0,0.0,0.0,0.0,0.0,0.0,1024.0,768.0,0.0315755208333333,Female,Indian,True,Female_Indian,1.0
16124,20--Family_Group/20_Family_Group_Family_Group_20_579.jpg,142.0,166.0,210.0,258.0,0.0,0.0,0.0,0.0,0.0,0.0,1024.0,768.0,0.0079549153645833,Female,White,True,Female_White,0.0
16125,20--Family_Group/20_Family_Group_Family_Group_20_579.jpg,338.0,172.0,392.0,260.0,0.0,0.0,0.0,0.0,0.0,0.0,1024.0,768.0,0.00604248046875,Female,White,True,Female_White,0.0
16126,20--Family_Group/20_Family_Group_Family_Group_20_579.jpg,454.0,178.0,512.0,266.0,0.0,0.0,0.0,0.0,0.0,0.0,1024.0,768.0,0.0064900716145833,Female,White,True,Female_White,0.0
16127,20--Family_Group/20_Family_Group_Family_Group_20_579.jpg,556.0,204.0,630.0,304.0,0.0,0.0,0.0,0.0,0.0,0.0,1024.0,768.0,0.0094095865885416,Female,White,True,Female_White,0.0
16128,20--Family_Group/20_Family_Group_Family_Group_20_579.jpg,650.0,128.0,710.0,230.0,0.0,0.0,0.0,0.0,0.0,0.0,1024.0,768.0,0.007781982421875,Male,White,True,Male_White,0.0
16129,20--Family_Group/20_Family_Group_Family_Group_20_579.jpg,776.0,130.0,840.0,216.0,0.0,0.0,0.0,0.0,0.0,0.0,1024.0,768.0,0.0069986979166666,Male,White,True,Male_White,0.0
16130,20--Family_Group/20_Family_Group_Family_Group_20_579.jpg,862.0,186.0,936.0,290.0,0.0,0.0,0.0,0.0,0.0,0.0,1024.0,768.0,0.0097859700520833,Female,White,True,Female_White,0.0
16131,20--Family_Group/20_Family_Group_Family_Group_20_579.jpg,236.0,452.0,304.0,540.0,0.0,0.0,0.0,0.0,0.0,0.0,1024.0,768.0,0.0076090494791666,Female,White,True,Female_White,0.0
16132,20--Family_Group/20_Family_Group_Family_Group_20_579.jpg,488.0,412.0,546.0,510.0,1.0,0.0,0.0,0.0,0.0,0.0,1024.0,768.0,0.0072275797526041,Female,White,True,Female_White,0.0
16133,20--Family_Group/20_Family_Group_Family_Group_20_579.jpg,726.0,398.0,792.0,484.0,0.0,0.0,0.0,0.0,0.0,0.0,1024.0,768.0,0.0072174072265625,Female,White,True,Female_White,0.0
16187,20--Family_Group/20_Family_Group_Family_Group_20_453.jpg,450.0,444.0,583.0,594.0,1.0,0.0,0.0,0.0,0.0,0.0,1024.0,1450.0,0.0134361530172413,Male,White,True,Male_White,0.0
16310,21--Festival/21_Festival_Festival_21_354.jpg,272.0,142.0,727.0,703.0,0.0,0.0,0.0,0.0,0.0,0.0,1024.0,1105.0,0.2255859375,Male,Asian,True,Male_Asian,8.0
16354,23--Shoppers/23_Shoppers_Shoppers_23_801.jpg,539.0,222.0,632.0,357.0,1.0,0.0,0.0,0.0,0.0,0.0,1024.0,1532.0,0.0080030954226501,Female,Black,True,Female_Black,0.0
16355,23--Shoppers/23_Shoppers_Shoppers_23_801.jpg,308.0,177.0,428.0,318.0,1.0,1.0,0.0,0.0,0.0,0.0,1024.0,1532.0,0.0107855336161879,Female,Black,True,Female_Black,0.0
16360,23--Shoppers/23_Shoppers_Shoppers_23_259.jpg,202.0,96.0,362.0,314.0,0.0,0.0,0.0,0.0,0.0,0.0,1024.0,787.0,0.0432814485387547,Female,White,True,Female_White,1.0
16361,23--Shoppers/23_Shoppers_Shoppers_23_259.jpg,518.0,80.0,668.0,268.0,0.0,0.0,0.0,0.0,0.0,0.0,1024.0,787.0,0.0349924555273189,Female,White,True,Female_White,1.0
16362,23--Shoppers/23_Shoppers_Shoppers_23_259.jpg,762.0,66.0,902.0,262.0,0.0,0.0,0.0,0.0,0.0,0.0,1024.0,787.0,0.0340493964421855,Female,White,True,Female_White,1.0
16363,23--Shoppers/23_Shoppers_Shoppers_23_364.jpg,580.0,184.0,680.0,300.0,0.0,0.0,0.0,0.0,0.0,0.0,1024.0,768.0,0.0147501627604166,Female,White,True,Female_White,0.0
16364,23--Shoppers/23_Shoppers_Shoppers_23_364.jpg,456.0,228.0,516.0,290.0,1.0,0.0,0.0,0.0,0.0,0.0,1024.0,768.0,0.004730224609375,Female,White,True,Female_White,0.0
16365,23--Shoppers/23_Shoppers_Shoppers_23_364.jpg,278.0,210.0,354.0,306.0,1.0,0.0,0.0,0.0,0.0,0.0,1024.0,768.0,0.00927734375,Female,White,True,Female_White,0.0
16367,23--Shoppers/23_Shoppers_Shoppers_23_485.jpg,490.0,114.0,568.0,240.0,0.0,0.0,0.0,0.0,1.0,0.0,1024.0,679.0,0.014134987113402,Female,White,True,Female_White,0.0
16368,23--Shoppers/23_Shoppers_Shoppers_23_485.jpg,814.0,144.0,874.0,264.0,0.0,0.0,0.0,0.0,0.0,0.0,1024.0,679.0,0.0103553019145802,Female,White,True,Female_White,0.0
16369,23--Shoppers/23_Shoppers_Shoppers_23_485.jpg,312.0,128.0,394.0,262.0,0.0,0.0,0.0,0.0,0.0,0.0,1024.0,679.0,0.0158033413107511,Female,White,True,Female_White,0.0
16370,23--Shoppers/23_Shoppers_Shoppers_23_485.jpg,38.0,136.0,118.0,248.0,0.0,0.0,0.0,0.0,0.0,0.0,1024.0,679.0,0.0128865979381443,Female,White,True,Female_White,0.0
16372,23--Shoppers/23_Shoppers_Shoppers_23_802.jpg,348.0,188.0,599.0,504.0,0.0,0.0,0.0,0.0,0.0,0.0,1024.0,1036.0,0.0747654741795366,Female,White,True,Female_White,2.0
16373,23--Shoppers/23_Shoppers_Shoppers_23_802.jpg,585.0,340.0,793.0,563.0,0.0,0.0,0.0,0.0,0.0,0.0,1024.0,1036.0,0.0437228523166023,Female,White,True,Female_White,1.0
16379,24--Soldier_Firing/24_Soldier_Firing_Soldier_Firing_24_405.jpg,321.0,378.0,384.0,462.0,1.0,0.0,1.0,0.0,0.0,0.0,1024.0,1540.0,0.0033558238636363,Male,White,True,Male_White,0.0
16380,24--Soldier_Firing/24_Soldier_Firing_Soldier_Firing_24_887.jpg,615.0,538.0,697.0,629.0,1.0,0.0,0.0,0.0,0.0,0.0,1024.0,1509.0,0.0048290983267064,Male,White,True,Male_White,0.0
16382,24--Soldier_Firing/24_Soldier_Firing_Soldier_Firing_24_129.jpg,345.0,318.0,441.0,462.0,0.0,0.0,0.0,0.0,1.0,0.0,1024.0,1538.0,0.0087776332899869,Male,White,True,Male_White,0.0
16384,24--Soldier_Firing/24_Soldier_Firing_Soldier_Firing_24_10.jpg,168.0,164.0,220.0,228.0,1.0,0.0,0.0,0.0,0.0,0.0,1024.0,708.0,0.0045903954802259,Male,White,True,Male_White,0.0
16385,24--Soldier_Firing/24_Soldier_Firing_Soldier_Firing_24_523.jpg,324.0,178.0,496.0,272.0,0.0,0.0,0.0,0.0,0.0,1.0,1024.0,576.0,0.0274115668402777,Male,White,True,Male_White,0.0
16403,25--Soldier_Patrol/25_Soldier_Patrol_Soldier_Patrol_25_640.jpg,440.0,12.0,680.0,346.0,0.0,0.0,0.0,0.0,0.0,0.0,1024.0,768.0,0.1019287109375,Male,Black,True,Male_Black,3.0
16421,25--Soldier_Patrol/25_Soldier_Patrol_Soldier_Patrol_25_437.jpg,369.0,381.0,399.0,422.0,1.0,0.0,0.0,0.0,1.0,1.0,1024.0,683.0,0.0017586703879941,Female,Asian,True,Female_Asian,0.0
16422,25--Soldier_Patrol/25_Soldier_Patrol_Soldier_Patrol_25_437.jpg,703.0,283.0,728.0,330.0,1.0,0.0,0.0,0.0,0.0,0.0,1024.0,683.0,0.0016800306551976,Female,Asian,True,Female_Asian,0.0
16425,25--Soldier_Patrol/25_Soldier_Patrol_Soldier_Patrol_25_683.jpg,676.0,410.0,880.0,614.0,0.0,0.0,0.0,0.0,0.0,1.0,1024.0,685.0,0.0593293795620437,Male,Indian,True,Male_Indian,2.0
16427,25--Soldier_Patrol/25_Soldier_Patrol_Soldier_Patrol_25_173.jpg,302.0,116.0,386.0,248.0,0.0,0.0,1.0,0.0,1.0,0.0,1024.0,679.0,0.0159471649484536,Male,White,True,Male_White,0.0
16431,25--Soldier_Patrol/25_Soldier_Patrol_Soldier_Patrol_25_986.jpg,399.0,128.0,542.0,297.0,1.0,0.0,0.0,0.0,0.0,0.0,1024.0,1925.0,0.0122600446428571,Male,White,True,Male_White,0.0
16441,26--Soldier_Drilling/26_Soldier_Drilling_Soldiers_Drilling_26_886.jpg,686.0,100.0,740.0,174.0,1.0,0.0,0.0,0.0,0.0,0.0,1024.0,683.0,0.0057135340409956,Male,White,True,Male_White,0.0
16481,27--Spa/27_Spa_Spa_27_486.jpg,460.0,189.0,504.0,270.0,1.0,0.0,0.0,0.0,0.0,0.0,1024.0,518.0,0.0067190516409266,Female,White,True,Female_White,0.0
16482,27--Spa/27_Spa_Spa_27_486.jpg,771.0,33.0,826.0,119.0,1.0,0.0,0.0,0.0,0.0,0.0,1024.0,518.0,0.0089172598938223,Female,Asian,True,Female_Asian,0.0
16500,28--Sports_Fan/28_Sports_Fan_Sports_Fan_28_826.jpg,355.0,187.0,596.0,509.0,0.0,0.0,0.0,0.0,0.0,0.0,1024.0,1544.0,0.0490823854436528,Male,White,True,Male_White,1.0
16502,28--Sports_Fan/28_Sports_Fan_Sports_Fan_28_124.jpg,123.0,108.0,790.0,1039.0,0.0,0.0,0.0,0.0,0.0,0.0,1024.0,1537.0,0.3945496757075472,Male,White,True,Male_White,14.0
16503,28--Sports_Fan/28_Sports_Fan_Sports_Fan_28_86.jpg,104.0,816.0,267.0,1061.0,0.0,0.0,0.0,0.0,0.0,0.0,1024.0,1366.0,0.0285497975384333,Male,White,True,Male_White,1.0
16509,28--Sports_Fan/28_Sports_Fan_Sports_Fan_28_198.jpg,325.0,203.0,405.0,326.0,1.0,0.0,0.0,0.0,0.0,0.0,1024.0,1366.0,0.0070346815519765,Female,White,True,Female_White,0.0
16510,28--Sports_Fan/28_Sports_Fan_Sports_Fan_28_198.jpg,736.0,309.0,811.0,421.0,1.0,0.0,0.0,0.0,0.0,0.0,1024.0,1366.0,0.0060052159590043,Female,Black,True,Female_Black,0.0
16511,28--Sports_Fan/28_Sports_Fan_Sports_Fan_28_198.jpg,837.0,309.0,920.0,418.0,1.0,0.0,0.0,0.0,0.0,0.0,1024.0,1366.0,0.00646776056918,Female,White,True,Female_White,0.0
16523,28--Sports_Fan/28_Sports_Fan_Sports_Fan_28_711.jpg,436.0,132.0,568.0,310.0,1.0,0.0,0.0,0.0,1.0,0.0,1024.0,988.0,0.0232240005060728,Male,Black,True,Male_Black,0.0
16524,28--Sports_Fan/28_Sports_Fan_Sports_Fan_28_22.jpg,470.0,242.0,640.0,486.0,0.0,0.0,0.0,0.0,1.0,0.0,1024.0,684.0,0.0592219480994152,Male,White,True,Male_White,2.0
16528,28--Sports_Fan/28_Sports_Fan_Sports_Fan_28_282.jpg,292.0,184.0,758.0,836.0,0.0,1.0,0.0,0.0,1.0,0.0,1024.0,1024.0,0.2897567749023437,Male,White,True,Male_White,10.0
16531,28--Sports_Fan/28_Sports_Fan_Sports_Fan_28_723.jpg,284.0,50.0,730.0,522.0,0.0,0.0,0.0,0.0,0.0,0.0,1024.0,576.0,0.3569064670138889,Male,White,True,Male_White,13.0
16549,29--Students_Schoolkids/29_Students_Schoolkids_Students_Schoolkids_29_632.jpg,798.0,261.0,876.0,369.0,0.0,0.0,0.0,0.0,0.0,0.0,1024.0,679.0,0.0121157032400589,Female,White,True,Female_White,0.0
16550,29--Students_Schoolkids/29_Students_Schoolkids_Students_Schoolkids_29_632.jpg,532.0,288.0,606.0,384.0,0.0,0.0,0.0,0.0,0.0,0.0,1024.0,679.0,0.0102172312223858,Female,White,True,Female_White,0.0
16551,29--Students_Schoolkids/29_Students_Schoolkids_Students_Schoolkids_29_632.jpg,356.0,301.0,411.0,390.0,0.0,0.0,0.0,0.0,0.0,0.0,1024.0,679.0,0.0070401670655375,Female,White,True,Female_White,0.0
16552,29--Students_Schoolkids/29_Students_Schoolkids_Students_Schoolkids_29_632.jpg,272.0,348.0,322.0,434.0,1.0,0.0,0.0,0.0,0.0,0.0,1024.0,679.0,0.0061844164212076,Female,White,True,Female_White,0.0
16553,29--Students_Schoolkids/29_Students_Schoolkids_Students_Schoolkids_29_632.jpg,90.0,290.0,144.0,362.0,0.0,0.0,0.0,0.0,0.0,0.0,1024.0,679.0,0.0055918630338733,Female,White,True,Female_White,0.0
16557,29--Students_Schoolkids/29_Students_Schoolkids_Students_Schoolkids_29_451.jpg,255.0,357.0,700.0,942.0,0.0,0.0,0.0,0.0,0.0,0.0,1024.0,1405.0,0.180942087411032,Male,White,True,Male_White,6.0
16573,29--Students_Schoolkids/29_Students_Schoolkids_Students_Schoolkids_29_380.jpg,408.0,214.0,550.0,362.0,0.0,0.0,0.0,0.0,0.0,0.0,1024.0,726.0,0.0282691976584022,Male,White,True,Male_White,1.0
16577,29--Students_Schoolkids/29_Students_Schoolkids_Students_Schoolkids_29_436.jpg,344.0,176.0,474.0,338.0,0.0,0.0,0.0,0.0,0.0,1.0,1024.0,713.0,0.0288448895511921,Male,White,True,Male_White,1.0
16578,29--Students_Schoolkids/29_Students_Schoolkids_Students_Schoolkids_29_900.jpg,280.0,106.0,492.0,378.0,0.0,0.0,0.0,0.0,0.0,0.0,1024.0,982.0,0.0573447046843177,Male,White,True,Male_White,2.0
16600,29--Students_Schoolkids/29_Students_Schoolkids_Students_Schoolkids_29_506.jpg,356.0,104.0,666.0,522.0,0.0,0.0,0.0,0.0,1.0,0.0,1024.0,861.0,0.1469720891405342,Male,White,True,Male_White,5.0
16635,3--Riot/3_Riot_Riot_3_750.jpg,526.0,124.0,862.0,526.0,0.0,0.0,0.0,0.0,0.0,0.0,1024.0,862.0,0.1530234918793503,Male,White,True,Male_White,5.0
16641,3--Riot/3_Riot_Riot_3_480.jpg,164.0,56.0,270.0,224.0,0.0,0.0,0.0,0.0,0.0,0.0,1024.0,783.0,0.0222102490421455,Female,White,True,Female_White,0.0
16642,3--Riot/3_Riot_Riot_3_480.jpg,502.0,140.0,598.0,292.0,0.0,0.0,0.0,0.0,0.0,0.0,1024.0,783.0,0.018199233716475,Female,White,True,Female_White,0.0
16643,3--Riot/3_Riot_Riot_3_480.jpg,750.0,242.0,826.0,334.0,0.0,0.0,0.0,0.0,0.0,0.0,1024.0,783.0,0.0087204661558109,Female,White,True,Female_White,0.0
16652,30--Surgeons/30_Surgeons_Surgeons_30_988.jpg,324.0,168.0,859.0,934.0,0.0,0.0,0.0,0.0,0.0,0.0,1024.0,1536.0,0.2605501810709635,Male,White,True,Male_White,9.0
16666,30--Surgeons/30_Surgeons_Surgeons_30_914.jpg,215.0,147.0,727.0,840.0,0.0,0.0,0.0,0.0,0.0,0.0,1024.0,1343.0,0.2580044676098287,Male,White,True,Male_White,9.0
16689,30--Surgeons/30_Surgeons_Surgeons_30_861.jpg,309.0,261.0,765.0,841.0,0.0,0.0,0.0,0.0,0.0,0.0,1024.0,1536.0,0.16815185546875,Male,Asian,True,Male_Asian,6.0
16690,30--Surgeons/30_Surgeons_Surgeons_30_840.jpg,316.0,328.0,671.0,821.0,0.0,0.0,0.0,0.0,0.0,0.0,1024.0,1530.0,0.1117078993055555,Male,White,True,Male_White,4.0
16730,31--Waiter_Waitress/31_Waiter_Waitress_Waiter_Waitress_31_34.jpg,420.0,57.0,588.0,324.0,0.0,0.0,1.0,0.0,0.0,0.0,1024.0,1536.0,0.0285186767578125,Male,White,True,Male_White,1.0
16732,31--Waiter_Waitress/31_Waiter_Waitress_Waiter_Waitress_31_927.jpg,420.0,222.0,657.0,522.0,0.0,0.0,0.0,0.0,0.0,0.0,1024.0,1538.0,0.0451453795513654,Male,White,True,Male_White,1.0
16740,31--Waiter_Waitress/31_Waiter_Waitress_Waiter_Waitress_31_276.jpg,199.0,259.0,763.0,1064.0,0.0,0.0,0.0,0.0,0.0,0.0,1024.0,1143.0,0.3879080544619422,Male,White,True,Male_White,14.0
16752,31--Waiter_Waitress/31_Waiter_Waitress_Waiter_Waitress_31_685.jpg,524.0,62.0,604.0,170.0,0.0,0.0,0.0,0.0,0.0,0.0,1024.0,1024.0,0.00823974609375,Female,White,True,Female_White,0.0
16753,31--Waiter_Waitress/31_Waiter_Waitress_Waiter_Waitress_31_685.jpg,828.0,58.0,912.0,168.0,0.0,0.0,0.0,0.0,0.0,0.0,1024.0,1024.0,0.0088119506835937,Female,White,True,Female_White,0.0
16754,31--Waiter_Waitress/31_Waiter_Waitress_Waiter_Waitress_31_685.jpg,150.0,50.0,228.0,154.0,0.0,0.0,1.0,0.0,0.0,0.0,1024.0,1024.0,0.0077362060546875,Female,White,True,Female_White,0.0
16767,31--Waiter_Waitress/31_Waiter_Waitress_Waiter_Waitress_31_888.jpg,293.0,217.0,472.0,456.0,0.0,0.0,0.0,0.0,0.0,0.0,1024.0,1392.0,0.0300131611440373,Male,White,True,Male_White,1.0
16772,32--Worker_Laborer/32_Worker_Laborer_Worker_Laborer_32_529.jpg,481.0,268.0,546.0,370.0,1.0,0.0,0.0,0.0,0.0,0.0,1024.0,1579.0,0.0041004492558581,Male,White,True,Male_White,0.0
16786,32--Worker_Laborer/32_Worker_Laborer_Worker_Laborer_32_135.jpg,316.0,87.0,643.0,529.0,0.0,0.0,0.0,0.0,0.0,0.0,1024.0,1433.0,0.0984971977494766,Male,White,True,Male_White,3.0
16798,32--Worker_Laborer/32_Worker_Laborer_Worker_Laborer_32_44.jpg,513.0,263.0,734.0,591.0,0.0,0.0,0.0,0.0,0.0,0.0,1024.0,1510.0,0.0468801738410596,Male,White,True,Male_White,1.0
16799,32--Worker_Laborer/32_Worker_Laborer_Worker_Laborer_32_870.jpg,483.0,305.0,555.0,414.0,1.0,0.0,0.0,0.0,0.0,0.0,1024.0,1473.0,0.0052030295315682,Male,White,True,Male_White,0.0
16800,32--Worker_Laborer/32_Worker_Laborer_Worker_Laborer_32_494.jpg,286.0,181.0,749.0,823.0,0.0,0.0,0.0,0.0,0.0,0.0,1024.0,1221.0,0.2377389818796068,Male,Black,True,Male_Black,8.0
16801,32--Worker_Laborer/32_Worker_Laborer_Worker_Laborer_32_169.jpg,390.0,84.0,620.0,424.0,0.0,0.0,0.0,0.0,0.0,0.0,1024.0,754.0,0.1012827420424403,Male,White,True,Male_White,3.0
16808,32--Worker_Laborer/32_Worker_Laborer_Worker_Laborer_32_209.jpg,736.0,136.0,816.0,234.0,1.0,0.0,0.0,0.0,0.0,1.0,1024.0,576.0,0.0132921006944444,Male,White,True,Male_White,0.0
16811,32--Worker_Laborer/32_Worker_Laborer_Worker_Laborer_32_860.jpg,352.0,330.0,716.0,872.0,0.0,0.0,0.0,0.0,0.0,0.0,1024.0,1259.0,0.1530294380460683,Male,White,True,Male_White,5.0
16812,32--Worker_Laborer/32_Worker_Laborer_Worker_Laborer_32_400.jpg,697.0,182.0,744.0,234.0,1.0,0.0,0.0,0.0,1.0,0.0,1024.0,768.0,0.0031077067057291,Male,Asian,True,Male_Asian,0.0
16813,32--Worker_Laborer/32_Worker_Laborer_Worker_Laborer_32_443.jpg,516.0,24.0,920.0,686.0,0.0,0.0,0.0,0.0,1.0,0.0,1024.0,1024.0,0.2550582885742187,Male,White,True,Male_White,9.0
16814,32--Worker_Laborer/32_Worker_Laborer_Worker_Laborer_32_170.jpg,474.0,576.0,608.0,680.0,1.0,0.0,0.0,0.0,0.0,1.0,1024.0,1024.0,0.0132904052734375,Male,White,True,Male_White,0.0
16817,32--Worker_Laborer/32_Worker_Laborer_Worker_Laborer_32_204.jpg,396.0,232.0,526.0,458.0,0.0,0.0,0.0,0.0,0.0,1.0,1024.0,754.0,0.0380522629310344,Male,White,True,Male_White,1.0
16823,32--Worker_Laborer/32_Worker_Laborer_Worker_Laborer_32_738.jpg,285.0,324.0,408.0,492.0,0.0,0.0,0.0,0.0,1.0,0.0,1024.0,1538.0,0.0131207330949284,Male,White,True,Male_White,0.0
16824,32--Worker_Laborer/32_Worker_Laborer_Worker_Laborer_32_434.jpg,448.0,152.0,682.0,481.0,0.0,0.0,0.0,0.0,0.0,0.0,1024.0,1392.0,0.0540097992995689,Male,White,True,Male_White,1.0
16828,33--Running/33_Running_Running_33_332.jpg,592.0,38.0,734.0,254.0,0.0,0.0,0.0,0.0,0.0,0.0,1024.0,683.0,0.0438552342606149,Male,White,True,Male_White,1.0
16833,33--Running/33_Running_Running_33_760.jpg,422.0,341.0,529.0,479.0,0.0,0.0,0.0,0.0,0.0,0.0,1024.0,1223.0,0.0117906147792313,Male,White,True,Male_White,0.0
16840,33--Running/33_Running_Running_33_569.jpg,492.0,110.0,888.0,648.0,0.0,0.0,0.0,0.0,0.0,0.0,1024.0,768.0,0.270904541015625,Male,White,True,Male_White,10.0
16862,34--Baseball/34_Baseball_Baseball_34_560.jpg,579.0,133.0,603.0,165.0,0.0,0.0,0.0,0.0,0.0,0.0,1024.0,435.0,0.0017241379310344,Male,White,True,Male_White,0.0
16863,34--Baseball/34_Baseball_Baseball_34_608.jpg,315.0,354.0,663.0,837.0,0.0,0.0,0.0,0.0,0.0,0.0,1024.0,1537.0,0.1067954009433962,Male,White,True,Male_White,3.0
16869,34--Baseball/34_Baseball_Baseball_34_867.jpg,406.0,78.0,698.0,486.0,0.0,0.0,0.0,0.0,1.0,0.0,1024.0,768.0,0.1514892578125,Male,White,True,Male_White,5.0
16871,34--Baseball/34_Baseball_Baseball_34_886.jpg,736.0,78.0,844.0,242.0,0.0,0.0,0.0,0.0,0.0,0.0,1024.0,768.0,0.02252197265625,Male,White,True,Male_White,0.0
16872,34--Baseball/34_Baseball_Baseball_34_171.jpg,420.0,82.0,514.0,180.0,0.0,0.0,0.0,0.0,0.0,0.0,1024.0,721.0,0.012477245145631,Male,White,True,Male_White,0.0
16876,34--Baseball/34_Baseball_Baseball_34_356.jpg,575.0,245.0,710.0,413.0,0.0,0.0,1.0,0.0,0.0,0.0,1024.0,1409.0,0.0157192601135557,Male,White,True,Male_White,0.0
16877,34--Baseball/34_Baseball_Baseball_34_127.jpg,551.0,241.0,580.0,286.0,1.0,1.0,0.0,0.0,0.0,0.0,1024.0,683.0,0.001865906387262,Male,White,True,Male_White,0.0
16878,34--Baseball/34_Baseball_Baseball_34_829.jpg,348.0,529.0,549.0,925.0,0.0,1.0,0.0,0.0,0.0,0.0,1024.0,1536.0,0.0506057739257812,Male,White,True,Male_White,1.0
16889,35--Basketball/35_Basketball_playingbasketball_35_134.jpg,314.0,326.0,408.0,440.0,0.0,0.0,1.0,0.0,0.0,0.0,1024.0,757.0,0.0138241000660501,Male,White,True,Male_White,0.0
16919,35--Basketball/35_Basketball_playingbasketball_35_199.jpg,586.0,202.0,846.0,430.0,0.0,0.0,0.0,0.0,0.0,1.0,1024.0,754.0,0.0767780172413793,Male,White,True,Male_White,2.0
16920,35--Basketball/35_Basketball_playingbasketball_35_556.jpg,374.0,507.0,563.0,764.0,0.0,0.0,1.0,0.0,0.0,0.0,1024.0,1584.0,0.0299460671164772,Male,Indian,True,Male_Indian,1.0
16947,35--Basketball/35_Basketball_playingbasketball_35_279.jpg,386.0,1005.0,661.0,1128.0,0.0,0.0,0.0,0.0,0.0,1.0,1024.0,1579.0,0.0209197128324889,Male,White,True,Male_White,0.0
16948,35--Basketball/35_Basketball_basketballgame_ball_35_904.jpg,262.0,122.0,313.0,192.0,1.0,0.0,0.0,0.0,0.0,1.0,1024.0,726.0,0.0048021048553719,Female,White,True,Female_White,0.0
16949,35--Basketball/35_Basketball_basketballgame_ball_35_904.jpg,321.0,116.0,379.0,170.0,1.0,0.0,1.0,0.0,0.0,1.0,1024.0,726.0,0.0042129390495867,Female,Black,True,Female_Black,0.0
16950,35--Basketball/35_Basketball_basketballgame_ball_35_904.jpg,449.0,118.0,504.0,178.0,1.0,0.0,0.0,0.0,0.0,1.0,1024.0,726.0,0.0044389204545454,Female,Black,True,Female_Black,0.0
16951,35--Basketball/35_Basketball_basketballgame_ball_35_904.jpg,530.0,147.0,595.0,195.0,1.0,0.0,0.0,0.0,0.0,1.0,1024.0,726.0,0.0041967975206611,Female,White,True,Female_White,0.0
16952,35--Basketball/35_Basketball_basketballgame_ball_35_904.jpg,551.0,117.0,603.0,178.0,1.0,0.0,0.0,0.0,0.0,1.0,1024.0,726.0,0.0042667441460055,Female,Black,True,Female_Black,0.0
16956,35--Basketball/35_Basketball_basketballgame_ball_35_446.jpg,466.0,307.0,586.0,486.0,0.0,1.0,0.0,0.0,0.0,0.0,1024.0,1431.0,0.0146586740041928,Male,Black,True,Male_Black,0.0
16969,35--Basketball/35_Basketball_basketballgame_ball_35_423.jpg,392.0,98.0,690.0,538.0,0.0,0.0,0.0,0.0,0.0,0.0,1024.0,620.0,0.2065272177419354,Male,White,True,Male_White,7.0
17001,35--Basketball/35_Basketball_playingbasketball_35_366.jpg,410.0,324.0,450.0,369.0,1.0,0.0,0.0,0.0,0.0,1.0,1024.0,960.0,0.0018310546875,Male,Black,True,Male_Black,0.0
17009,35--Basketball/35_Basketball_playingbasketball_35_449.jpg,339.0,153.0,438.0,288.0,0.0,0.0,0.0,0.0,0.0,0.0,1024.0,1536.0,0.0084972381591796,Male,White,True,Male_White,0.0
17017,35--Basketball/35_Basketball_Basketball_35_791.jpg,770.0,42.0,854.0,162.0,0.0,0.0,1.0,0.0,0.0,0.0,1024.0,768.0,0.0128173828125,Male,Black,True,Male_Black,0.0
17088,37--Soccer/37_Soccer_Soccer_37_263.jpg,687.0,144.0,722.0,192.0,1.0,0.0,0.0,0.0,0.0,0.0,1024.0,768.0,0.00213623046875,Male,White,True,Male_White,0.0
17089,37--Soccer/37_Soccer_soccer_ball_37_150.jpg,350.0,42.0,414.0,136.0,0.0,1.0,1.0,0.0,0.0,0.0,1024.0,740.0,0.0079391891891891,Male,White,True,Male_White,0.0
17090,37--Soccer/37_Soccer_soccer_ball_37_994.jpg,242.0,68.0,322.0,178.0,0.0,0.0,0.0,0.0,0.0,0.0,1024.0,576.0,0.0149197048611111,Male,White,True,Male_White,0.0
17095,37--Soccer/37_Soccer_soccer_ball_37_32.jpg,370.0,130.0,428.0,208.0,0.0,0.0,0.0,0.0,0.0,0.0,1024.0,722.0,0.0061190702908587,Male,White,True,Male_White,0.0
17108,37--Soccer/37_Soccer_soccer_ball_37_1001.jpg,344.0,190.0,586.0,429.0,0.0,0.0,0.0,0.0,0.0,0.0,1024.0,1545.0,0.0365582018608414,Male,White,True,Male_White,1.0
17122,37--Soccer/37_Soccer_soccer_ball_37_512.jpg,504.0,68.0,564.0,170.0,0.0,1.0,0.0,0.0,0.0,0.0,1024.0,768.0,0.007781982421875,Male,White,True,Male_White,0.0
17126,37--Soccer/37_Soccer_soccer_ball_37_74.jpg,540.0,164.0,780.0,455.0,0.0,0.0,0.0,0.0,0.0,0.0,1024.0,1450.0,0.0470366379310344,Male,White,True,Male_White,1.0
17163,38--Tennis/38_Tennis_Tennis_38_81.jpg,703.0,167.0,875.0,355.0,0.0,0.0,1.0,0.0,0.0,0.0,1024.0,1359.0,0.0232362950699043,Male,White,True,Male_White,0.0
17166,38--Tennis/38_Tennis_Tennis_38_592.jpg,267.0,147.0,309.0,206.0,0.0,0.0,0.0,0.0,0.0,0.0,1024.0,683.0,0.0035430774158125,Male,White,True,Male_White,0.0
17167,38--Tennis/38_Tennis_Tennis_38_717.jpg,196.0,366.0,874.0,1157.0,0.0,0.0,0.0,0.0,0.0,0.0,1024.0,1451.0,0.3609431534286699,Male,Asian,True,Male_Asian,13.0
17168,38--Tennis/38_Tennis_Tennis_38_300.jpg,272.0,84.0,424.0,288.0,0.0,0.0,0.0,0.0,0.0,0.0,1024.0,567.0,0.0534060846560846,Male,White,True,Male_White,1.0
17171,38--Tennis/38_Tennis_Tennis_38_531.jpg,730.0,472.0,796.0,560.0,1.0,0.0,0.0,0.0,0.0,0.0,1024.0,768.0,0.00738525390625,Male,White,True,Male_White,0.0
17175,38--Tennis/38_Tennis_Tennis_38_319.jpg,590.0,94.0,812.0,406.0,0.0,0.0,0.0,0.0,0.0,0.0,1024.0,699.0,0.0967677038626609,Male,White,True,Male_White,3.0
17176,38--Tennis/38_Tennis_Tennis_38_420.jpg,638.0,50.0,690.0,124.0,1.0,0.0,0.0,0.0,0.0,0.0,1024.0,684.0,0.0054938779239766,Male,White,True,Male_White,0.0
17177,38--Tennis/38_Tennis_Tennis_38_182.jpg,252.0,100.0,420.0,334.0,0.0,0.0,0.0,0.0,0.0,0.0,1024.0,768.0,0.04998779296875,Male,White,True,Male_White,1.0
17182,38--Tennis/38_Tennis_Tennis_38_666.jpg,382.0,190.0,486.0,294.0,0.0,1.0,0.0,0.0,0.0,1.0,1024.0,768.0,0.0137532552083333,Male,White,True,Male_White,0.0
17185,38--Tennis/38_Tennis_Tennis_38_452.jpg,46.0,114.0,83.0,165.0,1.0,0.0,0.0,0.0,0.0,0.0,1024.0,589.0,0.0031286476018675,Female,White,True,Female_White,0.0
17186,38--Tennis/38_Tennis_Tennis_38_452.jpg,185.0,127.0,224.0,179.0,1.0,0.0,0.0,0.0,0.0,0.0,1024.0,589.0,0.0033624257215619,Female,White,True,Female_White,0.0
17187,38--Tennis/38_Tennis_Tennis_38_452.jpg,282.0,79.0,319.0,130.0,1.0,0.0,0.0,0.0,0.0,0.0,1024.0,589.0,0.0031286476018675,Female,White,True,Female_White,0.0
17188,38--Tennis/38_Tennis_Tennis_38_452.jpg,393.0,63.0,426.0,114.0,1.0,0.0,0.0,0.0,0.0,0.0,1024.0,589.0,0.0027904154286926,Female,White,True,Female_White,0.0
17189,38--Tennis/38_Tennis_Tennis_38_452.jpg,510.0,55.0,544.0,107.0,1.0,0.0,0.0,0.0,0.0,0.0,1024.0,589.0,0.0029313455008488,Female,White,True,Female_White,0.0
17190,38--Tennis/38_Tennis_Tennis_38_452.jpg,614.0,60.0,652.0,109.0,1.0,0.0,0.0,0.0,0.0,0.0,1024.0,589.0,0.0030871975806451,Female,White,True,Female_White,0.0
17191,38--Tennis/38_Tennis_Tennis_38_452.jpg,722.0,79.0,758.0,129.0,1.0,0.0,0.0,0.0,0.0,0.0,1024.0,589.0,0.0029844015280135,Female,White,True,Female_White,0.0
17192,38--Tennis/38_Tennis_Tennis_38_452.jpg,807.0,99.0,845.0,150.0,1.0,0.0,0.0,0.0,0.0,0.0,1024.0,589.0,0.0032132056451612,Female,Asian,True,Female_Asian,0.0
17193,38--Tennis/38_Tennis_Tennis_38_452.jpg,913.0,112.0,946.0,164.0,1.0,0.0,0.0,0.0,0.0,0.0,1024.0,589.0,0.0028451294567062,Female,White,True,Female_White,0.0
17221,39--Ice_Skating/39_Ice_Skating_iceskiing_39_777.jpg,690.0,234.0,746.0,314.0,1.0,0.0,0.0,0.0,1.0,0.0,1024.0,696.0,0.0062859195402298,Male,White,True,Male_White,0.0
17222,39--Ice_Skating/39_Ice_Skating_Ice_Skating_39_275.jpg,584.0,100.0,638.0,188.0,1.0,0.0,0.0,0.0,0.0,0.0,1024.0,936.0,0.0049579326923076,Male,White,True,Male_White,0.0
17226,39--Ice_Skating/39_Ice_Skating_Ice_Skating_39_682.jpg,275.0,154.0,389.0,268.0,0.0,0.0,0.0,0.0,0.0,1.0,1024.0,1215.0,0.0104456018518518,Male,White,True,Male_White,0.0
17234,39--Ice_Skating/39_Ice_Skating_iceskiing_39_941.jpg,741.0,500.0,817.0,599.0,1.0,0.0,0.0,0.0,0.0,0.0,1024.0,1209.0,0.0060774658808933,Male,White,True,Male_White,0.0
17238,39--Ice_Skating/39_Ice_Skating_Ice_Skating_39_44.jpg,406.0,109.0,493.0,234.0,0.0,0.0,0.0,0.0,0.0,0.0,1024.0,1168.0,0.0090925660851883,Male,White,True,Male_White,0.0
17246,39--Ice_Skating/39_Ice_Skating_iceskiing_39_77.jpg,598.0,124.0,652.0,184.0,0.0,0.0,0.0,0.0,0.0,0.0,1024.0,686.0,0.0046123360058309,Male,White,True,Male_White,0.0
17265,4--Dancing/4_Dancing_Dancing_4_162.jpg,218.0,170.0,464.0,448.0,0.0,0.0,0.0,0.0,0.0,0.0,1024.0,672.0,0.0993826729910714,Male,White,True,Male_White,3.0
17275,4--Dancing/4_Dancing_Dancing_4_228.jpg,444.0,115.0,485.0,170.0,1.0,0.0,0.0,0.0,0.0,0.0,1024.0,768.0,0.0028673807779947,Female,White,True,Female_White,0.0
17276,4--Dancing/4_Dancing_Dancing_4_228.jpg,273.0,156.0,312.0,208.0,1.0,0.0,0.0,0.0,0.0,0.0,1024.0,768.0,0.0025787353515625,Female,White,True,Female_White,0.0
17277,4--Dancing/4_Dancing_Dancing_4_228.jpg,607.0,100.0,655.0,159.0,1.0,0.0,0.0,0.0,0.0,0.0,1024.0,768.0,0.00360107421875,Female,White,True,Female_White,0.0
17278,4--Dancing/4_Dancing_Dancing_4_228.jpg,843.0,37.0,897.0,104.0,1.0,0.0,0.0,0.0,0.0,0.0,1024.0,768.0,0.0046005249023437,Female,White,True,Female_White,0.0
17284,4--Dancing/4_Dancing_Dancing_4_960.jpg,398.0,94.0,614.0,362.0,0.0,0.0,0.0,0.0,0.0,0.0,1024.0,1006.0,0.0561940854870775,Male,White,True,Male_White,2.0
17311,40--Gymnastics/40_Gymnastics_Gymnastics_40_668.jpg,870.0,210.0,962.0,310.0,0.0,0.0,1.0,0.0,0.0,0.0,1024.0,766.0,0.0117289490861618,Female,Asian,True,Female_Asian,0.0
17312,40--Gymnastics/40_Gymnastics_Gymnastics_40_668.jpg,652.0,200.0,730.0,282.0,0.0,0.0,1.0,0.0,0.0,0.0,1024.0,766.0,0.0081541693864229,Female,Asian,True,Female_Asian,0.0
17313,40--Gymnastics/40_Gymnastics_Gymnastics_40_668.jpg,504.0,186.0,580.0,298.0,0.0,0.0,1.0,0.0,0.0,0.0,1024.0,766.0,0.0108518276762402,Female,White,True,Female_White,0.0
17314,40--Gymnastics/40_Gymnastics_Gymnastics_40_668.jpg,378.0,176.0,486.0,302.0,0.0,0.0,1.0,0.0,0.0,0.0,1024.0,766.0,0.0173486455613577,Female,White,True,Female_White,0.0
17315,40--Gymnastics/40_Gymnastics_Gymnastics_40_668.jpg,286.0,192.0,392.0,338.0,0.0,0.0,0.0,0.0,0.0,0.0,1024.0,766.0,0.0197301321801566,Female,White,True,Female_White,0.0
17316,40--Gymnastics/40_Gymnastics_Gymnastics_40_668.jpg,192.0,62.0,306.0,190.0,0.0,0.0,0.0,0.0,0.0,0.0,1024.0,766.0,0.0186031331592689,Male,White,True,Male_White,0.0
17317,40--Gymnastics/40_Gymnastics_Gymnastics_40_668.jpg,118.0,254.0,268.0,410.0,0.0,0.0,0.0,0.0,0.0,0.0,1024.0,766.0,0.0298323270234986,Female,Black,True,Female_Black,1.0
17318,40--Gymnastics/40_Gymnastics_Gymnastics_40_869.jpg,802.0,472.0,874.0,587.0,0.0,0.0,0.0,0.0,0.0,0.0,1024.0,1280.0,0.006317138671875,Female,White,True,Female_White,0.0
17319,40--Gymnastics/40_Gymnastics_Gymnastics_40_869.jpg,594.0,539.0,661.0,631.0,0.0,0.0,0.0,0.0,0.0,0.0,1024.0,1280.0,0.0047027587890625,Female,White,True,Female_White,0.0
17320,40--Gymnastics/40_Gymnastics_Gymnastics_40_869.jpg,500.0,275.0,567.0,370.0,0.0,0.0,0.0,0.0,0.0,0.0,1024.0,1280.0,0.0048561096191406,Female,White,True,Female_White,0.0
17321,40--Gymnastics/40_Gymnastics_Gymnastics_40_869.jpg,302.0,267.0,367.0,357.0,0.0,0.0,0.0,0.0,0.0,0.0,1024.0,1280.0,0.0044631958007812,Female,White,True,Female_White,0.0
17322,40--Gymnastics/40_Gymnastics_Gymnastics_40_869.jpg,175.0,472.0,252.0,559.0,0.0,0.0,0.0,0.0,0.0,0.0,1024.0,1280.0,0.0051109313964843,Female,White,True,Female_White,0.0
17323,40--Gymnastics/40_Gymnastics_Gymnastics_40_869.jpg,345.0,834.0,420.0,926.0,0.0,0.0,0.0,0.0,0.0,0.0,1024.0,1280.0,0.0052642822265625,Female,White,True,Female_White,0.0
17324,40--Gymnastics/40_Gymnastics_Gymnastics_40_869.jpg,614.0,817.0,689.0,919.0,0.0,0.0,0.0,0.0,0.0,0.0,1024.0,1280.0,0.0058364868164062,Female,White,True,Female_White,0.0
17325,40--Gymnastics/40_Gymnastics_Gymnastics_40_869.jpg,417.0,547.0,492.0,644.0,0.0,0.0,0.0,0.0,0.0,0.0,1024.0,1280.0,0.0055503845214843,Female,White,True,Female_White,0.0
17326,40--Gymnastics/40_Gymnastics_Gymnastics_40_869.jpg,709.0,290.0,774.0,390.0,0.0,0.0,0.0,0.0,0.0,0.0,1024.0,1280.0,0.0049591064453125,Female,White,True,Female_White,0.0
17386,40--Gymnastics/40_Gymnastics_Gymnastics_40_156.jpg,354.0,153.0,426.0,240.0,0.0,0.0,0.0,0.0,0.0,0.0,1024.0,1536.0,0.0039825439453125,Female,White,True,Female_White,0.0
17387,40--Gymnastics/40_Gymnastics_Gymnastics_40_156.jpg,459.0,420.0,528.0,504.0,0.0,0.0,0.0,0.0,0.0,0.0,1024.0,1536.0,0.0036849975585937,Female,White,True,Female_White,0.0
17388,40--Gymnastics/40_Gymnastics_Gymnastics_40_156.jpg,465.0,658.0,531.0,748.0,1.0,0.0,0.0,0.0,0.0,0.0,1024.0,1536.0,0.0037765502929687,Female,White,True,Female_White,0.0
17394,41--Swimming/41_Swimming_Swimming_41_580.jpg,458.0,122.0,618.0,342.0,0.0,0.0,0.0,0.0,0.0,0.0,1024.0,683.0,0.050329428989751,Male,White,True,Male_White,1.0
17396,41--Swimming/41_Swimming_Swimmer_41_935.jpg,440.0,10.0,820.0,508.0,0.0,0.0,0.0,0.0,0.0,0.0,1024.0,681.0,0.2713725220264317,Male,White,True,Male_White,10.0
17397,41--Swimming/41_Swimming_Swimmer_41_449.jpg,648.0,282.0,700.0,338.0,1.0,1.0,0.0,0.0,0.0,1.0,1024.0,678.0,0.0041943215339233,Male,White,True,Male_White,0.0
17400,41--Swimming/41_Swimming_Swimming_41_641.jpg,472.0,16.0,700.0,278.0,0.0,1.0,0.0,0.0,0.0,0.0,1024.0,576.0,0.1012776692708333,Male,Asian,True,Male_Asian,3.0
17403,41--Swimming/41_Swimming_Swimming_41_283.jpg,728.0,208.0,820.0,356.0,0.0,1.0,0.0,0.0,0.0,0.0,1024.0,683.0,0.0194683382137628,Male,White,True,Male_White,0.0
17412,41--Swimming/41_Swimming_Swimmer_41_773.jpg,120.0,78.0,528.0,618.0,0.0,0.0,0.0,0.0,0.0,0.0,1024.0,683.0,0.3150164714494876,Male,White,True,Male_White,11.0
17413,41--Swimming/41_Swimming_Swimming_41_161.jpg,416.0,184.0,704.0,582.0,0.0,0.0,0.0,0.0,0.0,0.0,1024.0,768.0,0.145751953125,Male,Black,True,Male_Black,5.0
17415,41--Swimming/41_Swimming_Swimming_41_535.jpg,552.0,344.0,726.0,476.0,0.0,1.0,0.0,0.0,0.0,1.0,1024.0,615.0,0.0364710365853658,Male,Asian,True,Male_Asian,1.0
17416,41--Swimming/41_Swimming_Swimming_41_73.jpg,132.0,220.0,260.0,354.0,0.0,0.0,0.0,0.0,1.0,0.0,1024.0,640.0,0.026171875,Male,White,True,Male_White,0.0
17421,41--Swimming/41_Swimming_Swimmer_41_483.jpg,400.0,92.0,622.0,420.0,0.0,0.0,0.0,0.0,0.0,0.0,1024.0,492.0,0.14453125,Male,White,True,Male_White,5.0
17425,41--Swimming/41_Swimming_Swimmer_41_718.jpg,87.0,324.0,795.0,1155.0,0.0,0.0,0.0,0.0,0.0,0.0,1024.0,1396.0,0.4115749238896848,Male,White,True,Male_White,
17427,41--Swimming/41_Swimming_Swimmer_41_232.jpg,532.0,290.0,704.0,556.0,0.0,0.0,0.0,0.0,0.0,0.0,1024.0,742.0,0.0602152122641509,Male,White,True,Male_White,2.0
17430,41--Swimming/41_Swimming_Swimmer_41_564.jpg,192.0,252.0,286.0,356.0,1.0,0.0,0.0,0.0,0.0,0.0,1024.0,641.0,0.0148937207488299,Male,White,True,Male_White,0.0
17432,41--Swimming/41_Swimming_Swimmer_41_26.jpg,554.0,164.0,814.0,408.0,0.0,1.0,0.0,0.0,0.0,1.0,1024.0,683.0,0.0907073572474377,Male,White,True,Male_White,3.0
17433,41--Swimming/41_Swimming_Swimmer_41_399.jpg,382.0,228.0,598.0,484.0,0.0,0.0,0.0,0.0,0.0,0.0,1024.0,683.0,0.0790629575402635,Male,White,True,Male_White,2.0
17442,41--Swimming/41_Swimming_Swimming_41_472.jpg,118.0,126.0,552.0,668.0,0.0,0.0,0.0,0.0,0.0,0.0,1024.0,681.0,0.3373198880323054,Male,White,True,Male_White,12.0
17444,41--Swimming/41_Swimming_Swimmer_41_376.jpg,452.0,108.0,660.0,368.0,0.0,0.0,0.0,0.0,0.0,0.0,1024.0,683.0,0.0773243045387994,Male,White,True,Male_White,2.0
17446,41--Swimming/41_Swimming_Swimmer_41_275.jpg,230.0,154.0,794.0,720.0,0.0,0.0,0.0,0.0,0.0,0.0,1024.0,839.0,0.3715639898688915,Male,White,True,Male_White,13.0
17453,41--Swimming/41_Swimming_Swimmer_41_507.jpg,300.0,271.0,639.0,745.0,0.0,0.0,0.0,0.0,0.0,0.0,1024.0,1052.0,0.1491634238355513,Male,White,True,Male_White,5.0
17454,41--Swimming/41_Swimming_Swimmer_41_440.jpg,414.0,122.0,604.0,404.0,0.0,1.0,0.0,0.0,0.0,0.0,1024.0,640.0,0.081756591796875,Male,White,True,Male_White,3.0
17457,41--Swimming/41_Swimming_Swimming_41_714.jpg,492.0,246.0,604.0,400.0,0.0,1.0,0.0,0.0,0.0,0.0,1024.0,682.0,0.0246975806451612,Male,White,True,Male_White,0.0
17466,42--Car_Racing/42_Car_Racing_Car_Racing_42_939.jpg,749.0,185.0,792.0,232.0,1.0,0.0,0.0,0.0,0.0,0.0,1024.0,722.0,0.002733563452216,Male,White,True,Male_White,0.0
17467,42--Car_Racing/42_Car_Racing_Nascar_42_661.jpg,821.0,254.0,850.0,297.0,1.0,0.0,0.0,0.0,0.0,0.0,1024.0,740.0,0.0016456397804054,Male,White,True,Male_White,0.0
17471,42--Car_Racing/42_Car_Racing_Nascar_42_911.jpg,510.0,168.0,788.0,490.0,0.0,0.0,0.0,0.0,0.0,0.0,1024.0,768.0,0.1138254801432291,Male,White,True,Male_White,4.0
17481,43--Row_Boat/43_Row_Boat_Canoe_43_757.jpg,517.0,205.0,562.0,260.0,0.0,0.0,0.0,0.0,0.0,0.0,1024.0,683.0,0.0035387879758418,Male,White,True,Male_White,0.0
17482,43--Row_Boat/43_Row_Boat_Rowboat_43_688.jpg,484.0,337.0,515.0,374.0,1.0,0.0,0.0,0.0,0.0,0.0,1024.0,594.0,0.0018857191708754,Male,White,True,Male_White,0.0
17483,43--Row_Boat/43_Row_Boat_Canoe_43_881.jpg,262.0,284.0,888.0,668.0,0.0,0.0,0.0,0.0,0.0,1.0,1024.0,1014.0,0.2315088757396449,Male,White,True,Male_White,8.0
17484,43--Row_Boat/43_Row_Boat_Rowboat_43_563.jpg,614.0,103.0,668.0,164.0,0.0,1.0,0.0,0.0,0.0,1.0,1024.0,768.0,0.0041885375976562,Male,White,True,Male_White,0.0
17496,43--Row_Boat/43_Row_Boat_Canoe_43_956.jpg,356.0,158.0,414.0,216.0,0.0,0.0,1.0,0.0,0.0,1.0,1024.0,683.0,0.0048098920204978,Male,White,True,Male_White,0.0
17497,43--Row_Boat/43_Row_Boat_Rowboat_43_839.jpg,541.0,252.0,603.0,366.0,1.0,0.0,0.0,0.0,0.0,0.0,1024.0,1221.0,0.0056530251842751,Male,White,True,Male_White,0.0
17498,43--Row_Boat/43_Row_Boat_Canoe_43_81.jpg,278.0,121.0,321.0,170.0,1.0,0.0,0.0,0.0,0.0,0.0,1024.0,664.0,0.003098821065512,Male,White,True,Male_White,0.0
17500,43--Row_Boat/43_Row_Boat_Canoe_43_133.jpg,498.0,102.0,558.0,190.0,0.0,0.0,0.0,0.0,0.0,0.0,1024.0,555.0,0.0092905405405405,Male,White,True,Male_White,0.0
17503,43--Row_Boat/43_Row_Boat_Canoe_43_341.jpg,403.0,592.0,462.0,691.0,0.0,0.0,0.0,0.0,0.0,1.0,1024.0,1366.0,0.0041757698114934,Male,White,True,Male_White,0.0
17504,43--Row_Boat/43_Row_Boat_Canoe_43_1047.jpg,474.0,22.0,582.0,188.0,0.0,0.0,0.0,0.0,0.0,0.0,1024.0,577.0,0.030342829289428,Male,Indian,True,Male_Indian,1.0
17511,44--Aerobics/44_Aerobics_Aerobics_44_240.jpg,788.0,879.0,887.0,951.0,0.0,0.0,0.0,0.0,0.0,1.0,1024.0,1060.0,0.0065669221698113,Female,White,True,Female_White,0.0
17512,44--Aerobics/44_Aerobics_Aerobics_44_240.jpg,672.0,619.0,765.0,691.0,0.0,0.0,0.0,0.0,0.0,1.0,1024.0,1060.0,0.0061689268867924,Female,White,True,Female_White,0.0
17513,44--Aerobics/44_Aerobics_Aerobics_44_240.jpg,120.0,405.0,211.0,486.0,0.0,0.0,0.0,0.0,0.0,1.0,1024.0,1060.0,0.0067907945165094,Female,White,True,Female_White,0.0
17524,44--Aerobics/44_Aerobics_Aerobics_44_237.jpg,558.0,124.0,722.0,332.0,0.0,0.0,0.0,0.0,0.0,0.0,1024.0,754.0,0.0441810344827586,Female,White,True,Female_White,1.0
17525,44--Aerobics/44_Aerobics_Aerobics_44_237.jpg,344.0,206.0,458.0,362.0,0.0,0.0,0.0,0.0,0.0,0.0,1024.0,754.0,0.0230334051724137,Female,White,True,Female_White,0.0
17526,44--Aerobics/44_Aerobics_Aerobics_44_237.jpg,206.0,240.0,312.0,366.0,1.0,0.0,0.0,0.0,0.0,0.0,1024.0,754.0,0.0172983670424403,Female,Indian,True,Female_Indian,0.0
17531,44--Aerobics/44_Aerobics_Aerobics_44_430.jpg,776.0,143.0,825.0,202.0,0.0,0.0,0.0,0.0,0.0,0.0,1024.0,683.0,0.004133590318448,Female,White,True,Female_White,0.0
17532,44--Aerobics/44_Aerobics_Aerobics_44_430.jpg,564.0,107.0,632.0,198.0,0.0,0.0,0.0,0.0,1.0,0.0,1024.0,683.0,0.0088476848462664,Female,White,True,Female_White,0.0
17533,44--Aerobics/44_Aerobics_Aerobics_44_430.jpg,392.0,112.0,430.0,165.0,1.0,0.0,0.0,0.0,0.0,0.0,1024.0,683.0,0.0028796440336749,Male,White,True,Male_White,0.0
17534,44--Aerobics/44_Aerobics_Aerobics_44_430.jpg,124.0,91.0,187.0,172.0,0.0,0.0,0.0,0.0,0.0,0.0,1024.0,683.0,0.0072963373901903,Female,White,True,Female_White,0.0
17535,44--Aerobics/44_Aerobics_Aerobics_44_936.jpg,736.0,416.0,803.0,499.0,1.0,0.0,0.0,0.0,0.0,0.0,1024.0,1364.0,0.0039814252657624,Female,Asian,True,Female_Asian,0.0
17536,44--Aerobics/44_Aerobics_Aerobics_44_936.jpg,533.0,432.0,602.0,512.0,1.0,0.0,0.0,0.0,0.0,0.0,1024.0,1364.0,0.0039520711143695,Female,White,True,Female_White,0.0
17537,44--Aerobics/44_Aerobics_Aerobics_44_936.jpg,432.0,411.0,507.0,507.0,1.0,0.0,0.0,0.0,0.0,0.0,1024.0,1364.0,0.0051548753665689,Female,White,True,Female_White,0.0
17538,44--Aerobics/44_Aerobics_Aerobics_44_936.jpg,283.0,531.0,363.0,619.0,1.0,0.0,0.0,0.0,0.0,0.0,1024.0,1364.0,0.0050403225806451,Female,White,True,Female_White,0.0
17539,44--Aerobics/44_Aerobics_Aerobics_44_936.jpg,387.0,821.0,456.0,925.0,0.0,0.0,0.0,0.0,0.0,0.0,1024.0,1364.0,0.0051376924486803,Female,White,True,Female_White,0.0
17540,44--Aerobics/44_Aerobics_Aerobics_44_936.jpg,544.0,827.0,616.0,939.0,0.0,0.0,0.0,0.0,0.0,0.0,1024.0,1364.0,0.0057734604105571,Female,White,True,Female_White,0.0
17543,44--Aerobics/44_Aerobics_Aerobics_44_652.jpg,260.0,46.0,350.0,148.0,0.0,0.0,0.0,0.0,0.0,0.0,1024.0,1024.0,0.0087547302246093,Female,White,True,Female_White,0.0
17544,44--Aerobics/44_Aerobics_Aerobics_44_652.jpg,718.0,70.0,790.0,168.0,0.0,0.0,0.0,0.0,0.0,0.0,1024.0,1024.0,0.0067291259765625,Female,White,True,Female_White,0.0
17552,44--Aerobics/44_Aerobics_Aerobics_44_35.jpg,463.0,687.0,607.0,886.0,0.0,0.0,0.0,0.0,0.0,0.0,1024.0,1571.0,0.01781309675366,Male,White,True,Male_White,0.0
17553,44--Aerobics/44_Aerobics_Aerobics_44_35.jpg,714.0,527.0,809.0,659.0,0.0,0.0,0.0,0.0,0.0,1.0,1024.0,1571.0,0.007795094684914,Female,White,True,Female_White,0.0
17554,44--Aerobics/44_Aerobics_Aerobics_44_35.jpg,843.0,331.0,920.0,429.0,0.0,0.0,0.0,0.0,0.0,0.0,1024.0,1571.0,0.0046907324156588,Female,White,True,Female_White,0.0
17555,44--Aerobics/44_Aerobics_Aerobics_44_35.jpg,561.0,319.0,632.0,399.0,1.0,0.0,0.0,0.0,0.0,0.0,1024.0,1571.0,0.0035307924888605,Female,White,True,Female_White,0.0
17556,44--Aerobics/44_Aerobics_Aerobics_44_35.jpg,104.0,362.0,178.0,454.0,1.0,0.0,0.0,0.0,0.0,0.0,1024.0,1571.0,0.0042319780394653,Female,White,True,Female_White,0.0
17557,44--Aerobics/44_Aerobics_Aerobics_44_35.jpg,120.0,233.0,172.0,316.0,1.0,0.0,0.0,0.0,0.0,0.0,1024.0,1571.0,0.0026829049968173,Female,White,True,Female_White,0.0
17558,44--Aerobics/44_Aerobics_Aerobics_44_35.jpg,509.0,251.0,576.0,337.0,1.0,0.0,0.0,0.0,1.0,0.0,1024.0,1571.0,0.0035817651973265,Female,White,True,Female_White,0.0
17576,45--Balloonist/45_Balloonist_Balloonist_45_217.jpg,562.0,338.0,866.0,736.0,0.0,0.0,0.0,0.0,0.0,0.0,1024.0,1024.0,0.115386962890625,Male,White,True,Male_White,4.0
17584,45--Balloonist/45_Balloonist_Balloonist_45_434.jpg,578.0,80.0,744.0,316.0,0.0,0.0,0.0,0.0,0.0,0.0,1024.0,641.0,0.0596845748829953,Male,White,True,Male_White,2.0
17585,45--Balloonist/45_Balloonist_Balloonist_45_142.jpg,157.0,307.0,325.0,507.0,0.0,0.0,0.0,0.0,0.0,0.0,1024.0,1484.0,0.0221108490566037,Male,White,True,Male_White,0.0
17603,46--Jockey/46_Jockey_Jockey_46_497.jpg,485.0,199.0,714.0,524.0,0.0,0.0,0.0,0.0,0.0,0.0,1024.0,1958.0,0.0371198488572523,Male,White,True,Male_White,1.0
17607,46--Jockey/46_Jockey_Jockey_46_923.jpg,628.0,495.0,697.0,579.0,1.0,0.0,0.0,0.0,0.0,0.0,1024.0,1536.0,0.0036849975585937,Male,White,True,Male_White,0.0
17615,46--Jockey/46_Jockey_Jockey_46_508.jpg,489.0,186.0,538.0,241.0,1.0,0.0,0.0,0.0,0.0,0.0,1024.0,811.0,0.0032451737823674,Male,White,True,Male_White,0.0
17617,46--Jockey/46_Jockey_Jockey_46_393.jpg,154.0,30.0,232.0,130.0,1.0,0.0,0.0,0.0,0.0,0.0,1024.0,681.0,0.0111852973568281,Male,White,True,Male_White,0.0
17619,46--Jockey/46_Jockey_Jockey_46_202.jpg,486.0,66.0,540.0,142.0,1.0,0.0,0.0,0.0,0.0,0.0,1024.0,760.0,0.0052734375,Male,White,True,Male_White,0.0
17620,46--Jockey/46_Jockey_Jockey_46_259.jpg,555.0,28.0,696.0,243.0,0.0,0.0,0.0,0.0,0.0,0.0,1024.0,1413.0,0.0209515160562632,Male,White,True,Male_White,0.0
17642,46--Jockey/46_Jockey_Jockey_46_254.jpg,240.0,96.0,400.0,350.0,0.0,0.0,0.0,0.0,0.0,0.0,1024.0,649.0,0.0611517719568567,Male,White,True,Male_White,2.0
17646,46--Jockey/46_Jockey_Jockey_46_76.jpg,654.0,230.0,712.0,314.0,0.0,0.0,0.0,0.0,0.0,0.0,1024.0,1024.0,0.0046463012695312,Female,White,True,Female_White,0.0
17647,46--Jockey/46_Jockey_Jockey_46_76.jpg,560.0,236.0,616.0,318.0,0.0,0.0,0.0,0.0,0.0,0.0,1024.0,1024.0,0.0043792724609375,Female,White,True,Female_White,0.0
17648,46--Jockey/46_Jockey_Jockey_46_76.jpg,414.0,250.0,472.0,332.0,0.0,0.0,0.0,0.0,0.0,0.0,1024.0,1024.0,0.0045356750488281,Female,White,True,Female_White,0.0
17649,46--Jockey/46_Jockey_Jockey_46_76.jpg,300.0,246.0,358.0,336.0,0.0,0.0,0.0,0.0,0.0,0.0,1024.0,1024.0,0.0049781799316406,Female,White,True,Female_White,0.0
17650,46--Jockey/46_Jockey_Jockey_46_54.jpg,270.0,237.0,320.0,301.0,1.0,0.0,0.0,0.0,0.0,0.0,1024.0,768.0,0.0040690104166666,Female,White,True,Female_White,0.0
17651,46--Jockey/46_Jockey_Jockey_46_54.jpg,506.0,236.0,565.0,296.0,1.0,0.0,0.0,0.0,0.0,0.0,1024.0,768.0,0.0045013427734375,Female,White,True,Female_White,0.0
17652,46--Jockey/46_Jockey_Jockey_46_54.jpg,756.0,365.0,827.0,422.0,1.0,0.0,0.0,0.0,0.0,1.0,1024.0,768.0,0.0051460266113281,Female,White,True,Female_White,0.0
17658,47--Matador_Bullfighter/47_Matador_Bullfighter_Matador_Bullfighter_47_575.jpg,590.0,48.0,664.0,140.0,0.0,0.0,0.0,0.0,1.0,0.0,1024.0,688.0,0.0096634265988372,Male,White,True,Male_White,0.0
17660,47--Matador_Bullfighter/47_Matador_Bullfighter_Matador_Bullfighter_47_715.jpg,404.0,470.0,497.0,557.0,1.0,0.0,0.0,0.0,0.0,1.0,1024.0,1535.0,0.005147470480456,Male,White,True,Male_White,0.0
17661,47--Matador_Bullfighter/47_Matador_Bullfighter_matadorbullfighting_47_746.jpg,512.0,263.0,567.0,315.0,1.0,0.0,0.0,0.0,0.0,0.0,1024.0,680.0,0.0041073069852941,Male,White,True,Male_White,0.0
17662,47--Matador_Bullfighter/47_Matador_Bullfighter_Matador_Bullfighter_47_617.jpg,171.0,11.0,711.0,695.0,0.0,0.0,0.0,0.0,0.0,0.0,1024.0,1139.0,0.3166840430201931,Male,White,True,Male_White,11.0
17663,47--Matador_Bullfighter/47_Matador_Bullfighter_Matador_Bullfighter_47_785.jpg,405.0,217.0,622.0,437.0,0.0,0.0,0.0,0.0,0.0,1.0,1024.0,1461.0,0.0319103995550992,Male,White,True,Male_White,1.0
17664,47--Matador_Bullfighter/47_Matador_Bullfighter_Matador_Bullfighter_47_588.jpg,613.0,117.0,662.0,164.0,1.0,0.0,0.0,0.0,0.0,0.0,1024.0,668.0,0.0033668015531437,Male,White,True,Male_White,0.0
17665,47--Matador_Bullfighter/47_Matador_Bullfighter_matadorbullfighting_47_845.jpg,547.0,267.0,937.0,784.0,0.0,0.0,0.0,0.0,0.0,0.0,1024.0,1536.0,0.1281929016113281,Male,White,True,Male_White,4.0
17666,47--Matador_Bullfighter/47_Matador_Bullfighter_matadorbullfighting_47_561.jpg,214.0,8.0,274.0,58.0,1.0,0.0,0.0,0.0,0.0,0.0,1024.0,768.0,0.003814697265625,Male,White,True,Male_White,0.0
17667,47--Matador_Bullfighter/47_Matador_Bullfighter_matadorbullfighting_47_405.jpg,834.0,286.0,888.0,368.0,1.0,0.0,0.0,0.0,0.0,1.0,1024.0,653.0,0.0066220807810107,Male,White,True,Male_White,0.0
17670,47--Matador_Bullfighter/47_Matador_Bullfighter_matadorbullfighting_47_812.jpg,486.0,336.0,561.0,438.0,0.0,0.0,1.0,0.0,0.0,0.0,1024.0,1536.0,0.0048637390136718,Male,White,True,Male_White,0.0
17671,47--Matador_Bullfighter/47_Matador_Bullfighter_matadorbullfighting_47_641.jpg,382.0,273.0,599.0,512.0,0.0,0.0,0.0,0.0,0.0,0.0,1024.0,1261.0,0.0401645209655035,Male,White,True,Male_White,1.0
17672,47--Matador_Bullfighter/47_Matador_Bullfighter_matadorbullfighting_47_777.jpg,582.0,126.0,796.0,366.0,0.0,0.0,0.0,0.0,0.0,0.0,1024.0,682.0,0.0735428885630498,Male,White,True,Male_White,2.0
17673,47--Matador_Bullfighter/47_Matador_Bullfighter_Matador_Bullfighter_47_703.jpg,470.0,130.0,598.0,280.0,0.0,0.0,0.0,0.0,0.0,0.0,1024.0,512.0,0.03662109375,Male,White,True,Male_White,1.0
17677,47--Matador_Bullfighter/47_Matador_Bullfighter_Matador_Bullfighter_47_636.jpg,92.0,106.0,186.0,166.0,1.0,0.0,0.0,0.0,0.0,1.0,1024.0,637.0,0.0086464874411302,Male,White,True,Male_White,0.0
17678,47--Matador_Bullfighter/47_Matador_Bullfighter_Matador_Bullfighter_47_610.jpg,432.0,336.0,588.0,452.0,1.0,0.0,0.0,0.0,0.0,1.0,1024.0,1024.0,0.0172576904296875,Male,White,True,Male_White,0.0
17679,47--Matador_Bullfighter/47_Matador_Bullfighter_Matador_Bullfighter_47_583.jpg,373.0,194.0,643.0,483.0,0.0,0.0,0.0,0.0,0.0,0.0,1024.0,1346.0,0.0566130548848439,Male,White,True,Male_White,2.0
17680,47--Matador_Bullfighter/47_Matador_Bullfighter_Matador_Bullfighter_47_827.jpg,708.0,32.0,776.0,122.0,0.0,0.0,0.0,0.0,0.0,0.0,1024.0,646.0,0.0092516447368421,Male,White,True,Male_White,0.0
17681,47--Matador_Bullfighter/47_Matador_Bullfighter_Matador_Bullfighter_47_179.jpg,376.0,56.0,468.0,160.0,1.0,0.0,0.0,0.0,0.0,1.0,1024.0,596.0,0.015677432885906,Male,White,True,Male_White,0.0
17682,47--Matador_Bullfighter/47_Matador_Bullfighter_Matador_Bullfighter_47_631.jpg,727.0,84.0,767.0,153.0,1.0,0.0,0.0,0.0,0.0,1.0,1024.0,683.0,0.00394628477306,Male,White,True,Male_White,0.0
17683,47--Matador_Bullfighter/47_Matador_Bullfighter_matadorbullfighting_47_38.jpg,628.0,91.0,674.0,136.0,1.0,0.0,0.0,0.0,0.0,1.0,1024.0,686.0,0.0029467702259475,Male,White,True,Male_White,0.0
17688,47--Matador_Bullfighter/47_Matador_Bullfighter_Matador_Bullfighter_47_196.jpg,450.0,124.0,504.0,190.0,0.0,0.0,0.0,0.0,0.0,0.0,1024.0,683.0,0.0050958546852122,Male,White,True,Male_White,0.0
17693,47--Matador_Bullfighter/47_Matador_Bullfighter_matadorbullfighting_47_936.jpg,656.0,16.0,742.0,128.0,0.0,1.0,0.0,0.0,0.0,0.0,1024.0,683.0,0.01377196193265,Male,White,True,Male_White,0.0
17694,47--Matador_Bullfighter/47_Matador_Bullfighter_matadorbullfighting_47_266.jpg,252.0,100.0,314.0,172.0,1.0,0.0,0.0,0.0,0.0,0.0,1024.0,640.0,0.0068115234375,Male,White,True,Male_White,0.0
17695,47--Matador_Bullfighter/47_Matador_Bullfighter_Matador_Bullfighter_47_338.jpg,350.0,36.0,666.0,458.0,0.0,0.0,0.0,0.0,0.0,0.0,1024.0,577.0,0.2256959488734835,Male,White,True,Male_White,8.0
17696,47--Matador_Bullfighter/47_Matador_Bullfighter_Matador_Bullfighter_47_782.jpg,506.0,130.0,632.0,348.0,1.0,0.0,0.0,0.0,0.0,0.0,1024.0,1616.0,0.0165991452660891,Male,White,True,Male_White,0.0
17697,47--Matador_Bullfighter/47_Matador_Bullfighter_Matador_Bullfighter_47_171.jpg,114.0,192.0,312.0,308.0,1.0,0.0,0.0,0.0,0.0,1.0,1024.0,703.0,0.0319056721194879,Male,White,True,Male_White,1.0
17698,47--Matador_Bullfighter/47_Matador_Bullfighter_Matador_Bullfighter_47_566.jpg,690.0,278.0,750.0,340.0,0.0,1.0,0.0,0.0,0.0,1.0,1024.0,676.0,0.0053739829881656,Male,White,True,Male_White,0.0
17699,47--Matador_Bullfighter/47_Matador_Bullfighter_matadorbullfighting_47_19.jpg,564.0,40.0,622.0,120.0,1.0,0.0,0.0,0.0,0.0,0.0,1024.0,661.0,0.0068551437216338,Male,White,True,Male_White,0.0
17700,47--Matador_Bullfighter/47_Matador_Bullfighter_matadorbullfighting_47_778.jpg,420.0,270.0,586.0,442.0,0.0,0.0,0.0,0.0,1.0,0.0,1024.0,681.0,0.0409439243759177,Male,White,True,Male_White,1.0
17703,47--Matador_Bullfighter/47_Matador_Bullfighter_matadorbullfighting_47_710.jpg,516.0,356.0,572.0,408.0,1.0,0.0,0.0,0.0,1.0,1.0,1024.0,1024.0,0.002777099609375,Male,White,True,Male_White,0.0
17704,48--Parachutist_Paratrooper/48_Parachutist_Paratrooper_Parachutist_Paratrooper_48_122.jpg,406.0,156.0,523.0,317.0,0.0,0.0,0.0,0.0,0.0,0.0,1024.0,1425.0,0.0129091282894736,Male,White,True,Male_White,0.0
17710,48--Parachutist_Paratrooper/48_Parachutist_Paratrooper_Parachutist_Paratrooper_48_205.jpg,508.0,224.0,604.0,342.0,0.0,0.0,0.0,0.0,0.0,0.0,1024.0,701.0,0.0157810271041369,Male,White,True,Male_White,0.0
17711,48--Parachutist_Paratrooper/48_Parachutist_Paratrooper_Parachutist_Paratrooper_48_695.jpg,368.0,398.0,736.0,826.0,0.0,0.0,0.0,0.0,0.0,0.0,1024.0,1407.0,0.10931947405828,Male,White,True,Male_White,4.0
17718,48--Parachutist_Paratrooper/48_Parachutist_Paratrooper_Parachutist_Paratrooper_48_357.jpg,352.0,357.0,674.0,734.0,0.0,0.0,0.0,0.0,0.0,0.0,1024.0,1279.0,0.0926886850078186,Male,White,True,Male_White,3.0
17719,48--Parachutist_Paratrooper/48_Parachutist_Paratrooper_Parachutist_Paratrooper_48_785.jpg,224.0,0.0,340.0,178.0,0.0,0.0,0.0,0.0,0.0,0.0,1024.0,524.0,0.0384810353053435,Male,White,True,Male_White,1.0
17732,49--Greeting/49_Greeting_peoplegreeting_49_73.jpg,256.0,106.0,330.0,204.0,0.0,1.0,0.0,0.0,0.0,0.0,1024.0,576.0,0.0122951931423611,Female,Asian,True,Female_Asian,0.0
17733,49--Greeting/49_Greeting_peoplegreeting_49_73.jpg,482.0,88.0,554.0,176.0,0.0,0.0,0.0,0.0,0.0,0.0,1024.0,576.0,0.0107421875,Female,White,True,Female_White,0.0
17734,49--Greeting/49_Greeting_peoplegreeting_49_73.jpg,660.0,58.0,742.0,148.0,0.0,0.0,0.0,0.0,1.0,0.0,1024.0,576.0,0.01251220703125,Female,White,True,Female_White,0.0
17759,49--Greeting/49_Greeting_peoplegreeting_49_903.jpg,411.0,107.0,555.0,296.0,0.0,0.0,1.0,0.0,0.0,0.0,1024.0,1366.0,0.0194568997071742,Male,White,True,Male_White,0.0
17772,49--Greeting/49_Greeting_peoplegreeting_49_890.jpg,502.0,122.0,648.0,228.0,0.0,0.0,0.0,0.0,0.0,1.0,1024.0,826.0,0.0182969506658595,Male,White,True,Male_White,0.0
17784,5--Car_Accident/5_Car_Accident_Car_Crash_5_868.jpg,302.0,200.0,360.0,278.0,0.0,0.0,0.0,0.0,0.0,0.0,1024.0,683.0,0.0064684754758418,Male,White,True,Male_White,0.0
17791,5--Car_Accident/5_Car_Accident_Accident_5_796.jpg,64.0,110.0,136.0,216.0,1.0,0.0,0.0,0.0,0.0,0.0,1024.0,688.0,0.0108330305232558,Female,White,True,Female_White,0.0
17792,5--Car_Accident/5_Car_Accident_Accident_5_796.jpg,234.0,116.0,286.0,204.0,1.0,0.0,0.0,0.0,0.0,0.0,1024.0,688.0,0.0064952761627906,Female,White,True,Female_White,0.0
17793,5--Car_Accident/5_Car_Accident_Accident_5_796.jpg,408.0,158.0,466.0,254.0,1.0,0.0,0.0,0.0,0.0,0.0,1024.0,688.0,0.0079033430232558,Female,White,True,Female_White,0.0
17794,5--Car_Accident/5_Car_Accident_Accident_5_796.jpg,678.0,320.0,808.0,440.0,1.0,0.0,0.0,0.0,0.0,0.0,1024.0,688.0,0.0221429869186046,Female,White,True,Female_White,0.0
17804,50--Celebration_Or_Party/50_Celebration_Or_Party_houseparty_50_303.jpg,721.0,1510.0,796.0,1611.0,1.0,0.0,0.0,0.0,0.0,0.0,1024.0,2384.0,0.0031029618026426,Female,White,True,Female_White,0.0
17805,50--Celebration_Or_Party/50_Celebration_Or_Party_houseparty_50_303.jpg,481.0,318.0,613.0,485.0,1.0,0.0,0.0,0.0,0.0,0.0,1024.0,2384.0,0.0090299260696308,Female,White,True,Female_White,0.0
17806,50--Celebration_Or_Party/50_Celebration_Or_Party_houseparty_50_303.jpg,226.0,1510.0,304.0,1612.0,1.0,0.0,0.0,0.0,0.0,0.0,1024.0,2384.0,0.0032590315645973,Female,White,True,Female_White,0.0
17808,50--Celebration_Or_Party/50_Celebration_Or_Party_houseparty_50_752.jpg,428.0,36.0,538.0,194.0,0.0,0.0,0.0,0.0,0.0,0.0,1024.0,683.0,0.0248501555636896,Female,White,True,Female_White,0.0
17809,50--Celebration_Or_Party/50_Celebration_Or_Party_houseparty_50_752.jpg,716.0,200.0,800.0,286.0,0.0,0.0,0.0,0.0,0.0,0.0,1024.0,683.0,0.0103289714494875,Female,White,True,Female_White,0.0
17810,50--Celebration_Or_Party/50_Celebration_Or_Party_houseparty_50_752.jpg,592.0,108.0,664.0,188.0,0.0,0.0,0.0,0.0,0.0,1.0,1024.0,683.0,0.0082357247437774,Female,White,True,Female_White,0.0
17811,50--Celebration_Or_Party/50_Celebration_Or_Party_houseparty_50_752.jpg,742.0,56.0,798.0,126.0,1.0,0.0,0.0,0.0,0.0,0.0,1024.0,683.0,0.005604868228404,Male,White,True,Male_White,0.0
17821,50--Celebration_Or_Party/50_Celebration_Or_Party_birthdayparty_50_170.jpg,697.0,102.0,738.0,145.0,1.0,0.0,0.0,0.0,0.0,0.0,1024.0,733.0,0.002348812670532,Female,White,True,Female_White,0.0
17822,50--Celebration_Or_Party/50_Celebration_Or_Party_birthdayparty_50_170.jpg,943.0,248.0,975.0,289.0,1.0,0.0,0.0,0.0,0.0,0.0,1024.0,733.0,0.0017479536152796,Female,White,True,Female_White,0.0
17823,50--Celebration_Or_Party/50_Celebration_Or_Party_birthdayparty_50_449.jpg,334.0,374.0,464.0,514.0,0.0,0.0,0.0,0.0,0.0,0.0,1024.0,768.0,0.0231424967447916,Female,White,True,Female_White,0.0
17824,50--Celebration_Or_Party/50_Celebration_Or_Party_birthdayparty_50_449.jpg,142.0,450.0,298.0,616.0,0.0,0.0,0.0,0.0,0.0,0.0,1024.0,768.0,0.032928466796875,Female,White,True,Female_White,1.0
17825,50--Celebration_Or_Party/50_Celebration_Or_Party_birthdayparty_50_449.jpg,444.0,232.0,552.0,360.0,0.0,0.0,0.0,0.0,0.0,0.0,1024.0,768.0,0.017578125,Female,White,True,Female_White,0.0
17826,50--Celebration_Or_Party/50_Celebration_Or_Party_birthdayparty_50_449.jpg,602.0,78.0,672.0,178.0,0.0,0.0,0.0,0.0,0.0,0.0,1024.0,768.0,0.0089009602864583,Female,White,True,Female_White,0.0
17827,50--Celebration_Or_Party/50_Celebration_Or_Party_birthdayparty_50_449.jpg,832.0,34.0,932.0,152.0,0.0,0.0,0.0,0.0,0.0,0.0,1024.0,768.0,0.0150044759114583,Female,Asian,True,Female_Asian,0.0
17828,50--Celebration_Or_Party/50_Celebration_Or_Party_birthdayparty_50_396.jpg,196.0,123.0,316.0,280.0,0.0,0.0,0.0,0.0,0.0,0.0,1024.0,1432.0,0.0128480708798882,Female,White,True,Female_White,0.0
17829,50--Celebration_Or_Party/50_Celebration_Or_Party_birthdayparty_50_396.jpg,157.0,811.0,319.0,1046.0,0.0,0.0,0.0,0.0,0.0,0.0,1024.0,1432.0,0.0259621050104748,Female,White,True,Female_White,0.0
17830,50--Celebration_Or_Party/50_Celebration_Or_Party_birthdayparty_50_396.jpg,711.0,817.0,817.0,954.0,0.0,0.0,0.0,0.0,0.0,0.0,1024.0,1432.0,0.0099033803247206,Female,White,True,Female_White,0.0
17831,50--Celebration_Or_Party/50_Celebration_Or_Party_birthdayparty_50_396.jpg,750.0,1049.0,840.0,1130.0,0.0,0.0,0.0,0.0,0.0,0.0,1024.0,1432.0,0.0049714669168994,Female,White,True,Female_White,0.0
17832,50--Celebration_Or_Party/50_Celebration_Or_Party_houseparty_50_654.jpg,456.0,244.0,668.0,454.0,0.0,0.0,0.0,0.0,0.0,0.0,1024.0,1024.0,0.0424575805664062,Male,White,True,Male_White,1.0
17848,50--Celebration_Or_Party/50_Celebration_Or_Party_birthdayparty_50_249.jpg,149.0,268.0,210.0,339.0,1.0,0.0,0.0,0.0,0.0,0.0,1024.0,843.0,0.0050171912069988,Female,White,True,Female_White,0.0
17849,50--Celebration_Or_Party/50_Celebration_Or_Party_birthdayparty_50_249.jpg,353.0,269.0,406.0,328.0,1.0,0.0,0.0,0.0,0.0,0.0,1024.0,843.0,0.0036224329033214,Female,White,True,Female_White,0.0
17850,50--Celebration_Or_Party/50_Celebration_Or_Party_birthdayparty_50_249.jpg,572.0,230.0,625.0,300.0,1.0,0.0,0.0,0.0,0.0,0.0,1024.0,843.0,0.0042978017497034,Female,White,True,Female_White,0.0
17851,50--Celebration_Or_Party/50_Celebration_Or_Party_birthdayparty_50_249.jpg,659.0,183.0,714.0,257.0,1.0,0.0,0.0,0.0,0.0,0.0,1024.0,843.0,0.0047148391162514,Female,White,True,Female_White,0.0
17852,50--Celebration_Or_Party/50_Celebration_Or_Party_birthdayparty_50_249.jpg,806.0,184.0,865.0,260.0,1.0,0.0,0.0,0.0,0.0,0.0,1024.0,843.0,0.0051944320877817,Female,White,True,Female_White,0.0
17905,51--Dresses/51_Dresses_wearingdress_51_150.jpg,190.0,64.0,272.0,176.0,0.0,0.0,0.0,0.0,0.0,0.0,1024.0,978.0,0.0091705010224948,Female,White,True,Female_White,0.0
17906,51--Dresses/51_Dresses_wearingdress_51_150.jpg,720.0,52.0,792.0,166.0,1.0,0.0,0.0,0.0,0.0,0.0,1024.0,978.0,0.008195935582822,Female,White,True,Female_White,0.0
17915,51--Dresses/51_Dresses_wearingdress_51_685.jpg,896.0,27.0,947.0,102.0,1.0,0.0,0.0,0.0,0.0,0.0,1024.0,670.0,0.0055751515858208,Female,White,True,Female_White,0.0
17916,51--Dresses/51_Dresses_wearingdress_51_685.jpg,661.0,61.0,719.0,131.0,1.0,0.0,0.0,0.0,0.0,0.0,1024.0,670.0,0.0059176772388059,Female,White,True,Female_White,0.0
17917,51--Dresses/51_Dresses_wearingdress_51_685.jpg,428.0,45.0,483.0,116.0,1.0,0.0,0.0,0.0,0.0,0.0,1024.0,670.0,0.0056917560634328,Female,White,True,Female_White,0.0
17918,51--Dresses/51_Dresses_wearingdress_51_685.jpg,283.0,46.0,332.0,112.0,1.0,0.0,0.0,0.0,0.0,0.0,1024.0,670.0,0.0047137360074626,Female,Asian,True,Female_Asian,0.0
17919,51--Dresses/51_Dresses_wearingdress_51_685.jpg,93.0,48.0,146.0,112.0,1.0,0.0,0.0,0.0,0.0,0.0,1024.0,670.0,0.0049440298507462,Female,White,True,Female_White,0.0
17942,51--Dresses/51_Dresses_wearingdress_51_183.jpg,74.0,186.0,176.0,356.0,0.0,0.0,0.0,0.0,0.0,0.0,1024.0,683.0,0.0247929630307467,Female,Asian,True,Female_Asian,0.0
17943,51--Dresses/51_Dresses_wearingdress_51_183.jpg,282.0,74.0,394.0,228.0,0.0,0.0,0.0,0.0,0.0,1.0,1024.0,683.0,0.024661420204978,Female,White,True,Female_White,0.0
17944,51--Dresses/51_Dresses_wearingdress_51_183.jpg,466.0,68.0,552.0,194.0,0.0,0.0,0.0,0.0,0.0,1.0,1024.0,683.0,0.0154934571742313,Female,White,True,Female_White,0.0
17945,51--Dresses/51_Dresses_wearingdress_51_183.jpg,614.0,60.0,724.0,180.0,0.0,0.0,0.0,0.0,0.0,1.0,1024.0,683.0,0.0188735358711566,Female,White,True,Female_White,0.0
17946,51--Dresses/51_Dresses_wearingdress_51_183.jpg,876.0,112.0,996.0,262.0,0.0,0.0,0.0,0.0,0.0,0.0,1024.0,683.0,0.0257366398243045,Female,White,True,Female_White,0.0
17962,51--Dresses/51_Dresses_wearingdress_51_549.jpg,96.0,28.0,168.0,134.0,0.0,0.0,0.0,0.0,0.0,0.0,1024.0,889.0,0.0083837176602924,Female,Black,True,Female_Black,0.0
17963,51--Dresses/51_Dresses_wearingdress_51_549.jpg,350.0,48.0,416.0,148.0,0.0,0.0,0.0,0.0,0.0,0.0,1024.0,889.0,0.007250070303712,Female,White,True,Female_White,0.0
17964,51--Dresses/51_Dresses_wearingdress_51_549.jpg,606.0,38.0,674.0,144.0,0.0,0.0,0.0,0.0,0.0,0.0,1024.0,889.0,0.0079179555680539,Female,White,True,Female_White,0.0
17965,51--Dresses/51_Dresses_wearingdress_51_549.jpg,866.0,40.0,946.0,158.0,0.0,0.0,0.0,0.0,0.0,0.0,1024.0,889.0,0.0103697975253093,Female,White,True,Female_White,0.0
17985,52--Photographers/52_Photographers_taketouristphotos_52_97.jpg,246.0,286.0,430.0,444.0,0.0,0.0,0.0,0.0,0.0,0.0,1024.0,685.0,0.0414461678832116,Male,White,True,Male_White,1.0
17986,52--Photographers/52_Photographers_photographertakingphoto_52_316.jpg,458.0,266.0,612.0,482.0,0.0,0.0,1.0,0.0,0.0,1.0,1024.0,784.0,0.0414341517857142,Female,White,True,Female_White,1.0
17987,52--Photographers/52_Photographers_photographertakingphoto_52_316.jpg,92.0,112.0,216.0,274.0,0.0,0.0,1.0,0.0,0.0,0.0,1024.0,784.0,0.0250219228316326,Female,White,True,Female_White,0.0
17988,52--Photographers/52_Photographers_photographertakingphoto_52_316.jpg,786.0,106.0,904.0,296.0,0.0,0.0,1.0,0.0,0.0,0.0,1024.0,784.0,0.0279266980229591,Female,White,True,Female_White,0.0
17992,52--Photographers/52_Photographers_photographertakingphoto_52_456.jpg,556.0,212.0,754.0,458.0,0.0,0.0,0.0,0.0,1.0,0.0,1024.0,869.0,0.0547369462025316,Male,White,True,Male_White,2.0
17994,52--Photographers/52_Photographers_photographertakingphoto_52_780.jpg,754.0,290.0,830.0,380.0,1.0,0.0,0.0,0.0,0.0,1.0,1024.0,768.0,0.008697509765625,Male,White,True,Male_White,0.0
17999,52--Photographers/52_Photographers_photographertakingphoto_52_815.jpg,235.0,292.0,722.0,936.0,0.0,0.0,0.0,0.0,0.0,0.0,1024.0,1280.0,0.2392791748046875,Male,White,True,Male_White,8.0
18011,52--Photographers/52_Photographers_photographertakingphoto_52_113.jpg,391.0,159.0,560.0,413.0,0.0,0.0,0.0,0.0,0.0,0.0,1024.0,1250.0,0.0335359375,Male,White,True,Male_White,1.0
18023,52--Photographers/52_Photographers_photographertakingphoto_52_428.jpg,504.0,310.0,626.0,424.0,1.0,0.0,0.0,0.0,1.0,0.0,1024.0,742.0,0.0183046243261455,Male,White,True,Male_White,0.0
18024,52--Photographers/52_Photographers_photographertakingphoto_52_568.jpg,379.0,331.0,758.0,766.0,0.0,0.0,1.0,0.0,0.0,0.0,1024.0,1518.0,0.106061249382411,Male,White,True,Male_White,3.0
18036,52--Photographers/52_Photographers_photographertakingphoto_52_807.jpg,338.0,26.0,859.0,746.0,0.0,1.0,0.0,0.0,0.0,0.0,1024.0,1480.0,0.2475190033783783,Male,White,True,Male_White,9.0
18057,53--Raid/53_Raid_policeraid_53_438.jpg,244.0,32.0,620.0,548.0,0.0,0.0,0.0,0.0,0.0,0.0,1024.0,581.0,0.3261080034423408,Male,White,True,Male_White,12.0
18062,53--Raid/53_Raid_policeraid_53_396.jpg,300.0,2.0,792.0,544.0,0.0,0.0,0.0,0.0,0.0,0.0,1024.0,576.0,0.4521077473958333,Male,White,True,Male_White,
18070,53--Raid/53_Raid_policeraid_53_555.jpg,278.0,110.0,330.0,184.0,0.0,0.0,0.0,0.0,0.0,0.0,1024.0,683.0,0.0055019216691068,Male,White,True,Male_White,0.0
18072,53--Raid/53_Raid_policeraid_53_471.jpg,376.0,90.0,604.0,408.0,0.0,0.0,0.0,0.0,0.0,0.0,1024.0,683.0,0.1036671852122986,Male,White,True,Male_White,3.0
18095,54--Rescue/54_Rescue_firemanrescue_54_789.jpg,358.0,36.0,566.0,346.0,0.0,0.0,0.0,0.0,0.0,0.0,1024.0,576.0,0.1093207465277777,Male,White,True,Male_White,4.0
18096,54--Rescue/54_Rescue_firemanrescue_54_458.jpg,162.0,236.0,336.0,456.0,0.0,0.0,0.0,0.0,0.0,0.0,1024.0,908.0,0.0411704983480176,Male,White,True,Male_White,1.0
18099,54--Rescue/54_Rescue_rescuepeople_54_328.jpg,552.0,132.0,694.0,326.0,0.0,1.0,0.0,0.0,0.0,0.0,1024.0,836.0,0.0321798370215311,Male,White,True,Male_White,1.0
18102,54--Rescue/54_Rescue_firemanrescue_54_103.jpg,439.0,151.0,563.0,299.0,0.0,0.0,0.0,0.0,0.0,0.0,1024.0,1379.0,0.0129962835387962,Male,White,True,Male_White,0.0
18108,54--Rescue/54_Rescue_firemanrescue_54_939.jpg,156.0,108.0,228.0,210.0,0.0,0.0,0.0,0.0,0.0,0.0,1024.0,750.0,0.0095625,Male,White,True,Male_White,0.0
18109,54--Rescue/54_Rescue_firemanrescue_54_814.jpg,381.0,171.0,501.0,270.0,0.0,0.0,0.0,0.0,0.0,1.0,1024.0,1366.0,0.0084930911420204,Male,White,True,Male_White,0.0
18111,54--Rescue/54_Rescue_firemanrescue_54_327.jpg,328.0,134.0,672.0,592.0,0.0,0.0,0.0,0.0,0.0,0.0,1024.0,684.0,0.2249406067251462,Male,White,True,Male_White,8.0
18120,54--Rescue/54_Rescue_firemanrescue_54_969.jpg,506.0,99.0,541.0,140.0,1.0,0.0,0.0,0.0,1.0,0.0,1024.0,341.0,0.0041095811950146,Male,White,True,Male_White,0.0
18122,54--Rescue/54_Rescue_firemanrescue_54_617.jpg,581.0,265.0,809.0,533.0,0.0,0.0,0.0,0.0,0.0,0.0,1024.0,1282.0,0.0465459243369734,Male,White,True,Male_White,1.0
18144,54--Rescue/54_Rescue_rescuepeople_54_738.jpg,493.0,496.0,741.0,861.0,0.0,0.0,0.0,0.0,0.0,0.0,1024.0,1365.0,0.06476076007326,Male,White,True,Male_White,2.0
18145,55--Sports_Coach_Trainer/55_Sports_Coach_Trainer_sportcoaching_55_325.jpg,328.0,22.0,664.0,500.0,0.0,0.0,0.0,0.0,0.0,0.0,1024.0,608.0,0.2579666940789473,Male,White,True,Male_White,9.0
18151,55--Sports_Coach_Trainer/55_Sports_Coach_Trainer_sportcoaching_55_708.jpg,212.0,226.0,270.0,306.0,0.0,0.0,0.0,0.0,0.0,0.0,1024.0,768.0,0.0059000651041666,Male,White,True,Male_White,0.0
18152,55--Sports_Coach_Trainer/55_Sports_Coach_Trainer_sportcoaching_55_708.jpg,384.0,270.0,438.0,340.0,0.0,0.0,0.0,0.0,0.0,0.0,1024.0,768.0,0.0048065185546875,Female,White,True,Female_White,0.0
18153,55--Sports_Coach_Trainer/55_Sports_Coach_Trainer_sportcoaching_55_708.jpg,542.0,246.0,602.0,320.0,0.0,0.0,0.0,0.0,0.0,0.0,1024.0,768.0,0.005645751953125,Female,White,True,Female_White,0.0
18154,55--Sports_Coach_Trainer/55_Sports_Coach_Trainer_sportcoaching_55_708.jpg,718.0,262.0,790.0,344.0,0.0,0.0,0.0,0.0,0.0,0.0,1024.0,768.0,0.00750732421875,Female,White,True,Female_White,0.0
18159,55--Sports_Coach_Trainer/55_Sports_Coach_Trainer_sportcoaching_55_1027.jpg,604.0,56.0,716.0,220.0,0.0,0.0,1.0,0.0,0.0,0.0,1024.0,576.0,0.0311414930555555,Male,White,True,Male_White,1.0
18174,55--Sports_Coach_Trainer/55_Sports_Coach_Trainer_sportcoaching_55_414.jpg,368.0,314.0,442.0,414.0,0.0,0.0,1.0,0.0,0.0,0.0,1024.0,862.0,0.0083834831786542,Male,White,True,Male_White,0.0
18178,55--Sports_Coach_Trainer/55_Sports_Coach_Trainer_sportcoaching_55_711.jpg,601.0,141.0,925.0,474.0,0.0,0.0,0.0,0.0,0.0,0.0,1024.0,1538.0,0.0685066848179453,Male,White,True,Male_White,2.0
18192,55--Sports_Coach_Trainer/55_Sports_Coach_Trainer_sportcoaching_55_838.jpg,606.0,6.0,972.0,506.0,0.0,0.0,0.0,0.0,0.0,0.0,1024.0,576.0,0.3102620442708333,Male,White,True,Male_White,11.0
18193,55--Sports_Coach_Trainer/55_Sports_Coach_Trainer_sportcoaching_55_1015.jpg,305.0,152.0,887.0,973.0,0.0,0.0,0.0,0.0,0.0,0.0,1024.0,1529.0,0.3051818488391105,Male,White,True,Male_White,11.0
18194,55--Sports_Coach_Trainer/55_Sports_Coach_Trainer_sportcoaching_55_894.jpg,422.0,22.0,608.0,260.0,0.0,0.0,0.0,0.0,0.0,0.0,1024.0,562.0,0.0769225422597864,Male,White,True,Male_White,2.0
18199,55--Sports_Coach_Trainer/55_Sports_Coach_Trainer_sportcoaching_55_637.jpg,284.0,0.0,726.0,428.0,0.0,0.0,0.0,0.0,0.0,0.0,1024.0,576.0,0.3207329644097222,Male,White,True,Male_White,12.0
18200,55--Sports_Coach_Trainer/55_Sports_Coach_Trainer_sportcoaching_55_1013.jpg,368.0,114.0,494.0,278.0,0.0,0.0,1.0,0.0,0.0,0.0,1024.0,960.0,0.0210205078125,Male,White,True,Male_White,0.0
18207,55--Sports_Coach_Trainer/55_Sports_Coach_Trainer_sportcoaching_55_523.jpg,333.0,273.0,770.0,974.0,0.0,0.0,0.0,0.0,0.0,0.0,1024.0,1622.0,0.1844372543541923,Male,White,True,Male_White,6.0
18212,55--Sports_Coach_Trainer/55_Sports_Coach_Trainer_sportcoaching_55_263.jpg,318.0,34.0,396.0,130.0,0.0,0.0,0.0,0.0,0.0,0.0,1024.0,331.0,0.0220921450151057,Male,White,True,Male_White,0.0
18236,55--Sports_Coach_Trainer/55_Sports_Coach_Trainer_sportcoaching_55_12.jpg,770.0,174.0,854.0,302.0,0.0,0.0,0.0,0.0,0.0,0.0,1024.0,687.0,0.0152838427947598,Male,White,True,Male_White,0.0
18239,55--Sports_Coach_Trainer/55_Sports_Coach_Trainer_sportcoaching_55_764.jpg,118.0,76.0,190.0,172.0,0.0,0.0,0.0,0.0,0.0,0.0,1024.0,398.0,0.0169597989949748,Female,White,True,Female_White,0.0
18240,55--Sports_Coach_Trainer/55_Sports_Coach_Trainer_sportcoaching_55_764.jpg,340.0,86.0,410.0,186.0,0.0,0.0,0.0,0.0,0.0,0.0,1024.0,398.0,0.017175722361809,Female,White,True,Female_White,0.0
18241,55--Sports_Coach_Trainer/55_Sports_Coach_Trainer_sportcoaching_55_764.jpg,554.0,64.0,620.0,160.0,0.0,0.0,0.0,0.0,0.0,0.0,1024.0,398.0,0.0155464824120603,Female,White,True,Female_White,0.0
18242,55--Sports_Coach_Trainer/55_Sports_Coach_Trainer_sportcoaching_55_764.jpg,770.0,4.0,848.0,102.0,0.0,0.0,0.0,0.0,0.0,0.0,1024.0,398.0,0.0187558888190954,Female,White,True,Female_White,0.0
18247,55--Sports_Coach_Trainer/55_Sports_Coach_Trainer_sportcoaching_55_726.jpg,480.0,106.0,624.0,316.0,0.0,0.0,0.0,0.0,0.0,0.0,1024.0,678.0,0.0435564159292035,Male,White,True,Male_White,1.0
18249,55--Sports_Coach_Trainer/55_Sports_Coach_Trainer_sportcoaching_55_208.jpg,414.0,28.0,662.0,378.0,0.0,0.0,0.0,0.0,0.0,0.0,1024.0,576.0,0.1471625434027778,Male,White,True,Male_White,5.0
18253,55--Sports_Coach_Trainer/55_Sports_Coach_Trainer_sportcoaching_55_218.jpg,728.0,70.0,784.0,126.0,1.0,0.0,0.0,0.0,0.0,1.0,1024.0,414.0,0.007397342995169,Male,White,True,Male_White,0.0
18268,56--Voter/56_Voter_peoplevoting_56_887.jpg,523.0,206.0,729.0,465.0,1.0,0.0,0.0,0.0,0.0,0.0,1024.0,1228.0,0.0424295729845276,Male,Black,True,Male_Black,1.0
18270,56--Voter/56_Voter_peoplevoting_56_712.jpg,192.0,50.0,344.0,272.0,0.0,0.0,0.0,0.0,0.0,0.0,1024.0,704.0,0.0468084161931818,Male,White,True,Male_White,1.0
18271,56--Voter/56_Voter_peoplevoting_56_842.jpg,318.0,196.0,798.0,876.0,0.0,0.0,0.0,0.0,0.0,0.0,1024.0,1021.0,0.3121939275220372,Male,White,True,Male_White,11.0
18275,56--Voter/56_Voter_peoplevoting_56_140.jpg,12.0,34.0,236.0,316.0,0.0,0.0,0.0,0.0,0.0,0.0,1024.0,680.0,0.0907169117647058,Male,White,True,Male_White,3.0
18278,56--Voter/56_Voter_peoplevoting_56_953.jpg,387.0,131.0,515.0,323.0,0.0,0.0,1.0,0.0,0.0,0.0,1024.0,1727.0,0.0138969310943833,Male,White,True,Male_White,0.0
18288,57--Angler/57_Angler_peoplefishing_57_1009.jpg,82.0,108.0,152.0,182.0,0.0,0.0,0.0,0.0,0.0,0.0,1024.0,681.0,0.0074281846549192,Female,Black,True,Female_Black,0.0
18289,57--Angler/57_Angler_peoplefishing_57_1009.jpg,220.0,148.0,294.0,222.0,0.0,0.0,0.0,0.0,0.0,0.0,1024.0,681.0,0.007852652349486,Female,White,True,Female_White,0.0
18290,57--Angler/57_Angler_peoplefishing_57_1009.jpg,344.0,152.0,422.0,254.0,0.0,0.0,0.0,0.0,0.0,0.0,1024.0,681.0,0.0114090033039647,Female,White,True,Female_White,0.0
18291,57--Angler/57_Angler_peoplefishing_57_1009.jpg,458.0,98.0,516.0,170.0,0.0,0.0,0.0,0.0,0.0,0.0,1024.0,681.0,0.005988436123348,Female,White,True,Female_White,0.0
18292,57--Angler/57_Angler_peoplefishing_57_1009.jpg,544.0,164.0,610.0,248.0,0.0,0.0,0.0,0.0,0.0,0.0,1024.0,681.0,0.0079501651982378,Female,Indian,True,Female_Indian,0.0
18293,57--Angler/57_Angler_peoplefishing_57_1009.jpg,686.0,150.0,756.0,236.0,0.0,0.0,0.0,0.0,0.0,0.0,1024.0,681.0,0.0086327551395007,Female,White,True,Female_White,0.0
18294,57--Angler/57_Angler_peoplefishing_57_1009.jpg,852.0,138.0,926.0,222.0,0.0,0.0,0.0,0.0,0.0,0.0,1024.0,681.0,0.008913821585903,Female,Asian,True,Female_Asian,0.0
18297,57--Angler/57_Angler_peoplefishing_57_900.jpg,498.0,378.0,686.0,612.0,0.0,0.0,0.0,0.0,0.0,0.0,1024.0,720.0,0.05966796875,Male,White,True,Male_White,2.0
18298,57--Angler/57_Angler_peoplefishing_57_796.jpg,399.0,294.0,582.0,543.0,0.0,0.0,0.0,0.0,0.0,0.0,1024.0,1677.0,0.0265348976967799,Male,White,True,Male_White,0.0
18303,57--Angler/57_Angler_peoplefishing_57_182.jpg,168.0,76.0,254.0,164.0,1.0,0.0,0.0,0.0,0.0,0.0,1024.0,765.0,0.0096609477124183,Male,White,True,Male_White,0.0
18307,57--Angler/57_Angler_peoplefishing_57_600.jpg,452.0,142.0,576.0,296.0,0.0,0.0,0.0,0.0,0.0,0.0,1024.0,820.0,0.0227419969512195,Male,White,True,Male_White,0.0
18328,58--Hockey/58_Hockey_icehockey_puck_58_455.jpg,433.0,108.0,558.0,295.0,0.0,0.0,0.0,0.0,0.0,0.0,1024.0,1126.0,0.0202727783636767,Male,White,True,Male_White,0.0
18364,59--people--driving--car/59_peopledrivingcar_peopledrivingcar_59_789.jpg,278.0,242.0,512.0,552.0,0.0,0.0,0.0,0.0,0.0,0.0,1024.0,881.0,0.0804084492054483,Male,White,True,Male_White,2.0
18368,59--people--driving--car/59_peopledrivingcar_peopledrivingcar_59_95.jpg,586.0,146.0,726.0,350.0,0.0,0.0,0.0,0.0,0.0,0.0,1024.0,615.0,0.0453506097560975,Male,White,True,Male_White,1.0
18381,59--people--driving--car/59_peopledrivingcar_peopledrivingcar_59_725.jpg,694.0,56.0,874.0,392.0,0.0,0.0,0.0,0.0,0.0,0.0,1024.0,683.0,0.0864751098096632,Male,White,True,Male_White,3.0
18396,6--Funeral/6_Funeral_Funeral_6_483.jpg,237.0,255.0,653.0,854.0,0.0,0.0,0.0,0.0,0.0,0.0,1024.0,1532.0,0.1588405678851175,Male,White,True,Male_White,5.0
18424,6--Funeral/6_Funeral_Funeral_6_461.jpg,477.0,173.0,674.0,432.0,0.0,0.0,0.0,0.0,0.0,0.0,1024.0,1367.0,0.0364499988569861,Male,White,True,Male_White,1.0
18463,61--Street_Battle/61_Street_Battle_streetfight_61_703.jpg,406.0,134.0,598.0,430.0,0.0,0.0,0.0,0.0,0.0,0.0,1024.0,572.0,0.097027972027972,Male,White,True,Male_White,3.0
18464,61--Street_Battle/61_Street_Battle_streetfight_61_407.jpg,358.0,130.0,516.0,374.0,0.0,0.0,0.0,0.0,0.0,0.0,1024.0,768.0,0.0490214029947916,Male,White,True,Male_White,1.0
18484,7--Cheering/7_Cheering_Cheering_7_373.jpg,81.0,967.0,207.0,1207.0,0.0,0.0,0.0,0.0,0.0,0.0,1024.0,1538.0,0.0192010728218465,Female,White,True,Female_White,0.0
18485,7--Cheering/7_Cheering_Cheering_7_373.jpg,399.0,871.0,534.0,1069.0,0.0,0.0,0.0,0.0,1.0,0.0,1024.0,1538.0,0.0169723768693107,Female,White,True,Female_White,0.0
18486,7--Cheering/7_Cheering_Cheering_7_373.jpg,787.0,859.0,922.0,1042.0,0.0,0.0,0.0,0.0,0.0,0.0,1024.0,1538.0,0.0156865907428478,Female,White,True,Female_White,0.0
18492,7--Cheering/7_Cheering_Cheering_7_427.jpg,126.0,68.0,186.0,162.0,0.0,0.0,0.0,0.0,0.0,0.0,1024.0,768.0,0.007171630859375,Female,White,True,Female_White,0.0
18493,7--Cheering/7_Cheering_Cheering_7_427.jpg,472.0,72.0,532.0,160.0,0.0,0.0,0.0,0.0,0.0,0.0,1024.0,768.0,0.0067138671875,Female,White,True,Female_White,0.0
18494,7--Cheering/7_Cheering_Cheering_7_427.jpg,832.0,60.0,900.0,156.0,0.0,0.0,0.0,0.0,0.0,0.0,1024.0,768.0,0.00830078125,Female,White,True,Female_White,0.0
